DEPINS,BKCLASS,SCMTGBK,REPDTE,DEPDOM,ASSET,DEP,NAME,SC,DEPUNINS,SCUST,CHBAL,CERT,LNLSNET,BRO,ID,INSFDIC,INSDIF,cash_ratio,treasury_ratio,size_bin
14409000,SM,43307000.0,20221231,163284000,298020000,241844000,STATE STREET BANK&TRUST CO,105007000,165513000,19399000,104903000,14,32276000,10218000.0,14_20221231,1,1,0.6424573136375885,0.7612625854339679,>=100bn
569721,SM,200270.0,20221231,952037,1023366,952037,AUBURNBANK,405304,381962,0,17954,35,498693,0.0,35_20221231,1,1,0.01885851075115778,0.01885851075115778,1-10bn
292107,NM,1298.0,20221231,407949,444822,407949,ROBERTSON BANKING CO,106357,115948,29290,29685,39,284569,1.0,39_20221231,1,1,0.07276644874726988,0.1445646392073519,<1bn
144836,NM,6923.0,20221231,266874,265342,266874,PHENIX-GIRARD BANK,142422,122072,0,48312,41,65871,0.0,41_20221231,1,1,0.18102924975831292,0.18102924975831292,<1bn
54099,NM,7809.0,20221231,70648,76381,70648,BANK OF EVERGREEN,40135,16596,1915,7017,49,22730,3120.0,49_20221231,1,1,0.09932340618276526,0.12642962291926169,<1bn
138356,NM,22277.0,20221231,168079,182730,168079,COMMUNITY SPIRIT BANK,41415,29930,0,15769,50,111596,0.0,50_20221231,1,1,0.09381897798059247,0.09381897798059247,<1bn
184161,NM,19570.0,20221231,232190,279271,232190,BANK OF VERNON,62927,48308,11662,31183,51,175944,0.0,51_20221231,1,1,0.13429949610233,0.18452560403118137,<1bn
180720,NM,7692.0,20221231,221318,311672,221318,CITIZENS BANK OF WINFIELD,201493,41169,0,15062,52,63121,38953.0,52_20221231,1,1,0.0680559195365944,0.0680559195365944,<1bn
226505,NM,50357.0,20221231,333806,373802,333806,EXCHANGE BANK OF ALABAMA,121633,107374,0,38554,54,175802,0.0,54_20221231,1,1,0.11549822351904998,0.11549822351904998,<1bn
885890,NM,101838.0,20221231,1071661,1189317,1071661,UNITED BANK,282419,185900,2237,196516,58,645346,0.0,58_20221231,1,1,0.18337515315010997,0.18546256698713492,1-10bn
61132,NM,16521.0,20221231,83495,92557,83495,PEOPLES EXCHANGE BANK,31479,22377,0,3216,70,46638,3225.0,70_20221231,1,1,0.03851727648362177,0.03851727648362177,<1bn
310856,SM,55793.0,20221231,490485,539729,490485,CENTRAL STATE BANK,130100,180007,56984,26465,72,347281,0.0,72_20221231,1,1,0.053956797863339345,0.1701356820290121,<1bn
104199,NM,0.0,20221231,166729,204702,166729,BANKSOUTH,38899,62619,8851,15328,77,148120,0.0,77_20221231,1,1,0.0919336168273066,0.14501976260878433,<1bn
93614,SM,2863.0,20221231,118658,139874,118658,WARREN BANK&TRUST CO,67947,25096,1215,3793,81,66082,0.0,81_20221231,1,1,0.031965817728261056,0.042205329602723794,<1bn
438591,NM,71989.0,20221231,698770,812412,698770,GENERATIONS BANK,144731,260713,0,23207,88,594978,74905.0,88_20221231,1,1,0.033211213990297236,0.033211213990297236,<1bn
516738,NM,45767.0,20221231,813879,982396,813879,SIGNATURE BANK OF ARKANSAS,94429,297653,23046,11690,89,826738,29953.0,89_20221231,1,1,0.01436331444846224,0.042679562932573516,<1bn
148120,SM,45806.0,20221231,232766,246218,232766,COMMERCIAL BANK&TRUST CO,83893,84776,0,7626,90,144179,7012.0,90_20221231,1,1,0.03276251686242836,0.03276251686242836,<1bn
44174,NM,2.0,20221231,51624,62991,51624,RIVERSIDE BANK,1997,8982,0,1207,93,54554,2296.0,93_20221231,1,1,0.023380598171393152,0.023380598171393152,<1bn
76488,SM,27895.0,20221231,111599,117058,111599,FIRST STATE BANK OF WARREN,52484,35176,0,6846,94,51648,0.0,94_20221231,1,1,0.06134463570462101,0.06134463570462101,<1bn
104032,NM,211.0,20221231,132985,164938,132985,BANK OF DELIGHT,18980,29071,1472,7898,99,126561,11406.0,99_20221231,1,1,0.05939015678459977,0.07045907433169155,<1bn
115206,SM,29398.0,20221231,140817,165424,140817,BANK OF CAVE CITY,38458,25767,0,3649,105,109170,992.0,105_20221231,1,1,0.02591306447374962,0.02591306447374962,<1bn
28703,NM,7605.0,20221231,43852,46262,43852,MERCHANTS&PLANTERS BANK,24229,15166,975,1682,107,14562,0.0,107_20221231,1,1,0.03835628933686035,0.06059016692511174,<1bn
188918,NM,358.0,20221231,234597,265060,234597,HORATIO STATE BANK,29779,45911,2446,13686,109,211058,16889.0,109_20221231,1,1,0.05833834192253098,0.06876473271184201,<1bn
14077365,NM,1548541.0,20221231,21500143,27656568,21500143,BANK OZK,3491613,8694975,24053,1033454,110,20569933,2050294.0,110_20221231,1,1,0.048067308203484975,0.04918604494863127,10-100bn
6509839,N,2252447.0,20221231,9984626,12140146,9984626,SEACOAST NATIONAL BANK,2627370,3475923,186,205176,131,8033981,58455.0,131_20221231,1,1,0.020549192328285507,0.020567820967956136,10-100bn
233763,NM,66573.0,20221231,337959,364969,337959,CENTURY BANK&TRUST,141615,104273,2279,33754,147,174514,0.0,147_20221231,1,1,0.09987602046402079,0.10661944200331992,<1bn
239552,NM,63851.0,20221231,337392,375667,337392,BANK OF MADISON,92258,97977,0,5892,148,265703,11073.0,148_20221231,1,1,0.01746336605491535,0.01746336605491535,<1bn
77708,NM,27734.0,20221231,132133,139349,132133,BANK OF HAZLEHURST,56313,54448,288,31511,149,49438,0.0,149_20221231,1,1,0.2384794108965966,0.24065903294407906,<1bn
148429,NM,29082.0,20221231,211473,224718,211473,BANK OF ALAPAHA,64981,63170,476,21421,155,119611,0.0,155_20221231,1,1,0.1012942550585654,0.10354513342128782,<1bn
273519,NM,57085.0,20221231,322483,362837,322483,EXCHANGE BANK,148110,49053,0,8603,160,193419,0.0,160_20221231,1,1,0.0266773752414856,0.0266773752414856,<1bn
290086,N,48864.0,20221231,359054,391931,359054,FIRST NB OF GRIFFIN,126138,68988,14201,132611,169,111298,0.0,169_20221231,1,1,0.36933441766419534,0.4088855715296306,<1bn
111810,NM,14296.0,20221231,144920,157782,144920,PEOPLES BANK OF GEORGIA,14296,33176,0,13557,170,122597,15487.0,170_20221231,1,1,0.09354816450455423,0.09354816450455423,<1bn
2117142,NM,332689.0,20221231,2231831,2419852,2231831,UNITED BANK,499455,114978,0,1092674,172,775464,0.0,172_20221231,1,1,0.4895863530885627,0.4895863530885627,1-10bn
241479,NM,45205.0,20221231,396204,422053,396204,COMMERCIAL BANK,94927,154970,3153,38846,175,259010,0.0,175_20221231,1,1,0.09804545133315161,0.10600347295837498,<1bn
41437,NM,0.0,20221231,53022,56683,53022,TALBOT STATE BANK,19890,11617,9973,2890,178,32630,11480.0,178_20221231,1,1,0.054505676888838596,0.24259741239485497,<1bn
87972,NM,33188.0,20221231,115714,128446,115714,MERCHANTS&CITIZENS BANK,78342,27834,0,6403,183,32257,0.0,183_20221231,1,1,0.05533470453013464,0.05533470453013464,<1bn
330307,NM,56239.0,20221231,399493,442035,399493,ALLIANCE BANK,173667,69215,15094,60819,197,183230,0.0,197_20221231,1,1,0.1522404647891202,0.190023354601958,<1bn
168871,NM,30264.0,20221231,220274,247424,220274,TRI-COUNTY BANK&TRUST CO,64792,51510,0,8058,210,159981,7990.0,210_20221231,1,1,0.03658171186794629,0.03658171186794629,<1bn
304570,SM,60260.0,20221231,456077,525353,456077,WASHINGTON STATE BANK,218149,151675,0,10203,214,260154,91314.0,214_20221231,1,1,0.022371222403234543,0.022371222403234543,<1bn
106481,NM,44858.0,20221231,205951,253188,205951,GUTHRIE COUNTY STATE BANK,114233,99807,4657,8839,226,117499,46261.0,226_20221231,1,1,0.042917975634981134,0.06553015037557477,<1bn
601814,NM,23.0,20221231,1034064,1254978,1034064,AMERICAN STATE BANK,88434,433239,65727,42727,228,1081460,80009.0,228_20221231,1,1,0.04131949279735103,0.1048813226260657,1-10bn
218046,NM,17528.0,20221231,305932,336694,305932,COMMUNITY STATE BANK,152947,88056,1440,4809,230,158900,12025.0,230_20221231,1,1,0.015719179425493248,0.020426107762509315,<1bn
169485,SM,5647.0,20221231,226928,261097,226928,COMMERCIAL SAVINGS BANK,59910,59240,42477,19034,231,175104,8271.0,231_20221231,1,1,0.08387682436720018,0.2710595431149968,<1bn
70799,NM,0.0,20221231,94321,124966,94321,SOLON STATE BANK,54490,23559,0,2675,232,62582,0.0,232_20221231,1,1,0.02836059838212063,0.02836059838212063,<1bn
61627,NM,1.0,20221231,76949,111542,76949,POCAHONTAS STATE BANK,68689,15400,2500,2622,234,35937,249.0,234_20221231,1,1,0.03407451688780881,0.06656356807755787,<1bn
206870,NM,0.0,20221231,266406,313938,266406,SECURITY STATE BANK,9795,59648,8741,4864,235,284392,10973.0,235_20221231,1,1,0.018257847045486962,0.05106866962455801,<1bn
249386,NM,19718.0,20221231,376209,415176,376209,RACCOON VALLEY BANK,61655,127444,7437,12755,245,327771,7533.0,245_20221231,1,1,0.03390402675108783,0.05367229385793535,<1bn
112993,NM,0.0,20221231,158080,198557,158080,STATE SAVINGS BANK,417,45134,0,25689,248,162861,0.0,248_20221231,1,1,0.16250632591093117,0.16250632591093117,<1bn
47546,NM,19984.0,20221231,59645,81330,59645,FIRST SECURITY BANK,27900,12134,0,3783,251,43026,0.0,251_20221231,1,1,0.06342526615810211,0.06342526615810211,<1bn
125645,SM,26560.0,20221231,234465,285368,234465,PINNACLE BANK,63417,108882,0,21932,252,184974,45095.0,252_20221231,1,1,0.09354061373765807,0.09354061373765807,<1bn
1683891,NM,892.0,20221231,1733500,2036937,1733500,LUANA SAVINGS BANK,398429,50490,0,20493,253,1560654,1071937.0,253_20221231,1,1,0.011821747908854917,0.011821747908854917,1-10bn
161406,NM,0.0,20221231,244338,269150,244338,FIRST WHITNEY BANK&TRUST,112223,83097,0,5856,254,146504,0.0,254_20221231,1,1,0.023966800088402133,0.023966800088402133,<1bn
3507130,NM,958143.0,20221231,6399935,7488838,6399935,STOCK YARDS BANK&TRUST CO,1614809,2893446,329808,160928,258,5134993,1019.0,258_20221231,1,1,0.02514525538149997,0.07667827876376869,1-10bn
145615,NM,4914.0,20221231,167302,195676,167302,CITIZENS BANK,10839,21793,1383,8891,262,164230,0.0,262_20221231,1,1,0.053143417293278025,0.06140990544046096,<1bn
164393,NM,10226.0,20221231,229778,267317,229778,KENTUCKY FARMERS BANK CORP,96486,65420,0,6596,267,152994,743.0,267_20221231,1,1,0.02870596836946966,0.02870596836946966,<1bn
216588,NM,18922.0,20221231,242704,277592,242704,MORGANTOWN BANK&TRUST CO INC,60689,26327,2732,10293,275,192439,0.0,275_20221231,1,1,0.04240968422440504,0.053666194211879494,<1bn
110183,NM,19792.0,20221231,127265,144446,127265,HYDEN CITIZENS BANK,59925,17188,0,6115,281,71386,5252.0,281_20221231,1,1,0.048049345853141086,0.048049345853141086,<1bn
83038,NM,14495.0,20221231,103248,114728,103248,AUBURN BANKING CO,19373,20229,489,3011,284,82696,0.0,284_20221231,1,1,0.029162792499612584,0.0338989617232295,<1bn
1243622,SM,109755.0,20221231,1296989,1401542,1296989,COMMUNITY FINL SERVICES BK,292560,54528,0,30109,287,966297,223734.0,287_20221231,1,1,0.02321453767148372,0.02321453767148372,1-10bn
47266,NM,12491.0,20221231,57076,63211,57076,FARMERS&TRADERS BK CAMPTON,32323,9843,0,1289,288,25738,4000.0,288_20221231,1,1,0.022583923190132454,0.022583923190132454,<1bn
167314,NM,42697.0,20221231,229294,262901,229294,BANK OF HINDMAN,131366,62073,0,5447,289,110074,5022.0,289_20221231,1,1,0.023755527837623313,0.023755527837623313,<1bn
88126,NM,166.0,20221231,115041,164445,115041,JACKSON COUNTY BANK,72796,26952,49633,16591,291,71793,0.0,291_20221231,1,1,0.1442181483123408,0.5756556358167958,<1bn
708296,SM,273.0,20221231,941700,1156139,941700,MONTICELLO BANKING CO,262847,233875,0,37894,292,784654,25216.0,292_20221231,1,1,0.04023999150472549,0.04023999150472549,1-10bn
201914,NM,0.0,20221231,236741,271364,236741,BANK OF EDMONSON COUNTY,70602,34904,0,9187,296,178225,0.0,296_20221231,1,1,0.03880612145762669,0.03880612145762669,<1bn
124772,SM,24091.0,20221231,144929,173979,144929,LEWISBURG BANKING CO,40946,20192,0,11482,297,113019,0.0,297_20221231,1,1,0.07922499982750174,0.07922499982750174,<1bn
267554,NM,2933.0,20221231,327866,375602,327866,UNITED CUMBERLAND BANK,79761,60394,995,33388,303,245140,0.0,303_20221231,1,1,0.10183428595828783,0.10486906236084254,<1bn
43056,NM,3588.0,20221231,54121,64359,54121,CLINTON BANK,23241,11078,1925,2038,304,35905,1.0,304_20221231,1,1,0.037656362594926183,0.07322481107148797,<1bn
223709,NM,29434.0,20221231,340628,360790,340628,BANK OF ZACHARY,139269,117003,7744,4176,306,201276,0.0,306_20221231,1,1,0.012259708538346818,0.03499418720715854,<1bn
121896,NM,2690.0,20221231,156542,183373,156542,LANDMARK BANK,37274,34709,9995,12042,307,120345,1.0,307_20221231,1,1,0.07692504248061223,0.14077372206819894,<1bn
42166,NM,11080.0,20221231,50557,54239,50557,MER ROUGE STATE BANK,17140,8416,975,18563,314,16568,0.0,314_20221231,1,1,0.3671697292165279,0.386454892497577,<1bn
90396,NM,7011.0,20221231,132721,148716,132721,HOLMES COUNTY BANK,61567,42399,6575,8894,321,65053,0.0,321_20221231,1,1,0.067012756082308,0.11655276858974842,<1bn
340335,NM,19566.0,20221231,401193,449244,401193,CITIZENS BANK,62190,61074,12354,65881,324,297679,0.0,324_20221231,1,1,0.16421273551632257,0.19500589491840586,<1bn
128379,NM,40313.0,20221231,176236,204571,176236,MERCHANTS&PLANTERS BANK,71171,48428,7803,29544,327,88966,0.0,327_20221231,1,1,0.16763884790848635,0.2119147052815543,<1bn
385261,NM,101495.0,20221231,785974,861302,785974,PEOPLES BANK BILOXI MS,545385,400726,202707,32836,340,234541,0.0,340_20221231,1,1,0.041777463376651135,0.29968294116599276,<1bn
490401,SM,146457.0,20221231,604657,652501,604657,FARMERS STATE BANK,203541,114427,0,9269,342,398654,0.0,342_20221231,1,1,0.01532935201279403,0.01532935201279403,<1bn
87899,NM,12828.0,20221231,137931,158743,137931,BANK OF BAKER,38465,50062,10112,29790,352,77799,0.0,352_20221231,1,1,0.2159775539943885,0.2892895723223931,<1bn
36842,SM,0.0,20221231,42077,46141,42077,STOCKMENS BANK,9035,5254,5380,22773,358,12645,0.0,358_20221231,1,1,0.5412220452979062,0.669082871877748,<1bn
319519,SM,164013.0,20221231,444977,532083,444977,FIRST MONTANA BANK INC,183886,125473,0,12629,363,302742,0.0,363_20221231,1,1,0.028381242176561936,0.028381242176561936,<1bn
611645,SM,121299.0,20221231,1032783,1193379,1032783,OHIO VALLEY BANK CO,192248,421491,53741,45416,384,868195,4001.0,384_20221231,1,1,0.04397438764968052,0.09600951990882886,1-10bn
47129,NM,4768.0,20221231,54772,60928,54772,PEOPLES BANK,24495,7652,5000,2246,389,32176,0.0,389_20221231,1,1,0.041006353611334256,0.13229387278171328,<1bn
23052,NM,1.0,20221231,24523,28429,24523,FIRST SUMMIT BANK,13,1477,0,2126,399,19362,0.0,399_20221231,1,1,0.08669412388370101,0.08669412388370101,<1bn
215360,NM,39552.0,20221231,286185,313956,286185,SOONER STATE BANK,104525,70860,25965,6416,402,179570,0.0,402_20221231,1,1,0.022419064591086186,0.11314709016894665,<1bn
112546,SM,22195.0,20221231,165023,173255,165023,FARMERS STATE BANK,56921,52515,4605,5212,404,95705,2000.0,404_20221231,1,1,0.03158347624270556,0.05948867733588651,<1bn
66982,NM,1822.0,20221231,79039,93526,79039,CLEO STATE BANK,40192,12083,21889,8724,406,42982,0.0,406_20221231,1,1,0.11037589038322854,0.3873151229140045,<1bn
155529,NM,38669.0,20221231,284236,325815,284236,STOCK EXCHANGE BANK,131136,128766,50497,20415,414,124536,0.0,414_20221231,1,1,0.07182411798646196,0.24948282413205927,<1bn
124794,NM,589.0,20221231,159936,181855,159936,HIGH PLAINS BANK,10843,35295,0,3039,418,141853,4212.0,418_20221231,1,1,0.019001350540216087,0.019001350540216087,<1bn
26959,NM,2660.0,20221231,33141,36197,33141,BANK OF VICI,10797,6212,1457,2601,420,17636,0.0,420_20221231,1,1,0.07848284602154432,0.12244651639962584,<1bn
166300,NM,30482.0,20221231,219158,242225,219158,SECURITY STATE BANK,73362,52947,0,4146,421,144501,1000.0,421_20221231,1,1,0.018917858348771206,0.018917858348771206,<1bn
59823,NM,3756.0,20221231,71338,80649,71338,AMERICAN EXCHANGE BANK,6828,11564,0,5064,428,62686,0.0,428_20221231,1,1,0.07098601026101097,0.07098601026101097,<1bn
76453,N,0.0,20221231,123337,135498,123337,SECURITY FIRST NB OF HUGO,21849,46925,0,9441,432,87306,0.0,432_20221231,1,1,0.07654637294566918,0.07654637294566918,<1bn
382764,NM,55529.0,20221231,494955,546074,494955,PS BANK,127131,112247,15357,72798,444,316360,0.0,444_20221231,1,1,0.14708003757917387,0.17810710064551322,<1bn
382728,NM,96123.0,20221231,473757,551097,473757,MERCER COUNTY STATE BANK,164766,91331,0,8636,445,344566,0.0,445_20221231,1,1,0.018228754403628866,0.018228754403628866,<1bn
170508,NM,30353.0,20221231,240524,298584,240524,SECURITY BANK MIDWEST,68643,70209,473,5905,485,211249,44538.0,485_20221231,1,1,0.024550564600621976,0.026517104322229798,<1bn
42249,NM,0.0,20221231,64407,69720,64407,WESTERN DAKOTA BANK,10680,22199,6792,34835,492,22025,0.0,492_20221231,1,1,0.5408573602248203,0.6463117363019547,<1bn
165458,NM,20971.0,20221231,219633,257010,219633,BANKSTAR FINANCIAL,35519,54394,0,6098,496,203748,2756.0,496_20221231,1,1,0.027764498049018135,0.027764498049018135,<1bn
93354,NM,16717.0,20221231,120032,135991,120032,FARMERS&MERCHANTS STATE BANK,25021,26800,2030,4247,501,100297,18844.0,501_20221231,1,1,0.03538223140495868,0.05229438816315649,<1bn
86501,NM,6624.0,20221231,118717,131187,118717,DAKOTA PRAIRIE BANK,26255,32260,7700,29939,504,69321,0.0,504_20221231,1,1,0.2521879764481919,0.3170481059999832,<1bn
90696,NM,11835.0,20221231,125413,150826,125413,GREAT PLAINS BANK,43015,34780,0,4299,505,99718,6732.0,505_20221231,1,1,0.03427874303301891,0.03427874303301891,<1bn
23865,SM,0.0,20221231,29633,32298,29633,FARMERS STATE BANK,218,5770,0,16096,526,15499,0.0,526_20221231,1,1,0.5431782134782168,0.5431782134782168,<1bn
130984,NM,0.0,20221231,213328,227916,213328,CENTRAL BANK&TRUST,100727,82366,23051,13090,529,110590,0.0,529_20221231,1,1,0.06136090902272557,0.16941517287932198,<1bn
90397624,SM,12772936.0,20221231,165947339,200262969,165980984,MANUFACTURERS&TRADERS TR CO,24404922,78262876,8718341,26383937,588,129656599,7851345.0,588_20221231,1,1,0.15898981664297732,0.21152660965536785,>=100bn
1631448,SM,435131.0,20221231,2331478,2641568,2331478,CHEMUNG CANAL TRUST CO,633592,700895,53549,55434,597,1809789,73452.0,597_20221231,1,1,0.023776334153699927,0.046744168291530094,1-10bn
4262852,NM,738891.0,20221231,6644383,7630619,6644383,TOMPKINS COMMUNITY BANK,1908088,2623365,253729,77858,609,5222977,0.0,609_20221231,1,1,0.011717867558206684,0.04990485948808189,1-10bn
205863,SM,3489.0,20221231,286377,310375,286377,BANK OF MILLBROOK,175756,80551,66919,16304,618,105665,0.0,618_20221231,1,1,0.05693194635044015,0.2906064383662096,<1bn
2210320,NM,1050712.0,20221231,6609480,7856868,6609480,AMALGAMATED BANK,3353777,4522649,192,67099,622,4072631,104799.0,622_20221231,1,1,0.010151933283707644,0.010180982467607133,1-10bn
995000,SM,0.0,20221231,26830000,39192000,26830000,DEUTSCHE BANK TR CO AMERICAS,713000,26064000,708000,16056000,623,14056000,473000.0,623_20221231,1,1,0.598434588147596,0.6248229593738353,10-100bn
989769000,N,212452000.0,20221231,2014513000,3201942000,2440722000,JPMORGAN CHASE BANK NA,631123000,1079154000,299523000,568546000,628,1124240000,57996000.0,628_20221231,1,1,0.2822250340404852,0.4309076188637154,>=100bn
16933000,SM,53026000.0,20221231,181486000,324646000,281533000,BANK OF NEW YORK MELLON,142484000,175357000,40391000,105520000,639,31381000,122000.0,639_20221231,1,1,0.5814222584662178,0.8039793703095556,>=100bn
3241082,SM,999619.0,20221231,4956827,5756441,4956827,FIVE STAR BANK,1143346,1761856,0,125655,659,4005603,347107.0,659_20221231,1,1,0.025349886126750036,0.025349886126750036,1-10bn
1061464,SM,29863.0,20221231,1484704,1640057,1484704,ADIRONDACK TRUST CO,473431,423262,386787,166149,660,881290,0.0,660_20221231,1,1,0.11190715455740673,0.3724217083001056,1-10bn
601569,NM,126065.0,20221231,683286,940278,683286,FIRST COLUMBIA BANK&TRUST CO,338381,81897,0,13083,686,525018,0.0,686_20221231,1,1,0.019147179951001483,0.019147179951001483,<1bn
1553756,NM,228956.0,20221231,1731665,2048365,1731665,WAYNE BANK,418927,183229,41855,31866,698,1457086,0.0,698_20221231,1,1,0.018401942639020827,0.04257232201378442,1-10bn
1991757,SM,167538.0,20221231,2495195,2918941,2495195,ORRSTOWN BANK,513351,503691,17291,61072,713,2136934,1000.0,713_20221231,1,1,0.024475842569418423,0.03140556148918221,1-10bn
157718,SM,506.0,20221231,201577,217639,201577,APPLE CREEK BANKING CO,28438,43886,0,9949,737,170448,0.0,737_20221231,1,1,0.04935582928607927,0.04935582928607927,<1bn
462236,SM,132078.0,20221231,640356,706883,640356,MINSTER BANK,269110,178181,18263,110883,763,297226,0.0,763_20221231,1,1,0.17315836815771227,0.20167844136698962,<1bn
302601,NM,13854.0,20221231,347808,393696,347808,FARMERS BANK&SAVINGS CO,99189,45299,27894,10215,769,258785,0.0,769_20221231,1,1,0.02936965222191554,0.10956907259177477,<1bn
9014688,NM,2239023.0,20221231,13404279,16894686,13404279,WESBANCO BANK INC,3777420,4390789,0,403363,803,10596537,0.0,803_20221231,1,1,0.030092107154737677,0.030092107154737677,10-100bn
384252,SM,86356.0,20221231,513159,573794,513159,CITIZENS BANK&TRUST CO,235515,129122,65383,9016,823,222060,0.0,823_20221231,1,1,0.017569603183418783,0.14498235439698026,<1bn
234368,SM,10638.0,20221231,266771,361769,266771,BANK OF ROMNEY,64336,32452,2195,8999,845,263367,19974.0,845_20221231,1,1,0.033733051943427135,0.041961082726383304,<1bn
59899,SM,7182.0,20221231,72495,78975,72495,PLEASANTS COUNTY BANK,21349,12628,950,8598,847,38648,0.0,847_20221231,1,1,0.1186012828470929,0.13170563487137044,<1bn
60928,NM,13275.0,20221231,91369,98498,91369,MERCHANTS&FARMERS BK GREENE,31546,30468,996,4825,855,56166,992.0,855_20221231,1,1,0.052807845111580515,0.06370869769834407,<1bn
198384,NM,17929.0,20221231,301676,347284,301676,STATE BANK&TRUST,181474,103593,0,4741,861,146062,38305.0,861_20221231,1,1,0.015715535872923268,0.015715535872923268,<1bn
179411,NM,1.0,20221231,220332,258758,220332,STATE BANK OF COCHRAN,35172,41052,30970,69603,872,144920,0.0,872_20221231,1,1,0.3159005500789717,0.4564611586151807,<1bn
25575854,SM,8736580.0,20221231,49414623,59629623,49414623,SYNOVUS BANK,9692818,23970139,471813,1902711,873,43664431,5299005.0,873_20221231,1,1,0.03850501905073727,0.04805306315905719,10-100bn
89616,NM,20247.0,20221231,120900,140160,120900,BANK OF DAWSON,45374,31422,0,6942,876,68925,0.0,876_20221231,1,1,0.05741935483870968,0.05741935483870968,<1bn
138020,NM,4224.0,20221231,197898,220902,197898,MAGNOLIA STATE BANK,97004,59952,72427,24238,877,95048,0.0,877_20221231,1,1,0.12247723574770841,0.4884587009469525,<1bn
127995,NM,2523.0,20221231,165142,182652,165142,FARMERS STATE BANK,35250,37170,0,61526,879,76522,0.0,879_20221231,1,1,0.3725642174613363,0.3725642174613363,<1bn
107163,NM,114.0,20221231,145976,162018,145976,GEORGIA FIRST BANK,5651,38887,4539,20250,889,132264,0.0,889_20221231,1,1,0.13872143366032771,0.16981558612374636,<1bn
475315,NM,3562.0,20221231,630455,726776,630455,CITIZENS BANK,335884,156186,0,15159,893,352509,0.0,893_20221231,1,1,0.024044539261327137,0.024044539261327137,<1bn
167496,NM,36217.0,20221231,213036,235011,213036,BANK OF FOREST,90044,46931,0,7343,898,123961,0.0,898_20221231,1,1,0.03446835276666854,0.03446835276666854,<1bn
61411,NM,22114.0,20221231,82938,89091,82938,GERBER STATE BANK,47111,21553,3205,3163,899,36466,0.0,899_20221231,1,1,0.03813692155586101,0.07678024548457885,<1bn
240251,NM,52826.0,20221231,301081,334546,301081,BYRON BANK,113623,61014,14315,8098,902,201223,0.0,902_20221231,1,1,0.026896416578927267,0.07444176151932537,<1bn
221629,NM,7852.0,20221231,971632,1103928,971632,AMALGAMATED BANK OF CHICAGO,169694,750028,52341,288254,903,585325,0.0,903_20221231,1,1,0.2966699326493981,0.35053909298993857,1-10bn
14824014,SM,19187297.0,20221231,50357882,154522864,124597802,NORTHERN TRUST CO,51684196,36467423,2797309,46656439,913,42748996,0.0,913_20221231,1,1,0.9264972462503487,0.9820458294890162,>=100bn
82808,SM,4195.0,20221231,100597,109133,100597,STATE BANK OF GENEVA,23547,17806,2152,19661,925,61781,0.0,925_20221231,1,1,0.195443204071692,0.21683549211209083,<1bn
376930,N,3396.0,20221231,509452,546694,509452,PEOPLES NB OF KEWANEE,334937,132897,2492,29153,926,157018,0.0,926_20221231,1,1,0.0572242330975244,0.062115763604814585,<1bn
41318,NM,1621.0,20221231,56124,59038,56124,CITIZENS STB OF MILFORD,13941,14812,0,18217,931,22975,0.0,931_20221231,1,1,0.32458484783693253,0.32458484783693253,<1bn
236607,NM,92016.0,20221231,344913,427593,344913,IOWA STATE BANK,150143,108407,0,11863,950,235252,2.0,950_20221231,1,1,0.034394180561474925,0.034394180561474925,<1bn
158458,NM,6379.0,20221231,205132,245352,205132,CHEROKEE STATE BANK,85698,46900,10738,4427,951,141557,15500.0,951_20221231,1,1,0.021581225747323674,0.07392800733186436,<1bn
1595340,NM,393138.0,20221231,4784715,6104235,4784715,BANKERS TRUST CO,879690,3193060,60429,151494,953,4674890,82855.0,953_20221231,1,1,0.031662073916628265,0.0442916662747938,1-10bn
162158,SM,776.0,20221231,201806,255293,201806,FNB BANK,46857,39766,13095,9184,954,188071,0.0,954_20221231,1,1,0.04550905324916008,0.11039810511084903,<1bn
267500,SM,8320.0,20221231,389098,452052,389098,CONNECTION BANK,15864,121708,0,29603,955,375474,23447.0,955_20221231,1,1,0.07608109011097461,0.07608109011097461,<1bn
208018,SM,5180.0,20221231,273429,311290,273429,GLENWOOD STATE BANK,177674,65449,77149,15854,956,110179,0.0,956_20221231,1,1,0.057982145273544505,0.34013583050810264,<1bn
1493544,NM,385831.0,20221231,1801640,2331206,1801640,UNITED BANK OF IOWA,657070,310473,20650,38540,958,1514426,45905.0,958_20221231,1,1,0.021391620967562888,0.03285340023534113,1-10bn
176513,SM,0.0,20221231,230704,277387,230704,HOME TRUST&SAVINGS BANK,84314,54550,4332,14282,963,175160,0.0,963_20221231,1,1,0.061906165476107916,0.08068347319508981,<1bn
29061,NM,5263.0,20221231,36701,55262,36701,HOME STATE BANK,25349,7654,0,2584,966,26731,0.0,966_20221231,1,1,0.0704068009046075,0.0704068009046075,<1bn
164611,SM,35572.0,20221231,266758,285837,266758,SECURITY TRUST&SAVINGS BANK,89908,102249,18854,110354,968,79613,0.0,968_20221231,1,1,0.41368581260918136,0.4843641052939368,<1bn
110463,SM,0.0,20221231,134140,169561,134140,TEMPLETON SAVINGS BANK,60647,23748,14020,6631,969,97848,1.0,969_20221231,1,1,0.04943342776203966,0.1539510958699866,<1bn
94728,SM,7530.0,20221231,113900,118929,113900,BLISSFIELD STATE BANK,50272,19239,0,6726,976,54753,0.0,976_20221231,1,1,0.05905179982440738,0.05905179982440738,<1bn
365801,SM,13950.0,20221231,453969,523761,453969,TRI-COUNTY BANK,133956,88207,55313,7779,977,355101,0.0,977_20221231,1,1,0.017135531280770274,0.13897865272738888,<1bn
365878,SM,55170.0,20221231,527965,563092,527965,EASTERN MICHIGAN BANK,279533,162095,67178,72361,982,181548,0.0,982_20221231,1,1,0.1370564336651104,0.2642959287073954,<1bn
29854000,SM,15235000.0,20221231,72806000,85531000,73391000,COMERICA BANK,19055000,45492000,2662000,6394000,983,52793000,124000.0,983_20221231,1,1,0.08782243221712496,0.12438535285553388,10-100bn
80638,SM,8682.0,20221231,109453,117457,109453,G W JONES EXCHANGE BANK,44205,28922,13323,47541,999,23719,0.0,999_20221231,1,1,0.43435081724575847,0.5560742967301033,<1bn
1167696,SM,87321.0,20221231,1753341,1981367,1753341,ISABELLA BANK,580481,585901,208701,38832,1005,1254702,0.0,1005_20221231,1,1,0.022147431674728418,0.14117789979245338,1-10bn
76201,SM,2581.0,20221231,101624,113473,101624,BANK MICHIGAN,5008,25452,0,11562,1008,91973,7023.0,1008_20221231,1,1,0.1137723372431709,0.1137723372431709,<1bn
1303321,SM,359674.0,20221231,2126308,2382585,2126308,CHOICEONE BANK,961022,823220,78204,43939,1014,1186997,0.0,1014_20221231,1,1,0.020664456889594545,0.0574437005363287,1-10bn
226506,N,51063.0,20221231,306266,331939,306266,CLARE BANK NATIONAL ASSN,180108,79857,31002,7273,1022,138678,0.0,1022_20221231,1,1,0.023747330751699502,0.12497306263182985,<1bn
223731,SM,8451.0,20221231,306410,339494,306410,FARMERS BANK&TRUST CO,15537,82860,2413,14835,1027,271463,18692.0,1027_20221231,1,1,0.04841552168662903,0.0562905910381515,<1bn
153854,SM,15410.0,20221231,184513,214896,184513,FBT BANK&MORTGAGE,58267,30851,1785,29816,1028,118186,0.0,1028_20221231,1,1,0.16159295009023755,0.17126706519323842,<1bn
4125683,SM,464355.0,20221231,6367307,7783278,6367307,MIDLAND STATES BANK,775021,2269122,79391,139558,1040,6150207,99157.0,1040_20221231,1,1,0.021917900299137455,0.034386436840566977,1-10bn
289790,NM,32719.0,20221231,385310,446299,385310,BANK&TRUST CO,138921,95703,34392,17465,1047,276535,0.0,1047_20221231,1,1,0.04532713918662895,0.1345851392385352,<1bn
161277,N,44243.0,20221231,192225,238076,192225,FIRST NB OF STEELEVILLE,114533,31083,15099,8177,1049,100294,0.0,1049_20221231,1,1,0.042538691637404084,0.12108726752503576,<1bn
1938761,SM,46342.0,20221231,2123507,2556235,2123507,MIDWEST BANKCENTRE,283861,186333,31098,84855,1058,2011091,25970.0,1058_20221231,1,1,0.039959840019364194,0.054604482113786296,1-10bn
670033,NM,11374.0,20221231,1027399,1123137,1027399,WOOD&HUSTON BANK,172670,358217,18438,34207,1060,868191,0.0,1060_20221231,1,1,0.03329475695421156,0.05124104656516115,1-10bn
242077,SM,62434.0,20221231,1281859,1451135,1281859,CASS COMMERCIAL BANK,263639,1039849,130958,174416,1068,994557,0.0,1068_20221231,1,1,0.136064887011754,0.23822744935285395,1-10bn
555806,SM,390160.0,20221231,719066,849272,719066,LINDELL BANK&TRUST CO,390160,169421,0,9767,1073,390080,0.0,1073_20221231,1,1,0.013582897814665136,0.013582897814665136,<1bn
190316,SM,0.0,20221231,272049,321425,272049,BANK OF VERSAILLES,0,81774,0,42652,1086,273821,0.0,1086_20221231,1,1,0.1567805799690497,0.1567805799690497,<1bn
176750,NM,760.0,20221231,242479,292232,242479,UPPER PENINSULA STATE BANK,40775,66374,4676,17346,1090,210091,19921.0,1090_20221231,1,1,0.071536091785268,0.0908202359791982,<1bn
109721,NM,1995.0,20221231,125719,141934,125719,BAYBANK,26983,16074,0,5256,1092,101522,0.0,1092_20221231,1,1,0.041807523126973646,0.041807523126973646,<1bn
242002,SM,23011.0,20221231,389124,410474,389124,CENTRAL SAVINGS BANK,152273,147158,34720,18572,1095,214181,0.0,1095_20221231,1,1,0.047727716614755195,0.13695377309032597,<1bn
63738,SM,22147.0,20221231,84196,88625,84196,ROOT RIVER STATE BANK,43769,20498,2928,8380,1098,31401,0.0,1098_20221231,1,1,0.09952966886787971,0.13430566772768301,<1bn
259979,SM,52437.0,20221231,310866,350059,310866,PEOPLES STB OF PLAINVIEW,104403,50964,6972,10563,1100,219781,0.0,1100_20221231,1,1,0.033979270811217696,0.05640694061106715,<1bn
16404677,SM,6491549.0,20221231,25073772,32216733,25073772,FIRST INTERSTATE BANK,10397943,8657502,1039436,870433,1105,17959114,12500.0,1105_20221231,1,1,0.03471488055327296,0.07616999149549578,10-100bn
755347,NM,152625.0,20221231,1309826,1474550,1309826,AMERICAN BANK&TRUST,225197,555424,0,40654,1117,1132665,0.0,1117_20221231,1,1,0.031037710352367413,0.031037710352367413,1-10bn
95989,SM,3524.0,20221231,130816,142976,130816,CITIZENS STB OF ARLINGTON,60236,34921,10427,18548,1118,61565,7000.0,1118_20221231,1,1,0.1417869373776908,0.2214943126223092,<1bn
329664,NM,110624.0,20221231,484816,516263,484816,FIRST FIDELITY BANK,211236,157450,1935,25518,1122,241095,0.0,1122_20221231,1,1,0.05263440150490083,0.056625606415629845,<1bn
140811,SM,22620.0,20221231,195059,220505,195059,MERCHANTS STATE BANK,64945,54357,0,303,1125,130326,5244.0,1125_20221231,1,1,0.0015533761579829693,0.0015533761579829693,<1bn
119368,SM,0.0,20221231,154186,177427,154186,COLORADO B&T CO OF LA JUNTA,44879,34823,2904,9970,1141,114276,0.0,1141_20221231,1,1,0.06466216128571985,0.0834965561075584,<1bn
755926,NM,378702.0,20221231,1239066,1425798,1239066,BANK OF BLUE VALLEY,516592,483330,0,15112,1143,774757,206178.0,1143_20221231,1,1,0.012196283329540154,0.012196283329540154,1-10bn
291732,SM,36981.0,20221231,436312,490849,436312,PEOPLES BANK,222101,144716,35972,20925,1147,226981,0.0,1147_20221231,1,1,0.04795880012468142,0.13040438951942646,<1bn
75785,NM,15670.0,20221231,138612,156283,138612,FIDELITY STATE BANK&TRUST CO,58445,62836,33612,25933,1150,69300,0.0,1150_20221231,1,1,0.18709058378783944,0.4295804115083831,<1bn
73927,SM,9617.0,20221231,93047,120125,93047,WAHOO STATE BANK,17211,19165,0,1714,1163,89742,0.0,1163_20221231,1,1,0.0184207980912872,0.0184207980912872,<1bn
511601,NM,368754.0,20221231,758307,806375,758307,CITIZENS BANK,484974,246845,22708,26074,1164,261277,0.0,1164_20221231,1,1,0.03438449071418304,0.06433014596990401,<1bn
84440,NM,49413.0,20221231,127427,143562,127427,FIRST BANK OF OKARCHE,62226,43005,9670,43745,1165,33898,0.0,1165_20221231,1,1,0.34329459219788583,0.4191811782432295,<1bn
142553,SM,106168.0,20221231,230961,241018,230961,UINTA BANK,145580,91190,197,2246,1167,83054,69780.0,1167_20221231,1,1,0.00972458553608618,0.010577543394772277,<1bn
104247,SM,47602.0,20221231,158614,177527,158614,FIRST STB OF NEWCASTLE,75605,54476,0,53140,1168,40338,0.0,1168_20221231,1,1,0.33502717288511735,0.33502717288511735,<1bn
168531,SM,39999.0,20221231,251529,271785,251529,SUNDANCE STATE BANK,73711,83082,4483,31420,1169,155248,0.0,1169_20221231,1,1,0.12491601366045267,0.14273900822569166,<1bn
376945,SM,104743.0,20221231,507434,543664,507434,BANK&TRUST SSB,185549,130628,32310,16731,1184,313317,0.0,1184_20221231,1,1,0.032971775639787634,0.09664508093663413,<1bn
214458,NM,0.0,20221231,289567,306277,289567,ARROWHEAD BANK,107537,75139,11656,32180,1198,163065,0.0,1198_20221231,1,1,0.11113144798958445,0.15138465363801815,<1bn
1582493,N,321919.0,20221231,2688002,3350152,2688002,GUARANTY BANK&TRUST N A,697935,1107522,133735,59192,1208,2347401,0.0,1208_20221231,1,1,0.022020816948796915,0.07177338409718445,1-10bn
906358,N,39509.0,20221231,1209164,1307150,1209164,COMMERCIAL BANK OF TEXAS NA,363397,303470,155310,49103,1209,813506,0.0,1209_20221231,1,1,0.04060904889659302,0.1690531640042211,1-10bn
584987,SM,11364.0,20221231,1357260,1564284,1357260,VISTA BANK,109029,772880,29558,217176,1210,1174749,76128.0,1210_20221231,1,1,0.16001060961053887,0.18178830879860897,1-10bn
596729,SI,17992.0,20221231,785727,1991593,785727,CORNERSTONE CAPITAL BANK SSB,88303,189051,27633,750499,1213,812657,400760.0,1213_20221231,1,1,0.9551650891467393,0.9903337927804441,1-10bn
106820,NM,0.0,20221231,157820,177332,157820,FIRST STATE BANK,11781,51165,7977,10343,1218,151740,30872.0,1218_20221231,1,1,0.06553668736535294,0.11608161196299582,<1bn
362415,SM,117092.0,20221231,501379,556347,501379,WELLINGTON STATE BANK,177605,139227,4750,19590,1219,322615,0.0,1219_20221231,1,1,0.039072238765484796,0.04854610982909137,<1bn
4289720,SM,3035752.0,20221231,9142496,12054744,9142496,FARMERS&MERCHANTS BK LONG BE,4913441,4853640,149084,142858,1225,6674459,0.0,1225_20221231,1,1,0.015625710965583142,0.03193241758049443,10-100bn
250134,NM,24939.0,20221231,321893,363029,321893,IRELAND BANK,127213,71782,962,8693,1237,208800,0.0,1237_20221231,1,1,0.027005868409688934,0.029994439145927372,<1bn
1330535,NM,388222.0,20221231,1900019,2087762,1900019,CASHMERE VALLEY BANK,816486,574283,5433,170319,1265,992137,0.0,1265_20221231,1,1,0.08964068254054301,0.09250012763030264,1-10bn
3860250,NM,1701871.0,20221231,9236457,10412724,9236457,WASHINGTON TRUST BANK,3758224,5376578,798045,393871,1281,5921423,0.0,1281_20221231,1,1,0.042643082731831046,0.12904471920347813,10-100bn
2025161,SM,129614.0,20221231,2279913,2502223,2279913,FARMERS BANK&TRUST CO,583618,255294,14500,46493,1291,1686630,0.0,1291_20221231,1,1,0.02039244479942875,0.02675233660231772,1-10bn
453874,SM,66582.0,20221231,560161,742510,560161,FNBC BANK,222312,106591,19090,19713,1294,455936,2028.0,1294_20221231,1,1,0.03519166810970417,0.0692711559712297,<1bn
188483,NM,28836.0,20221231,236903,273519,236903,FARMERS BANK,83551,48454,0,7416,1296,157596,0.0,1296_20221231,1,1,0.03130395140627176,0.03130395140627176,<1bn
1266762,SM,4812.0,20221231,1541644,1747013,1541644,EVOLVE BANK&TRUST,392031,275021,91247,329087,1299,833489,4118.0,1299_20221231,1,1,0.21346497634992256,0.27265308981840164,1-10bn
2439373,NM,916626.0,20221231,4762849,5328781,4762849,FARMERS&MERCHANTS BK CNTL CA,997507,2324022,4964,590358,1331,3445476,0.0,1331_20221231,1,1,0.1239506018351621,0.124992835170714,1-10bn
549235,NM,161923.0,20221231,809448,1014460,809448,PEOPLES BANK&TRUST CO,299987,259488,0,16161,1365,610502,999.0,1365_20221231,1,1,0.019965457941708422,0.019965457941708422,1-10bn
488739,NM,9348.0,20221231,755758,884021,755758,BOM BANK,101504,273795,935,18752,1373,699602,76354.0,1373_20221231,1,1,0.024812175325964133,0.02604934383757764,<1bn
41020,NM,4656.0,20221231,65793,72271,65793,BANK OF COMMERCE,18902,24786,3955,3937,1374,36540,0.0,1374_20221231,1,1,0.05983919261927561,0.11995197057437722,<1bn
236156,NM,35588.0,20221231,384251,434338,384251,CITIZENS BANK&TRUST CO,83621,148251,13926,63160,1376,259714,0.0,1376_20221231,1,1,0.16437172577299733,0.20061366138279407,<1bn
96240,NM,14625.0,20221231,114898,135207,114898,FELICIANA BANK&TRUST CO,26823,18829,0,2868,1380,98668,0.0,1380_20221231,1,1,0.02496126999599645,0.02496126999599645,<1bn
36302,NM,0.0,20221231,43057,47523,43057,RED ROCK BANK,14221,6765,5448,7809,1386,22709,0.0,1386_20221231,1,1,0.18136423810297977,0.3078941867756695,<1bn
49063,NM,17008.0,20221231,60872,62711,60872,ARLINGTON STATE BANK,31634,11822,8172,9827,1391,19212,0.0,1391_20221231,1,1,0.16143711394401367,0.2956860297016691,<1bn
2359683,SM,629235.0,20221231,2786992,3163444,2786992,FRANDSEN BANK&TRUST,779654,427623,9208,51598,1399,2060235,28333.0,1399_20221231,1,1,0.01851386728056629,0.02181778777979987,1-10bn
46087,NM,8172.0,20221231,60862,65975,60862,STATE BANK OF DANVERS,32103,14798,1629,13323,1401,18496,0.0,1401_20221231,1,1,0.2189050639150866,0.24567053333771482,<1bn
436406,NM,115657.0,20221231,1176541,1316544,1176541,CITIZENS ALLIANCE BANK,344647,740371,29256,143169,1402,752511,1690.0,1402_20221231,1,1,0.1216863670709308,0.14655247883414177,1-10bn
245403,NM,18335.0,20221231,309834,359764,309834,KENSINGTON BANK,64500,64589,14996,20955,1409,254925,0.0,1409_20221231,1,1,0.06763299056914347,0.11603310159633869,<1bn
122251,NM,12623.0,20221231,145776,151800,145776,PERENNIAL BANK,72776,23545,22430,29856,1413,45500,0.0,1413_20221231,1,1,0.20480737569970364,0.35867358138513883,<1bn
101716,SB,23120.0,20221231,135503,146645,135503,NORTHWOODS BANK OF MINNESOTA,56204,33815,0,8145,1415,72918,3100.0,1415_20221231,1,1,0.060109370272244896,0.060109370272244896,<1bn
241963,N,83470.0,20221231,314859,336354,314859,WOODLANDS NATIONAL BANK,161510,73059,16123,15619,1417,143311,35328.0,1417_20221231,1,1,0.049606331723088745,0.10081337995737774,<1bn
160762,NM,6744.0,20221231,185137,197382,185137,BANK OF WESTON,45410,24437,14870,7272,1418,135634,0.0,1418_20221231,1,1,0.03927902040110837,0.11959791937862231,<1bn
484743,NM,23660.0,20221231,623808,792654,623808,FOCUS BANK,68766,139081,5779,19937,1426,656919,0.0,1426_20221231,1,1,0.031960154406484045,0.04122422283779625,<1bn
41192,NM,1353.0,20221231,71219,82894,71219,UNITED SECURITY BANK,24678,30106,1362,4120,1427,52378,0.0,1427_20221231,1,1,0.05784973111107991,0.07697384125022817,<1bn
152411,SM,37026.0,20221231,168331,192470,168331,TOWN&COUNTRY BANK,60476,16091,0,5594,1434,118531,0.0,1434_20221231,1,1,0.033232143811894425,0.033232143811894425,<1bn
690010,NM,12880.0,20221231,971850,1310158,971850,EXCHANGE BANK,309997,283216,0,10673,1435,910439,109575.0,1435_20221231,1,1,0.010982147450738283,0.010982147450738283,1-10bn
76180,NM,0.0,20221231,92699,111284,92699,COUNTRYSIDE BANK,31455,16549,20581,15959,1438,57825,0.0,1438_20221231,1,1,0.17215935446984326,0.39417900948230294,<1bn
73464,NM,0.0,20221231,102756,124929,102756,AMERICAN INTERSTATE BANK,9940,29303,9940,28248,1439,84912,0.0,1439_20221231,1,1,0.27490365526100663,0.3716376659270505,<1bn
154130,NM,0.0,20221231,191770,205591,191770,BANK OF HOLLAND,52620,37643,0,4159,1464,141916,0.0,1464_20221231,1,1,0.021687438076862908,0.021687438076862908,<1bn
163882,SM,3050.0,20221231,230128,247960,230128,BANK OF CROCKETT,88487,66574,5751,10634,1468,115697,14980.0,1468_20221231,1,1,0.04620906625877772,0.07119950636167698,<1bn
105910,NM,8723.0,20221231,129945,146591,129945,PEOPLES BANK&TRUST CO,32085,24080,2275,14715,1475,89901,0.0,1475_20221231,1,1,0.11324021701489091,0.13074762399476703,<1bn
377774,NM,1651.0,20221231,446940,490857,446940,BANK OF FRANKEWING,32852,69528,0,47818,1484,383499,23386.0,1484_20221231,1,1,0.10698975253949077,0.10698975253949077,<1bn
1157259,SM,383060.0,20221231,1798631,1939730,1798631,FIRST FARMERS&MERCHANTS BANK,825678,641779,69685,28947,1487,956785,54893.0,1487_20221231,1,1,0.01609390697702864,0.05483726234007976,1-10bn
327724,NM,128109.0,20221231,741540,818495,741540,SECURITY STATE BANK,330423,414241,0,22448,1497,401763,0.0,1497_20221231,1,1,0.030272136364862312,0.030272136364862312,<1bn
248414,NM,0.0,20221231,444806,551193,444806,CITIZENS STB OF LA CROSSE,1432,196539,0,34724,1513,497233,28261.0,1513_20221231,1,1,0.07806549372085808,0.07806549372085808,<1bn
566515,SM,47962.0,20221231,715954,784147,715954,DIAMOND BANK,136466,149788,0,16294,1527,591738,4198.0,1527_20221231,1,1,0.022758445374982193,0.022758445374982193,<1bn
1240893,SM,199540.0,20221231,1933309,2258187,1933309,SOUTHERN BCORP BANK,567351,693905,7550,163738,1528,1355675,145340.0,1528_20221231,1,1,0.0846931349308362,0.08859835649655591,1-10bn
2334156,NM,168280.0,20221231,3863339,4586445,3863339,BANK OF STOCKTON,2125316,1534220,305835,136787,1536,2099642,0.0,1536_20221231,1,1,0.03540641916228423,0.11456980606672104,1-10bn
763636,N,78481.0,20221231,982076,1117262,982076,FIRST NB AMES IOWA,389923,218712,108442,13413,1545,657642,5719.0,1545_20221231,1,1,0.013657802451134128,0.12407899184991793,1-10bn
130551,NM,23185.0,20221231,174458,237208,174458,IOWA TRUST&SAVINGS BANK,112307,43974,37295,30161,1547,89574,0.0,1547_20221231,1,1,0.17288401792981692,0.38666039963773513,<1bn
228924,SM,39103.0,20221231,368516,448360,368516,CENTRAL STATE BANK,52239,139861,0,11682,1550,358668,11349.0,1550_20221231,1,1,0.03170011614149725,0.03170011614149725,<1bn
824685,SM,121309.0,20221231,977946,1114078,977946,CBI BANK&TRUST,297243,153531,26167,46001,1552,691032,0.0,1552_20221231,1,1,0.0470383845324793,0.07379548564031142,1-10bn
382718,NM,77300.0,20221231,476312,544033,476312,SHELBY COUNTY STATE BANK,136419,93877,29413,19904,1553,352002,0.0,1553_20221231,1,1,0.04178773576983154,0.10353927677656662,<1bn
41990,NM,0.0,20221231,50068,58624,50068,TWIN CEDARS BANK,978,8094,967,10821,1556,42948,0.0,1556_20221231,1,1,0.21612606854677638,0.23543980186945754,<1bn
70679,NM,477.0,20221231,113377,125185,113377,PEOPLES BANK,26511,42776,2889,1120,1562,92839,0.0,1562_20221231,1,1,0.009878546795205377,0.03535990544819496,<1bn
99158,NM,30794.0,20221231,129709,140087,129709,PEOPLES BANK,47015,30558,5765,20389,1566,69736,0.0,1566_20221231,1,1,0.15719032603751473,0.20163596974766593,<1bn
256,N,0.0,20221231,506,76187,506,COMERICA B&T NA,1791,250,1791,46649,1596,0,0.0,1596_20221231,1,1,92.19169960474308,95.73122529644269,<1bn
66389,NM,0.0,20221231,77797,98894,77797,FIRST FARMERS&MERCHANTS STB,22239,11441,4196,2183,1600,72172,0.0,1600_20221231,1,1,0.028060207977171358,0.0819954496960037,<1bn
180516,NM,2307.0,20221231,204826,229337,204826,SECURITY BANK USA,43378,24398,22512,31610,1604,144566,0.0,1604_20221231,1,1,0.1543261109429467,0.2642340327888061,<1bn
483010,NM,110433.0,20221231,609697,631063,609697,BANK OF ELK RIVER,251623,126822,10077,17931,1607,344125,0.0,1607_20221231,1,1,0.029409690387192326,0.04593757226950436,<1bn
170235,NM,52560.0,20221231,209212,234556,209212,FIRST STATE BANK OF WYOMING,147311,39005,13995,17663,1609,56997,0.0,1609_20221231,1,1,0.08442632353784678,0.15132019195839627,<1bn
207470,NM,31811.0,20221231,272743,285774,272743,STATE BANK OF FARIBAULT,105774,65447,4542,10971,1610,150573,0.0,1610_20221231,1,1,0.04022468037676494,0.05687772005147703,<1bn
126342,NM,7246.0,20221231,169235,192996,169235,CARROLL CNTY TR CARROLLTON M,108389,42940,8185,5116,1611,68668,13066.0,1611_20221231,1,1,0.030230153337075665,0.07859485331048542,<1bn
54946,NM,979.0,20221231,64483,73944,64483,SHERWOOD COMMUNITY BANK,24493,9544,0,8191,1612,38221,0.0,1612_20221231,1,1,0.1270257277111797,0.1270257277111797,<1bn
195217,SM,18039.0,20221231,274409,305994,274409,EXCHANGE BANK OF MISSOURI,36892,79312,0,8484,1616,242781,0.0,1616_20221231,1,1,0.03091735329380596,0.03091735329380596,<1bn
1600670,NM,372.0,20221231,2280269,2796291,2280269,BANK OF MISSOURI,680062,681178,0,47430,1617,1849746,50000.0,1617_20221231,1,1,0.020800177522915058,0.020800177522915058,1-10bn
39619,NM,0.0,20221231,46524,50126,46524,FIRST SECURITY BANK,12998,6919,9496,913,1622,35231,0.0,1622_20221231,1,1,0.019624279941535552,0.22373398675952197,<1bn
252173,NM,0.0,20221231,412759,468428,412759,BANK OF KIRKSVILLE,199496,160603,149133,61634,1635,130224,0.0,1635_20221231,1,1,0.14932200145847818,0.5106296894798176,<1bn
137460,SM,4058.0,20221231,149817,164739,149817,FCNB BANK,49923,12398,1336,12735,1639,84153,11939.0,1639_20221231,1,1,0.0850037045195138,0.09392125059238939,<1bn
197861,NM,29812.0,20221231,366979,387680,366979,OZARK BANK,67555,169192,4227,100149,1654,209570,0.0,1654_20221231,1,1,0.2729011741816289,0.28441954444259754,<1bn
398216,NM,73428.0,20221231,571240,601888,571240,BANK OF OLD MONROE,251619,173233,0,9781,1655,296084,9050.0,1655_20221231,1,1,0.0171224003921294,0.0171224003921294,<1bn
245520,NM,3842.0,20221231,473809,506829,473809,FARMERS&MERCHANTS BANK OF SC,152426,228334,4829,253492,1660,87089,0.0,1660_20221231,1,1,0.5350088326730813,0.5452007032369584,<1bn
792458,NM,0.0,20221231,818871,1094534,818871,1ST FINANCIAL BANK USA,64645,27393,64215,47196,1673,859049,531095.0,1673_20221231,1,1,0.05763545173781951,0.13605439684638973,1-10bn
35311,NM,8613.0,20221231,53102,56708,53102,RICHLAND STATE BANK,26803,17809,3171,3200,1675,25284,0.0,1675_20221231,1,1,0.0602613837520244,0.1199766487137961,<1bn
452882,NM,3987.0,20221231,819343,1054618,819343,PLAINS COMMERCE BANK,65355,368095,6579,34286,1678,855488,20296.0,1678_20221231,1,1,0.04184572273150561,0.049875326938779,1-10bn
207798,NM,82775.0,20221231,240917,251167,240917,FARMERS STATE BANK,107078,33275,0,7044,1686,118475,0.0,1686_20221231,1,1,0.029238285384593034,0.029238285384593034,<1bn
52321,NM,5511.0,20221231,56316,62643,56316,COMMUNITY BANK,29185,4059,7947,4308,1687,26315,0.0,1687_20221231,1,1,0.07649691029192414,0.21761133603238866,<1bn
74378,NM,8530.0,20221231,107587,122516,107587,UBANK,19230,33258,7781,3413,1693,94539,0.0,1693_20221231,1,1,0.03172316357924285,0.10404602786582022,<1bn
563299,NM,125041.0,20221231,750079,842410,750079,FARMERS BANK,226727,187276,0,18632,1696,548639,0.0,1696_20221231,1,1,0.024840050181380895,0.024840050181380895,<1bn
361020,NM,690.0,20221231,507475,563299,507475,FIRST CENTURY BANK,12317,146839,9835,35439,1700,472982,0.0,1700_20221231,1,1,0.06983398196955515,0.08921424700724173,<1bn
114280,NM,8318.0,20221231,140947,165559,140947,MOUNTAIN VALLEY BANK,31704,26724,0,8189,1705,117504,0.0,1705_20221231,1,1,0.05809985313628527,0.05809985313628527,<1bn
1029050,NM,204042.0,20221231,1282138,1484968,1282138,CITIZENS BANK OF LAFAYETTE,404413,254122,41346,25156,1711,963812,0.0,1711_20221231,1,1,0.01962035287933124,0.051868051644986736,1-10bn
155591,NM,8.0,20221231,178696,206342,178696,BANK OF PERRY COUNTY,12959,23257,0,4499,1713,170443,10375.0,1713_20221231,1,1,0.0251768366387608,0.0251768366387608,<1bn
254877,SM,17938.0,20221231,563657,708489,563657,CITIZENS 1ST BANK,354625,309209,0,24337,1715,315863,0.0,1715_20221231,1,1,0.04317696755296217,0.04317696755296217,<1bn
323486,NM,36790.0,20221231,493383,564054,493383,WESTERN BANK,45472,170346,0,38524,1720,442652,13840.0,1720_20221231,1,1,0.07808132829870507,0.07808132829870507,<1bn
80735,NM,25056.0,20221231,108644,108668,108644,PEOPLES BANK OF GREENSBORO,52927,28002,857,3957,1730,46966,0.0,1730_20221231,1,1,0.036421707595449354,0.044309856043591916,<1bn
197780,NM,39090.0,20221231,288854,313520,288854,FARMERS&MERCHANTS BANK,116287,91137,3714,19152,1735,131243,0.0,1735_20221231,1,1,0.06630339202503686,0.07916109868653368,<1bn
90480,NM,14078.0,20221231,120130,126927,120130,FIRST BANK,79904,29672,23047,5563,1744,35940,2255.0,1744_20221231,1,1,0.046308166153333885,0.23815866145009573,<1bn
61671,NM,5413.0,20221231,96843,105293,96843,FARMERS&MERCHANTS BANK,88188,35273,3286,5186,1745,5024,0.0,1745_20221231,1,1,0.05355059219561559,0.08748180043988724,<1bn
187096,NM,26045.0,20221231,260401,287427,260401,UNION BANK&TRUST CO,55646,73423,1938,12506,1753,204469,461.0,1753_20221231,1,1,0.04802592923990307,0.05546829697274588,<1bn
183656,NM,14645.0,20221231,381290,447160,381290,CENTRAL BANK,54750,197793,12949,10836,1756,354791,76318.0,1756_20221231,1,1,0.02841931338351386,0.06238034042329985,<1bn
8593069,NM,3323924.0,20221231,15499389,18139330,15499389,MECHANICS BANK,4329106,6937202,0,331627,1768,11919832,0.0,1768_20221231,1,1,0.02139613374436889,0.02139613374436889,10-100bn
81389,NM,24096.0,20221231,114786,132641,114786,STATE BANK,34288,33405,0,35096,1778,54285,0.0,1778_20221231,1,1,0.3057515724914188,0.3057515724914188,<1bn
154730,NM,11996.0,20221231,180398,192719,180398,CITIZENS STATE BANK OF OURAY,36787,25687,961,16337,1779,124070,0.0,1779_20221231,1,1,0.09056087096309272,0.09588798101974523,<1bn
256798,NM,110278.0,20221231,306786,375585,306786,FARMERS STATE BANK OF CALHAN,171314,50072,0,4757,1780,179744,0.0,1780_20221231,1,1,0.015505922695299003,0.015505922695299003,<1bn
142949,NM,53091.0,20221231,180396,195486,180396,FIRST STB SHANNON-POLO,64980,37531,0,18131,1781,105510,0.0,1781_20221231,1,1,0.10050666311891616,0.10050666311891616,<1bn
191264,NM,0.0,20221231,259573,283286,259573,LONGVIEW BANK,26326,68444,18588,25106,1786,220480,0.0,1786_20221231,1,1,0.09672038309069125,0.16833029629429871,<1bn
375653,NM,55264.0,20221231,417732,441388,417732,BETTER BANKS,145028,42112,14710,17021,1808,265596,0.0,1808_20221231,1,1,0.040746220064538985,0.07596018499899457,<1bn
106382,NM,17597.0,20221231,178425,204803,178425,FOWLER STATE BANK,100583,72097,0,4016,1821,93690,0.0,1821_20221231,1,1,0.022508056606417262,0.022508056606417262,<1bn
40385,SM,0.0,20221231,49735,58734,49735,FAIRMOUNT STATE BANK,12527,9369,9979,6587,1829,38340,0.0,1829_20221231,1,1,0.13244194229415904,0.333085352367548,<1bn
346226,NM,113351.0,20221231,664987,745652,664987,STATE BANK,152839,319082,12503,23690,1833,513572,42240.0,1833_20221231,1,1,0.03562475657418867,0.05442662788896625,<1bn
120582,NM,40833.0,20221231,165457,176381,165457,COMMUNITY STATE BANK,72632,44919,1886,6622,1839,78310,0.0,1839_20221231,1,1,0.04002248318294179,0.051421215179774805,<1bn
119938,NM,14137.0,20221231,169707,198340,169707,FARMERS&MERCHANTS BANK,67838,49836,3702,10787,1843,110845,0.0,1843_20221231,1,1,0.06356249300264574,0.08537656077828257,<1bn
192792,NM,10158.0,20221231,256189,320397,256189,BIPPUS STATE BANK,45254,63424,1938,7308,1847,246633,2999.0,1847_20221231,1,1,0.028525814925699385,0.0360905425291484,<1bn
144707,SM,13351.0,20221231,191641,215165,191641,WAYNE BANK&TRUST CO,43420,46958,971,3527,1849,158874,0.0,1849_20221231,1,1,0.018404203693364155,0.02347096915586957,<1bn
405335,NM,62255.0,20221231,510950,601839,510950,FIRST SECURITY BANK&TRUST CO,181449,105710,4441,15663,1852,373407,5000.0,1852_20221231,1,1,0.030654662882865252,0.039346315686466383,<1bn
246295,SM,0.0,20221231,334049,393175,334049,WAUKON STATE BANK,41570,88007,0,12630,1857,325054,0.0,1857_20221231,1,1,0.03780882445389748,0.03780882445389748,<1bn
36889,NM,740.0,20221231,45799,51973,45799,MONTEZUMA STATE BANK,11132,8939,887,15183,1860,24052,0.0,1860_20221231,1,1,0.33151378851066615,0.35088102360313544,<1bn
97673,NM,8437.0,20221231,112250,133059,112250,WAYLAND STATE BANK,55172,14632,4500,14582,1862,52377,0.0,1862_20221231,1,1,0.1299064587973274,0.16999554565701558,<1bn
62743,NM,23021.0,20221231,70804,87954,70804,KANSAS STB OVERBROOK KANSAS,37926,8093,0,3573,1865,43575,0.0,1865_20221231,1,1,0.050463250663804304,0.050463250663804304,<1bn
107307,NM,12708.0,20221231,168100,234417,168100,FARMERS STB OF OAKLEY KANSAS,54510,60914,1465,5333,1867,163312,14100.0,1867_20221231,1,1,0.03172516359309935,0.040440214158239146,<1bn
307674,NM,69550.0,20221231,373073,437277,373073,BANK OF TESCOTT,100852,65946,0,10445,1868,316408,0.0,1868_20221231,1,1,0.02799720162005827,0.02799720162005827,<1bn
365220,SM,61558.0,20221231,478500,578747,478500,UNION STATE BANK,161079,113451,40716,10690,1869,355408,0.0,1869_20221231,1,1,0.022340647857889237,0.10743155694879833,<1bn
466510,NM,116391.0,20221231,833980,891514,833980,BANK OF LABOR,447745,367519,0,102008,1874,300669,0.0,1874_20221231,1,1,0.12231468380536703,0.12231468380536703,<1bn
516340,NM,116133.0,20221231,625191,717639,625191,FARMERS&MERCHANTS BANK,147312,109006,0,6653,1895,517349,3999.0,1895_20221231,1,1,0.010641547942948635,0.010641547942948635,<1bn
358086,NM,5778.0,20221231,420242,473709,420242,FIRST INDEPENDENT BANK,184750,62414,24259,9838,1900,257624,17213.0,1900_20221231,1,1,0.023410320719966116,0.08113658320681892,<1bn
89554,NM,250.0,20221231,100190,112064,100190,ST CLAIR STATE BANK INC,7338,10862,0,23996,1903,78963,0.0,1903_20221231,1,1,0.23950494061283562,0.23950494061283562,<1bn
328311,SM,64603.0,20221231,460739,514883,460739,PROFINIUM INC,88241,132547,1928,15965,1905,387653,53852.0,1905_20221231,1,1,0.034650854388276225,0.038835436114589825,<1bn
73292,NM,1462.0,20221231,83317,92405,83317,TRIUMPH STATE BANK,14435,10063,11630,13646,1906,53835,0.0,1906_20221231,1,1,0.16378410168393004,0.30337146080631805,<1bn
137308,NM,47390.0,20221231,154906,176823,154906,WANDA STATE BANK,55794,17813,5511,5535,1908,99882,0.0,1908_20221231,1,1,0.035731346752223926,0.07130776083560353,<1bn
179733,NM,0.0,20221231,241436,280367,241436,CASTLE ROCK BANK,164433,61847,1815,8775,1913,102868,2441.0,1913_20221231,1,1,0.03634503553736808,0.04386255570834507,<1bn
50536,NM,5881.0,20221231,64132,82178,64132,FARMERS STB OF TRIMONT,28093,13617,1281,3141,1929,46301,7511.0,1929_20221231,1,1,0.04897710971122061,0.06895153745400112,<1bn
138460,NM,25253.0,20221231,176405,188657,176405,NEW MARKET BANK,67383,37982,29257,8019,1931,104500,2215.0,1931_20221231,1,1,0.04545789518437686,0.21130920325387603,<1bn
93385,NM,0.0,20221231,106313,117210,106313,CITIZENS STB NORWOOD YOUNG A,30510,12971,30466,25059,1933,55094,0.0,1933_20221231,1,1,0.23570964980764347,0.5222785548333694,<1bn
204780,NM,0.0,20221231,262977,294227,262977,COMMUNITY STB OF MISSOURI,67430,58314,3277,14181,1936,198597,0.0,1936_20221231,1,1,0.05392486795423174,0.06638603375960635,<1bn
103320,NM,23077.0,20221231,138880,148034,138880,BANK OF CROCKER,67897,35591,13976,32686,1937,43114,0.0,1937_20221231,1,1,0.23535426267281107,0.33598790322580646,<1bn
127030,N,0.0,20221231,139797,153241,139797,TIPTON LATHAM BANK NA,30091,12892,0,3587,1941,108930,0.0,1941_20221231,1,1,0.025658633590134265,0.025658633590134265,<1bn
73728,NM,0.0,20221231,86206,95045,86206,METZ BANKING CO,20226,12543,0,5408,1945,67999,0.0,1945_20221231,1,1,0.06273345242790525,0.06273345242790525,<1bn
140290,NM,4437.0,20221231,180206,199413,180206,ALLIANT BANK,13463,39974,4119,14013,1946,161195,242.0,1946_20221231,1,1,0.07776100684771872,0.10061818141460328,<1bn
154163,NM,0.0,20221231,181944,203223,181944,CITIZENS BANK OF ELDON,43734,27841,11073,12384,1956,138478,0.0,1956_20221231,1,1,0.06806489908982984,0.1289242843951985,<1bn
151439,SM,46294.0,20221231,207939,225870,207939,LAMAR BANK&TRUST CO,46620,56535,0,5145,1964,164402,0.0,1964_20221231,1,1,0.024742833234746728,0.024742833234746728,<1bn
110306,SM,4199.0,20221231,129678,141955,129678,CITIZENS BANK&TRUST CO,48828,19386,19124,25566,1972,60401,9150.0,1972_20221231,1,1,0.19714986350807384,0.34462283502213176,<1bn
748991,SM,0.0,20221231,1003238,1189869,1003238,YELLOWSTONE BANK,423447,247860,422050,68145,1978,650948,0.0,1978_20221231,1,1,0.06792505866005873,0.4886128715220117,1-10bn
121168,NM,33717.0,20221231,165127,181345,165127,VALLEY BANK OF KALISPELL,53651,43973,2743,3227,1980,119939,0.0,1980_20221231,1,1,0.019542533928430843,0.03615399056483797,<1bn
121512,SM,43788.0,20221231,148756,166970,148756,FIRST STATE BANK OF MALTA,86115,27370,21421,23217,1982,52601,0.0,1982_20221231,1,1,0.15607437683185887,0.3000752910806959,<1bn
123363,NM,7993.0,20221231,135240,162919,135240,WESTERN NEBRASKA BANK,27568,11984,0,5741,1983,118021,7180.0,1983_20221231,1,1,0.04245045844424727,0.04245045844424727,<1bn
43000,NM,4.0,20221231,43524,68747,43524,COMMERCIAL STATE BANK,44863,602,755,1986,1986,19782,247.0,1986_20221231,1,1,0.04562999724290047,0.06297674846061943,<1bn
157386,NM,21737.0,20221231,209734,264709,209734,PATHWAY BANK,42148,52513,1952,9730,1992,193649,0.0,1992_20221231,1,1,0.046392096655763965,0.05569912365186379,<1bn
51219,NM,5836.0,20221231,58374,68935,58374,CERESCOBANK,29524,7187,5472,1548,1993,33101,0.0,1993_20221231,1,1,0.026518655565834104,0.12025901942645699,<1bn
631465,NM,56497.0,20221231,857973,958937,857973,FARMERS&MERCHANTS BANK,171414,228838,94854,212645,2036,534431,0.0,2036_20221231,1,1,0.24784579468118462,0.35840172126628694,<1bn
103573,NM,0.0,20221231,144310,155321,144310,STATE BANK&TRUST OF KENMARE,74433,40867,0,5376,2057,66474,0.0,2057_20221231,1,1,0.03725313561083778,0.03725313561083778,<1bn
142311,NM,41305.0,20221231,231015,281118,231015,FAHEY BANKING CO,50808,88768,0,34734,2068,174982,12841.0,2068_20221231,1,1,0.15035387312512175,0.15035387312512175,<1bn
373957,N,117440.0,20221231,576142,643822,576142,NATIONAL CAPITAL BANK OF WA,157058,202206,0,36953,2093,420080,0.0,2093_20221231,1,1,0.06413870191723568,0.06413870191723568,<1bn
1211646,N,97477.0,20221231,1541120,1812261,1541120,CONWAY NATIONAL BANK,1032012,329832,129616,86152,2102,641129,0.0,2102_20221231,1,1,0.05590220099667774,0.14000726744186046,1-10bn
208865,N,0.0,20221231,257853,277071,257853,FIRST NB OF SOUTH CAROLINA,86133,49007,15811,69716,2107,109181,0.0,2107_20221231,1,1,0.27037110291522687,0.33168898558480997,<1bn
1124639,N,424310.0,20221231,1757961,1897811,1757961,QUEENSBOROUGH NB&T CO,627407,634007,41859,125804,2138,1058895,6473.0,2138_20221231,1,1,0.07156245218181746,0.09537356061937666,1-10bn
114022,NM,15434.0,20221231,149706,165032,149706,BANK OF MONTICELLO,21754,35730,896,48082,2145,88410,0.0,2145_20221231,1,1,0.32117617196371556,0.32716123602260433,<1bn
140471,NM,14409.0,20221231,223309,242479,223309,GEO D WARTHEN BANK,83271,83048,49624,32980,2154,112851,0.0,2154_20221231,1,1,0.14768773314107358,0.3699089602299952,<1bn
70704,NM,25292.0,20221231,91403,90056,91403,FIRST STB OF RANDOLPH COUNTY,46480,20755,0,8149,2157,27951,0.0,2157_20221231,1,1,0.08915462293360174,0.08915462293360174,<1bn
131366,N,3745.0,20221231,171825,201635,171825,FIRST NB OF WAYNESBORO,26404,40356,2897,55752,2160,111207,0.0,2160_20221231,1,1,0.3244696639022261,0.3413298414084097,<1bn
186093,NM,45607.0,20221231,216165,238873,216165,BANK OF THE ROCKIES,52336,37601,0,12871,2205,165413,0.0,2205_20221231,1,1,0.05954247912474268,0.05954247912474268,<1bn
346430,SM,55792.0,20221231,541395,572305,541395,FIRST NORTHERN BANK OF WY,182814,195183,0,16350,2208,351091,44438.0,2208_20221231,1,1,0.030199761726650596,0.030199761726650596,<1bn
493568,N,262410.0,20221231,707518,767763,707518,BANK OF BRIDGER NA,400906,214257,48337,13946,2224,318000,25007.0,2224_20221231,1,1,0.019711159292060413,0.08803026919456466,<1bn
176292,SM,29634.0,20221231,233359,244784,233359,RNB STATE BANK,75137,57114,0,7251,2228,151281,0.0,2228_20221231,1,1,0.031072296333117644,0.031072296333117644,<1bn
251756,SM,99754.0,20221231,377814,388926,377814,RSNB BANK,219270,126104,0,4429,2229,138025,0.0,2229_20221231,1,1,0.011722699529398063,0.011722699529398063,<1bn
889502,NM,215135.0,20221231,1170465,1264296,1170465,PINNACLE BANK WYOMING,424994,281082,126137,19896,2232,769696,0.0,2232_20221231,1,1,0.01699837244172188,0.1247649438471035,1-10bn
789652,NM,547410.0,20221231,1464916,1746469,1464916,FIRST AMERICAN BANK,744149,675387,7165,49682,2240,854215,1445.0,2240_20221231,1,1,0.033914572576175014,0.03880563800245202,1-10bn
320546,NM,85856.0,20221231,621361,683707,621361,CNB BANK,174469,305322,0,48384,2241,436342,0.0,2241_20221231,1,1,0.07786777734682415,0.07786777734682415,<1bn
177336,NM,46555.0,20221231,293643,326263,293643,JAMES POLK STONE CMTY BANK,138010,116311,0,26249,2244,143117,0.0,2244_20221231,1,1,0.08939085896820288,0.08939085896820288,<1bn
125916,NM,1548.0,20221231,172550,192924,172550,BANK OF THE SOUTHWEST,13427,46637,10879,56458,2247,115133,0.0,2247_20221231,1,1,0.32719791364821793,0.3902463054187192,<1bn
179030,SM,60782.0,20221231,254326,282636,254326,WESTERN BANK,182446,75318,22004,11685,2249,77776,0.0,2249_20221231,1,1,0.045944968269071976,0.13246384561546992,<1bn
36562888,N,18679349.0,20221231,72020002,89544919,72020002,ZIONS BCORP N A,23434858,35891556,392772,1997112,2270,55086309,916872.0,2270_20221231,1,1,0.02772996312885412,0.033183614740804925,10-100bn
71223,N,50929.0,20221231,130503,133026,130503,FIRST NATIONAL BANK OF ELY,112889,59283,0,6852,2273,9309,0.0,2273_20221231,1,1,0.05250454012551436,0.05250454012551436,<1bn
172765,SM,9189.0,20221231,266238,301938,266238,NORTH VALLEY BANK,37424,93482,4243,7205,2284,225076,1.0,2284_20221231,1,1,0.027062252571007896,0.04299912108714759,<1bn
336420,SM,783.0,20221231,452500,538273,452500,GENOA BANKING CO,91136,116152,46904,12311,2285,407166,22984.0,2285_20221231,1,1,0.027206629834254144,0.13086187845303868,<1bn
185520,NM,4888.0,20221231,240833,320703,240833,BUCKEYE STATE BANK,70096,56063,27914,5542,2286,205906,505.0,2286_20221231,1,1,0.0230117965561198,0.1389178393326496,<1bn
76136,NM,11515.0,20221231,87255,92880,87255,COMMODORE BANK,28100,11122,3732,7251,2289,48898,0.0,2289_20221231,1,1,0.08310125494241018,0.12587244283995186,<1bn
191528,NM,42200.0,20221231,245353,294310,245353,FARMERS SAVINGS BANK,190232,53973,0,3763,2290,94546,0.0,2290_20221231,1,1,0.015337085749919504,0.015337085749919504,<1bn
73926,NM,0.0,20221231,92191,102565,92191,BANK OF MAGNOLIA CO,34879,18267,20607,14882,2300,47427,0.0,2300_20221231,1,1,0.16142573570088187,0.38495080864726494,<1bn
83038,NM,3470.0,20221231,95926,105597,95926,FIRST STATE BANK,15107,12981,0,2460,2301,78512,25453.0,2301_20221231,1,1,0.025644767841878115,0.025644767841878115,<1bn
39574,NM,0.0,20221231,46211,54296,46211,WASHITA VALLEY BANK,17962,6662,3904,8119,2308,25758,0.0,2308_20221231,1,1,0.1756940988076432,0.26017614853606286,<1bn
2121616,NM,47369.0,20221231,2230565,2395777,2230565,ARMSTRONG BANK,755694,109789,225623,95028,2315,1415072,70299.0,2315_20221231,1,1,0.042602658967571,0.14375326430747368,1-10bn
34842,SM,0.0,20221231,39433,50131,39433,METHOD BANK,5220,4601,3730,1287,2317,27969,12666.0,2317_20221231,1,1,0.03263763852610758,0.12722846346968275,<1bn
101443,NM,28457.0,20221231,138878,159374,138878,CARSON COMMUNITY BANK,51837,37392,0,3928,2320,99069,14244.0,2320_20221231,1,1,0.02828381745128818,0.02828381745128818,<1bn
264513,NM,66109.0,20221231,395822,478858,395822,AVB BANK,91616,131460,16588,10774,2326,349094,5009.0,2326_20221231,1,1,0.027219305647488014,0.06912703184764869,<1bn
184025,SM,10902.0,20221231,251452,295126,251452,LOCAL BANK,88095,67497,0,2937,2327,172486,49030.0,2327_20221231,1,1,0.01168016162130347,0.01168016162130347,<1bn
57961,NM,26.0,20221231,78072,86473,78072,AMERICAN EXC BK LINDSAY OK,52528,20137,2695,5471,2328,19620,0.0,2328_20221231,1,1,0.0700763397889128,0.10459575776206578,<1bn
33929,NM,1.0,20221231,38653,47127,38653,PEOPLES BANK&TRUST CO,8160,4787,8150,2713,2331,30498,1.0,2331_20221231,1,1,0.07018860114350763,0.28103898791814347,<1bn
393379,NM,84189.0,20221231,531030,610304,531030,MAUCH CHUNK TRUST CO,282745,138157,0,5218,2359,251823,16753.0,2359_20221231,1,1,0.009826186844434402,0.009826186844434402,<1bn
87933,NM,5391.0,20221231,102985,124275,102985,BANK OF GLEASON,48434,15171,0,8775,2379,60770,0.0,2379_20221231,1,1,0.0852065834830315,0.0852065834830315,<1bn
302608,SM,45286.0,20221231,390109,441576,390109,CARROLL BANK&TRUST,67558,87681,1078,14925,2380,320918,0.0,2380_20221231,1,1,0.038258537998354304,0.041021868247079665,<1bn
157074,SM,7743.0,20221231,208375,242600,208375,SECURITY BANK,149152,51566,15668,11520,2391,63069,7541.0,2391_20221231,1,1,0.05528494301139772,0.1304763047390522,<1bn
339363,SM,169181.0,20221231,522514,595511,522514,FARMERS BANK,233680,183324,0,26661,2429,279629,0.0,2429_20221231,1,1,0.0510244701577374,0.0510244701577374,<1bn
602925,SM,60018.0,20221231,766907,880734,766907,CLEAR MOUNTAIN BANK,229019,164214,0,10324,2443,583212,0.0,2443_20221231,1,1,0.013461866953880979,0.013461866953880979,<1bn
87865,NM,1421.0,20221231,102575,117184,102575,CLAY COUNTY BANK INC,37000,14768,0,20723,2444,57183,0.0,2444_20221231,1,1,0.20202778454789178,0.20202778454789178,<1bn
126573,NM,4776.0,20221231,135685,157479,135685,PIONEER COMMUNITY BANK INC,18786,9182,0,11356,2448,114954,0.0,2448_20221231,1,1,0.08369384972546708,0.08369384972546708,<1bn
150570,NM,88313.0,20221231,258108,276639,258108,WEST UNION BANK,148420,107546,0,13510,2452,100793,0.0,2452_20221231,1,1,0.05234243030049437,0.05234243030049437,<1bn
142015,NM,460.0,20221231,173053,217111,173053,DAVIS TRUST CO,13576,27972,0,16106,2453,164849,0.0,2453_20221231,1,1,0.09306975319699745,0.09306975319699745,<1bn
192147,SM,8622.0,20221231,225043,266402,225043,BANK OF BRODHEAD,61301,32984,2624,9922,2455,182693,0.0,2455_20221231,1,1,0.044089351812764674,0.05574934568060326,<1bn
122740,NM,22306.0,20221231,153202,175713,153202,CITIZENS STATE BANK,38669,30636,0,6515,2467,126010,8500.0,2467_20221231,1,1,0.04252555449667759,0.04252555449667759,<1bn
427285,SM,72371.0,20221231,553014,607078,553014,NORTHWESTERN BANK,170182,125755,0,12660,2468,405483,0.0,2468_20221231,1,1,0.022892729659646952,0.022892729659646952,<1bn
129975,NM,23577.0,20221231,157491,185709,157491,BADGER BANK,50941,27534,1258,8627,2469,111452,0.0,2469_20221231,1,1,0.054777733330793506,0.06276549136141113,<1bn
139129,NM,0.0,20221231,165063,197241,165063,BANK OF DEERFIELD,10058,26068,0,4046,2477,178488,33257.0,2477_20221231,1,1,0.024511853050047556,0.024511853050047556,<1bn
157579,NM,0.0,20221231,222104,255558,222104,NEKOOSA PORT EDWARDS STB,46769,64967,7354,35496,2482,159304,0.0,2482_20221231,1,1,0.15981702265605302,0.19292763750315167,<1bn
163682,N,36156.0,20221231,242631,291556,242631,NATIONAL IRON BANK,45172,78964,7516,4041,2496,238381,2886.0,2496_20221231,1,1,0.016654920434734224,0.047632000857268854,<1bn
270597,N,50055.0,20221231,387395,430577,387395,NATIONAL GRAND BK MARBLEHEAD,80841,116838,1822,33132,2608,302397,3023.0,2608_20221231,1,1,0.08552511002981453,0.0902283199318525,<1bn
77361,N,0.0,20221231,99056,114230,99056,MILLBURY NATIONAL BANK,21692,21719,11965,10527,2616,78188,0.0,2616_20221231,1,1,0.10627321918914553,0.22706347924406398,<1bn
54960,N,2264.0,20221231,70925,76785,70925,FIRST NB OF BROOKSVILLE,35332,15983,10659,2401,2682,36616,0.0,2682_20221231,1,1,0.03385266126189637,0.18413817412759959,<1bn
426899,N,37582.0,20221231,639542,698088,639542,CUMBERLAND VALLEY NB&T CO,126867,213419,38094,96607,2691,446666,0.0,2691_20221231,1,1,0.15105653733453003,0.2106210381804479,<1bn
237943,N,40576.0,20221231,295713,329165,295713,FIRST NB OF GRAYSON,109550,57852,2927,16495,2695,189996,0.0,2695_20221231,1,1,0.05578043576034872,0.06567854642846273,<1bn
856158,N,4011.0,20221231,1063470,1166483,1063470,FIRST SOUTHERN NATIONAL BANK,325473,207513,302843,39156,2700,744274,0.0,2700_20221231,1,1,0.03681909221698779,0.32158782100106253,1-10bn
118068,N,6219.0,20221231,173604,191454,173604,FIRST NB OF MANCHESTER,27512,55579,1890,36463,2708,117086,0.0,2708_20221231,1,1,0.21003548305338587,0.22092232897859496,<1bn
284223,NM,6488.0,20221231,339191,398189,339191,FIRST STB OF THE SE INC,25487,55594,0,29186,2710,331105,10008.0,2710_20221231,1,1,0.08604591513336143,0.08604591513336143,<1bn
1337621,NM,249684.0,20221231,1889746,2145608,1889746,TRADITIONAL BANK INC,767891,552824,22785,34370,2711,1269573,96244.0,2711_20221231,1,1,0.01818762944861373,0.03024480538654401,1-10bn
471338,SM,160103.0,20221231,611716,696971,611716,CITIZENS BANK OF KY INC,318152,143582,47937,34107,2718,288537,0.0,2718_20221231,1,1,0.055756265979637606,0.13412106271537771,<1bn
3223901,SM,474322.0,20221231,4440089,5351295,4440089,COMMUNITY TRUST BANK INC,1238396,1218000,346266,128930,2720,3663418,0.0,2720_20221231,1,1,0.02903770622615898,0.10702398082560957,1-10bn
76604,N,35629.0,20221231,106123,137793,106123,SALYERSVILLE NATIONAL BANK,49583,29531,0,9020,2723,74649,0.0,2723_20221231,1,1,0.0849957125222619,0.0849957125222619,<1bn
376609,N,118961.0,20221231,525864,610873,525864,CITIZENS NB OF SOMERSET,261074,149395,25007,14060,2725,324355,0.0,2725_20221231,1,1,0.026736950998737317,0.0742910714557376,<1bn
59683,SM,5973.0,20221231,76577,90141,76577,BANK OF BUFFALO,28677,17051,0,1865,2733,56124,13310.0,2733_20221231,1,1,0.024354571215900334,0.024354571215900334,<1bn
126197,N,5611.0,20221231,163060,186552,163060,FIRST NB OF KENTUCKY,20860,36990,5931,11436,2735,147090,0.0,2735_20221231,1,1,0.07013369311909727,0.10650680731019256,<1bn
448735,N,2247.0,20221231,534301,624296,534301,FIRST&FARMERS NB INC,193346,86448,47549,15226,2738,387007,0.0,2738_20221231,1,1,0.02849704567275749,0.11748995416441295,<1bn
449401,N,72248.0,20221231,874147,945407,874147,FARMERS NB OF DANVILLE,206145,424769,18209,141824,2740,558968,31850.0,2740_20221231,1,1,0.1622427349175825,0.18307332748382138,<1bn
279467,N,9816.0,20221231,341534,395993,341534,LINCOLN NB OF HODGENVILLE,76578,62262,28125,22876,2750,277061,0.0,2750_20221231,1,1,0.06698015424525816,0.14932920294904753,<1bn
98409,N,41373.0,20221231,144712,151396,144712,CITIZENS NB OF LEBANON,91223,46369,960,10266,2753,41841,0.0,2753_20221231,1,1,0.07094090331140472,0.07757476919674941,<1bn
96362,N,14044.0,20221231,107607,117948,107607,FARMERS NB OF LEBANON,43773,11327,0,4546,2754,63952,0.0,2754_20221231,1,1,0.04224632226528014,0.04224632226528014,<1bn
439347,NM,64033.0,20221231,602473,657695,602473,FNB BANK INC,167417,163334,31080,15818,2759,450412,4556.0,2759_20221231,1,1,0.026255118486637575,0.07784249252663605,<1bn
149708,NM,23448.0,20221231,178964,191398,178964,FARMERS BANK&TRUST CO,56585,29256,4099,8032,2765,118953,0.0,2765_20221231,1,1,0.04488053463266355,0.06778458237410875,<1bn
188741,N,7009.0,20221231,279185,313858,279185,FIRST NB OF RUSSELL SPRINGS,61882,90756,4327,22811,2767,221420,0.0,2767_20221231,1,1,0.08170567903003385,0.09720436269856905,<1bn
368255,NM,75457.0,20221231,570462,612736,570462,MIDSOUTH BANK,163812,202285,0,108817,2777,293290,0.0,2777_20221231,1,1,0.19075240769762053,0.19075240769762053,<1bn
150352,N,40025.0,20221231,190591,208583,190591,FIRST NATIONAL BANK&TRUST,60796,40310,0,5947,2779,127827,0.0,2779_20221231,1,1,0.031202942426452454,0.031202942426452454,<1bn
140806,NM,756.0,20221231,208377,249562,208377,FIRST BANK OF BOAZ,163462,67855,0,6999,2784,60178,10000.0,2784_20221231,1,1,0.03358815992168042,0.03358815992168042,<1bn
103843,NM,0.0,20221231,127162,142601,127162,COMMUNITY NEIGHBOR BANK,40442,23343,19743,21117,2787,72718,0.0,2787_20221231,1,1,0.16606376118651797,0.32132240763750175,<1bn
26839,N,10976.0,20221231,33426,46665,33426,FIRST NB OF DOZIER,30583,6606,8915,873,2794,11817,0.0,2794_20221231,1,1,0.026117393645665052,0.2928259438760247,<1bn
94528,N,25636.0,20221231,123117,140648,123117,FIRST NB OF HARTFORD,47626,28652,0,4247,2804,72417,0.0,2804_20221231,1,1,0.034495642356457676,0.034495642356457676,<1bn
144673,NM,9067.0,20221231,197836,217343,197836,HNB FIRST BANK,19291,53263,955,28164,2805,144495,0.0,2805_20221231,1,1,0.14236033886653593,0.14718756950201176,<1bn
131727,NM,5399.0,20221231,161914,180302,161914,FRIEND BANK,18231,30214,2679,47593,2828,107825,0.0,2828_20221231,1,1,0.2939399928357029,0.3104858134565263,<1bn
499187,NM,111571.0,20221231,706437,753306,706437,FIRST SOUTHERN STATE BANK,267856,207632,29678,31188,2829,410485,0.0,2829_20221231,1,1,0.04414831046505208,0.08615913379395473,<1bn
626411,NM,11528.0,20221231,859921,921097,859921,FIRST BANK OF ALABAMA,191687,233741,1938,32810,2832,601324,0.0,2832_20221231,1,1,0.03815466769621861,0.04040836309381908,<1bn
212363,NM,25675.0,20221231,273900,304317,273900,AMERIFIRST BANK,44175,61616,0,10815,2838,227104,0.0,2838_20221231,1,1,0.03948521358159912,0.03948521358159912,<1bn
435553,NM,0.0,20221231,588611,651678,588611,FARMERS BANK,307086,153081,67858,26010,2850,295885,0.0,2850_20221231,1,1,0.04418877662836746,0.15947374411963078,<1bn
135498,NM,2400.0,20221231,198626,227260,198626,STATE BANK NORTHWEST,14608,72526,0,57217,2945,142706,0.0,2945_20221231,1,1,0.2880639996777864,0.2880639996777864,<1bn
501005,N,0.0,20221231,690845,763820,690845,BAKER-BOYER NATIONAL BANK,340692,189851,102149,39193,2987,348019,0.0,2987_20221231,1,1,0.05673197316330002,0.20459292605432478,<1bn
238861,SM,0.0,20221231,302281,365190,302281,HIGH PLAINS BANK,62152,63597,53963,7236,3017,277138,10002.0,3017_20221231,1,1,0.023937991471511606,0.20245731620578203,<1bn
24198,N,0.0,20221231,27161,30692,27161,FIRST NB OF FLEMING,3829,2978,3829,1374,3018,16928,0.0,3018_20221231,1,1,0.05058723905599941,0.19156142999153197,<1bn
72612,NM,17221.0,20221231,101181,110521,101181,ROCKY MOUNTAIN BANK&TRUST,40585,28636,13125,7747,3019,55928,0.0,3019_20221231,1,1,0.07656575839337425,0.2062837884583074,<1bn
99806,N,15903.0,20221231,128772,150257,128772,FIRST NATIONAL BANK OF HUGO,51749,28977,0,12033,3029,78739,0.0,3029_20221231,1,1,0.09344422700587084,0.09344422700587084,<1bn
530917,NM,133741.0,20221231,749301,824071,749301,POINTS WEST COMMUNITY BANK,315545,218573,0,78543,3031,391938,5584.0,3031_20221231,1,1,0.10482169381863897,0.10482169381863897,<1bn
355930,N,59041.0,20221231,525680,568358,525680,FIRST NB OF LAS ANIMAS,199754,169783,20390,11767,3034,318201,0.0,3034_20221231,1,1,0.022384340283061938,0.06117219601278344,<1bn
62568,N,0.0,20221231,71032,80987,71032,FIRST COLORADO NATIONAL BANK,0,8469,0,7946,3047,66834,1.0,3047_20221231,1,1,0.1118650748958216,0.1118650748958216,<1bn
142653,N,8795.0,20221231,206200,239949,206200,FIRST PIONEER NATIONAL BANK,103947,63701,0,24702,3063,104622,0.0,3063_20221231,1,1,0.11979631425800194,0.11979631425800194,<1bn
5479220,N,2642197.0,20221231,11129711,12922116,11129711,FIRST FINANCIAL BANK NA,5430898,5651611,470688,330676,3066,6377999,0.0,3066_20221231,1,1,0.029711103909167095,0.07200222898869521,10-100bn
380493,N,16616.0,20221231,624193,705466,624193,FIRST NB OF ALBANY,139862,243817,42907,32847,3067,509523,49463.0,3067_20221231,1,1,0.05262314700741597,0.12136310403993636,<1bn
138945,N,13.0,20221231,203541,223481,203541,FIRST NB OF ANDERSON,32314,64652,13782,49254,3075,127475,0.0,3075_20221231,1,1,0.24198564416997068,0.3096968178401403,<1bn
7050010,NM,778473.0,20221231,15127420,18252788,15127420,INDEPENDENT BANK,1898843,8098402,239410,654382,3076,13771886,528937.0,3076_20221231,1,1,0.04325800433914045,0.05908423247321751,10-100bn
54502,N,0.0,20221231,76231,80879,76231,FIRST NATIONAL BANK OF ANSON,31476,21731,8457,8519,3078,39807,0.0,3078_20221231,1,1,0.11175243667274469,0.22269155592869042,<1bn
73715,N,34920.0,20221231,107542,107989,107542,FIRST NB OF ASPERMONT,66412,33940,0,7680,3079,29530,0.0,3079_20221231,1,1,0.07141395919733685,0.07141395919733685,<1bn
164740,N,90.0,20221231,240967,260487,240967,FIRST NB OF BALLINGER,59470,76258,11384,42177,3087,147399,0.0,3087_20221231,1,1,0.17503226582893094,0.22227524930799653,<1bn
607970,N,183835.0,20221231,879827,969875,879827,FIRST NB OF BASTROP,418293,272164,60049,37920,3091,480506,0.0,3091_20221231,1,1,0.04309938203760512,0.11135029954752468,<1bn
81933,N,0.0,20221231,153894,180579,153894,CENDERA BANK NATIONAL ASSN,9528,72183,5815,15656,3098,138188,2000.0,3098_20221231,1,1,0.10173236123565571,0.1395181098678311,<1bn
536326,N,27523.0,20221231,754683,758554,754683,FIRST NB OF BELLVILLE,483207,220481,14859,3158,3099,219749,0.0,3099_20221231,1,1,0.004184538408841858,0.023873599908835894,<1bn
261888,N,0.0,20221231,553124,582041,553124,STATE NB OF BIG SPRING,452194,291301,83410,30704,3103,84284,0.0,3103_20221231,1,1,0.05551015685452087,0.2063081695966908,<1bn
644928,N,159438.0,20221231,881889,962003,881889,LEGEND BANK N A,233761,237131,0,16573,3108,629562,0.0,3108_20221231,1,1,0.01879261449003219,0.01879261449003219,<1bn
89654,N,2547.0,20221231,135394,144914,135394,BRADY NATIONAL BANK,53468,45770,864,10015,3109,74435,0.0,3109_20221231,1,1,0.07396930440049042,0.08035068023693812,<1bn
150059,N,20970.0,20221231,225914,243549,225914,COMMERCIAL NB OF BRADY,49050,75888,8727,3345,3110,179921,0.0,3110_20221231,1,1,0.014806519294952946,0.05343626335685261,<1bn
323825,N,25179.0,20221231,435275,468335,435275,BRENHAM NATIONAL BANK,235418,111556,54027,25367,3113,189646,0.0,3113_20221231,1,1,0.058278100051691456,0.18239963241628857,<1bn
517509,SM,0.0,20221231,1284853,1433961,1284853,LONE STAR STB OF WEST TEXAS,65478,768073,4821,354769,3116,986778,0.0,3116_20221231,1,1,0.2761164117607228,0.2798685919712216,1-10bn
343066,NM,155.0,20221231,549557,631768,549557,FIRST BANK,9290,206686,0,63840,3121,530887,0.0,3121_20221231,1,1,0.11616629394221163,0.11616629394221163,<1bn
361300,N,1135.0,20221231,558209,650424,558209,CLASSIC BANK NATIONAL ASSN,82619,197104,0,17320,3126,510064,0.0,3126_20221231,1,1,0.031027804997769654,0.031027804997769654,<1bn
376351,N,10056.0,20221231,547106,602839,547106,CITIZENS NATIONAL BANK,148762,170961,4553,15622,3127,415475,0.0,3127_20221231,1,1,0.028553881697513828,0.03687585221145445,<1bn
58785,NM,21106.0,20221231,69477,74804,69477,FIRST BANK OF CELESTE,27115,10706,3879,22625,3133,24649,0.0,3133_20221231,1,1,0.32564733652863537,0.38147876275602,<1bn
147857,NM,7710.0,20221231,197034,224256,197034,CITIZENS BANK,37672,49281,29962,36601,3140,140193,0.0,3140_20221231,1,1,0.18575981810245948,0.33782494391830853,<1bn
128960,N,728.0,20221231,210871,236734,210871,CITY NB OF COLORADO CITY,7703,82072,6975,61455,3144,154090,0.0,3144_20221231,1,1,0.29143409952056,0.32451119404754564,<1bn
43775,N,0.0,20221231,50523,56456,50523,FIRST NB IN COOPER,12723,6768,908,5065,3149,27554,0.0,3149_20221231,1,1,0.10025137066286642,0.11822338340953625,<1bn
44525,N,0.0,20221231,58517,67973,58517,CITIZENS NB OF CROSBYTON,12637,14056,12637,44478,3158,10613,0.0,3158_20221231,1,1,0.7600868123793085,0.9760411504349163,<1bn
273922,N,1721.0,20221231,406170,521191,406170,TEXAS HERITAGE NATIONAL BANK,7133,132444,0,3490,3161,445091,0.0,3161_20221231,1,1,0.008592461284683753,0.008592461284683753,<1bn
114512,NM,593.0,20221231,145620,157961,145620,FARMERS&MERCHANTS BANK,31493,31126,8732,30762,3170,88461,0.0,3170_20221231,1,1,0.21124845488257107,0.2712127455019915,<1bn
171647,NM,884.0,20221231,529290,676516,529290,BANK OF HOUSTON,9078,358229,0,52333,3178,593640,52000.0,3178_20221231,1,1,0.09887396323376599,0.09887396323376599,<1bn
96041,N,0.0,20221231,128853,144334,128853,FIRST NB OF EAGLE LAKE,19975,32839,0,16818,3179,98484,0.0,3179_20221231,1,1,0.13052082605760051,0.13052082605760051,<1bn
351527,NM,100564.0,20221231,883363,1123771,883363,MAPLEMARK BANK,111808,532066,9714,26703,3182,928771,41410.0,3182_20221231,1,1,0.030228796089489824,0.04122540790139501,1-10bn
535262,N,5056.0,20221231,780494,882038,780494,NEWFIRST NATIONAL BANK,77272,245272,59837,172824,3183,596626,0.0,3183_20221231,1,1,0.22142899240737277,0.29809454012458775,<1bn
64141,N,0.0,20221231,66076,78741,66076,FIRST NB OF ELDORADO,11839,1952,0,3386,3184,53027,0.0,3184_20221231,1,1,0.05124402203523216,0.05124402203523216,<1bn
121539,N,394.0,20221231,147931,157749,147931,FIRST NATIONAL BANK OF EVANT,55801,26410,18291,9725,3190,88437,0.0,3190_20221231,1,1,0.06574010856412787,0.18938559193137341,<1bn
274967,N,164282.0,20221231,520741,586874,520741,FALLS CITY NATIONAL BANK,285465,245838,30899,155747,3193,142985,0.0,3193_20221231,1,1,0.299087262189841,0.3584238613821458,<1bn
415442,NM,22133.0,20221231,644531,616490,644531,FAYETTEVILLE BANK,440227,230940,13607,7962,3195,139099,0.0,3195_20221231,1,1,0.012353168427895633,0.033464643283255574,<1bn
98175,N,3520.0,20221231,139740,154387,139740,FIRST TEXAS NATIONAL BANK,32715,41728,19549,21851,3197,96610,0.0,3197_20221231,1,1,0.15636897094604266,0.296264491197939,<1bn
354420,N,15472.0,20221231,588972,674475,588972,TEXAS GULF BANK NA,216606,234669,28310,9878,3206,427993,0.0,3206_20221231,1,1,0.01677159525410376,0.06483839639235821,<1bn
1306872,N,238878.0,20221231,1424087,1605411,1424087,MOODY NATIONAL BANK,492285,117549,3782,32913,3210,1029028,0.0,3210_20221231,1,1,0.023111649779823846,0.025767386402656578,1-10bn
177146,N,30190.0,20221231,266851,289364,266851,FIRST NB OF GIDDINGS,85636,89919,0,11613,3217,180537,0.0,3217_20221231,1,1,0.043518667720937904,0.043518667720937904,<1bn
311332,N,40359.0,20221231,467393,510181,467393,FIRST NB OF EAST TEXAS,100597,156320,867,29394,3218,346390,0.0,3218_20221231,1,1,0.06288926021570712,0.06474423023023451,<1bn
204892,N,48339.0,20221231,283696,311688,283696,GILMER NB GILMER TEXAS,71693,79063,6792,17586,3219,188731,0.0,3219_20221231,1,1,0.06198888951553776,0.08593000958772772,<1bn
259562,N,21820.0,20221231,428725,466608,428725,TITAN BANK N A,72952,190270,0,142100,3225,242141,3982.0,3225_20221231,1,1,0.33144789783660855,0.33144789783660855,<1bn
470999,SM,0.0,20221231,714061,804412,714061,CIERA BANK,68040,243652,0,87252,3226,601816,0.0,3226_20221231,1,1,0.12219124136453328,0.12219124136453328,<1bn
645052,N,0.0,20221231,834743,902137,834743,FIRST NB OF GRANBURY,350010,189887,77803,54671,3228,440960,0.0,3228_20221231,1,1,0.06549440965662486,0.15870034250062595,<1bn
234739,NM,34538.0,20221231,429310,473512,429310,GRANDVIEW BANK,74344,194645,0,78217,3230,299996,0.0,3230_20221231,1,1,0.18219235517458246,0.18219235517458246,<1bn
32429,N,1194.0,20221231,39759,42913,39759,GRANGER NATIONAL BANK,26009,7340,10377,8162,3232,6395,0.0,3232_20221231,1,1,0.20528685329107874,0.4662843632888151,<1bn
27707,N,45.0,20221231,37188,41053,37188,STATE NATIONAL BANK OF GROOM,8090,9492,1915,2973,3237,22693,0.0,3237_20221231,1,1,0.07994514359470797,0.1314402495428633,<1bn
61091,N,18690.0,20221231,81279,91167,81279,FIRST NB OF HEBBRONVILLE,51924,20270,0,3493,3248,26819,0.0,3248_20221231,1,1,0.042975430307951624,0.042975430307951624,<1bn
2599466,N,127870.0,20221231,3555425,3954479,3555425,VERABANK NATIONAL ASSN,858560,956502,0,465223,3250,2402555,0.0,3250_20221231,1,1,0.13084877335339656,0.13084877335339656,1-10bn
156450,N,122952.0,20221231,216477,221666,216477,CITIZENS NB OF HILLSBORO,146696,60058,21745,11340,3255,57394,8202.0,3255_20221231,1,1,0.052384317964495074,0.15283378834702993,<1bn
826587,SI,351233.0,20221231,2168330,2362329,2168330,HORIZON BANK SSB,781586,1342003,190417,100630,3256,1358848,55204.0,3256_20221231,1,1,0.04640898756185636,0.13422634008661044,1-10bn
232969,N,0.0,20221231,299862,331621,299862,FIRST NB OF HUGHES SPRINGS,22650,66915,0,94451,3268,197231,0.0,3268_20221231,1,1,0.31498155818343104,0.31498155818343104,<1bn
417523,N,53529.0,20221231,537543,598620,537543,FIRST NB OF HUNTSVILLE,260083,120099,132257,41047,3269,275940,0.0,3269_20221231,1,1,0.07636040279568332,0.3224002544912686,<1bn
199096,N,92792.0,20221231,260255,286162,260255,JACKSBORO NATIONAL BANK,161960,61271,0,5765,3275,109252,0.0,3275_20221231,1,1,0.022151351559047856,0.022151351559047856,<1bn
1674352,N,20778.0,20221231,2316107,2728475,2316107,AUSTIN BANK TEXAS NA,616923,645929,312747,69576,3276,1918305,0.0,3276_20221231,1,1,0.030040062915918823,0.16507138918884146,1-10bn
219345,N,144957.0,20221231,461121,492129,461121,KARNES CNTY NB OF KARNES CTY,250520,241794,51157,25888,3279,150146,0.0,3279_20221231,1,1,0.056141446605121,0.16708195896521738,<1bn
219182,N,34094.0,20221231,350245,392666,350245,HARMONY BANK NATIONAL ASSN,112098,131194,38356,99873,3281,152323,0.0,3281_20221231,1,1,0.2851518222958215,0.39466373538523036,<1bn
3209382,N,747508.0,20221231,3410835,3944563,3410835,FIRST NATIONAL BANK TEXAS,1653317,201978,62415,341758,3285,1656526,19652.0,3285_20221231,1,1,0.10019775216332658,0.11849679037537729,1-10bn
391980,N,119123.0,20221231,645120,712858,645120,KLEBERG BANK N A,204452,253447,13742,47813,3286,398656,0.0,3286_20221231,1,1,0.0741148933531746,0.09541635664682539,<1bn
144685,N,61202.0,20221231,190282,220598,190282,NATIONAL BANK&TRUST,99386,45698,0,4719,3289,106797,0.0,3289_20221231,1,1,0.024800033634290158,0.024800033634290158,<1bn
241468,N,0.0,20221231,409348,434956,409348,LAMESA NATIONAL BANK,357884,168054,93849,21670,3292,45417,0.0,3292_20221231,1,1,0.05293784261801694,0.28220242922892014,<1bn
126474,NM,0.0,20221231,189854,209848,189854,FIRST TEXAS BANK,86340,63388,0,27655,3293,90339,0.0,3293_20221231,1,1,0.1456645632960064,0.1456645632960064,<1bn
258417,SM,31386.0,20221231,418178,457381,418178,FIRST LIBERTY BANK,106648,159778,858,13307,3301,312265,0.0,3301_20221231,1,1,0.03182137749953369,0.03387313536340984,<1bn
139413,N,6818.0,20221231,227803,270427,227803,TEXANA BANK NATIONAL ASSN,12690,88466,5447,4783,3302,232361,10000.0,3302_20221231,1,1,0.020996211639003875,0.04490722246853641,<1bn
23521,N,0.0,20221231,25159,27311,25159,FIRST NATIONAL BANK OF LIPAN,6985,1641,3735,9513,3303,7968,0.0,3303_20221231,1,1,0.3781151874080846,0.5265710083866608,<1bn
349073,N,20129.0,20221231,456762,502423,456762,FIRST NB OF LIVINGSTON,293528,108484,0,33026,3305,160727,0.0,3305_20221231,1,1,0.0723046137813566,0.0723046137813566,<1bn
102666,N,7019.0,20221231,148901,163503,148901,BIG BEND BANKS N A,113972,46242,0,21278,3320,22374,0.0,3320_20221231,1,1,0.14290031631755326,0.14290031631755326,<1bn
586052,N,93830.0,20221231,1203990,1333228,1203990,FIRST NB OF CENTRAL TEXAS,135611,622458,2362,52346,3325,1099676,0.0,3325_20221231,1,1,0.04347710529157219,0.04543891560561134,1-10bn
99010,SM,44210.0,20221231,120207,143946,120207,MASON BANK,69660,21240,0,2427,3327,62665,0.0,3327_20221231,1,1,0.02019017195338042,0.02019017195338042,<1bn
540557,N,40421.0,20221231,697920,768602,697920,FIRST NB OF MCGREGOR,88441,157978,12530,72932,3330,560535,167327.0,3330_20221231,1,1,0.10449908298945437,0.1224524300779459,<1bn
42130,NM,0.0,20221231,57388,66602,57388,FIRST BANK&TRUST OF MEMPHIS,24927,15298,23158,4642,3335,35215,0.0,3335_20221231,1,1,0.08088799052066634,0.4844218303478079,<1bn
40498,SM,0.0,20221231,72628,72808,72628,MENARD BANK,50612,32141,2568,10681,3336,9382,0.0,3336_20221231,1,1,0.14706449303299002,0.18242275706339153,<1bn
302885,N,43253.0,20221231,609497,679005,609497,TEXAS NATIONAL BANK,193982,306891,147836,31634,3337,395773,0.0,3337_20221231,1,1,0.05190181411885538,0.2944559202096155,<1bn
164969,N,0.0,20221231,534879,581146,534879,FIRST NB OF MERTZON,259485,369993,147584,254752,3339,63496,0.0,3339_20221231,1,1,0.47627968194675807,0.7522000302872238,<1bn
152421,N,18465.0,20221231,203298,230089,203298,INCOMMONS BANK N A,50645,50903,3257,8895,3342,158345,0.0,3342_20221231,1,1,0.04375350470737538,0.05977432143946325,<1bn
43945,N,7184.0,20221231,49557,59712,49557,FIRST NATIONAL BANK OF MOODY,19776,5616,459,14662,3351,19995,12603.0,3351_20221231,1,1,0.29586133139617005,0.3051233932643219,<1bn
96308,NM,34750.0,20221231,116180,133692,116180,NORMANGEE STATE BANK,53149,19897,0,3547,3368,69320,0.0,3368_20221231,1,1,0.030530211740402824,0.030530211740402824,<1bn
233173,NM,39861.0,20221231,326361,343458,326361,OZONA BANK,167600,93492,31160,33433,3376,129945,0.0,3376_20221231,1,1,0.10244177459929342,0.1979188689825071,<1bn
241345,N,18441.0,20221231,342201,399086,342201,LIBERTY NB IN PARIS,94168,101051,42527,15481,3384,265243,9017.0,3384_20221231,1,1,0.04523949374782657,0.16951440819869024,<1bn
841586,NM,230203.0,20221231,1426038,1573379,1426038,FIRSTBANK SOUTHWEST,411762,585633,19509,42946,3387,1057694,77367.0,3387_20221231,1,1,0.030115607017484808,0.04379616812455208,1-10bn
82396,N,36013.0,20221231,155435,175618,155435,PERRYTON NATIONAL BANK,90697,73288,3739,11063,3388,71296,0.0,3388_20221231,1,1,0.07117444590986587,0.09522951716151445,<1bn
496813,SM,130193.0,20221231,868835,916573,868835,POINTBANK,397257,372085,0,57295,3389,448655,1373.0,3389_20221231,1,1,0.06594462700052368,0.06594462700052368,<1bn
55228,SM,0.0,20221231,92363,99739,92363,FIRST CAPITAL BANK,16985,37160,16985,4480,3399,64613,0.0,3399_20221231,1,1,0.04850427119084482,0.23239825471238482,<1bn
200696,N,0.0,20221231,296058,425298,296058,TEXAS REPUBLIC BANK NA,0,95444,0,33567,3400,381419,0.0,3400_20221231,1,1,0.11337981071276575,0.11337981071276575,<1bn
79626,N,0.0,20221231,103775,115466,103775,FIRST NB OF QUITAQUE,19636,24227,11402,48940,3401,42450,0.0,3401_20221231,1,1,0.4715972054926524,0.5814695254155625,<1bn
1013497,SM,174872.0,20221231,2930725,3354633,2930725,VANTAGE BANK TEXAS,212816,1917925,5572,299794,3405,2665536,0.0,3405_20221231,1,1,0.10229345980943282,0.10419469585170905,1-10bn
3304737,SM,390900.0,20221231,6227401,6909609,6227401,WESTAMERICA BANK,5247656,2930183,0,294817,3430,938204,0.0,3430_20221231,1,1,0.04734190073836581,0.04734190073836581,1-10bn
956518,NM,332040.0,20221231,1727909,1871361,1727909,FIRST NORTHERN BANK OF DIXON,618092,771484,113815,208365,3440,970138,0.0,3440_20221231,1,1,0.1205879476291865,0.186456578442499,1-10bn
1190740000,N,537138000.0,20221231,1929333000,2418508000,2042255000,BANK OF AMERICA NA,824974000,825598000,254718000,213093000,3510,1029699000,1594000.0,3510_20221231,1,1,0.11044905156341596,0.2424729168059635,>=100bn
862532000,N,266293000.0,20221231,1399274000,1717531000,1420842000,WELLS FARGO BANK NA,401571000,721102000,57257000,156379000,3511,906316000,46300000.0,3511_20221231,1,1,0.11175723982579537,0.15267631643266436,>=100bn
35686982,NM,14604647.0,20221231,72129430,91580361,72129430,BANK OF THE WEST,20136152,36642906,5378161,3105639,3514,59574598,4057224.0,3514_20221231,1,1,0.043056475006110546,0.1176191188534278,10-100bn
244323,N,1452.0,20221231,333765,387221,333765,FIRST NB OF MOUNT DORA,251655,89493,3822,4609,3579,103138,0.0,3579_20221231,1,1,0.01380911719323476,0.02526028792713436,<1bn
93662,NM,0.0,20221231,117559,122305,117559,ARCOLA FIRST BANK,87526,24045,5461,8022,3598,25723,0.0,3598_20221231,1,1,0.06823807620003573,0.11469134647283492,<1bn
92501,N,9298.0,20221231,115477,129190,115477,FIRST NB OF ARENZVILLE,30527,23060,9847,6450,3599,88699,0.0,3599_20221231,1,1,0.05585527854031539,0.1411276704451969,<1bn
18562,N,158.0,20221231,20743,22467,20743,FIRST NB OF ASSUMPTION,7527,2187,492,7872,3600,5798,0.0,3600_20221231,1,1,0.37950151858458275,0.40322036349611917,<1bn
56919,N,6431.0,20221231,63630,70997,63630,ATLANTA NATIONAL BANK,36795,6744,3826,5432,3601,25627,0.0,3601_20221231,1,1,0.08536853685368537,0.1454974068835455,<1bn
3715166,N,654195.0,20221231,5149924,5883754,5149924,OLD SECOND NATIONAL BANK,1539359,1435856,212129,115177,3603,3820620,0.0,3603_20221231,1,1,0.02236479606300986,0.06355550101321883,1-10bn
112279,N,5115.0,20221231,151185,167353,151185,FIRST NB OF BEARDSTOWN,34818,38934,17050,31616,3607,93039,0.0,3607_20221231,1,1,0.2091212752587889,0.3218970135926183,<1bn
422504,N,12923.0,20221231,509035,575105,509035,MIDAMERICA NATIONAL BANK,146299,86615,12270,7326,3612,386079,0.0,3612_20221231,1,1,0.014391937686013732,0.03849637058355516,<1bn
283921,NM,33440.0,20221231,390356,430692,390356,CASEY STATE BANK,60130,106635,0,5232,3614,330260,0.0,3614_20221231,1,1,0.013403149945178248,0.013403149945178248,<1bn
54091,NM,3335.0,20221231,75941,84885,75941,CATLIN BANK,32248,21858,21113,6613,3615,40002,0.0,3615_20221231,1,1,0.08708076006373369,0.36509922176426435,<1bn
266328,N,51121.0,20221231,382134,403007,382134,FIRST NATIONAL BANK&TRUST CO,216143,116004,24928,18484,3639,129773,43879.0,3639_20221231,1,1,0.04837046690427965,0.11360412839475158,<1bn
2270514,NM,383071.0,20221231,4547802,6105252,4547802,FIRST AMERICAN BANK,3043730,2278479,0,132383,3657,2558952,0.0,3657_20221231,1,1,0.02910922683089545,0.02910922683089545,1-10bn
194448,N,0.0,20221231,349931,389021,349931,UNION NB&T CO OF ELGIN,30591,155664,30591,70678,3661,284737,0.0,3661_20221231,1,1,0.2019769611723454,0.28939705256179077,<1bn
1052526,N,46275.0,20221231,1594039,1820094,1594039,INB NATIONAL ASSN,185086,542396,94440,69549,3664,1507469,162215.0,3664_20221231,1,1,0.04363067653928166,0.10287640390228846,1-10bn
139616,N,153.0,20221231,263162,306342,263162,GRAND RIDGE NATIONAL BANK,163,123604,0,42473,3674,256594,25608.0,3674_20221231,1,1,0.16139488223983706,0.16139488223983706,<1bn
169333,N,9180.0,20221231,248767,303671,248767,HAVANA NATIONAL BANK,79007,79460,9439,26754,3677,179154,739.0,3677_20221231,1,1,0.10754641893820321,0.14548955448270873,<1bn
58646,N,0.0,20221231,73048,78474,73048,FIRST NATIONAL BANK OF LACON,19886,14420,437,4950,3688,52279,0.0,3688_20221231,1,1,0.0677636622494798,0.07374603000766619,<1bn
183475,N,44.0,20221231,264298,295443,264298,HOMETOWN NATIONAL BANK,94323,80892,2326,25155,3691,166859,0.0,3691_20221231,1,1,0.09517665665271777,0.1039773286214803,<1bn
48130,N,44389.0,20221231,53137,57017,53137,LEMONT NATIONAL BANK,44389,5008,0,3537,3693,5218,0.0,3693_20221231,1,1,0.0665637879443702,0.0665637879443702,<1bn
73790,NM,5864.0,20221231,90745,105861,90745,FIRST SECURITY BANK,10630,16982,0,3587,3698,84286,0.0,3698_20221231,1,1,0.03952834866934817,0.03952834866934817,<1bn
572645,N,42703.0,20221231,715304,758643,715304,RESOURCE BANK NATIONAL ASSN,300668,142701,25915,14397,3701,416198,0.0,3701_20221231,1,1,0.020127106796550838,0.05635645823314283,<1bn
176942,SM,1.0,20221231,224332,238655,224332,FIRST BANK OF MANHATTAN,99983,47424,11736,12193,3702,122571,0.0,3702_20221231,1,1,0.054352477577875646,0.10666779594529537,<1bn
3707642,N,619520.0,20221231,5301889,6704869,5301889,FIRST MID B&T NA,1218840,1595687,11087,142343,3705,4767119,178954.0,3705_20221231,1,1,0.026847600921105667,0.028938742399171314,1-10bn
383694,SM,126987.0,20221231,558923,679419,558923,MIDWEST BANK,235192,175327,576,27890,3711,358501,34404.0,3711_20221231,1,1,0.049899538934701206,0.05093009233830063,<1bn
251493,SM,0.0,20221231,322140,363421,322140,GRUNDY BANK,38104,70676,38104,99742,3713,212556,0.0,3713_20221231,1,1,0.3096231452163656,0.4279071211274601,<1bn
522793,N,69413.0,20221231,1087386,1354398,1087386,AMERICAN COMMERCIAL B&T NA,113045,447873,6959,52815,3719,1124076,108372.0,3719_20221231,1,1,0.04857060878105843,0.054970360111312816,1-10bn
190229,N,13622.0,20221231,252063,280692,252063,FIRST NATIONAL BANK OF PANA,35921,61999,0,29532,3720,203069,996.0,3720_20221231,1,1,0.11716118589400269,0.11716118589400269,<1bn
412889,NM,79654.0,20221231,572380,719036,572380,PROSPECT BANK,221886,159859,0,8806,3722,454541,74444.0,3722_20221231,1,1,0.015384884167860512,0.015384884167860512,<1bn
460485,N,37572.0,20221231,616231,844736,616231,FARMERS NATIONAL BANK,363740,156266,0,15724,3732,400275,0.0,3732_20221231,1,1,0.02551640537395879,0.02551640537395879,<1bn
79857,NM,0.0,20221231,103415,111122,103415,FIRST CMTY BK MOULTRIE CNTY,45368,23572,0,16455,3745,44217,0.0,3745_20221231,1,1,0.15911618237199632,0.15911618237199632,<1bn
336245,N,14276.0,20221231,440383,524921,440383,FIRST NEIGHBOR BANK NA,49612,104243,0,31661,3747,403699,500.0,3747_20221231,1,1,0.07189423751598041,0.07189423751598041,<1bn
108626,N,8652.0,20221231,125946,150926,125946,FIRST NB IN TREMONT,36901,17347,3827,3761,3749,98448,0.0,3749_20221231,1,1,0.029862004351071093,0.060248042811998796,<1bn
182058,N,35559.0,20221231,228094,261556,228094,ANNA JONESBORO NATIONAL BANK,145442,46103,943,11969,3759,94113,0.0,3759_20221231,1,1,0.05247398002577885,0.056608240462265556,<1bn
53365,N,15679.0,20221231,63029,71690,63029,FIRST NATIONAL BANK OF AVA,37505,9679,0,1276,3761,30701,0.0,3761_20221231,1,1,0.02024464928842279,0.02024464928842279,<1bn
119916,NM,2624.0,20221231,142244,163220,142244,GREAT RIVERS BANK,20922,22493,1454,11082,3762,126725,0.0,3762_20221231,1,1,0.07790838277888698,0.08813025505469475,<1bn
40662,N,7888.0,20221231,47307,51407,47307,FIRST NB OF BROWNSTOWN,21815,6661,955,9630,3770,18307,0.0,3770_20221231,1,1,0.20356395459445747,0.22375124188809267,<1bn
941211,N,156945.0,20221231,1352573,1596193,1352573,CNB BANK&TRUST N A,438060,412451,0,58441,3775,1006557,20490.0,3775_20221231,1,1,0.043207279754955925,0.043207279754955925,1-10bn
415560,N,43079.0,20221231,559105,616678,559105,FIRST NATIONAL BANK OF CARMI,119780,143703,43909,37113,3777,420413,0.0,3777_20221231,1,1,0.06637930263546203,0.1449137460763184,<1bn
932183,SM,208748.0,20221231,1128458,1273483,1128458,DIETERICH BANK,410497,197212,0,39606,3787,724159,403.0,3787_20221231,1,1,0.03509745156665113,0.03509745156665113,1-10bn
349154,N,66864.0,20221231,410652,674242,410652,FAIRFIELD NATIONAL BANK,189091,61763,0,9308,3792,421597,0.0,3792_20221231,1,1,0.022666393929653333,0.022666393929653333,<1bn
284080,N,103210.0,20221231,400112,521415,400112,BRADFORD NB OF GREENVILLE,286399,116400,13395,12104,3799,201714,21196.0,3799_20221231,1,1,0.030251529571719917,0.06372965569640501,<1bn
47483,SM,0.0,20221231,53307,64806,53307,KINMUNDY BANK,21873,8939,6925,1964,3805,38349,0.0,3805_20221231,1,1,0.036843191325717076,0.16675108334740277,<1bn
80148,N,7887.0,20221231,127291,141958,127291,FIRST NB OF LITCHFIELD,29241,47196,1494,7755,3807,97929,0.0,3807_20221231,1,1,0.06092339599814598,0.07266028234517759,<1bn
96624,N,7243.0,20221231,118467,131457,118467,LITCHFIELD NATIONAL BANK,34112,21911,0,10339,3808,81489,0.0,3808_20221231,1,1,0.08727324909046401,0.08727324909046401,<1bn
1282218,N,72730.0,20221231,1504574,1697634,1504574,PEOPLES NATIONAL BANK N A,187618,222727,90411,33260,3809,1388028,70000.0,3809_20221231,1,1,0.02210592499936859,0.08219668823201784,1-10bn
257729,N,33430.0,20221231,368369,444550,368369,CITY NB OF METROPOLIS,187167,110849,0,21531,3814,217523,21872.0,3814_20221231,1,1,0.058449543799831145,0.058449543799831145,<1bn
69788,NM,2574.0,20221231,78771,86092,78771,FIRST B&T CO OF MURPHYSBORO,21259,9030,0,3293,3818,57311,0.0,3818_20221231,1,1,0.041804725089182565,0.041804725089182565,<1bn
178625,N,52173.0,20221231,241798,265581,241798,FARMERS&MERCHANTS NB NASHVIL,99664,63194,4481,6265,3821,151281,0.0,3821_20221231,1,1,0.02591005715514603,0.04444205493841967,<1bn
53004,N,0.0,20221231,70864,79555,70864,FIRST NB OF OKAWVILLE,43600,17905,1099,9669,3826,24304,0.0,3826_20221231,1,1,0.13644445698803342,0.15195303680289005,<1bn
66049,N,13517.0,20221231,83598,90245,83598,OLD EXCHANGE NB OF OKAWVILLE,49253,17675,3192,6369,3827,33473,0.0,3827_20221231,1,1,0.07618603315868801,0.11436876480298572,<1bn
144375,N,43709.0,20221231,168900,182933,168900,FIRST NB OF RAYMOND,94274,24553,0,3393,3830,81836,0.0,3830_20221231,1,1,0.020088809946714033,0.020088809946714033,<1bn
24506672,N,5450071.0,20221231,35436005,46490438,35436005,OLD NATIONAL BANK,9868237,11985337,200927,732215,3832,30831896,0.0,3832_20221231,1,1,0.02066302338539573,0.026333160298402714,10-100bn
55493,N,4886.0,20221231,70884,80500,70884,FIRST NB OF SANDOVAL,12275,15744,0,3249,3834,61863,4750.0,3834_20221231,1,1,0.04583544946673438,0.04583544946673438,<1bn
60404,N,18337.0,20221231,88835,97222,88835,FIRST NB OF SPARTA,42881,28445,1925,9717,3837,39988,0.0,3837_20221231,1,1,0.10938256317892722,0.13105195024483593,<1bn
314222,SM,69901.0,20221231,423946,473810,423946,FNB COMMUNITY BANK,206197,109873,8956,10033,3840,227027,0.0,3840_20221231,1,1,0.023665749883239846,0.044791081883070016,<1bn
557095,N,54522.0,20221231,691221,839634,691221,FIRST NB OF WATERLOO,292532,134450,995,24479,3842,476195,0.0,3842_20221231,1,1,0.03541414395685316,0.03685362568556221,<1bn
78767,N,1433.0,20221231,84877,100507,84877,SECURITY NATIONAL BANK,32416,6181,4715,11719,3845,53411,0.0,3845_20221231,1,1,0.1380703842030232,0.1936213579650553,<1bn
190998,SM,1849.0,20221231,224269,250000,224269,COMMUNITY 1ST BK HEARTLAND,38495,33307,7425,7521,3846,187698,0.0,3846_20221231,1,1,0.03353562017042035,0.06664318296331638,<1bn
41526,SM,0.0,20221231,50849,56694,50849,FIRST CMTY BANK XENIA-FLORA,20095,9362,5493,5713,3850,29718,0.0,3850_20221231,1,1,0.11235225864815435,0.22037798186788335,<1bn
194040,SM,0.0,20221231,265682,296085,265682,BANK OF 1889,41833,71742,40873,8804,3854,189676,0.0,3854_20221231,1,1,0.03313735970069481,0.18697917058739394,<1bn
379756,N,37299.0,20221231,513647,559838,513647,FIRST NB OF EASTERN ARKANSAS,198228,134010,42859,85593,3863,265766,0.0,3863_20221231,1,1,0.16663778820863356,0.2500783612091573,<1bn
1251757,N,112841.0,20221231,1938209,2203969,1938209,FIRST NB OF FORT SMITH,614041,687065,286547,90077,3864,1326659,0.0,3864_20221231,1,1,0.04647434822560415,0.19431547371826258,1-10bn
666718,NM,67663.0,20221231,886491,967352,886491,ANSTAFF BANK,191371,220385,7288,20521,3869,685815,1.0,3869_20221231,1,1,0.02314857116428706,0.03136974881865693,<1bn
272205,SM,141677.0,20221231,417215,473884,417215,EAGLE BANK&TRUST CO,262130,145133,14843,10603,3873,135018,0.0,3873_20221231,1,1,0.02541375549776494,0.06099013697973467,<1bn
1315580,N,6617.0,20221231,2037697,2396439,2037697,FIRST NATIONAL BANK,153204,724379,0,187972,3887,1894176,96958.0,3887_20221231,1,1,0.09224727719577543,0.09224727719577543,1-10bn
14202901,SM,3089270.0,20221231,22675640,27409758,22675640,SIMMONS BANK,7627585,8913990,0,681584,3890,15947246,2745950.0,3890_20221231,1,1,0.030057982927935,0.030057982927935,10-100bn
197534,N,28572.0,20221231,256427,272576,256427,FIRST NB LAWRENCE CNTY WALNU,117706,58979,30422,8759,3896,121076,1867.0,3896_20221231,1,1,0.03415786949112223,0.15279592242626555,<1bn
112708,N,27988.0,20221231,141340,158673,141340,FIRST NB&T CO OF BOTTINEAU,67048,28749,13185,12984,3902,75119,0.0,3902_20221231,1,1,0.09186359134003114,0.1851492854110655,<1bn
52149,SM,16238.0,20221231,61859,69810,61859,HEARTLAND STATE BANK,21972,9744,2852,4713,3919,38802,1501.0,3919_20221231,1,1,0.07618939847071567,0.12229424982621769,<1bn
1211893,N,835352.0,20221231,2999498,3778066,2999498,ALERUS FINANCIAL NA,1039226,1788608,0,58242,3931,2422336,0.0,3931_20221231,1,1,0.01941724915302494,0.01941724915302494,1-10bn
37131,NM,33.0,20221231,47971,53976,47971,ASPIRE BANK,33,10898,0,1885,3934,48788,0.0,3934_20221231,1,1,0.03929457380500719,0.03929457380500719,<1bn
2559052,NM,591625.0,20221231,3645231,4377534,3645231,FIRST BANK&TRUST,882728,1089056,17821,64922,3973,3175729,56998.0,3973_20221231,1,1,0.01781011957815568,0.022698972986897128,1-10bn
75345,N,41036.0,20221231,103422,109334,103422,DNB NATIONAL BANK,73245,28120,7218,4978,3977,25710,0.0,3977_20221231,1,1,0.04813289242134169,0.11792461952002475,<1bn
19822,N,8933.0,20221231,32314,34606,32314,FIRST NB OF FREDERICK,14766,12540,5128,8359,3985,7097,0.0,3985_20221231,1,1,0.2586804481029894,0.4173732747415981,<1bn
236026,N,96013.0,20221231,350800,391088,350800,FIRST NB IN PHILIP,99646,115061,0,62338,3999,203175,29000.0,3999_20221231,1,1,0.1777023945267959,0.1777023945267959,<1bn
898890,NM,235677.0,20221231,1417882,1576681,1417882,BANKWEST INC,513499,519430,42424,30769,4009,942030,40845.0,4009_20221231,1,1,0.02170067748938205,0.051621362003326086,1-10bn
855214,N,237539.0,20221231,1544772,1789159,1544772,FIRST NB IN SIOUX FALLS,342337,689964,53826,130236,4016,1208796,0.0,4016_20221231,1,1,0.08430758713907295,0.1191515641143159,1-10bn
1998319,N,243634.0,20221231,2483869,2727087,2483869,FIRST DAKOTA NATIONAL BANK,414243,487093,0,44920,4028,2121180,113118.0,4028_20221231,1,1,0.018084689651507387,0.018084689651507387,1-10bn
584488,SM,100405.0,20221231,715026,890423,715026,VISION BANK,227584,130793,0,19639,4029,594501,0.0,4029_20221231,1,1,0.02746613409862019,0.02746613409862019,<1bn
310231,SM,56141.0,20221231,339513,403204,339513,FRAZER BANK,95170,29509,0,12711,4031,269518,55114.0,4031_20221231,1,1,0.03743891986462963,0.03743891986462963,<1bn
458148,NM,43896.0,20221231,821744,894928,821744,NBC OKLAHOMA,186349,363935,59470,72491,4032,599706,303.0,4032_20221231,1,1,0.08821603808485368,0.16058650869370508,<1bn
244711,N,24791.0,20221231,355821,377319,355821,BANCCENTRAL NATIONAL ASSN,111287,111245,3827,38488,4033,192230,18576.0,4033_20221231,1,1,0.10816674676311966,0.11892215467889754,<1bn
383349,N,98751.0,20221231,526964,676116,526964,FIRST NB&T CO OF ARDMORE,262413,143733,0,16219,4037,359367,0.0,4037_20221231,1,1,0.030778193576790826,0.030778193576790826,<1bn
78501,NM,12915.0,20221231,121665,135914,121665,FIRST SECURITY BANK,21210,43387,0,3457,4041,86285,0.0,4041_20221231,1,1,0.028414087864217317,0.028414087864217317,<1bn
469111,NM,273.0,20221231,556186,629791,556186,LEGACY BANK,103067,87512,99292,135851,4042,362583,0.0,4042_20221231,1,1,0.24425461985738584,0.4227776319432708,<1bn
559276,NM,8094.0,20221231,609289,698929,609289,SPIRITBANK,39555,50536,3641,12728,4048,620815,90042.0,4048_20221231,1,1,0.020889922516244344,0.02686574023164705,<1bn
114576,NM,0.0,20221231,159489,181816,159489,FIRST ENTERPRISE BANK,17757,44940,17757,23075,4049,135763,5771.0,4049_20221231,1,1,0.1446808243828728,0.2560176563900959,<1bn
160584,N,1707.0,20221231,221568,247372,221568,FIRST NB&T CO BROKEN ARROW,56092,60992,47678,50476,4050,129204,0.0,4050_20221231,1,1,0.22781268053148468,0.44299718370883884,<1bn
38196,SM,4389.0,20221231,47112,51484,47112,ALLNATIONS BANK,16760,8918,0,3319,4051,27115,0.0,4051_20221231,1,1,0.07044914246901002,0.07044914246901002,<1bn
39429,NM,3817.0,20221231,66158,74983,66158,FARMERS BANK,5762,26779,0,3063,4054,62207,0.0,4054_20221231,1,1,0.04629825569092173,0.04629825569092173,<1bn
110997,N,0.0,20221231,135796,159479,135796,PEOPLES NB OF CHECOTAH,90968,24827,12289,13675,4059,45293,0.0,4059_20221231,1,1,0.10070252437479749,0.1911985625497069,<1bn
77759,NM,8246.0,20221231,104694,121579,104694,ACB BANK,19129,26188,0,2491,4061,92334,0.0,4061_20221231,1,1,0.02379314955966913,0.02379314955966913,<1bn
538080,N,31935.0,20221231,877467,1014057,877467,FIRST NB&T CO CHICKASHA OK,434831,339748,0,12186,4062,511604,47441.0,4062_20221231,1,1,0.013887701759724298,0.013887701759724298,1-10bn
14994156,SB,2536492.0,20221231,19996369,34681050,19996369,MIDFIRST BANK,2984391,5014710,186620,572992,4063,29155840,948953.0,4063_20221231,1,1,0.028654802279353818,0.037987496630013176,10-100bn
91806,NM,30283.0,20221231,178581,202309,178581,OKLAHOMA BANK&TRUST CO,108432,86837,18920,20854,4067,70582,0.0,4067_20221231,1,1,0.11677614079885318,0.22272246207603272,<1bn
78429,SM,9283.0,20221231,101543,105911,101543,FNB COWETA,57834,23114,13664,7553,4071,38390,0.0,4071_20221231,1,1,0.07438228139802842,0.2089459637788917,<1bn
60864,SM,3363.0,20221231,68659,78556,68659,SOUTHWEST BK OF WEATHERFORD,10709,7803,996,23606,4076,41880,0.0,4076_20221231,1,1,0.3438150861503954,0.3583215601741942,<1bn
275795,SM,2419.0,20221231,321729,358396,321729,CITIZENS BANK OF EDMOND,17871,45942,10483,10016,4084,310435,0.0,4084_20221231,1,1,0.03113179104152874,0.06371511427319265,<1bn
226338,N,54171.0,20221231,287858,310803,287858,FIRST NATIONAL BANK&TRUST,144356,62661,9561,13922,4086,143862,0.0,4086_20221231,1,1,0.048364123977794604,0.08157841713622689,<1bn
275151,SM,0.0,20221231,323911,355296,323911,BANK OF WESTERN OKLAHOMA,63863,48987,20858,11742,4087,261088,0.0,4087_20221231,1,1,0.0362506984943395,0.10064493024318409,<1bn
2342170,N,57946.0,20221231,2522836,2702968,2522836,STRIDE BANK NATIONAL ASSN,304646,256683,238707,476300,4091,1879602,18781.0,4091_20221231,1,1,0.18879546668907532,0.28341398331084544,1-10bn
68169,NM,178.0,20221231,88575,101135,88575,FIRST BANK,9200,20415,2682,11823,4092,61460,248.0,4092_20221231,1,1,0.1334801016088061,0.16375952582557154,<1bn
68653,SM,8220.0,20221231,105302,114723,105302,BANK OF EUFAULA,55694,36657,0,10897,4094,34192,0.0,4094_20221231,1,1,0.1034833146568916,0.1034833146568916,<1bn
80338,N,28250.0,20221231,120623,124741,120623,FARMERS&MERCHANTS NB FAIRVIE,67094,40343,0,4722,4097,39539,0.0,4097_20221231,1,1,0.039146763055138735,0.039146763055138735,<1bn
18961,N,16.0,20221231,21386,23106,21386,FIRST NB OF FLETCHER,11046,2426,693,5234,4098,3639,0.0,4098_20221231,1,1,0.24473954923781913,0.27714392593285325,<1bn
81940,N,738.0,20221231,90587,99396,90587,FIRST NATIONAL BANK,10161,8677,2916,5779,4111,73348,0.0,4111_20221231,1,1,0.06379502577632552,0.09598507512115426,<1bn
35938,SM,3509.0,20221231,42484,44845,42484,1ST BANK IN HOMINY,20485,6562,4793,8222,4122,15146,0.0,4122_20221231,1,1,0.19353168251577063,0.30635062611806796,<1bn
59474,N,0.0,20221231,85977,98100,85977,FIRST NB OF HOOKER,31244,26528,0,9843,4123,53911,0.0,4123_20221231,1,1,0.11448410621445271,0.11448410621445271,<1bn
283925,N,4229.0,20221231,363933,434132,363933,CITY NB&T CO OF LAWTON OK,67270,80171,4715,27313,4132,308909,7429.0,4132_20221231,1,1,0.07504952834725073,0.08800520975014632,<1bn
69119,N,2219.0,20221231,82347,92977,82347,FIRST NB OF LINDSAY,7644,13317,0,8577,4134,67031,0.0,4134_20221231,1,1,0.10415679988342016,0.10415679988342016,<1bn
20196,NM,1.0,20221231,22452,24223,22452,FARMERS&MERCHANTS BANK,3678,2267,3427,4939,4144,12963,0.0,4144_20221231,1,1,0.21998040263673616,0.3726171387849635,<1bn
367744,N,28601.0,20221231,504073,557903,504073,FIRST NB&T CO OF MCALESTER,156723,136599,92258,14228,4145,350802,25000.0,4145_20221231,1,1,0.02822607043027498,0.21125114814719298,<1bn
329195,N,82962.0,20221231,458997,484490,458997,BANK NATIONAL ASSN,200348,129966,0,7621,4146,218437,0.0,4146_20221231,1,1,0.016603594359004527,0.016603594359004527,<1bn
1019619,SM,38074.0,20221231,1429675,1583235,1429675,BANK 7,173165,410396,101615,114589,4147,1255723,249908.0,4147_20221231,1,1,0.08015038382849249,0.1512259779320475,1-10bn
110773,N,0.0,20221231,189342,207475,189342,FIRST NB&T CO OF MIAMI,66397,78573,58660,43869,4148,87185,0.0,4148_20221231,1,1,0.23169185917546029,0.541501621404654,<1bn
706908,NM,34828.0,20221231,969399,1225185,969399,REGENT BANK,101925,263013,7932,62606,4160,1007366,101959.0,4160_20221231,1,1,0.06458228242447124,0.07276467171928173,1-10bn
43437,N,16369.0,20221231,58750,73829,58750,FIRST NB IN OKEENE,30714,15323,875,7347,4161,31346,3501.0,4161_20221231,1,1,0.12505531914893617,0.13994893617021276,<1bn
194038,N,24250.0,20221231,258110,285441,258110,FIRST NB&T CO OF OKMULGEE,99026,64131,2699,11184,4170,156644,0.0,4170_20221231,1,1,0.0433303630235171,0.053787145015690985,<1bn
217934,N,41789.0,20221231,279037,304845,279037,PAULS VALLEY NATIONAL BANK,101947,61317,0,9257,4173,171934,0.0,4173_20221231,1,1,0.03317481194250225,0.03317481194250225,<1bn
437591,SM,15279.0,20221231,646201,738137,646201,SECURITY BANK,32958,208962,1863,58993,4178,637374,3643.0,4178_20221231,1,1,0.09129202833174198,0.09417503222681488,<1bn
264818,SM,0.0,20221231,344918,378351,344918,FIRST PRYORITY BANK,22205,80312,4105,11525,4185,309306,0.0,4185_20221231,1,1,0.03341373891765579,0.045315118375961826,<1bn
208149,NM,380.0,20221231,248034,276068,248034,MCCLAIN BANK,46496,39913,35639,22909,4187,187355,0.0,4187_20221231,1,1,0.09236233742148253,0.2360482837030407,<1bn
863519,SM,306349.0,20221231,1239461,1455553,1239461,AMERICAN HERITAGE BANK,843081,376675,179174,64013,4190,492349,743.0,4190_20221231,1,1,0.051645836375650386,0.1962038337632245,1-10bn
88901,NM,14503.0,20221231,138891,159663,138891,SEILING STATE BANK,49694,50264,8350,2235,4193,102824,17553.0,4193_20221231,1,1,0.016091755405317838,0.07621084159520776,<1bn
112766,N,4967.0,20221231,139115,153493,139115,SNB BANK NATIONAL ASSN,23474,26406,0,5525,4196,115432,19368.0,4196_20221231,1,1,0.03971534342091076,0.03971534342091076,<1bn
91360,N,43933.0,20221231,137813,137677,137813,FIRST NB OF STIGLER,79755,46484,0,20141,4199,35806,0.0,4199_20221231,1,1,0.146147315565295,0.146147315565295,<1bn
167907,SM,65306.0,20221231,249380,317746,249380,ANCHOR D BANK,124237,81793,6522,6278,4208,167110,606.0,4208_20221231,1,1,0.02517443259283022,0.05132729168337477,<1bn
37079,SM,573.0,20221231,44038,50819,44038,FIRST BANK OF THOMAS,9404,6962,1834,17062,4209,21318,0.0,4209_20221231,1,1,0.38743812162223534,0.4290839729324674,<1bn
516742,N,10188.0,20221231,649636,747928,649636,FIRST NB OF OKLAHOMA,54030,133690,12103,84457,4211,580409,12076.0,4211_20221231,1,1,0.1300066498777777,0.14863708292028152,<1bn
15704207,N,11873919.0,20221231,34709023,47596192,34709023,BOKF NATIONAL ASSN,14019136,19624400,898,1460665,4214,22324972,613393.0,4214_20221231,1,1,0.04208314938740857,0.04210902162241789,10-100bn
45443,NM,6883.0,20221231,76386,82444,76386,COMMUNITY BANK OF OKLAHOMA,32960,30956,21679,2142,4217,31668,1000.0,4217_20221231,1,1,0.02804178776215537,0.31185033906736837,<1bn
30198,N,17788.0,20221231,47297,53727,47297,FIRST FARMERS NB OF WAURIKA,30659,17134,0,2330,4222,18432,0.0,4222_20221231,1,1,0.04926316679704844,0.04926316679704844,<1bn
175079,SM,55380.0,20221231,233492,279787,233492,FIRST BETHANY BANK&TRUST,104425,58499,1954,9463,4228,152281,3444.0,4228_20221231,1,1,0.04052815514021894,0.048896750209857294,<1bn
66512,NM,2575.0,20221231,91144,102381,91144,STATE BANK OF WYNNEWOOD,49463,24721,1918,5127,4232,45042,0.0,4232_20221231,1,1,0.056251645747388744,0.07729526902483981,<1bn
162576,NM,1123.0,20221231,223550,236003,223550,YNB,88398,60990,4144,7819,4235,125314,0.0,4235_20221231,1,1,0.03497651532095728,0.05351375531201073,<1bn
293388,N,66507.0,20221231,404447,430827,404447,SHAMROCK BANK N A,157547,111155,9873,22094,4236,234312,9150.0,4236_20221231,1,1,0.05462767680314108,0.07903878629338332,<1bn
7071989,NM,616627.0,20221231,12015442,14547035,12015442,FIRST UNITED BANK&TRUST CO,1380520,4957685,11630,316482,4239,11546190,1567995.0,4239_20221231,1,1,0.026339605317890095,0.027307526431403856,10-100bn
149266,N,28426.0,20221231,258430,294784,258430,IDABEL NATIONAL BANK,61884,109791,1496,3741,4241,213419,70547.0,4241_20221231,1,1,0.014475873544093179,0.020264675153813413,<1bn
3522029,N,1031424.0,20221231,4867005,5662457,4867005,CAMDEN NATIONAL BANK,1242458,1346610,0,75427,4255,3978628,181253.0,4255_20221231,1,1,0.015497621227017437,0.015497621227017437,1-10bn
1879292,N,289172.0,20221231,2379757,2704047,2379757,FIRST NATIONAL BANK,678405,501564,0,26421,4256,1898226,499205.0,4256_20221231,1,1,0.011102394067965763,0.011102394067965763,1-10bn
296004,N,60495.0,20221231,498273,554069,498273,FIRST NB OF LOUISIANA,95644,202314,19091,100404,4288,337238,0.0,4288_20221231,1,1,0.2015039947980324,0.2398183325205259,<1bn
237173,N,15399.0,20221231,389973,429484,389973,FIRST NB OF JEANERETTE,113084,152918,62892,18166,4290,276335,0.0,4290_20221231,1,1,0.04658271213648124,0.20785541563133858,<1bn
253253499,N,65139888.0,20221231,354959946,453313240,355083771,CAPITAL ONE NATIONAL ASSN,76975841,112350126,5031182,30935243,4297,299293315,21686266.0,4297_20221231,1,1,0.087151362706146,0.10132530558814092,>=100bn
228514,N,24464.0,20221231,264341,293739,264341,RIDDELL NATIONAL BANK,52602,36042,0,16433,4318,207399,0.0,4318_20221231,1,1,0.062165914481673294,0.062165914481673294,<1bn
528582,N,40253.0,20221231,658287,754653,658287,FCN BANK NATIONAL ASSN,261824,130539,470,15894,4319,425107,0.0,4319_20221231,1,1,0.024144484092804508,0.024858458392767895,<1bn
269441,N,31368.0,20221231,411500,437457,411500,FIRST NATIONAL BANK,135895,142099,27267,105371,4324,177741,0.0,4324_20221231,1,1,0.25606561360874847,0.3223280680437424,<1bn
3549349,NM,674317.0,20221231,5909804,7794340,5909804,HORIZON BANK,3016454,2361897,163007,121825,4360,4062385,168580.0,4360_20221231,1,1,0.020614050821313193,0.0481965222535299,1-10bn
274784,N,91869.0,20221231,356875,417275,356875,FIRST NB OF MONTEREY,164243,82168,0,20360,4364,212864,0.0,4364_20221231,1,1,0.057050788091068304,0.057050788091068304,<1bn
7854774,NM,1282264.0,20221231,14439483,17923519,14439483,FIRST MERCHANTS BANK,4258404,6588522,0,246429,4365,11789711,668580.0,4365_20221231,1,1,0.01706633125299569,0.01706633125299569,10-100bn
3159480,N,828044.0,20221231,4429553,4973142,4429553,FIRST FINANCIAL BANK NA,1327537,1269854,0,220148,4382,3027660,8471.0,4382_20221231,1,1,0.049699822984395944,0.049699822984395944,1-10bn
79461,NM,0.0,20221231,140884,154151,140884,LNB COMMUNITY BANK,24741,61463,11343,22436,4398,99952,0.0,4398_20221231,1,1,0.1592515828624968,0.2397646290565288,<1bn
336425,NM,6577.0,20221231,470595,560592,470595,SPRINGS VALLEY BANK&TRUST CO,58491,134683,0,10489,4419,446059,10069.0,4419_20221231,1,1,0.0222888045984339,0.0222888045984339,<1bn
228706,SB,20471.0,20221231,309632,430704,309632,MIDWEST HERITAGE BANK FSB,68989,81015,40170,14693,4432,312853,0.0,4432_20221231,1,1,0.04745310562215792,0.17718775837122777,<1bn
941505,SM,174097.0,20221231,1442803,1608286,1442803,FIRST CITIZENS BANK,380840,502369,5625,54185,4433,1102362,2881.0,4433_20221231,1,1,0.03755536965198991,0.041454030799769614,1-10bn
299883,N,37739.0,20221231,370123,413471,370123,CLINTON NATIONAL BANK,180220,70452,72856,12078,4439,207929,0.0,4439_20221231,1,1,0.03263239517673854,0.22947506639684645,<1bn
272297,N,32172.0,20221231,376627,447929,376627,FIRST NB IN CRESTON,138753,104453,44479,9871,4444,273989,13650.0,4444_20221231,1,1,0.026208954748331903,0.1443072323545577,<1bn
47609,SM,462.0,20221231,54290,59624,54290,FIRST HERITAGE BANK,19383,6792,7558,1104,4457,36760,2507.0,4457_20221231,1,1,0.02033523669184012,0.15955056179775282,<1bn
133157,SM,7074.0,20221231,190749,217904,190749,FIRST BANK HAMPTON,48237,57677,20152,7942,4464,154556,0.0,4464_20221231,1,1,0.04163586702944708,0.14728255456122968,<1bn
434075,N,0.0,20221231,577655,642549,577655,MIDSTATES BANK NATIONAL ASSN,213333,144012,3555,14006,4465,392226,0.0,4465_20221231,1,1,0.024246306186218418,0.03040049856748405,<1bn
57710,SM,0.0,20221231,65069,76243,65069,LOGAN STATE BANK,11043,7390,9925,2119,4476,60326,2882.0,4476_20221231,1,1,0.032565430542962084,0.1850958213588652,<1bn
51791,N,0.0,20221231,74561,89770,74561,FIRST NB OF MANNING,42638,22822,19013,10356,4477,34899,0.0,4477_20221231,1,1,0.13889298695028232,0.3938922492992315,<1bn
81501,SM,20333.0,20221231,103432,112384,103432,FNNB BANK,44508,21980,24156,6786,4482,57248,3999.0,4482_20221231,1,1,0.06560832237605384,0.29915306674916853,<1bn
26378,N,0.0,20221231,33590,41703,33590,FIRST NB OF PRIMGHAR,14418,7226,5733,2641,4494,23739,0.0,4494_20221231,1,1,0.07862459065197976,0.24930038701994642,<1bn
615353,N,245663.0,20221231,1015847,1330926,1015847,SECURITY NB OF SIOUX CITY IA,417914,400745,43404,135525,4506,707557,0.0,4506_20221231,1,1,0.13341083844319077,0.17613774515256728,1-10bn
173712,N,1.0,20221231,230799,258145,230799,CITIZENS 1ST NB STORM LAKE,104982,57304,43261,5758,4511,143195,0.0,4511_20221231,1,1,0.024948115026494914,0.21238826858001986,<1bn
97588,NM,0.0,20221231,121263,133163,121263,STATE BANK OF TOLEDO,10730,23698,5793,14971,4514,91364,409.0,4514_20221231,1,1,0.12345892811492376,0.17123112573497273,<1bn
426496,SM,58690.0,20221231,570925,689237,570925,FIRST BANK,207143,144757,84939,17170,4519,430761,6035.0,4519_20221231,1,1,0.0300740027148925,0.17884836011735342,<1bn
232347,NM,34091.0,20221231,319823,347101,319823,PONY EXPRESS BANK,54052,87745,448,24534,4526,259342,65888.0,4526_20221231,1,1,0.07671118087191978,0.078111955675483,<1bn
682561,NM,100735.0,20221231,838674,968802,838674,CITIZENS BANK&TRUST CO,227405,156278,43253,224245,4533,462575,1.0,4533_20221231,1,1,0.26738041241292804,0.3189534908677269,<1bn
347654,SM,59821.0,20221231,423807,485347,423807,FARMERS BANK OF NORTHERN MO,210087,76279,4438,7820,4539,236356,0.0,4539_20221231,1,1,0.018451795274735904,0.028923543027840504,<1bn
466417,N,0.0,20221231,590953,671927,590953,HNB NATIONAL BANK,178695,124773,38581,29497,4540,426082,0.0,4540_20221231,1,1,0.049914290984223786,0.11520036280381012,<1bn
406127,NM,75079.0,20221231,584062,717866,584062,CNB ST LOUIS BANK,140739,178318,6474,6885,4549,550670,34185.0,4549_20221231,1,1,0.01178813208186802,0.022872571747519953,<1bn
66191,SM,10477.0,20221231,88642,105333,88642,TPNB BANK,40735,18433,884,6201,4556,52987,2500.0,4556_20221231,1,1,0.06995555154441462,0.0799282507163647,<1bn
90927,N,10114.0,20221231,99221,111197,99221,FIRST NB OF NEVADA MISSOURI,59933,8376,1128,2900,4598,43246,2077.0,4598_20221231,1,1,0.029227683655677728,0.040596244746575826,<1bn
126254,N,0.0,20221231,138901,167884,138901,FARMERS NATIONAL BANK,74443,12716,14848,4653,4611,81952,0.0,4611_20221231,1,1,0.033498678915198594,0.1403949575597008,<1bn
407863,NM,14671.0,20221231,520081,583090,520081,EXCHANGE BANK&TRUST,163426,112378,45048,30586,4619,374961,0.0,4619_20221231,1,1,0.05881006996987008,0.1454273468940415,<1bn
119655,NM,20431.0,20221231,160358,167801,160358,FARMERS BANK&TRUST,72154,40767,9884,18269,4621,60197,0.0,4621_20221231,1,1,0.11392633981466468,0.17556342683246237,<1bn
66729,SM,16554.0,20221231,128122,138690,128122,AMERICAN BK BAXTER SPRINGS,48767,61420,4875,16916,4624,64566,0.0,4624_20221231,1,1,0.13203040851688236,0.1700800799238226,<1bn
61254,SM,10937.0,20221231,91906,106248,91906,FIRST BANK OF BELOIT,38426,30673,8672,5104,4630,56594,0.0,4630_20221231,1,1,0.05553500315539791,0.14989228124387963,<1bn
129694,NM,28782.0,20221231,197688,229275,197688,FIRST HERITAGE BANK,76019,68089,468,4056,4636,135869,28456.0,4636_20221231,1,1,0.02051717858443608,0.022884545344178706,<1bn
87012,N,52234.0,20221231,140194,145351,140194,FIRST NB IN CIMARRON,73102,53267,0,15238,4638,54547,0.0,4638_20221231,1,1,0.10869224075210066,0.10869224075210066,<1bn
70519,NM,12505.0,20221231,80851,98135,80851,CONWAY BANK,18023,10344,1813,6545,4649,66437,0.0,4649_20221231,1,1,0.08095137969845766,0.10337534477000902,<1bn
30766,NM,12441.0,20221231,34545,39532,34545,NINNESCAH VALLEY BANK,22536,3802,0,1580,4652,14545,2000.0,4652_20221231,1,1,0.04573744391373571,0.04573744391373571,<1bn
47520,N,8840.0,20221231,59444,71012,59444,FIRST NB OF DIGHTON,25239,11930,7106,9810,4654,34493,0.0,4654_20221231,1,1,0.16502927124688782,0.2845703519278649,<1bn
133741,SM,1494.0,20221231,205482,230829,205482,FIRSTOAK BANK,16688,71775,3056,12717,4660,187119,0.0,4660_20221231,1,1,0.061888632580956,0.07676098149716278,<1bn
106626,NM,0.0,20221231,132699,143764,132699,HOME BANK&TRUST CO,5973,26267,4849,14333,4664,113493,0.0,4664_20221231,1,1,0.10801136406453704,0.1445527095155201,<1bn
903454,N,339181.0,20221231,1043937,1208483,1043937,ARMED FORCES BANK NA,352313,140795,0,54376,4666,745473,0.0,4666_20221231,1,1,0.052087434394987434,0.052087434394987434,1-10bn
46354,N,11208.0,20221231,55199,57433,55199,FIRST NB IN FRANKFORT,28700,8864,0,2263,4668,23650,0.0,4668_20221231,1,1,0.040997119513034655,0.040997119513034655,<1bn
523830,N,547.0,20221231,744859,938981,744859,GNBANK NATIONAL ASSN,344004,221186,131392,20762,4673,524894,0.0,4673_20221231,1,1,0.02787373180695944,0.20427221796339978,<1bn
163978,N,63699.0,20221231,198736,213535,198736,CITIZENS NATIONAL BANK,123483,34821,1375,5266,4678,76318,0.0,4678_20221231,1,1,0.026497463972304968,0.03341619032284035,<1bn
12078,N,0.0,20221231,14203,16189,14203,FIRST NB OF HARVEYVILLE,746,2132,746,5368,4683,9010,0.0,4683_20221231,1,1,0.37794832077730056,0.43047243540097163,<1bn
62559,N,12812.0,20221231,71540,82181,71540,FIRST NATIONAL BANK OF HOPE,29504,9081,498,3668,4690,41203,0.0,4690_20221231,1,1,0.0512720156555773,0.05823315627620911,<1bn
47271,NM,991.0,20221231,78903,81928,78903,HOWARD STB HOWARD KANSAS,32626,31741,13551,14415,4693,33926,0.0,4693_20221231,1,1,0.1826926732823847,0.354435192578229,<1bn
709935,N,88264.0,20221231,821615,944900,821615,FIRST NB OF HUTCHINSON,153219,112218,0,19063,4697,710411,93014.0,4697_20221231,1,1,0.023201864620290526,0.023201864620290526,<1bn
937118,N,99009.0,20221231,1142458,1255880,1142458,CENTRAL NATIONAL BANK,407193,205570,73501,109223,4702,657723,0.0,4702_20221231,1,1,0.09560351452744871,0.15993935882106824,1-10bn
2557341,NM,559166.0,20221231,2862324,3476957,2862324,SECURITY BANK OF KANSAS CITY,1500402,318022,78221,123285,4705,1607638,0.0,4705_20221231,1,1,0.04307164388098622,0.07039943765974781,1-10bn
346433,SM,117843.0,20221231,451205,477900,451205,CITIZENS BANK OF KANSAS,220248,104872,0,7073,4707,216823,0.0,4707_20221231,1,1,0.015675801464966034,0.015675801464966034,<1bn
113988,N,15530.0,20221231,165818,184246,165818,FIRST NB OF LOUISBURG,91974,51869,16560,11227,4722,77748,0.0,4722_20221231,1,1,0.06770676283636276,0.16757529339396204,<1bn
20522,N,369.0,20221231,27364,31168,27364,MARION NATIONAL BANK,12662,6845,952,4953,4728,8026,0.0,4728_20221231,1,1,0.18100423914632363,0.21579447449203332,<1bn
111677,NM,27561.0,20221231,152210,173928,152210,SOUTHWIND BANK,92932,40634,0,3036,4735,70791,0.0,4735_20221231,1,1,0.019946127061296892,0.019946127061296892,<1bn
343912,SM,141631.0,20221231,588717,632512,588717,FIRST OPTION BANK,248071,246151,0,9878,4746,341782,0.0,4746_20221231,1,1,0.016778859791716564,0.016778859791716564,<1bn
62475,NM,949.0,20221231,75363,89162,75363,FIRST SECURITY BANK,7081,12939,3649,5993,4752,69076,9905.0,4752_20221231,1,1,0.07952178124543874,0.12794076668922416,<1bn
184101,N,15104.0,20221231,236515,281572,236515,FIRST NATIONAL BANK&TRUST,97295,52605,16308,9115,4756,163159,0.0,4756_20221231,1,1,0.038538781895440036,0.10749001120436336,<1bn
142879,NM,759.0,20221231,206483,240168,206483,SJN BANK OF KANSAS,106563,63665,50642,8499,4766,112256,0.0,4766_20221231,1,1,0.04116077352614985,0.2864206738569277,<1bn
3407584,N,442238.0,20221231,5782542,7415263,5782542,SUNFLOWER BANK NATIONAL ASSN,575898,2399424,56649,343526,4767,5903238,243383.0,4767_20221231,1,1,0.05940743707525168,0.06920399367613758,1-10bn
96672,N,13798.0,20221231,139522,155409,139522,FIRST NB OF SCOTT CITY,46453,42952,8829,8393,4769,78851,0.0,4769_20221231,1,1,0.06015538768079586,0.12343573056578891,<1bn
44485,N,3369.0,20221231,57547,63957,57547,FIRST NATIONAL BANK OF SEDAN,11120,13192,0,15382,4770,24857,0.0,4770_20221231,1,1,0.2672945592298469,0.2672945592298469,<1bn
124781,NM,0.0,20221231,144147,178446,144147,SOLOMON STATE BANK,26307,19477,19613,8897,4773,140965,0.0,4773_20221231,1,1,0.06172171463852873,0.1977842064004107,<1bn
35580,N,0.0,20221231,62845,69927,62845,FIRST NB OF SPEARVILLE,11471,27277,8310,10476,4774,25586,0.0,4774_20221231,1,1,0.16669583896889173,0.29892592887262315,<1bn
86828,NM,0.0,20221231,117562,128342,117562,PRAIRIE BANK OF KANSAS,44935,30851,13811,4465,4775,68688,0.0,4775_20221231,1,1,0.037979959510726254,0.1554583964206121,<1bn
185910,N,0.0,20221231,217768,248914,217768,WESTERN NATIONAL BANK,34720,32010,20837,21439,4778,175298,2389.0,4778_20221231,1,1,0.09844880790566107,0.19413320598067668,<1bn
265425,N,38556.0,20221231,398052,464814,398052,DREAM FIRST BANK NA,80643,132955,0,11709,4779,340817,70642.0,4779_20221231,1,1,0.02941575472551325,0.02941575472551325,<1bn
1523258,NM,351250.0,20221231,2156489,2375666,2156489,EMPRISE BANK,652403,633703,5768,49427,4789,1581565,0.0,4789_20221231,1,1,0.022920126186593115,0.025594844212050237,1-10bn
254544,SM,40739.0,20221231,330243,417555,330243,BANK OF THE FLINT HILLS,58571,75827,0,10215,4791,318909,500.0,4791_20221231,1,1,0.030931768425068812,0.030931768425068812,<1bn
34141,SM,0.0,20221231,62550,89330,62550,FNB WASHINGTON,41674,28493,9806,4772,4792,35724,0.0,4792_20221231,1,1,0.07629096722621903,0.2330615507593925,<1bn
53715,N,42906.0,20221231,75853,89849,75853,FIRST NB OF KANSAS,58595,22188,0,2698,4794,24166,0.0,4794_20221231,1,1,0.03556879754261532,0.03556879754261532,<1bn
79873,NM,17668.0,20221231,102427,107353,102427,BANK OF COMMERCE&TRUST CO,36558,22627,0,4984,4796,50635,9523.0,4796_20221231,1,1,0.048659044978374845,0.048659044978374845,<1bn
3964229,N,2061136.0,20221231,6726582,7454262,6726582,INTRUST BANK NATIONAL ASSN,2828233,2770238,0,477896,4799,3816606,851317.0,4799_20221231,1,1,0.07104588927928032,0.07104588927928032,1-10bn
366281,N,12286.0,20221231,473199,550491,473199,SOUTHWEST NATIONAL BANK,45102,109115,1008,13282,4801,463607,14864.0,4801_20221231,1,1,0.02806852930796557,0.030198711324411084,<1bn
2147904,N,448966.0,20221231,3019158,3476775,3019158,SHORE UNITED BANK NA,644275,871458,0,56352,4832,2543712,0.0,4832_20221231,1,1,0.018664806545401067,0.018664806545401067,1-10bn
1210187,NM,197163.0,20221231,1583588,1825844,1583588,FIRST UNITED BANK&TRUST,346946,373477,37204,74282,4857,1264857,160615.0,4857_20221231,1,1,0.04690740268302109,0.07040088709942233,1-10bn
6292384,SM,1064541.0,20221231,11034392,13827883,11034392,SANDY SPRING BANK,1473990,4773270,90758,192039,4865,11272172,919983.0,4865_20221231,1,1,0.017403677520247605,0.025628688920966376,10-100bn
816258,NM,65015.0,20221231,1352043,1599507,1352043,MOUNTAIN COMMERCE BANK,143175,536264,0,78640,4931,1304238,207397.0,4931_20221231,1,1,0.058163830588228334,0.058163830588228334,1-10bn
133754,NM,0.0,20221231,179888,202043,179888,PEOPLES BANK OF THE SOUTH,22477,46190,1821,10259,4945,164834,0.0,4945_20221231,1,1,0.057029929734056746,0.0671528951347505,<1bn
435253,N,35501.0,20221231,699625,813453,699625,FIRST NB OF MIDDLE TENNESSEE,70232,265130,9777,50024,4952,649037,5000.0,4952_20221231,1,1,0.07150116133643022,0.08547579060210828,<1bn
209647,N,33219.0,20221231,279830,302444,279830,FIRST NB OF ONEIDA,96602,70648,25375,11646,4958,173014,0.0,4958_20221231,1,1,0.04161812529035486,0.13229818103848764,<1bn
148789,NM,0.0,20221231,181960,199864,181960,FIRST FARMERS&COMMERCIAL BK,24151,33309,1914,9234,4960,145170,0.0,4960_20221231,1,1,0.05074741701472851,0.061266212354363594,<1bn
1275232,N,395006.0,20221231,2078565,2399631,2078565,FIRST CITIZENS NATIONAL BANK,743775,804639,4878,165549,4972,1318623,34737.0,4972_20221231,1,1,0.07964581333756703,0.0819926247194579,1-10bn
35226886,SM,7896711.0,20221231,64839262,78672073,64839262,FIRST HORIZON BANK,10231148,30304499,87,2445297,4977,58014356,364384.0,4977_20221231,1,1,0.037713214564348375,0.03771455634396332,10-100bn
8701793,N,3081958.0,20221231,14513508,18013146,14513508,TRUSTMARK NATIONAL BANK,3518596,5830973,419500,734787,4988,12219051,15137.0,4988_20221231,1,1,0.0506278013558128,0.0795319091704087,10-100bn
1058303,N,88991.0,20221231,1492069,1678732,1492069,CITIZENS NB OF MERIDIAN,461616,434171,20049,55434,4993,1080436,0.0,4993_20221231,1,1,0.037152437320257976,0.05058948346222594,1-10bn
305361,SM,116777.0,20221231,502796,607298,502796,FNB OXFORD BANK,280075,197744,28724,8440,5005,274064,26361.0,5005_20221231,1,1,0.016786131950134845,0.07391466917000135,<1bn
288615,SM,38580.0,20221231,395387,434542,395387,FIRST CHOICE BANK,134539,107920,8688,11706,5006,258958,0.0,5006_20221231,1,1,0.029606436225773736,0.05157984455735773,<1bn
282187,NM,2793.0,20221231,404264,454360,404264,CENTURY BANK&TRUST,166400,122085,0,69583,5015,198295,0.0,5015_20221231,1,1,0.1721226723131419,0.1721226723131419,<1bn
335490,N,187915.0,20221231,476536,483703,476536,CITIZENS NB OF CHEBOYGAN,228856,141058,22215,18281,5018,207658,0.0,5018_20221231,1,1,0.03836226434099418,0.08497993855658334,<1bn
488139,NM,60395.0,20221231,1099747,1272193,1099747,SOUTHERN MICHIGAN BANK&TRUST,247471,611808,20150,75043,5019,877038,19483.0,5019_20221231,1,1,0.06823660350971633,0.08655899947897107,1-10bn
565670,NM,11820.0,20221231,766014,931934,766014,DART BANK,36420,200848,0,51798,5033,755190,232210.0,5033_20221231,1,1,0.06762017404381643,0.06762017404381643,<1bn
597766,N,48816.0,20221231,882408,1043951,882408,SUPERIOR NATIONAL BANK,290889,285131,35856,14717,5058,684213,0.0,5058_20221231,1,1,0.016678225945367674,0.05731249036726775,1-10bn
301231,N,1474.0,20221231,363484,400183,363484,FIRST NATIONAL BANK&TRUST CO,182826,62326,45086,17977,5062,176818,0.0,5062_20221231,1,1,0.04945747268105336,0.17349594480087158,<1bn
349052,NM,6.0,20221231,474856,518565,474856,RANGE BANK,162783,125860,79716,15321,5072,306517,0.0,5072_20221231,1,1,0.03226451808548276,0.2001385683238708,<1bn
232336,N,31950.0,20221231,332104,341019,332104,FIRST NB OF ST IGNACE,226810,99901,41317,12826,5074,80690,0.0,5074_20221231,1,1,0.03862043215378315,0.16303025558258857,<1bn
47927,N,0.0,20221231,51346,56684,51346,FIRST NB OF WAKEFIELD,22880,3429,1498,9616,5076,22626,0.0,5076_20221231,1,1,0.18727846375569665,0.21645308300549215,<1bn
88026,N,7143.0,20221231,107021,113707,107021,FIRST NB OF BAGLEY,32029,19053,10830,11636,5087,63364,0.0,5087_20221231,1,1,0.1087263247400043,0.20992141729193337,<1bn
559877,N,130442.0,20221231,793735,997313,793735,FIRST NB OF BEMIDJI,593468,234698,92372,9618,5093,365490,0.0,5093_20221231,1,1,0.012117394344460053,0.1284937668113413,<1bn
289313,NM,32252.0,20221231,345740,380971,345740,STAR BANK,50327,56662,0,20760,5095,294803,0.0,5095_20221231,1,1,0.06004512061086365,0.06004512061086365,<1bn
177550,SM,26976.0,20221231,278592,318066,278592,FIRST BANK BLUE EARTH,114069,101298,0,4396,5097,189836,7079.0,5097_20221231,1,1,0.015779347576384103,0.015779347576384103,<1bn
23798,N,0.0,20221231,34473,41040,34473,B2 BANK NATIONAL ASSN,13500,10767,13500,3483,5105,18388,0.0,5105_20221231,1,1,0.10103559307283962,0.492646418936559,<1bn
66252,NM,4328.0,20221231,75597,86424,75597,FIRST SECURITY BANK CANBY,34033,9349,16446,10399,5107,38390,0.0,5107_20221231,1,1,0.13755836871833538,0.35510668412767704,<1bn
23612,N,32.0,20221231,34826,38280,34826,WESTERN NATIONAL BANK,11899,11222,11867,11734,5110,12518,0.0,5110_20221231,1,1,0.33693217710905643,0.6776833400333084,<1bn
62208,N,3578.0,20221231,80687,89675,80687,FIRST NATIONAL BANK,35194,18497,1184,3086,5113,48630,0.0,5113_20221231,1,1,0.03824655768587257,0.052920544821346685,<1bn
71667,N,21364.0,20221231,107732,118718,107732,FIRST NB OF COKATO,34520,36082,12915,8021,5115,74967,0.0,5115_20221231,1,1,0.07445327293654624,0.19433408829317195,<1bn
155944,NM,3199.0,20221231,203222,239244,203222,GRANITE BANK,18265,47349,5761,6266,5116,202672,11261.0,5116_20221231,1,1,0.030833275924850655,0.05918158467095098,<1bn
72438,N,16589.0,20221231,103499,106973,103499,FIRST NB OF COLERAINE,52479,31082,2719,10441,5117,37880,0.0,5117_20221231,1,1,0.10088020174107963,0.12715098696605764,<1bn
747069,NM,22210.0,20221231,926126,1037836,926126,DEERWOOD BANK,280907,181826,101236,30559,5123,679417,0.0,5123_20221231,1,1,0.032996590096811884,0.14230785011974612,1-10bn
86313,N,445.0,20221231,110354,126912,110354,WESTERN NATIONAL BANK,24358,24148,23913,20304,5131,71892,0.0,5131_20221231,1,1,0.18398970585570074,0.4006832557043696,<1bn
220092,NM,81248.0,20221231,303972,356859,303972,FIRST BANK ELK RIVER,84560,83913,0,30511,5136,223567,4700.0,5136_20221231,1,1,0.10037437658731725,0.10037437658731725,<1bn
56146,N,7612.0,20221231,84647,91913,84647,MINERS NB OF EVELETH,15672,28509,913,10028,5141,61496,0.0,5141_20221231,1,1,0.11846846314695146,0.1292544331163538,<1bn
21599,N,0.0,20221231,24651,37047,24651,FIRST NB OF FAIRFAX,12815,3059,0,8335,5142,15148,0.0,5142_20221231,1,1,0.3381201573972658,0.3381201573972658,<1bn
4132115,N,0.0,20221231,4942883,5769427,4942883,WELLS FARGO BANK S CNTL NA,0,810768,0,100865,5146,2916800,0.0,5146_20221231,1,1,0.020406107124121692,0.020406107124121692,1-10bn
50772,N,526.0,20221231,57096,73321,57096,FIRST NB OF GILBERT,6824,6336,2770,5246,5150,58354,0.0,5150_20221231,1,1,0.09188034188034189,0.1403951240016814,<1bn
233272,N,51587.0,20221231,269969,302447,269969,FIRST NB OF HENNING,86564,36942,0,5309,5162,201048,0.0,5162_20221231,1,1,0.019665220821649895,0.019665220821649895,<1bn
803078,SM,78515.0,20221231,1105483,1333552,1105483,BANK MIDWEST,226250,303173,36535,48263,5170,977351,84919.0,5170_20221231,1,1,0.04365784005724195,0.076706742663614,1-10bn
24297,NM,248.0,20221231,49445,53015,49445,GLOBAL INNOVATIONS BANK,1795,25167,1207,27103,5175,17407,0.0,5175_20221231,1,1,0.5481444028718778,0.5725553645464657,<1bn
93793,N,4852.0,20221231,126913,141757,126913,FIRST NB OF LE CENTER,28111,33226,20866,10057,5180,93909,0.0,5180_20221231,1,1,0.07924326113164136,0.24365510231418372,<1bn
138322,N,0.0,20221231,197452,226536,197452,FIRST FARMERS&MERCHANTS NB,50418,59202,10775,11584,5186,161274,0.0,5186_20221231,1,1,0.05866742296862022,0.1132376476308166,<1bn
520630,SM,80369.0,20221231,727788,824512,727788,PIONEER BANK,174899,207322,13126,41235,5193,538137,15000.0,5193_20221231,1,1,0.056657982819172614,0.07469345468735401,<1bn
24245,N,327.0,20221231,27519,34497,27519,FIRST NB OF MCINTOSH,5138,3394,4730,15909,5196,13265,0.0,5196_20221231,1,1,0.5781096696827647,0.7499909153675642,<1bn
89378,NM,11414.0,20221231,103201,114800,103201,COMMUNITY FIRST BANK,38586,13853,6854,11055,5197,62873,991.0,5197_20221231,1,1,0.10712105502853654,0.17353514016337052,<1bn
215282,N,14047.0,20221231,245621,268606,245621,FIRST NB OF MILACA,92690,30381,62144,15016,5198,154730,0.0,5198_20221231,1,1,0.06113483781924184,0.31414252038710044,<1bn
85004,N,5926.0,20221231,110872,124170,110872,FIRST NB OF MOOSE LAKE,27340,26097,951,6355,5214,87003,11117.0,5214_20221231,1,1,0.05731834908723573,0.06589580777833899,<1bn
266639,SM,21214.0,20221231,329899,375385,329899,COMMUNITY RESOURCE BANK,44291,63797,8405,6609,5219,301406,31695.0,5219_20221231,1,1,0.02003340416309234,0.0455108987902358,<1bn
68448,N,4458.0,20221231,79393,90831,79393,FIRST NB OF OSAKIS,15083,11000,461,5674,5221,65604,0.0,5221_20221231,1,1,0.07146725781869938,0.07727381507185772,<1bn
215692,N,11292.0,20221231,292879,333048,292879,CITIZENS NB OF PARK RAPIDS,51302,77379,23261,3283,5223,268727,0.0,5223_20221231,1,1,0.011209407297894353,0.09063128459193046,<1bn
226847,NM,14.0,20221231,274003,329643,274003,FORESIGHT BANK,63625,47360,1438,7305,5229,247520,7514.0,5229_20221231,1,1,0.026660292040598096,0.031908409761936915,<1bn
27021,N,2450.0,20221231,29158,31028,29158,FIRST NB OF PROCTOR,7271,2143,0,6089,5232,14936,0.0,5232_20221231,1,1,0.2088277659647438,0.2088277659647438,<1bn
301677,N,28362.0,20221231,384479,442713,384479,FIRST NB MINNESOTA,67456,83062,16833,11351,5247,338170,0.0,5247_20221231,1,1,0.029523068880224927,0.0733043937380195,<1bn
187962,N,9229.0,20221231,263131,284787,263131,MINNESOTA NATIONAL BANK,80943,75317,12032,23094,5249,166703,10025.0,5249_20221231,1,1,0.0877661697025436,0.1334924429276672,<1bn
180362,NM,77339.0,20221231,244627,262912,244627,FIRST SECURITY BK SLEEPY EYE,150436,64301,39376,14197,5252,89425,0.0,5252_20221231,1,1,0.05803529455047889,0.21899872050100766,<1bn
550480,N,16616.0,20221231,683567,753204,683567,FIRST NATIONAL BANK NORTH,132016,133437,70274,133883,5269,468431,0.0,5269_20221231,1,1,0.1958593671139771,0.29866421287159856,<1bn
129248,N,9435.0,20221231,167238,182089,167238,KEEN BANK NATIONAL ASSN,22972,38039,0,28660,5270,121026,0.0,5270_20221231,1,1,0.17137253495019075,0.17137253495019075,<1bn
42722,NM,7123.0,20221231,47390,55599,47390,FIRST FINL BK IN WINNEBAGO,18211,4684,0,1540,5278,33926,0.0,5278_20221231,1,1,0.03249630723781388,0.03249630723781388,<1bn
417165,N,98701.0,20221231,497475,546306,497475,WNB FINANCIAL N A,178729,80391,17673,10068,5280,313971,0.0,5280_20221231,1,1,0.02023820292477009,0.0557636062113674,<1bn
146223,NM,18947.0,20221231,164034,177426,164034,AMERICAN BANK OF BEAVER DAM,40294,17830,0,10856,5283,113259,0.0,5283_20221231,1,1,0.06618140141677945,0.06618140141677945,<1bn
932572,N,90942.0,20221231,1329921,1540200,1329921,FIRST NATIONAL BANK&TRUST CO,465320,397451,79094,51399,5285,904191,253.0,5285_20221231,1,1,0.038648160304258675,0.09812086582586485,1-10bn
383581,NM,65178.0,20221231,525338,593955,525338,FORTIFI BANK,107427,144184,11723,35523,5286,422153,0.0,5286_20221231,1,1,0.06761932317860121,0.08993448027745947,<1bn
355570,NM,53865.0,20221231,468067,554421,468067,PREMIERBANK,172986,112598,10158,27511,5295,305553,0.0,5295_20221231,1,1,0.058775773553786104,0.08047779484560971,<1bn
17442365,N,4456914.0,20221231,29680073,39358786,29680073,ASSOCIATED BANK NA,6708415,16382678,110377,593645,5296,28507232,897337.0,5296_20221231,1,1,0.020001466977523943,0.023720359447902975,10-100bn
247295,NM,3383.0,20221231,310085,359891,310085,FORTE BANK,29538,62921,995,19439,5297,291729,8037.0,5297_20221231,1,1,0.06268926262153926,0.06589806020929745,<1bn
2423537,N,36552.0,20221231,3074941,3658116,3074941,BANK FIRST N A,348306,653408,181999,117848,5304,2871946,6726.0,5304_20221231,1,1,0.038325288192521414,0.09751309049506966,1-10bn
453240,N,124288.0,20221231,563030,656128,563030,STEPHENSON NB&T,155473,110009,0,13406,5306,456385,5000.0,5306_20221231,1,1,0.02381045414986768,0.02381045414986768,<1bn
198305,N,33588.0,20221231,247038,264376,247038,PESHTIGO NATIONAL BANK,101349,49073,0,9411,5317,148097,0.0,5317_20221231,1,1,0.038095353751244745,0.038095353751244745,<1bn
264644,SM,37759.0,20221231,528574,644096,528574,WOODTRUST BANK,129152,264316,5063,160662,5335,343315,0.0,5335_20221231,1,1,0.3039536564416714,0.31353225849171545,<1bn
160585,SM,2476.0,20221231,203082,247492,203082,FIRST BANK OF BALDWIN,87983,42526,0,8523,5336,140550,0.0,5336_20221231,1,1,0.04196826897509381,0.04196826897509381,<1bn
153661,N,1003.0,20221231,215390,294187,215390,FIRST NB OF BANGOR,46470,61817,0,11818,5337,227909,0.0,5337_20221231,1,1,0.0548679140164353,0.0548679140164353,<1bn
206288,N,46519.0,20221231,285789,300835,285789,FIRST NATIONAL CMTY BANK,100414,79522,1404,8932,5357,176765,0.0,5357_20221231,1,1,0.03125382712420702,0.03616654244914955,<1bn
250745,N,94465.0,20221231,303159,327434,303159,FIRST NB OF RIVER FALLS,150264,52449,0,15956,5364,141629,0.0,5364_20221231,1,1,0.052632446999759205,0.052632446999759205,<1bn
83681,SM,6025.0,20221231,101837,127177,101837,WEST PLAINS BANK,34869,18196,4118,18698,5369,66362,2000.0,5369_20221231,1,1,0.18360713689523453,0.22404430609699813,<1bn
81707,SM,3605.0,20221231,96152,114696,96152,FARMERS&MERCHANTS BK ASHLAND,9565,14487,0,3924,5377,91712,0.0,5377_20221231,1,1,0.04081038355936434,0.04081038355936434,<1bn
20151,SM,4.0,20221231,23711,29740,23711,FIRST BANK OF BANCROFT,13783,3567,0,3552,5380,11639,0.0,5380_20221231,1,1,0.149803888490574,0.149803888490574,<1bn
134047,SM,11389.0,20221231,182221,219353,182221,FIRST COMMUNITY BANK,38227,48296,15402,19046,5384,146327,4523.0,5384_20221231,1,1,0.10452143276570758,0.18904517042492358,<1bn
219995,NM,1154.0,20221231,310383,376705,310383,WAYPOINT BANK,104497,90450,4729,13848,5394,237216,0.0,5394_20221231,1,1,0.04461584558432646,0.05985186044338769,<1bn
132991,NM,13.0,20221231,272127,300784,272127,CITY BANK&TRUST CO,20674,139211,19186,18345,5396,256785,0.0,5396_20221231,1,1,0.06741337684243019,0.13791722247333046,<1bn
90182,NM,92.0,20221231,121793,136479,121793,F&M BANK,65520,31637,34690,3784,5401,64301,0.0,5401_20221231,1,1,0.031069109062097165,0.315896644306323,<1bn
67810,SM,3724.0,20221231,78519,99699,78519,FIRST B&T OF FULLERTON,18816,10754,1873,8504,5405,66477,4182.0,5405_20221231,1,1,0.10830499624294757,0.132159095250831,<1bn
43899,NM,203.0,20221231,56168,68515,56168,GENOA COMMUNITY BANK,15482,12292,480,1678,5408,46983,0.0,5408_20221231,1,1,0.029874661729098417,0.03842045292693348,<1bn
110408,N,48411.0,20221231,287202,319751,287202,FIRST NB OF GORDON,189674,176902,83007,8598,5410,107770,338.0,5410_20221231,1,1,0.02993711742954436,0.31895669250214137,<1bn
1136346,NM,27834.0,20221231,1410139,1622947,1410139,SECURITY FIRST BANK,375421,274717,106962,124260,5415,1046873,55493.0,5415_20221231,1,1,0.08811897266865182,0.16397106951867865,1-10bn
68540,N,0.0,20221231,76403,95693,76403,FIRST NB OF JOHNSON,57973,7877,4491,5110,5422,26948,0.0,5422_20221231,1,1,0.06688219048990222,0.12566260487153647,<1bn
174235,SM,15900.0,20221231,271117,298893,271117,SECURITY BANK,91595,96915,0,18673,5424,173351,0.0,5424_20221231,1,1,0.06887432363149489,0.06887432363149489,<1bn
18918,NM,0.0,20221231,21319,25759,21319,BANK OF LEWELLEN,6305,2404,3198,8056,5425,10106,0.0,5425_20221231,1,1,0.37787888737745673,0.5278859233547539,<1bn
285033,SM,0.0,20221231,337358,419424,337358,FIRST NORTHEAST BANK OF NE,214890,52490,8515,10740,5432,173642,48397.0,5432_20221231,1,1,0.03183561676320111,0.05707586599398858,<1bn
347622,SM,70879.0,20221231,478961,554424,478961,MNB BANK,205228,131664,37453,16306,5434,285955,0.0,5434_20221231,1,1,0.03404452554592127,0.11224087138618802,<1bn
62361,SM,0.0,20221231,74823,94302,74823,FIRST BANK&TRUST CO,36760,12487,14544,1383,5438,53171,0.0,5438_20221231,1,1,0.01848362134637745,0.21286235515817328,<1bn
108887,NM,4940.0,20221231,137737,185854,137737,MINDEN EXCHANGE B&T CO,79691,28878,35321,12459,5439,86387,0.0,5439_20221231,1,1,0.09045499756782854,0.3468929917160966,<1bn
418120,SM,5598.0,20221231,541439,603542,541439,PLATTE VALLEY BANK,66522,123943,1738,17438,5442,494125,21480.0,5442_20221231,1,1,0.032206767521364366,0.035416732078775263,<1bn
15766606,N,4215245.0,20221231,24906792,28274145,24906792,FIRST NATIONAL BANK OF OMAHA,5163349,9165784,588449,1250109,5452,19514445,1513498.0,5452_20221231,1,1,0.05019148993575728,0.07381753539355851,10-100bn
106814,N,0.0,20221231,138081,152633,138081,FIRST NATIONAL BANK IN ORD,54645,31298,11800,24468,5460,70957,2500.0,5460_20221231,1,1,0.17720033893149673,0.26265742571389256,<1bn
183998,NM,55233.0,20221231,197451,242687,197451,CITIZENS BANK&TRUST CO,94106,13528,0,9703,5469,122523,21786.0,5469_20221231,1,1,0.04914130594425959,0.04914130594425959,<1bn
238292,NM,44532.0,20221231,311711,373139,311711,CATTLE BANK&TRUST,82699,73682,2279,14323,5472,257905,0.0,5472_20221231,1,1,0.04594961358437784,0.0532608730522824,<1bn
284752,SM,68812.0,20221231,347545,401999,347545,JONES BANK,179695,63102,0,6907,5473,201506,0.0,5473_20221231,1,1,0.01987368542203168,0.01987368542203168,<1bn
44549,SM,0.0,20221231,54243,58357,54243,STANTON STATE BANK,24036,9705,16394,6277,5478,25735,0.0,5478_20221231,1,1,0.11572000073742233,0.4179525468724075,<1bn
241896,SM,9616.0,20221231,295283,384159,295283,FIRSTBANK OF NEBRASKA,191869,56602,0,7041,5486,171032,34214.0,5486_20221231,1,1,0.023844921651432694,0.023844921651432694,<1bn
129075,NM,17187.0,20221231,176758,217451,176758,STATE NEBRASKA BANK&TRUST,80896,47784,1167,3373,5490,117684,2000.0,5490_20221231,1,1,0.019082587492503876,0.025684834632661604,<1bn
377681,SM,15701.0,20221231,447715,495220,447715,CITIZENS STATE BANK,98574,70335,448,4137,5495,362274,24692.0,5495_20221231,1,1,0.009240253286130685,0.010240889851803044,<1bn
1445109,SM,617.0,20221231,1975260,2373745,1975260,CORNERSTONE BANK,480636,530911,0,133874,5496,1665656,10106.0,5496_20221231,1,1,0.06777538146876867,0.06777538146876867,1-10bn
20333160,SM,6902358.0,20221231,44359079,52953767,44359079,FROST BANK,20840261,24168709,5051587,11828630,5510,16927164,0.0,5510_20221231,1,1,0.2666563478470777,0.3805357861465068,10-100bn
52789,N,2915.0,20221231,82875,89516,82875,CITY NB OF SAN SABA,70701,30088,7752,2301,5518,8596,0.0,5518_20221231,1,1,0.02776470588235294,0.12130316742081448,<1bn
40071,N,9902.0,20221231,50676,56997,50676,SANTA ANNA NATIONAL BANK,20001,10628,0,1212,5520,34007,0.0,5520_20221231,1,1,0.023916646933459625,0.023916646933459625,<1bn
590725,N,30294.0,20221231,911045,872453,911045,FIRST NB OF SHINER,644463,322804,18747,52436,5529,139996,0.0,5529_20221231,1,1,0.05755588362814131,0.07813335235910411,<1bn
369212,N,42964.0,20221231,514277,570735,514277,FIRST NB OF SONORA,85679,145099,0,50015,5531,387065,0.0,5531_20221231,1,1,0.09725303678756779,0.09725303678756779,<1bn
141974,N,86147.0,20221231,353371,387024,353371,FIRST NB OF STANTON,277635,211411,45304,26832,5536,63844,0.0,5536_20221231,1,1,0.0759315280540848,0.2041367288204182,<1bn
185630,N,99522.0,20221231,241305,246668,241305,FIRST NB OF STERLING CITY,194050,55712,45688,20873,5538,28870,0.0,5538_20221231,1,1,0.0865004869356209,0.2758376328712625,<1bn
791653,N,83357.0,20221231,1082170,1206911,1082170,CITY NB OF SULPHUR SPRINGS,314267,290841,73359,44185,5544,776302,0.0,5544_20221231,1,1,0.040829998983523845,0.1086187937200255,1-10bn
194055,N,21554.0,20221231,267707,287284,267707,CITY NATIONAL BANK OF TAYLOR,109520,73653,49684,39029,5548,134108,0.0,5548_20221231,1,1,0.14578998681394212,0.33138095006854507,<1bn
1240479,N,15660.0,20221231,1693367,2007809,1693367,EXTRACO BANKS NATIONAL ASSN,556551,453174,15933,314760,5551,1069712,0.0,5551_20221231,1,1,0.18587819415401385,0.19528725905252672,1-10bn
86397,N,169.0,20221231,105919,120587,105919,FIRST NB OF TOM BEAN,7230,19549,6479,13840,5557,90643,0.0,5557_20221231,1,1,0.1306658861960555,0.1918352703480962,<1bn
177503,NM,4639.0,20221231,252139,295858,252139,CAPTEX BANK,6345,74705,0,13802,5558,259758,0.0,5558_20221231,1,1,0.05473964757534534,0.05473964757534534,<1bn
69073,N,16747.0,20221231,78006,81439,78006,FIRST NB OF TRINITY,33714,8954,215,5200,5559,39081,0.0,5559_20221231,1,1,0.06666153885598544,0.06941773709714637,<1bn
135531,N,2756.0,20221231,164547,179496,164547,FIRST NB OF BOSQUE COUNTY,36594,29022,15383,29860,5564,101111,0.0,5564_20221231,1,1,0.18146790886494435,0.2749548761144232,<1bn
333761,NM,28892.0,20221231,419090,471040,419090,HERRING BANK,37433,87544,4991,62640,5568,348758,0.0,5568_20221231,1,1,0.14946670166312725,0.1613758381254623,<1bn
193678,N,401.0,20221231,326763,365026,326763,WAGGONER NB OF VERNON,124153,133185,16436,5973,5569,212426,0.0,5569_20221231,1,1,0.018279303348298307,0.06857875585669124,<1bn
1138632,N,908.0,20221231,1711785,1907275,1711785,CITIZENS NB OF TEXAS,119515,573461,97605,377249,5574,1314190,0.0,5574_20221231,1,1,0.22038340095280656,0.27740282804207306,1-10bn
645438,N,24887.0,20221231,899387,996094,899387,FIRST NB&T CO OF WEATHERFORD,176185,254234,0,24205,5575,717847,37803.0,5575_20221231,1,1,0.02691277503455131,0.02691277503455131,<1bn
106571,NM,32030.0,20221231,129032,137508,129032,FANNIN BANK,53900,22507,0,3277,5589,72242,798.0,5589_20221231,1,1,0.025396800793601588,0.025396800793601588,<1bn
107041,N,2648.0,20221231,127906,159402,127906,FIRST NB OF WINNSBORO,34199,20924,0,10278,5590,97095,0.0,5590_20221231,1,1,0.08035588635404124,0.08035588635404124,<1bn
157701,N,42465.0,20221231,237998,269016,237998,YOAKUM NATIONAL BANK,98204,80512,0,4710,5595,149647,0.0,5595_20221231,1,1,0.019790082269598903,0.019790082269598903,<1bn
720575,NM,78738.0,20221231,1297698,1436272,1297698,TROY BANK&TRUST CO,416354,577870,0,44226,5598,899762,0.0,5598_20221231,1,1,0.03408034843237795,0.03408034843237795,1-10bn
178465,NM,13267.0,20221231,259464,263108,259464,UNION STATE BANK,85308,81061,4739,29493,5602,75652,0.0,5602_20221231,1,1,0.11366894829340486,0.13193352449665463,<1bn
34640,NM,1369.0,20221231,41884,50525,41884,BANK OF BREWTON,30207,8249,1364,2355,5605,14907,0.0,5605_20221231,1,1,0.05622672142106771,0.08879285646070098,<1bn
604001,NM,0.0,20221231,1017945,1272197,1017945,CHAMBERS BANK,90044,414450,21809,30148,5615,1010816,62651.0,5615_20221231,1,1,0.029616531345013727,0.05104106803412758,1-10bn
23963,NM,309.0,20221231,25802,29551,25802,COMMUNITY STATE BANK,309,1861,0,4700,5619,23521,0.0,5619_20221231,1,1,0.18215642198279203,0.18215642198279203,<1bn
141065,NM,8864.0,20221231,200096,222335,200096,SMACKOVER STATE BANK,91122,59211,439,8071,5623,118438,4000.0,5623_20221231,1,1,0.0403356388933312,0.04252958579881657,<1bn
134410,NM,4723.0,20221231,191668,221352,191668,BODCAW BANK,18211,57362,0,6925,5624,190732,4282.0,5624_20221231,1,1,0.03613018344220214,0.03613018344220214,<1bn
79277,SM,26480.0,20221231,115014,119221,115014,PIGGOTT STATE BANK,40978,35797,3902,15719,5628,59153,0.0,5628_20221231,1,1,0.13667031839602137,0.1705966230198063,<1bn
60060,NM,5992.0,20221231,86774,103044,86774,LOGAN COUNTY BANK,41805,26734,0,3006,5632,51372,3040.0,5632_20221231,1,1,0.03464171295549358,0.03464171295549358,<1bn
3489564,SM,212083.0,20221231,6201948,7517872,6201948,FIRST SECURITY BANK,3094201,2713346,0,428094,5633,3658895,0.0,5633_20221231,1,1,0.06902573191519826,0.06902573191519826,1-10bn
76033,SM,17369.0,20221231,97805,110550,97805,CONNECT BANK,31110,20744,0,3294,5634,69671,0.0,5634_20221231,1,1,0.033679259751546446,0.033679259751546446,<1bn
293455,NM,1680.0,20221231,414639,504000,414639,CS BANK,36144,121335,0,53669,5635,384259,1.0,5635_20221231,1,1,0.12943548484344214,0.12943548484344214,<1bn
88317824,NM,784957.0,20221231,94876159,129592344,94876159,DISCOVER BANK,12248693,6738657,11415657,8197769,5649,104742834,19606078.0,5649_20221231,1,1,0.08640494183580935,0.20672660241230886,>=100bn
852952,NM,360353.0,20221231,1210016,1324883,1210016,CITIZENS BANK&TRUST,646827,357079,82481,18314,5673,620104,0.0,5673_20221231,1,1,0.015135337053394335,0.08330055139766747,1-10bn
631837,NM,172456.0,20221231,817129,831596,817129,BRANNEN BANK,248986,185362,31177,244783,5676,329424,0.0,5676_20221231,1,1,0.2995646954152894,0.3377190137664922,<1bn
422772,NM,114710.0,20221231,612034,666951,612034,SOUTHEASTERN BANK,190579,190446,7377,114632,5685,320107,0.0,5685_20221231,1,1,0.18729678416558557,0.19935003610910504,<1bn
47974,NM,15099.0,20221231,68736,71268,68736,BANK OF EDISON,30559,20775,0,10130,5686,29650,0.0,5686_20221231,1,1,0.14737546554934824,0.14737546554934824,<1bn
681002,NM,88814.0,20221231,997304,1116610,997304,PRIMESOUTH BANK,138978,316492,0,71990,5694,868351,0.0,5694_20221231,1,1,0.07218460970777216,0.07218460970777216,1-10bn
58045,NM,6640.0,20221231,72579,76421,72579,BANK OF WRIGHTSVILLE,30933,14596,0,7080,5699,35129,0.0,5699_20221231,1,1,0.09754887777456289,0.09754887777456289,<1bn
162120,NM,1662.0,20221231,187033,206924,187033,BANK OF NEWINGTON,4729,25026,0,31379,5704,162770,0.0,5704_20221231,1,1,0.1677725321200002,0.1677725321200002,<1bn
62922,NM,32794.0,20221231,134820,146344,134820,FARMERS BANK,72637,71924,0,6944,5709,63205,0.0,5709_20221231,1,1,0.05150571131879543,0.05150571131879543,<1bn
452851,NM,68193.0,20221231,593564,638480,593564,FARMERS&MERCHANTS BANK,96732,141140,21216,92538,5716,429902,2270.0,5716_20221231,1,1,0.15590231213483297,0.19164571975389344,<1bn
101453,NM,9530.0,20221231,116306,137833,116306,PHILO EXCHANGE BANK,52547,14876,20598,6025,5722,73023,0.0,5722_20221231,1,1,0.05180300242463846,0.22890478565164307,<1bn
63077,NM,34.0,20221231,74910,84504,74910,STATE BANK OF ST JACOB,29250,11867,7036,10018,5730,43518,0.0,5730_20221231,1,1,0.13373381391002537,0.2276598584968629,<1bn
133349,NM,29077.0,20221231,153226,169150,153226,STATE BANK OF DAVIS,73678,19944,1636,2734,5740,84511,0.0,5740_20221231,1,1,0.017842924829989688,0.028519963974782347,<1bn
1180044,N,198667.0,20221231,1484771,1817436,1484771,STATE BANK OF THE LAKES NA,265929,304933,0,54915,5744,1315651,131324.0,5744_20221231,1,1,0.03698550146790313,0.03698550146790313,1-10bn
229063,NM,19321.0,20221231,296687,327136,296687,GERMAN-AMERICAN STATE BANK,57075,67868,0,7130,5749,247344,7454.0,5749_20221231,1,1,0.02403206072392791,0.02403206072392791,<1bn
66316,NM,28876.0,20221231,103983,109549,103983,SAVANNA-THOMSON STATE BANK,54649,37695,0,7229,5753,39975,0.0,5753_20221231,1,1,0.06952097939086196,0.06952097939086196,<1bn
411455,NM,148466.0,20221231,545536,721066,545536,FOUNTAIN TRUST CO,334266,134157,91980,21792,5768,323959,0.0,5768_20221231,1,1,0.03994603472548099,0.20855085640544346,<1bn
144509,NM,81913.0,20221231,262963,274404,262963,PEOPLES BANK,144636,118520,0,14679,5779,106508,0.0,5779_20221231,1,1,0.05582154143358571,0.05582154143358571,<1bn
94198,NM,17996.0,20221231,112141,126539,112141,SPENCER COUNTY BANK,30292,17999,0,10039,5786,77773,0.0,5786_20221231,1,1,0.08952122774007723,0.08952122774007723,<1bn
89907,NM,12576.0,20221231,104934,138146,104934,FIRST STATE BANK,70658,15152,23542,11049,5791,48966,0.0,5791_20221231,1,1,0.10529475670421408,0.32964530085577604,<1bn
49628,NM,0.0,20221231,66738,89703,66738,BREDA SAVINGS BANK,35191,17167,0,426,5792,49072,1174.0,5792_20221231,1,1,0.006383170008091342,0.006383170008091342,<1bn
282033,NM,0.0,20221231,350977,377481,350977,EARLHAM SAVINGS BANK,147619,69029,120316,39223,5796,175993,0.0,5796_20221231,1,1,0.1117537616425008,0.4545568513036467,<1bn
160471,NM,4049.0,20221231,213931,238507,213931,FARMERS STATE BANK,90180,53601,6587,4507,5797,133909,26242.0,5797_20221231,1,1,0.02106754046865578,0.051857842014481306,<1bn
296800,N,0.0,20221231,443171,508857,443171,AMERICAN BANK NATIONAL ASSN,7983,146776,0,75484,5800,406014,64904.0,5800_20221231,1,1,0.17032702952133602,0.17032702952133602,<1bn
84589,NM,496.0,20221231,122711,144046,122711,AUDUBON STATE BANK,21412,38189,20916,7496,5814,107795,107.0,5814_20221231,1,1,0.06108661815159195,0.2315358851284726,<1bn
243826,NM,3900.0,20221231,296964,345511,296964,HARDIN COUNTY SAVINGS BANK,145455,53446,0,4170,5817,177652,84925.0,5817_20221231,1,1,0.01404210611387239,0.01404210611387239,<1bn
105324,SM,0.0,20221231,247934,292718,247934,LEE COUNTY BANK,1634,142667,0,64061,5819,202067,0.0,5819_20221231,1,1,0.25837924608968516,0.25837924608968516,<1bn
28160,NM,0.0,20221231,43712,48465,43712,STATE CENTRAL BANK,19137,15559,0,12461,5820,13888,0.0,5820_20221231,1,1,0.28507046120058566,0.28507046120058566,<1bn
180491,NM,1255.0,20221231,248099,319422,248099,FIRST STATE BANK,93585,67732,29392,17591,5821,197375,2733.0,5821_20221231,1,1,0.07090314753384737,0.18937198457067542,<1bn
1117609,N,169701.0,20221231,1310378,1498800,1310378,LANDMARK NATIONAL BANK,491717,192926,121998,28933,5826,843637,1000.0,5826_20221231,1,1,0.02207988839861475,0.11518126830578658,1-10bn
70804,NM,0.0,20221231,87440,107855,87440,CITIZENS STATE BANK&TRUST CO,49056,16652,47072,4835,5830,52238,0.0,5830_20221231,1,1,0.05529505946935041,0.5936299176578225,<1bn
304599,NM,133280.0,20221231,421730,463902,421730,FIRST STATE BANK,224859,118734,0,10122,5835,210784,12591.0,5835_20221231,1,1,0.02400113816897067,0.02400113816897067,<1bn
54759,NM,9395.0,20221231,53247,60067,53247,FARMERS STATE BANK,33104,5334,0,2187,5838,22056,0.0,5838_20221231,1,1,0.04107273649219674,0.04107273649219674,<1bn
92611,NM,22173.0,20221231,103209,110930,103209,PEOPLES BANK MT WASHINGTON,35810,10611,4872,7051,5847,61532,0.0,5847_20221231,1,1,0.0683176854731661,0.11552287106744567,<1bn
1055069,NM,147352.0,20221231,1521047,1734843,1521047,SOUTH CENTRAL BANK INC,277087,466345,34547,125785,5854,1273010,0.0,5854_20221231,1,1,0.08269632693795786,0.1054089715833896,1-10bn
423934,NM,51619.0,20221231,563947,619836,563947,BANK OF OCEAN CITY,228266,140076,51384,14693,5867,352034,0.0,5867_20221231,1,1,0.026053866764075347,0.11716881196282629,<1bn
305432,NM,69890.0,20221231,380348,399464,380348,WOODSBORO BANK,107843,74949,1981,21178,5873,251414,0.0,5873_20221231,1,1,0.05568058725167478,0.0608889753594077,<1bn
676991,NM,111561.0,20221231,809107,904402,809107,CALVIN B TAYLOR BK BERLIN MD,207044,132194,17913,143163,5874,510402,0.0,5874_20221231,1,1,0.17693951479841355,0.1990787374228625,<1bn
387612,NM,44747.0,20221231,448872,521189,448872,FARMERS BANK OF WILLARDS,157905,61389,56172,7509,5885,333540,1988.0,5885_20221231,1,1,0.016728599689889323,0.14186895150510614,<1bn
92748,NM,10272.0,20221231,112999,127639,112999,KALAMAZOO COUNTY STATE BANK,55001,20256,0,5820,5892,60272,0.0,5892_20221231,1,1,0.05150488057416437,0.05150488057416437,<1bn
182563,SM,4018.0,20221231,229210,252978,229210,BANKOKOLONA,69094,46891,11213,8515,5902,156887,0.0,5902_20221231,1,1,0.03714933903407356,0.08606954321364688,<1bn
4408003,NM,108886.0,20221231,5985989,7028113,5985989,BANKPLUS,686194,1526609,34579,137895,5903,5785412,0.0,5903_20221231,1,1,0.023036293584903014,0.02881294970638937,1-10bn
310905,NM,22166.0,20221231,489329,557066,489329,FIRST BANK,161744,178530,82158,41223,5907,325507,0.0,5907_20221231,1,1,0.08424393404028782,0.2521432410504998,<1bn
1002405,NM,273838.0,20221231,1436600,1620439,1436600,PEOPLES BANK,445394,439789,9814,71596,5956,1022325,14992.0,5956_20221231,1,1,0.049837115411388,0.056668522901294725,1-10bn
937424,NM,75571.0,20221231,1632272,1780430,1632272,SUTTON BANK,224332,694889,0,1100552,5962,363775,253415.0,5962_20221231,1,1,0.6742454688924395,0.6742454688924395,1-10bn
1975026,NM,86927.0,20221231,2485265,3002849,2485265,FARMERS&MERCHANTS STATE BANK,382687,511291,93460,82845,5969,2336901,124083.0,5969_20221231,1,1,0.033334473386137896,0.07094012107360785,1-10bn
419996,NM,33408.0,20221231,530040,599690,530040,COMMUNITY BANK,150965,110596,32469,19305,5981,390570,0.0,5981_20221231,1,1,0.0364217794883405,0.0976794204211003,<1bn
116552,NM,53.0,20221231,205628,248450,205628,OKLAHOMA STATE BANK,10065,89198,0,20149,5994,206488,15500.0,5994_20221231,1,1,0.09798762814402708,0.09798762814402708,<1bn
19467,SM,9685.0,20221231,21393,26042,21393,FIRST STATE BANK IN TEMPLE,15629,1944,0,282,5999,9016,0.0,5999_20221231,1,1,0.01318188192399383,0.01318188192399383,<1bn
145142,SM,272.0,20221231,160669,183498,160669,APOLLO TRUST CO,16100,15544,0,5563,6051,153858,0.0,6051_20221231,1,1,0.03462397848993894,0.03462397848993894,<1bn
1241454,N,199709.0,20221231,1424313,1635354,1424313,CORTRUST BANK NATIONAL ASSN,519052,183602,139179,25515,6063,978842,10000.0,6063_20221231,1,1,0.01791389954314817,0.11563048290649597,1-10bn
21105,NM,7156.0,20221231,43604,48608,43604,BRYANT STATE BANK,15822,22518,1896,5658,6064,26120,0.0,6064_20221231,1,1,0.12975873773048344,0.17324098706540683,<1bn
331098,NM,22886.0,20221231,358668,441923,358668,ONE AMERICAN BANK,23611,27857,0,10652,6078,374415,67244.0,6078_20221231,1,1,0.029698774353998685,0.029698774353998685,<1bn
25130,NM,7034.0,20221231,32559,35969,32559,FARMERS STATE BANK OF TURTON,14964,7461,4504,5374,6084,13883,0.0,6084_20221231,1,1,0.16505420928161185,0.3033876961823152,<1bn
939660,SM,289682.0,20221231,2364222,2748882,2364222,FIRST PREMIER BANK,594341,1427057,3868,224596,6085,1799341,157840.0,6085_20221231,1,1,0.09499784707189088,0.09663390324597267,1-10bn
173586,NM,25321.0,20221231,205394,223362,205394,UNION BANK,112512,31908,14543,9847,6088,78278,0.0,6088_20221231,1,1,0.047942004148125064,0.11874738307837619,<1bn
405776,NM,85924.0,20221231,535595,590027,535595,MACON BANK&TRUST CO,261316,130222,1904,10401,6091,282470,0.0,6091_20221231,1,1,0.0194195240806953,0.022974448977305613,<1bn
154963,NM,26533.0,20221231,218346,242664,218346,LINEAGE BANK,46591,63456,0,47572,6100,134224,124309.0,6100_20221231,1,1,0.217874382860231,0.217874382860231,<1bn
154714,SM,5795.0,20221231,229480,253565,229480,DECATUR COUNTY BANK,28143,74970,0,7960,6101,188549,12865.0,6101_20221231,1,1,0.03468711870315496,0.03468711870315496,<1bn
89039,NM,1282.0,20221231,97997,107455,97997,PEOPLES BANK,19475,9066,0,2007,6110,71078,5550.0,6110_20221231,1,1,0.02048021878220762,0.02048021878220762,<1bn
949971,SM,129153.0,20221231,1272297,1616263,1272297,BANK OF CLARKE,149156,322480,0,66531,6123,1312718,4573.0,6123_20221231,1,1,0.05229203558603062,0.05229203558603062,1-10bn
561748,NM,10491.0,20221231,645720,715514,645720,BANK OF BOTETOURT,102502,84296,14477,100655,6137,482340,10498.0,6137_20221231,1,1,0.15588025769683453,0.17830019203369882,<1bn
438656,SM,31375.0,20221231,536402,621921,536402,TOUCHSTONE BANK,76304,97850,0,13533,6139,482335,20422.0,6139_20221231,1,1,0.025229212419043925,0.025229212419043925,<1bn
9335,SM,0.0,20221231,64585,78184,64585,FARMINGTON STATE BANK,40,55371,0,53036,6149,12578,0.0,6149_20221231,1,1,0.8211813888673841,0.8211813888673841,<1bn
52092,NM,13.0,20221231,64738,69453,64738,FARMERS STATE BANK,42434,12646,42421,23095,6156,3501,0.0,6156_20221231,1,1,0.3567456517037907,1.0120176712286446,<1bn
1506452,NM,3588.0,20221231,2305059,2579261,2305059,PEOPLES BANK,324717,798835,145240,393722,6158,1776714,0.0,6158_20221231,1,1,0.1708077754191975,0.23381700858850032,1-10bn
1078909,NM,295274.0,20221231,1489260,1638436,1489260,KITSAP BANK,662417,410582,74978,48652,6161,785115,0.0,6161_20221231,1,1,0.03266857365402952,0.0830143829821522,1-10bn
504857,NM,19961.0,20221231,581224,658250,581224,PENDLETON COMMUNITY BANK INC,101977,76541,14952,12654,6176,504540,1.0,6176_20221231,1,1,0.02177129643648576,0.047496318114874814,<1bn
151889,SM,14669.0,20221231,188109,208221,188109,BANK OF MONROE,59392,36254,2757,17296,6180,116685,0.0,6180_20221231,1,1,0.0919466904826457,0.1066030865083542,<1bn
179760,NM,2068.0,20221231,233773,269358,233773,CITIZENS STATE BANK OF LOYAL,102870,54046,12821,13412,6186,132804,0.0,6186_20221231,1,1,0.05737189495792927,0.11221569642345353,<1bn
229234,NM,5230.0,20221231,304893,351648,304893,CITIZENS STATE BANK,43197,75946,10408,22064,6194,273669,5011.0,6194_20221231,1,1,0.07236637115315865,0.10650293709596481,<1bn
244927,NM,820.0,20221231,295180,333630,295180,STERLING BANK,115300,51090,13524,8095,6195,205184,1.0,6195_20221231,1,1,0.027423944711701335,0.0732400569144251,<1bn
32258,NM,0.0,20221231,38508,43607,38508,HIGHLAND STATE BANK,13464,6272,250,9516,6198,16083,0.0,6198_20221231,1,1,0.24711748208164538,0.25360963955541704,<1bn
705389,N,117616.0,20221231,924344,1055421,924344,COMMUNITY NATIONAL BANK,190026,219030,38232,74032,6271,740333,249.0,6271_20221231,1,1,0.08009139454575354,0.12145261937114321,1-10bn
404107,N,125383.0,20221231,499882,534246,499882,NATIONAL BANK OF MIDDLEBURY,179791,95780,0,13507,6275,307861,0.0,6275_20221231,1,1,0.027020376808926907,0.027020376808926907,<1bn
70855,N,0.0,20221231,75635,84636,75635,FIRST NB OF ORWELL,0,4780,0,19393,6280,62573,0.0,6280_20221231,1,1,0.25640245917895155,0.25640245917895155,<1bn
442070,N,83525.0,20221231,621612,679643,621612,FIRST HOPE BK A NATL BK ASSN,173772,191988,18989,77441,6354,391280,1.0,6354_20221231,1,1,0.12458092829610753,0.15512892286506696,<1bn
254917951,N,79851909.0,20221231,441663089,552307127,441983679,PNC BANK NATIONAL ASSN,140227369,192316195,40242556,34273498,6384,322313154,9531348.0,6384_20221231,1,1,0.07760100142758364,0.16871696063331207,>=100bn
1672072,SM,146976.0,20221231,2341215,2683706,2341215,AMBOY BANK,883719,669790,62536,51396,6423,1568557,0.0,6423_20221231,1,1,0.02195270404469474,0.0486636212393992,1-10bn
149684,N,15561.0,20221231,169667,182394,169667,FIRST NB OF ABSECON,56509,67494,1937,14569,6442,103012,0.0,6442_20221231,1,1,0.08586820065186512,0.09728468116958514,<1bn
266448,N,5563.0,20221231,340381,371525,340381,FIRST NATIONAL BANK OF ELMER,24244,73955,5595,57738,6464,274510,0.0,6464_20221231,1,1,0.16962756440576882,0.1860650271313616,<1bn
188175,N,70627.0,20221231,261378,296562,261378,FIRST NB OF BELLEVUE,102944,73240,0,6340,6528,167946,13742.0,6528_20221231,1,1,0.02425605827575389,0.02425605827575389,<1bn
61060,N,4659.0,20221231,74338,82579,74338,FIRST NB OF BLANCHESTER,22207,13286,11261,11601,6530,43250,0.0,6530_20221231,1,1,0.15605746724420888,0.3075412305953886,<1bn
520985,N,102867.0,20221231,726977,969379,726977,CITIZENS NB OF BLUFFTON,150253,206105,0,16177,6531,773380,19983.0,6531_20221231,1,1,0.022252423391661634,0.022252423391661634,<1bn
2356554,N,602496.0,20221231,3668179,4065303,3668179,FARMERS NB OF CANFIELD,1261886,1313604,51656,69646,6540,2378629,163289.0,6540_20221231,1,1,0.018986532554709026,0.03306872429071755,1-10bn
4154345,SM,923341.0,20221231,5733912,7197574,5733912,PEOPLES BANK,1689498,1614649,152421,137039,6544,4656128,125580.0,6544_20221231,1,1,0.023899738956579732,0.05048211413080633,1-10bn
222013746,N,112445891.0,20221231,453331532,585135605,464820641,U S BANK NATIONAL ASSN,150494020,236877091,13361283,45452963,6548,330951976,28214269.0,6548_20221231,1,1,0.10026428737368306,0.12973782286999616,>=100bn
100957078,N,34259510.0,20221231,151757446,182325674,151757446,HUNTINGTON NATIONAL BANK,40474513,84895501,102749,6481896,6560,118569780,5830571.0,6560_20221231,1,1,0.042712210641710456,0.04338927132445284,>=100bn
211926,N,19003.0,20221231,272844,287699,272844,FIRST NB OF DENNISON,93151,60974,1944,22451,6574,156165,0.0,6574_20221231,1,1,0.08228511530398323,0.08941006582516016,<1bn
47835,N,1369.0,20221231,57352,61181,57352,COMMUNITY FIRST BANK NA,18657,9518,11943,10196,6584,29807,0.0,6584_20221231,1,1,0.1777793276607616,0.3860196680150649,<1bn
62128,N,3400.0,20221231,75547,81229,75547,FIRST NB OF GERMANTOWN,20349,13433,2881,3306,6592,53019,0.0,6592_20221231,1,1,0.0437608376242604,0.08189603822785815,<1bn
7798599,SM,1801981.0,20221231,12798587,16915645,12798587,FIRST FINANCIAL BANK,3509954,5343989,30313,591415,6600,10173912,741242.0,6600_20221231,1,1,0.0462093979593216,0.048577862540607024,10-100bn
947588,N,9141.0,20221231,1111253,1265974,1111253,MERCHANTS NATIONAL BANK,208224,164035,4472,40559,6605,954105,11321.0,6605_20221231,1,1,0.03649843914932063,0.04052272524798583,1-10bn
315744,N,61209.0,20221231,465070,504958,465070,KINGSTON NATIONAL BANK,101477,149458,902,13316,6616,362920,5000.0,6616_20221231,1,1,0.028632248908766422,0.030571741888317887,<1bn
1393449,N,76626.0,20221231,1605886,1915139,1605886,LCNB NATIONAL BANK,310387,212717,75857,19789,6623,1395632,0.0,6623_20221231,1,1,0.01232279252699133,0.05955964495611768,1-10bn
734115,N,177835.0,20221231,1174120,1361287,1174120,VINTON COUNTY NATIONAL BANK,368129,440242,85237,34909,6636,908670,15042.0,6636_20221231,1,1,0.029732054645181073,0.10232855244779068,1-10bn
134413,N,3326.0,20221231,172898,188801,172898,FIRST NB OF MCCONNELSVILLE,50496,38545,42744,18055,6637,105129,0.0,6637_20221231,1,1,0.10442573077768395,0.3516466355886129,<1bn
66283,N,16485.0,20221231,85758,111611,85758,CITIZENS NB MCCONNELSVILLE,21675,19497,2403,8692,6638,75753,0.0,6638_20221231,1,1,0.10135497562909583,0.12937568506728236,<1bn
175987,N,1218.0,20221231,227624,277102,227624,1ST NATIONAL BANK,38333,51790,0,11518,6646,192690,6025.0,6646_20221231,1,1,0.050600991108143256,0.050600991108143256,<1bn
6164654,N,756761.0,20221231,8534320,9815951,8534320,PARK NATIONAL BANK,1734378,2370512,0,192766,6653,7055945,0.0,6653_20221231,1,1,0.02258715398532045,0.02258715398532045,1-10bn
134868,NM,14592.0,20221231,191149,201947,191149,PEOPLES STATE BANK,56831,56346,25006,5789,6659,131075,3999.0,6659_20221231,1,1,0.030285274837953638,0.16110468796593233,<1bn
201047,NM,0.0,20221231,249591,324718,249591,RIVERHILLS BANK,113024,48573,0,4284,6662,190714,39220.0,6662_20221231,1,1,0.01716408043559263,0.01716408043559263,<1bn
171678,N,15678.0,20221231,222455,241932,222455,FIRST NB OF PANDORA,61930,50816,9657,5136,6671,157310,0.0,6671_20221231,1,1,0.02308781551324987,0.06649884246252051,<1bn
94219223,N,36889882.0,20221231,169348160,206289179,169530550,FIFTH THIRD BANK NA,50646810,88345349,2495067,11662599,6672,120292189,4991236.0,6672_20221231,1,1,0.06886758616095977,0.08360094375988496,>=100bn
53978,N,7200.0,20221231,72310,79774,72310,HOME NATIONAL BANK,24427,18342,2363,2426,6680,47153,0.0,6680_20221231,1,1,0.033549993085327065,0.0662287373807219,<1bn
204214,NM,7324.0,20221231,229300,259113,229300,SOMERVILLE BANK,63331,25252,0,5273,6700,182428,0.0,6700_20221231,1,1,0.02299607501090275,0.02299607501090275,<1bn
136587,N,17170.0,20221231,161077,200893,161077,FIRST NB OF SYCAMORE,77139,24509,0,2829,6706,107965,0.0,6706_20221231,1,1,0.017563028861972845,0.017563028861972845,<1bn
124446,N,3520.0,20221231,184752,224435,184752,FIRST NB OF WAVERLY,111670,60312,0,5108,6725,93152,0.0,6725_20221231,1,1,0.027647873906642417,0.027647873906642417,<1bn
82526,N,0.0,20221231,97677,108095,97677,NATIONAL BK ADAMS CNTY W UNI,39402,15222,36707,13872,6728,43433,0.0,6728_20221231,1,1,0.14201910378082866,0.5178189338329392,<1bn
118603,N,12654.0,20221231,159738,164739,159738,CITIZENS NB OF WOODSFIELD,77047,41147,16818,23799,6732,58503,0.0,6732_20221231,1,1,0.14898771738722158,0.2542726214175713,<1bn
360083,NM,2267.0,20221231,520054,591030,520054,CITIZENS BANK OF WEST VA INC,86612,160102,33009,29113,6760,443276,71694.0,6760_20221231,1,1,0.05598072507854954,0.11945297988285832,<1bn
91261,N,0.0,20221231,137271,143807,137271,FAYETTE CNTY NB FAYETTEVILLE,70610,46027,0,2250,6762,66151,0.0,6762_20221231,1,1,0.016390934720370655,0.016390934720370655,<1bn
141252,N,6459.0,20221231,166961,187196,166961,MOUNTAIN VALLEY BANK N A,66915,25733,0,8070,6786,106982,0.0,6786_20221231,1,1,0.0483346410239517,0.0483346410239517,<1bn
72843,N,13243.0,20221231,77244,84376,77244,FIRST NB OF PETERSTOWN,26351,4410,0,8382,6787,40641,0.0,6787_20221231,1,1,0.10851328258505515,0.10851328258505515,<1bn
161112,NM,13067.0,20221231,211051,253730,211051,FNB BANK INC,38826,50043,0,7541,6794,192306,14980.0,6794_20221231,1,1,0.03573070016251996,0.03573070016251996,<1bn
107915,NM,6153.0,20221231,150157,163153,150157,FIRST NEIGHBORHOOD BANK,51864,42263,12153,7941,6800,84675,0.0,6800_20221231,1,1,0.0528846474023855,0.13381993513455917,<1bn
221506,NM,26878.0,20221231,304606,358470,304606,MCNB BANK&TRUST CO,64790,83207,2282,12876,6803,257497,0.0,6803_20221231,1,1,0.042270999258057954,0.049762644202674934,<1bn
81720,N,2207.0,20221231,90082,107865,90082,FIRST NB OF WILLIAMSON,28231,8468,7250,8723,6805,69499,0.0,6805_20221231,1,1,0.09683399569281322,0.17731622299682512,<1bn
671120,N,65677.0,20221231,899269,968038,899269,FIRST NATIONAL BANK,251113,228309,150976,36771,6811,628471,0.0,6811_20221231,1,1,0.04088987833451392,0.208777351382067,<1bn
239667,SM,4949.0,20221231,279177,316208,279177,FARMERS BANK OF APPOMATTOX,72463,39656,0,7686,6813,214894,0.0,6813_20221231,1,1,0.02753092124351218,0.02753092124351218,<1bn
893210,N,98693.0,20221231,1558106,1674446,1558106,NATIONAL BANK OF BLACKSBURG,656852,665002,936,71428,6821,844519,0.0,6821_20221231,1,1,0.0458428373936048,0.04644356674064537,1-10bn
1626414,N,271474.0,20221231,2600233,3061152,2600233,AMERICAN NB&T CO,606424,974159,139427,73340,6837,2167955,0.0,6837_20221231,1,1,0.028205164691010382,0.08182612865847022,1-10bn
755439,N,52673.0,20221231,920391,997453,920391,SKYLINE NATIONAL BANK,135206,165047,4834,30101,6861,748624,0.0,6861_20221231,1,1,0.03270457881487324,0.037956694491797505,<1bn
749668,SM,161823.0,20221231,1170946,1325130,1170946,CHESAPEAKE BANK,445612,421355,0,26396,6862,768679,1964.0,6862_20221231,1,1,0.02254245712441052,0.02254245712441052,1-10bn
275891,N,6496.0,20221231,420998,463718,420998,POWELL VALLEY NATIONAL BANK,71938,145296,34810,63865,6863,305232,0.0,6863_20221231,1,1,0.15169905795276936,0.23438353626383024,<1bn
913983,N,88913.0,20221231,1168429,1347151,1168429,OLD POINT NB OF PHOEBUS,218584,254699,7671,19734,6892,1016980,0.0,6892_20221231,1,1,0.016889344581485055,0.023454570196391907,1-10bn
195504,SM,1792.0,20221231,260957,292726,260957,PIONEER BANK,62241,65674,14670,15204,6913,205698,498.0,6913_20221231,1,1,0.058262472361346886,0.11447863057898428,<1bn
923599,SM,165557.0,20221231,1254049,1369639,1254049,FIRST BANK,316065,330640,49440,66914,6917,913076,0.0,6917_20221231,1,1,0.053358361595121084,0.09278265841286903,1-10bn
1159827,N,201822.0,20221231,1775902,2163105,1775902,EVANS BANK NATIONAL ASSN,371275,616577,42900,23058,6947,1652931,6521.0,6947_20221231,1,1,0.01298382455788664,0.03714056293646834,1-10bn
157418,N,19459.0,20221231,240076,257690,240076,CAYUGA LAKE NATIONAL BANK,67493,82728,3198,11446,6954,168718,23420.0,6954_20221231,1,1,0.047676569086455955,0.06099735083890102,<1bn
428343,N,23562.0,20221231,657954,753438,657954,BALLSTON SPA NATIONAL BANK,81436,229712,23412,19985,6959,619300,0.0,6959_20221231,1,1,0.030374463868294743,0.06595749854853075,<1bn
5137944,SM,947209.0,20221231,10275348,13173581,10275348,DIME COMMUNITY BANK,1533896,5371602,227256,165228,6976,10483324,538852.0,6976_20221231,1,1,0.016080039332974416,0.03819666253639293,10-100bn
2551510,N,526148.0,20221231,3777679,4739658,3777679,CANANDAIGUA NB&T CO,1077550,1228526,6677,61705,6985,3442006,250525.0,6985_20221231,1,1,0.016334103559354832,0.018101590950422203,1-10bn
9678840,N,396902.0,20221231,13252645,15614778,13252645,COMMUNITY BANK NATIONAL ASSN,5224432,5546727,4257884,196228,6989,8748335,0.0,6989_20221231,1,1,0.014806704623869424,0.3360923045927813,10-100bn
110942,N,18979.0,20221231,144167,184388,144167,PUTNAM COUNTY NB OF CARMEL,31379,33231,12400,31427,6990,116157,0.0,6990_20221231,1,1,0.21799024742139325,0.3040016092448341,<1bn
279906,N,20760.0,20221231,432840,506511,432840,NATIONAL BANK OF COXSACKIE,141687,152993,56865,11487,7018,339463,0.0,7018_20221231,1,1,0.02653867479900194,0.157915164957028,<1bn
266984,N,65647.0,20221231,344608,376554,344608,DELAWARE NB OF DELHI,81627,77691,0,29410,7025,246204,0.0,7025_20221231,1,1,0.08534334664314236,0.08534334664314236,<1bn
132456,N,892.0,20221231,218786,232470,218786,FIRST NB OF DRYDEN,116082,86335,0,37057,7031,69592,0.0,7031_20221231,1,1,0.1693755541945097,0.1693755541945097,<1bn
1540745,N,261914.0,20221231,3465484,4279384,3465484,FIRST NB OF LONG ISLAND,673413,1977231,0,74131,7072,3280301,175707.0,7072_20221231,1,1,0.02139124001149623,0.02139124001149623,1-10bn
2476714,N,313574.0,20221231,2792798,3125180,2792798,GLENS FALLS NB&T CO,576554,359158,0,48630,7074,2282312,0.0,7074_20221231,1,1,0.017412644953197474,0.017412644953197474,1-10bn
142069,N,24640.0,20221231,190538,212703,190538,FIRST NB OF GROTON,105999,48511,0,9215,7085,91379,0.0,7085_20221231,1,1,0.04836305618826691,0.04836305618826691,<1bn
516449,NM,12686.0,20221231,618957,683198,618957,JEFF BANK,244915,102535,0,76708,7123,320178,0.0,7123_20221231,1,1,0.1239310646781602,0.1239310646781602,<1bn
1061239,N,90928.0,20221231,1623700,1753561,1623700,LYONS NATIONAL BANK,347283,563167,0,41173,7151,1278243,123069.0,7151_20221231,1,1,0.025357516782656894,0.025357516782656894,1-10bn
233462000,N,97935000.0,20221231,777024000,1764139000,1399631000,CITIBANK NATIONAL ASSN,485347000,635871000,223950000,330199000,7213,625986000,83238000.0,7213_20221231,1,1,0.42495341199242237,0.7131684478214315,>=100bn
6081299,N,1523539.0,20221231,9636267,11659908,9636267,NBT BANK NATIONAL ASSN,2453027,3555342,121658,194171,7230,8049909,19427.0,7230_20221231,1,1,0.0201500228252289,0.032775036225127424,10-100bn
29177,NM,0.0,20221231,97090,167484,97090,WSB MUNICIPAL BANK,153277,67913,10312,11265,7274,0,0.0,7274_20221231,1,1,0.11602636728808322,0.22223709959831084,<1bn
282975,N,93900.0,20221231,404482,460999,404482,CHAMPLAIN NATIONAL BANK,128296,121581,4749,6683,7356,294829,25157.0,7356_20221231,1,1,0.016522366879119465,0.02826330961575546,<1bn
640707,NM,158806.0,20221231,1007973,1326957,1007973,FIRST KEYSTONE CMTY BANK,373444,367467,6801,10738,7404,850195,20000.0,7404_20221231,1,1,0.010653063127682983,0.01740026766589978,1-10bn
447112,NM,6891.0,20221231,904840,1078774,904840,CENTRIC BANK,39760,457838,0,39119,7461,962064,0.0,7461_20221231,1,1,0.04323305777817073,0.04323305777817073,1-10bn
5940776,NM,1130892.0,20221231,8039401,9776999,8039401,FIRST COMMONWEALTH BANK,1223172,2099215,0,148486,7468,7551098,0.0,7468_20221231,1,1,0.018469784005052118,0.018469784005052118,1-10bn
1034387,NM,173578.0,20221231,1420868,1723486,1420868,FNCB BANK,476216,386583,32133,29931,7472,1110184,23935.0,7472_20221231,1,1,0.021065292483186334,0.043680341875529605,1-10bn
1355918,N,123047.0,20221231,1643543,1856294,1643543,EPHRATA NATIONAL BANK,536487,287975,32657,37556,7493,1182894,19518.0,7493_20221231,1,1,0.022850634269988675,0.04272051294064104,1-10bn
1887111,NM,298997.0,20221231,2201468,2487272,2201468,ACNB BANK,619652,314408,0,151131,7506,1520872,0.0,7506_20221231,1,1,0.06865010075095346,0.06865010075095346,1-10bn
2404060,NM,213586.0,20221231,3046957,3553618,3046957,PEOPLES SECURITY B&T CO,568882,643651,180297,37869,7514,2702644,23614.0,7514_20221231,1,1,0.012428465514938347,0.07160127300779105,1-10bn
601046,N,80487.0,20221231,783846,921260,783846,HONESDALE NATIONAL BANK,224161,183224,54195,17280,7526,625486,0.0,7526_20221231,1,1,0.02204514662318874,0.0911850031766444,<1bn
795372,SM,103630.0,20221231,1111276,1350198,1111276,AMERISERV FINANCIAL BANK,231750,316497,0,20465,7542,980082,0.0,7542_20221231,1,1,0.018415767100162336,0.018415767100162336,1-10bn
13694776,N,2220508.0,20221231,20834546,26819331,20834546,FULTON BANK NATIONAL ASSN,4051431,7423171,218485,596317,7551,20016468,125957.0,7551_20221231,1,1,0.028621549996817784,0.03910821958875418,10-100bn
336452,NM,0.0,20221231,448517,549688,448517,LUZERNE BANK,40053,112329,0,19479,7586,449159,0.0,7586_20221231,1,1,0.04342979195883322,0.04342979195883322,<1bn
126256,N,13446.0,20221231,179435,204601,179435,NATIONAL BANK OF MALVERN,39345,53225,2062,20531,7590,139448,0.0,7590_20221231,1,1,0.11442026360520523,0.12591189009947892,<1bn
1127258,SM,65342.0,20221231,1858979,2329851,1858979,FIRST CITIZENS CMTY BANK,439598,732173,148570,31857,7593,1707172,16008.0,7593_20221231,1,1,0.01713682618254429,0.09705704045069902,1-10bn
179677,SM,44130.0,20221231,225057,245314,225057,JIM THORPE NEIGHBORHOOD BANK,98876,45420,12803,12685,7599,122641,0.0,7599_20221231,1,1,0.056363499024691524,0.11325130966821738,<1bn
436362,NM,70477.0,20221231,585308,706440,585308,PENNIAN BANK,186059,149061,2724,22644,7613,455922,0.0,7613_20221231,1,1,0.038687323597148854,0.043341283563525526,<1bn
584629,NM,215179.0,20221231,711571,829946,711571,JUNIATA VALLEY BANK,283285,127275,0,10999,7614,480485,0.0,7614_20221231,1,1,0.015457347193744546,0.015457347193744546,<1bn
136787,NM,41982.0,20221231,148912,157425,148912,UNB BANK,48877,12219,0,2034,7631,86320,0.0,7631_20221231,1,1,0.013659073815407758,0.013659073815407758,<1bn
312939,N,69136.0,20221231,371659,467856,371659,NEFFS NATIONAL BANK,212732,59218,0,9467,7646,235088,0.0,7646_20221231,1,1,0.02547227431597244,0.02547227431597244,<1bn
926028,N,347241.0,20221231,1181993,1262967,1181993,FIRST NB&T CO OF NEWTOWN,660334,255989,9834,120157,7658,415511,0.0,7658_20221231,1,1,0.10165627038400396,0.10997611660982765,1-10bn
403474,SM,22316.0,20221231,540274,617196,540274,NEW TRIPOLI BANK,109823,137238,0,13463,7659,455621,0.0,7659_20221231,1,1,0.024918837478760777,0.024918837478760777,<1bn
494743,N,114354.0,20221231,622282,684076,622282,NORTHUMBERLAND NATIONAL BANK,216083,127763,0,12182,7666,418354,0.0,7666_20221231,1,1,0.019576333559383045,0.019576333559383045,<1bn
602110,SM,109451.0,20221231,873704,986974,873704,FIRST NORTHERN BANK&TRUST CO,222236,271892,0,191595,7675,528394,0.0,7675_20221231,1,1,0.21929051486544643,0.21929051486544643,<1bn
927404,NM,357003.0,20221231,1418369,1655674,1418369,QNB BANK,546224,491245,0,15546,7714,1028874,9043.0,7714_20221231,1,1,0.010960476434552644,0.010960476434552644,1-10bn
3107989,SM,420419.0,20221231,6043449,7207694,6043449,UNIVEST BANK&TRUST CO,506782,2995727,0,152516,7759,6049263,62714.0,7759_20221231,1,1,0.025236582620288515,0.025236582620288515,1-10bn
142017,N,605.0,20221231,151075,180802,151075,TURBOTVILLE NATIONAL BANK,36381,9755,2352,7467,7789,125943,0.0,7789_20221231,1,1,0.04942578189640907,0.06499420817474764,<1bn
1324167,NM,227946.0,20221231,2016666,2439371,2016666,CITIZENS&NORTHERN BANK,485937,689435,31836,53409,7799,1723967,20983.0,7799_20221231,1,1,0.02648381040787121,0.0422702619075246,1-10bn
915155,NM,121069.0,20221231,1282916,1407091,1282916,COMMUNITY BANK,188235,368092,0,103597,7848,1037054,0.0,7848_20221231,1,1,0.08075119493404088,0.08075119493404088,1-10bn
672768,N,39148.0,20221231,874583,1011490,874583,FARMERS NB OF EMLENTON,126972,202094,0,20232,7875,784097,0.0,7875_20221231,1,1,0.023133310389065416,0.023133310389065416,1-10bn
265750,N,79880.0,20221231,328079,351568,328079,FIRST UNITED NATIONAL BANK,142295,62418,0,16501,7886,174044,0.0,7886_20221231,1,1,0.050295812898722564,0.050295812898722564,<1bn
19393443,N,5582441.0,20221231,35472158,43726588,35472158,FIRST NB OF PENNSYLVANIA,7361978,16137528,257977,1683842,7888,29941345,349883.0,7888_20221231,1,1,0.04746939839408699,0.05474205995586736,10-100bn
868127,N,24881.0,20221231,1808233,1991078,1808233,NEXTIER BANK NATIONAL ASSN,304607,940585,177338,39052,7900,1523842,0.0,7900_20221231,1,1,0.02159677430950547,0.11966931252775499,1-10bn
311856,NM,0.0,20221231,355933,384898,355933,MARION CENTER BANK,76182,44228,3484,5385,7909,285470,0.0,7909_20221231,1,1,0.015129251853579185,0.02491761089868037,<1bn
325725,NM,62745.0,20221231,481422,514573,481422,MARS BANK,145693,156562,36745,24602,7910,318846,0.0,7910_20221231,1,1,0.051102774696627905,0.1274287423507858,<1bn
8619000,N,125000.0,20221231,26434000,31424000,26434000,BNY MELLON NATIONAL ASSN,130000,17851000,5000,6490000,7946,19652000,2775000.0,7946_20221231,1,1,0.2455171370205039,0.2457062873571915,10-100bn
779861,NM,248230.0,20221231,1143148,1330782,1143148,SVG BANK OF MENDOCINO COUNTY,544645,363343,0,10495,8011,674482,0.0,8011_20221231,1,1,0.009180788489329466,0.009180788489329466,1-10bn
393113,SM,127393.0,20221231,989936,1174347,989936,GROVE BANK&TRUST,528595,596965,314053,172149,8018,417753,0.0,8018_20221231,1,1,0.17389912075124048,0.49114488209338786,1-10bn
503856,NM,82941.0,20221231,859855,972344,859855,WAUCHULA STATE BANK,252888,356009,7350,167057,8021,538907,0.0,8021_20221231,1,1,0.19428508295003227,0.2028330358025481,<1bn
115034,NM,11385.0,20221231,147771,155078,147771,MOUNT VERNON BANK,49439,32860,4844,20561,8028,77979,0.0,8028_20221231,1,1,0.13914096811959045,0.17192141895229782,<1bn
320048,SM,90086.0,20221231,730609,806801,730609,CITIZENS TRUST BANK,177734,410616,62989,228685,8033,337869,0.0,8033_20221231,1,1,0.3130059991048564,0.3992203764256942,<1bn
172636,NM,28663.0,20221231,235968,286130,235968,BATH STATE BANK,67206,63534,0,2442,8035,202909,0.0,8035_20221231,1,1,0.01034886086248983,0.01034886086248983,<1bn
7387330,NM,1132538.0,20221231,9925223,12354380,9925223,MERCHANTS BANK OF INDIANA,1432641,2560839,28213,222194,8056,10288369,2762744.0,8056_20221231,1,1,0.022386801787728096,0.02522935756707935,10-100bn
320844,NM,31379.0,20221231,537378,585259,537378,NORTH SALEM STATE BANK,68095,216702,1974,17677,8063,458752,0.0,8063_20221231,1,1,0.03289490823963765,0.03656830015370931,<1bn
54848,NM,4269.0,20221231,87364,108170,87364,COMMUNITY STATE BANK,13774,32595,0,3945,8067,85580,2092.0,8067_20221231,1,1,0.04515589945515315,0.04515589945515315,<1bn
174493,SM,743.0,20221231,295534,333665,295534,GARRETT STATE BANK,35730,121128,0,37439,8074,254967,18886.0,8074_20221231,1,1,0.12668254752414274,0.12668254752414274,<1bn
156039,NM,21772.0,20221231,219196,242787,219196,FAIRFAX STATE SAVINGS BANK,89002,63606,0,9069,8083,134165,0.0,8083_20221231,1,1,0.041373930181207684,0.041373930181207684,<1bn
275638,NM,7138.0,20221231,394410,435210,394410,NSB BANK,110898,118888,59879,7608,8094,293976,0.0,8094_20221231,1,1,0.01928957176542177,0.1711087447072843,<1bn
403111,SM,22838.0,20221231,551542,643059,551542,PRIMEBANK,57483,149121,3869,15460,8101,550164,13494.0,8101_20221231,1,1,0.028030503569991042,0.03504538185668544,<1bn
39616,SM,0.0,20221231,44831,54829,44831,NEW CENTURY BANK,0,5243,0,2058,8108,44331,1504.0,8108_20221231,1,1,0.04590573487095983,0.04590573487095983,<1bn
32889,NM,559.0,20221231,56252,58081,56252,STATE BANK OF SPRING HILL,36777,23369,15296,7082,8110,12808,0.0,8110_20221231,1,1,0.12589774585792504,0.3978169665078575,<1bn
227403,SM,718.0,20221231,276303,291931,276303,PEOPLES B&T CO OF HAZARD,50222,48996,12146,15848,8117,204177,0.0,8117_20221231,1,1,0.0573573214912614,0.10131630854532886,<1bn
155132,NM,9136.0,20221231,176088,235389,176088,BANK OF JAMESTOWN,80506,21073,4353,10426,8118,136761,0.0,8118_20221231,1,1,0.05920903184771251,0.08392962609604289,<1bn
291445,NM,19512.0,20221231,372913,450910,372913,MAGNOLIA BANK INC,165575,81669,65720,8572,8120,236710,98239.0,8120_20221231,1,1,0.022986594728529174,0.19922072976806923,<1bn
49336,NM,0.0,20221231,56351,67386,56351,SECURITY BANK&TRUST CO,29162,7028,1479,11688,8121,25360,0.0,8121_20221231,1,1,0.20741424287057905,0.23366044968146085,<1bn
164849,NM,41412.0,20221231,201721,242712,201721,FIRST&PEOPLES BANK&TRUST CO,100943,36886,3578,6415,8122,117998,0.0,8122_20221231,1,1,0.031801349388511854,0.04953871932024925,<1bn
116709,NM,2923.0,20221231,128563,146488,128563,COMMONWEALTH CMTY BANK INC,88694,11941,0,7645,8126,39437,0.0,8126_20221231,1,1,0.059465009372836664,0.059465009372836664,<1bn
2314591,SM,434646.0,20221231,2903317,3469556,2903317,INDEPENDENCE BANK OF KY,1425657,588982,0,83888,8136,1825757,92539.0,8136_20221231,1,1,0.028893847967686615,0.028893847967686615,1-10bn
94423,NM,33841.0,20221231,143190,151459,143190,COLFAX BANKING CO,67430,48836,1379,8411,8140,59799,0.0,8140_20221231,1,1,0.05874013548432153,0.06837069627767302,<1bn
684846,NM,0.0,20221231,1163928,1298588,1163928,SABINE STATE BANK&TRUST CO,171609,479135,52464,207029,8141,880199,1.0,8141_20221231,1,1,0.17787096796365412,0.22294592105353594,1-10bn
57756,SM,0.0,20221231,63469,80293,63469,BANK OF GUEYDAN,55117,5722,5955,4374,8144,19748,0.0,8144_20221231,1,1,0.06891553356756842,0.16274086561943626,<1bn
986975,NM,307029.0,20221231,1217331,1415309,1217331,FIRST AMERICAN BANK&TRUST,522307,231319,9667,62862,8149,773683,0.0,8149_20221231,1,1,0.051639200841841704,0.05958034421205079,1-10bn
2330622,NM,1084055.0,20221231,4831123,5559387,4831123,CAMBRIDGE TRUST CO,1205413,2500501,3970,30719,8152,4025082,381566.0,8152_20221231,1,1,0.006358563009056072,0.007180318116512455,1-10bn
243319,NM,0.0,20221231,334328,366226,334328,STATE SAVINGS BANK,47097,91044,43548,41616,8162,252035,0.0,8162_20221231,1,1,0.1244765619391735,0.2547318800698715,<1bn
274172,NM,21611.0,20221231,337268,370352,337268,HONOR BANK,47618,63115,1007,16939,8165,270944,0.0,8165_20221231,1,1,0.05022415408517855,0.053209910219765885,<1bn
256429,NM,44133.0,20221231,348838,401813,348838,LAKE-OSCEOLA STATE BANK,129510,92478,0,18574,8172,227304,0.0,8172_20221231,1,1,0.05324534597721579,0.05324534597721579,<1bn
88572,SM,995.0,20221231,142128,168005,142128,CITIZENS STATE BANK,46323,53629,0,5442,8183,107958,10000.0,8183_20221231,1,1,0.038289429246876054,0.038289429246876054,<1bn
198215,NM,713.0,20221231,276234,305797,276234,FLAGSHIP BANK MINNESOTA,17795,78204,17082,10875,8188,266217,0.0,8188_20221231,1,1,0.039368796020765005,0.10120767175655422,<1bn
46428,NM,0.0,20221231,52559,64121,52559,STATE BANK OF LISMORE,1021,6171,976,4174,8190,52216,1233.0,8190_20221231,1,1,0.07941551399379744,0.0979851214825244,<1bn
65623,NM,7559.0,20221231,83105,84963,83105,FIRST STATE BANK OF RED WING,40667,17510,1800,8417,8191,30850,0.0,8191_20221231,1,1,0.10128151134107455,0.12294085795078515,<1bn
103329,NM,16478.0,20221231,141145,164065,141145,LAKE COMMUNITY BANK,27556,37858,0,20440,8193,106079,0.0,8193_20221231,1,1,0.14481561514754332,0.14481561514754332,<1bn
35205,NM,1019.0,20221231,46086,65941,46086,PORTAGE BANK,4225,10939,1856,2391,8197,56492,6286.0,8197_20221231,1,1,0.05188126546022653,0.0921537994184785,<1bn
431130,NM,49571.0,20221231,520345,581176,520345,CITIZENS BANK MINNESOTA,169065,89566,30359,13617,8200,366428,0.0,8200_20221231,1,1,0.02616917621962352,0.08451315953838319,<1bn
105452,NM,22587.0,20221231,147087,167029,147087,AMERICANA COMMUNITY BANK,35852,41689,0,10075,8205,113444,0.0,8205_20221231,1,1,0.06849687599855868,0.06849687599855868,<1bn
78008,NM,3804.0,20221231,101654,114539,101654,PRAIRIE SUN BANK,39169,25402,9972,11296,8207,57999,3174.0,8207_20221231,1,1,0.11112204143467055,0.20921950931591476,<1bn
116080,NM,0.0,20221231,140293,152611,140293,FREEPORT STATE BANK,44222,24265,22433,15337,8210,85518,500.0,8210_20221231,1,1,0.10932120633246135,0.26922227053381137,<1bn
122703,NM,55295.0,20221231,166947,170532,166947,FARMERS STATE BANK OF HAMEL,94763,44309,33752,10191,8214,56804,0.0,8214_20221231,1,1,0.06104332512713616,0.26321527191264293,<1bn
20653,NM,3.0,20221231,22725,26621,22725,FIRST STB OF SWANVILLE,3257,2077,3254,6020,8218,16949,0.0,8218_20221231,1,1,0.2649064906490649,0.4080968096809681,<1bn
222431,SM,20912.0,20221231,268130,309602,268130,COPIAH BANK,76404,45871,1927,10373,8231,204195,9998.0,8231_20221231,1,1,0.03868645806138813,0.045873270428523474,<1bn
266665,NM,5627.0,20221231,366841,474842,366841,BANK OF HOLLY SPRINGS,34846,100442,4934,19610,8232,392931,0.0,8232_20221231,1,1,0.05345640209245968,0.06690637088002704,<1bn
222222,NM,8613.0,20221231,349976,392055,349976,RIVERHILLS BANK,189427,127923,4245,47927,8234,141425,0.0,8234_20221231,1,1,0.13694367613779232,0.14907307929686608,<1bn
980674,NM,210367.0,20221231,1573671,1896312,1573671,PLANTERS BANK&TRUST CO,616370,594345,14175,31728,8235,1119138,71070.0,8235_20221231,1,1,0.020161774602188133,0.02916937530144484,1-10bn
118668,NM,5395.0,20221231,162615,183975,162615,BANK OF ANGUILLA,43772,44073,10562,6112,8243,92990,0.0,8243_20221231,1,1,0.03758570857546967,0.10253666635919195,<1bn
142518,NM,4528.0,20221231,170776,188435,170776,BANK OF WIGGINS,76627,28550,0,5231,8250,91795,0.0,8250_20221231,1,1,0.030630767789384925,0.030630767789384925,<1bn
131750,SM,25231.0,20221231,156943,176205,156943,ADRIAN BANK,66548,26611,0,10216,8251,96553,0.0,8251_20221231,1,1,0.06509369643756013,0.06509369643756013,<1bn
608019,SM,2096.0,20221231,1028155,1188472,1028155,OLD MISSOURI BANK,38303,422159,2391,67324,8252,1045090,97118.0,8252_20221231,1,1,0.0654803993561282,0.06780592420403539,1-10bn
839100,SM,3664.0,20221231,1119164,1300407,1119164,MONTGOMERY BANK,345799,280407,314766,18414,8255,832223,13010.0,8255_20221231,1,1,0.0164533526811084,0.29770435789571503,1-10bn
62727,NM,1964.0,20221231,64235,72897,64235,FARMERS BANK OF LOHMAN MO,37699,1522,3631,7336,8268,23500,0.0,8268_20221231,1,1,0.11420565112477621,0.17073246672374873,<1bn
9939041,N,6947670.0,20221231,32829617,38279055,32829617,UMB BANK NATIONAL ASSN,12875779,24657778,777070,1667372,8273,20841331,70.0,8273_20221231,1,1,0.05078865220998466,0.07445843794035124,10-100bn
170432,SM,8587.0,20221231,197248,214433,197248,EXCHANGE BANK OF NE MO,61399,26939,6399,7156,8274,132964,0.0,8274_20221231,1,1,0.03627920181700195,0.06872059539260221,<1bn
74101,NM,2161.0,20221231,102708,116885,102708,ALTON BANK,45233,28670,962,7586,8276,57268,5052.0,8276_20221231,1,1,0.0738598745959419,0.08322623359426724,<1bn
155926,NM,20.0,20221231,193039,220071,193039,FIRST MISSOURI STATE BANK,519,37298,0,20315,8282,180594,2357.0,8282_20221231,1,1,0.10523780168774186,0.10523780168774186,<1bn
511941,NM,17243.0,20221231,674420,817248,674420,LEAD BANK,47059,162648,10500,93114,8283,613400,215850.0,8283_20221231,1,1,0.13806530055455057,0.1536342338602058,<1bn
192228,NM,19722.0,20221231,228451,255661,228451,O BANNON BANKING CO,44623,36384,6247,10251,8295,189857,0.0,8295_20221231,1,1,0.04487176681213915,0.07221679922609225,<1bn
195585,SM,1175.0,20221231,227127,253545,227127,CENTURY BANK OF THE OZARKS,5785,31644,1384,32957,8296,199627,0.0,8296_20221231,1,1,0.14510384058258155,0.1511973477393705,<1bn
92698,NM,38883.0,20221231,131071,146251,131071,FIRST STATE BANK OF FORSYTH,70982,38434,0,5508,8317,65390,0.0,8317_20221231,1,1,0.042023025688367376,0.042023025688367376,<1bn
346013,NM,0.0,20221231,421229,471646,421229,STOCKMENS BANK,12653,75323,0,22762,8321,405122,0.0,8321_20221231,1,1,0.054037115203369186,0.054037115203369186,<1bn
195871,NM,3534.0,20221231,246114,279424,246114,NEBRASKA STATE BANK&TRUST CO,46599,50325,22169,8890,8322,207156,3763.0,8322_20221231,1,1,0.03612147216330643,0.12619761573904775,<1bn
30832,NM,0.0,20221231,38943,43748,38943,COMMUNITY STATE BANK,7231,8125,1746,16570,8323,19069,1990.0,8323_20221231,1,1,0.42549367023598594,0.47032842872916825,<1bn
53171,NM,0.0,20221231,59949,74365,59949,FIRST TRI COUNTY BANK,18196,6788,11978,3638,8333,50573,0.0,8333_20221231,1,1,0.060684915511518125,0.26048808153597225,<1bn
74332,NM,11150.0,20221231,87871,92832,87871,FIRST STATE BANK OF HARVEY,55166,13567,4631,3697,8383,28802,0.0,8383_20221231,1,1,0.0420730388865496,0.09477529560378282,<1bn
256763,NM,16246.0,20221231,334000,415103,334000,KODABANK,60251,77626,20057,16455,8386,312964,5475.0,8386_20221231,1,1,0.049266467065868264,0.10931736526946108,<1bn
322582,NM,10925.0,20221231,454543,515937,454543,BANKNORTH,40793,132164,0,21604,8387,423331,0.0,8387_20221231,1,1,0.047529056656905946,0.047529056656905946,<1bn
80030,NM,21398.0,20221231,101263,111099,101263,LINCOLN STATE BANK,45674,21259,678,3787,8390,57541,0.0,8390_20221231,1,1,0.037397667459980445,0.044093104095276656,<1bn
41117,NM,284.0,20221231,50638,56541,50638,WATERFORD COMMERCIAL&SVG BK,17469,9526,1230,6048,8397,30715,0.0,8397_20221231,1,1,0.11943599668233343,0.1437260555314191,<1bn
55933,SM,3041.0,20221231,68628,87506,68628,OTTOVILLE BANK CO,29805,12710,2886,8139,8403,42902,0.0,8403_20221231,1,1,0.11859590837559014,0.1606487148102815,<1bn
1433324,NM,147684.0,20221231,1565109,1699086,1565109,FARMERS&MERCHANTS TR CHAMBER,486836,131970,90257,78874,8405,1037149,0.0,8405_20221231,1,1,0.0503952120906595,0.10806340005712062,1-10bn
355775,NM,69099.0,20221231,511283,552795,511283,SUSQUEHANNA COMMUNITY BANK,184931,155596,1887,6157,8421,325870,0.0,8421_20221231,1,1,0.012042254485285057,0.01573296980341611,<1bn
785120,NM,332552.0,20221231,1161712,1341085,1161712,1ST SUMMIT BANK,550249,377503,0,10685,8426,717929,0.0,8426_20221231,1,1,0.009197632459680196,0.009197632459680196,1-10bn
956254,NM,362348.0,20221231,1335628,1439886,1335628,ONE BANK OF TENNESSEE,441957,380109,71712,64624,8432,858982,0.0,8432_20221231,1,1,0.048384729879876735,0.10207632664184937,1-10bn
473790,NM,20803.0,20221231,569511,647593,569511,CENTENNIAL BANK,75396,99103,33325,30503,8439,489712,2277.0,8439_20221231,1,1,0.053559983916026205,0.11207509600341345,<1bn
2077873,NM,705582.0,20221231,3066280,3334965,3066280,EXCHANGE BANK,1575890,988499,29500,49129,8468,1466368,2701.0,8468_20221231,1,1,0.016022346295837302,0.025643124567880298,1-10bn
126948,NM,4870.0,20221231,138463,163078,138463,CENTRAL STATE BANK,9521,11660,0,25322,8487,125099,0.0,8487_20221231,1,1,0.18287918071975906,0.18287918071975906,<1bn
146560,NM,15649.0,20221231,182817,212972,182817,SCOTT STATE BANK,90268,36293,12754,17973,8491,95275,0.0,8491_20221231,1,1,0.09831142618027863,0.16807517900414076,<1bn
65064,NM,0.0,20221231,75486,90094,75486,UNION STATE BANK,17067,10519,2350,1165,8499,63447,3247.0,8499_20221231,1,1,0.015433325384839573,0.04656492594653313,<1bn
54951,NM,1088.0,20221231,60659,77167,60659,FARMERS STATE BANK,31729,5755,12849,4519,8503,39690,0.0,8503_20221231,1,1,0.07449842562521637,0.28632189782225226,<1bn
214948,NM,30937.0,20221231,252671,304254,252671,NEW ALBIN SAVINGS BANK,184908,37928,11493,1447,8506,110638,0.0,8506_20221231,1,1,0.005726814711621041,0.05121284199611352,<1bn
51195,NM,1386.0,20221231,67178,68200,67178,SLOAN STATE BANK,39789,15995,0,2794,8507,22353,0.0,8507_20221231,1,1,0.04159099705260651,0.04159099705260651,<1bn
99463,NM,0.0,20221231,126700,136614,126700,FARMERS TRUST&SAVINGS BANK,29719,27301,16141,24051,8510,77837,0.0,8510_20221231,1,1,0.18982636148382004,0.31722178374112076,<1bn
184309,NM,46471.0,20221231,254105,273075,254105,CRAWFORD COUNTY T&SB,67514,69972,17388,10605,8511,184573,4225.0,8511_20221231,1,1,0.0417347159638732,0.11016312154424353,<1bn
59054,NM,0.0,20221231,63159,78832,63159,STATE SAVINGS BANK,10727,4296,4398,12954,8513,53970,3461.0,8513_20221231,1,1,0.2051014107253123,0.27473519213413766,<1bn
68702,NM,0.0,20221231,85175,92899,85175,WHITE STATE BANK,44791,16517,0,3178,8519,35765,0.0,8519_20221231,1,1,0.037311417669503966,0.037311417669503966,<1bn
67450,NM,14429.0,20221231,111935,130423,111935,FIRST STATE BANK,44162,44528,14230,13390,8522,66596,0.0,8522_20221231,1,1,0.11962299548845312,0.24675034618305267,<1bn
367938,NM,111948.0,20221231,618759,686658,618759,CONCORDIA BANK&TRUST CO,286224,251162,24295,38734,8527,334031,0.0,8527_20221231,1,1,0.06259949350231674,0.10186356885313991,<1bn
110618,NM,10583.0,20221231,257591,300671,257591,BANK OF COUSHATTA,137084,147006,977,30275,8531,123317,0.0,8531_20221231,1,1,0.11753128020777123,0.12132411458474869,<1bn
88553,NM,11526.0,20221231,105933,117936,105933,BANK OF ERATH,35342,17430,4498,15068,8532,63343,0.0,8532_20221231,1,1,0.14224085034880538,0.18470165104358416,<1bn
113531,NM,22883.0,20221231,149616,172306,149616,TENSAS STATE BANK,53460,36234,0,14404,8533,95845,2500.0,8533_20221231,1,1,0.09627312586889103,0.09627312586889103,<1bn
209606,NM,18345.0,20221231,283462,287400,283462,ST LANDRY BANK&TRUST CO,204659,73865,16184,24786,8534,53031,0.0,8534_20221231,1,1,0.08744029182042037,0.14453436439452202,<1bn
67015,NM,10034.0,20221231,78491,83141,78491,FIRST COMMUNITY BANK,27086,11501,5868,15479,8535,38772,0.0,8535_20221231,1,1,0.19720732313258846,0.27196748671822246,<1bn
210564,NM,99949.0,20221231,261115,292634,261115,PROGROWTH BANK,190797,50805,18109,14881,8536,76508,76862.0,8536_20221231,1,1,0.05699021503935048,0.1263427991497999,<1bn
285218,NM,58765.0,20221231,350943,374064,350943,BANKCHEROKEE,121474,65727,34411,22259,8537,217623,0.0,8537_20221231,1,1,0.06342625440598616,0.16147921457330677,<1bn
101854,NM,12617.0,20221231,120696,132160,120696,STATE BANK OF FAIRMONT,15673,18939,0,9601,8541,99398,0.0,8541_20221231,1,1,0.07954696095976668,0.07954696095976668,<1bn
261924,NM,37760.0,20221231,296468,317243,296468,UNITED COMMUNITY BANK,100526,34795,0,19767,8544,181308,0.0,8544_20221231,1,1,0.06667498684512325,0.06667498684512325,<1bn
170720,NM,59081.0,20221231,242048,283962,242048,SENTRY BANK,77590,71404,16238,13530,8546,176060,0.0,8546_20221231,1,1,0.05589800370174511,0.12298387096774194,<1bn
273367,SM,36610.0,20221231,340298,357316,340298,GREAT SOUTHERN BANK,190751,67064,1911,19788,8552,134061,0.0,8552_20221231,1,1,0.05814903408189293,0.06376470035086894,<1bn
57429,NM,11993.0,20221231,69039,79638,69039,BANK OF MORTON,27601,11681,0,6062,8556,41238,0.0,8556_20221231,1,1,0.08780544330016368,0.08780544330016368,<1bn
116593,NM,0.0,20221231,143051,162064,143051,BANK 21,3120,26587,466,9272,8560,142793,249.0,8560_20221231,1,1,0.06481604462744056,0.06807362409210702,<1bn
69597,NM,0.0,20221231,94018,114715,94018,BANK OF GRAIN VALLEY,20209,24475,2696,23211,8564,70105,0.0,8564_20221231,1,1,0.24687825735497457,0.27555361739241424,<1bn
175025,NM,0.0,20221231,211633,240666,211633,GOPPERT FINANCIAL BANK,72360,36780,68239,36331,8569,123244,0.0,8569_20221231,1,1,0.1716698246492749,0.49411008680120777,<1bn
83588,NM,4300.0,20221231,110036,121346,110036,CITIZENS BANK OF ROGERSVILLE,16566,26498,2670,3929,8572,95581,4057.0,8572_20221231,1,1,0.03570649605583627,0.05997128212584972,<1bn
397855,NM,2.0,20221231,486912,571019,486912,MARIES COUNTY BANK,228280,89356,0,9758,8576,290699,0.0,8576_20221231,1,1,0.020040582281808623,0.020040582281808623,<1bn
55993,SM,615.0,20221231,59466,64713,59466,BANK OF IBERIA,16507,3489,461,9593,8584,35147,0.0,8584_20221231,1,1,0.16131907308377896,0.16907140214576397,<1bn
42079,NM,0.0,20221231,45331,53210,45331,MONTROSE SAVINGS BANK,22268,3293,4545,4379,8594,25857,0.0,8594_20221231,1,1,0.0966005603229578,0.19686307383468266,<1bn
107309,SM,18342.0,20221231,170235,192874,170235,I3 BANK,33009,62953,0,4014,8595,143121,0.0,8595_20221231,1,1,0.023579169970922548,0.023579169970922548,<1bn
35016,NM,0.0,20221231,41502,48805,41502,FIRST STATE BANK,8860,6504,3299,7925,8604,30942,0.0,8604_20221231,1,1,0.19095465278781745,0.2704447978410679,<1bn
48231,NM,0.0,20221231,63974,70990,63974,CITIZENS STB AT MOHALL,19531,15775,4839,2451,8632,43963,13337.0,8632_20221231,1,1,0.038312439428517836,0.1139525432206834,<1bn
203842,SM,42616.0,20221231,306516,342836,306516,DAKOTA WESTERN BANK,97453,103069,5984,18706,8637,213422,5045.0,8637_20221231,1,1,0.06102780931501129,0.08055044434874525,<1bn
89920,NM,31606.0,20221231,107416,119283,107416,FARMERS&MERCHANTS BANK OF ND,49804,17579,7721,6752,8640,57776,2001.0,8640_20221231,1,1,0.06285841960229388,0.1347378416623222,<1bn
138993,NM,1165.0,20221231,174010,181585,174010,FARMERS STATE BANK,39780,35034,0,12597,8647,112806,0.0,8647_20221231,1,1,0.07239239124188265,0.07239239124188265,<1bn
606847,NM,197653.0,20221231,999582,1062292,999582,COMMERCIAL BANK&TRUST CO,370803,398803,0,93735,8660,509541,0.0,8660_20221231,1,1,0.0937741976146029,0.0937741976146029,1-10bn
34030,SM,1.0,20221231,38796,45132,38796,FARMERS BANK,11319,4871,10976,14639,8661,17108,0.0,8661_20221231,1,1,0.377332714712857,0.6602484792246623,<1bn
5240308,NM,1045291.0,20221231,10858886,12826414,10858886,FIRSTBANK,1471250,5665227,105776,814573,8663,9303471,750.0,8663_20221231,1,1,0.07501441676429792,0.0847553791429434,10-100bn
877147,SM,156873.0,20221231,1093176,1245068,1093176,FARMERS&MERCHANTS BANK,392220,223978,36769,18516,8668,737041,16679.0,8668_20221231,1,1,0.016937803244857188,0.05057282633354556,1-10bn
47211,NM,436.0,20221231,51445,57171,51445,BLUE GRASS VALLEY BANK,10470,4270,509,13610,8672,32058,0.0,8672_20221231,1,1,0.2645543784624356,0.2744484400816406,<1bn
49347,NM,5975.0,20221231,58241,68489,58241,LAMONT BANK OF ST JOHN,26439,8894,955,1809,8681,38204,0.0,8681_20221231,1,1,0.031060593053003897,0.04745797633969197,<1bn
89875,NM,1529.0,20221231,102682,125298,102682,BLUFF VIEW BANK,33725,12832,482,5291,8693,79719,3.0,8693_20221231,1,1,0.05152801854268518,0.05622212266999085,<1bn
182753,NM,21935.0,20221231,260855,336853,260855,BANK OF LAKE MILLS,48148,78182,0,9063,8695,266105,5750.0,8695_20221231,1,1,0.03474343984205785,0.03474343984205785,<1bn
617900,NM,196664.0,20221231,876519,954617,876519,PORT WASHINGTON STATE BANK,282303,260581,13716,41677,8698,548803,0.0,8698_20221231,1,1,0.047548313271018654,0.0631965764575554,<1bn
83926,NM,4730.0,20221231,97505,110385,97505,WALDO STATE BANK,17798,13606,0,7126,8700,76010,1094.0,8700_20221231,1,1,0.07308343161889135,0.07308343161889135,<1bn
462091,NM,0.0,20221231,518770,590521,518770,UNITY BANK,58151,56854,56830,14946,8714,482751,4006.0,8714_20221231,1,1,0.028810455500510822,0.13835803920812692,<1bn
171928,SM,32509.0,20221231,258213,276555,258213,WYOMING BANK&TRUST,131804,86395,3149,17727,8718,114261,4978.0,8718_20221231,1,1,0.06865262399646803,0.08084798209230364,<1bn
53628,SM,3563.0,20221231,61204,72876,61204,LUSK STATE BANK,4484,7595,0,20184,8724,40593,3748.0,8724_20221231,1,1,0.3297823671655447,0.3297823671655447,<1bn
42520,SM,81.0,20221231,45347,50322,45347,COWBOY STATE BANK,8715,2843,0,11379,8725,25855,0.0,8725_20221231,1,1,0.2509317044126403,0.2509317044126403,<1bn
16504411,SM,4859881.0,20221231,22227605,26441420,22227605,ARVEST BANK,7955911,5792775,242377,768501,8728,15393993,0.0,8728_20221231,1,1,0.03457417027160596,0.04547849397179768,10-100bn
74410,SM,72.0,20221231,99479,122824,99479,GATEWAY BANK,1082,25120,0,2204,8730,116117,12741.0,8730_20221231,1,1,0.02215542978920174,0.02215542978920174,<1bn
137747,NM,3497.0,20221231,188321,222097,188321,MERCHANTS&FARMERS BANK,13595,50681,0,6883,8735,172671,0.0,8735_20221231,1,1,0.036549296148597345,0.036549296148597345,<1bn
308493,SM,42688.0,20221231,480820,530554,480820,CITIZENS BANK&TRUST CO,186189,172387,37323,72284,8738,245916,0.0,8738_20221231,1,1,0.15033484464040597,0.22795848758371115,<1bn
411393,NM,58283.0,20221231,626256,733792,626256,FIRST STB OF MIDDLEBURY,165376,215136,0,12507,8745,516405,1296.0,8745_20221231,1,1,0.019971066145474056,0.019971066145474056,<1bn
166614,NM,10933.0,20221231,231981,258491,231981,IOWA STATE SAVINGS BANK,79284,65462,22651,8022,8751,144222,0.0,8751_20221231,1,1,0.03458041822390627,0.132222035425315,<1bn
153912,NM,0.0,20221231,199289,234763,199289,FIRST TRUST&SAVINGS BANK,18971,45586,4375,6772,8752,200742,0.0,8752_20221231,1,1,0.03398080175022204,0.05593384481832916,<1bn
39148,NM,11831.0,20221231,57004,59663,57004,CITIZENS BANK,21613,17872,7213,1270,8758,35549,0.0,8758_20221231,1,1,0.022279138306083784,0.1488141183074872,<1bn
102354,NM,10830.0,20221231,122837,149663,122837,FARMERS STATE BANK,35564,20577,14788,13790,8760,95397,1.0,8760_20221231,1,1,0.1122625918900657,0.2326497716486075,<1bn
217671,NM,40921.0,20221231,307718,346622,307718,KERNDT BROTHERS SAVINGS BANK,81380,90203,16059,7620,8761,237386,12280.0,8761_20221231,1,1,0.024762932295153355,0.07695032464789191,<1bn
108537,NM,10018.0,20221231,119397,131355,119397,SACRAMENTO DEPOSIT BANK,43253,10921,3302,5894,8762,76629,0.0,8762_20221231,1,1,0.04936472440681089,0.07702036064557737,<1bn
246319,SM,346.0,20221231,304927,386869,304927,SPRINGFIELD STATE BANK,132205,58935,0,4920,8772,227465,0.0,8772_20221231,1,1,0.016135009362896694,0.016135009362896694,<1bn
864474,NM,41726.0,20221231,1159623,1401549,1159623,CECILIAN BANK,402810,296736,9623,45886,8774,870782,11000.0,8774_20221231,1,1,0.039569756722659,0.047868143353486436,1-10bn
141100,NM,4179.0,20221231,159518,177083,159518,BANK OF COLUMBIA,27404,18562,2865,3593,8775,142909,0.0,8775_20221231,1,1,0.022524103862886946,0.040484459434045064,<1bn
357990,NM,18831.0,20221231,462188,523769,462188,PEOPLES EXCHANGE BANK,61358,104425,9694,19989,8785,413791,14876.0,8785_20221231,1,1,0.04324863475468857,0.06422278380226228,<1bn
308115,NM,12051.0,20221231,410962,462604,410962,COTTONPORT BANK,100231,103005,38152,46106,8798,300815,0.0,8798_20221231,1,1,0.1121904214988247,0.20502625546887546,<1bn
42478,NM,25295.0,20221231,62293,71124,62293,JACKSON PARISH BANK,39871,19842,6350,7580,8799,21309,0.0,8799_20221231,1,1,0.12168301414284109,0.22362063153163278,<1bn
678195,SM,16082.0,20221231,837752,932149,837752,BANK OF DELMARVA,59993,159782,4844,78910,8810,731889,8150.0,8810_20221231,1,1,0.09419255340482625,0.09997469418157164,<1bn
588933,NM,79371.0,20221231,722441,807397,722441,HEBRON SAVINGS BANK,140242,133763,11386,123508,8811,508711,33730.0,8811_20221231,1,1,0.17095928940910055,0.18671974597233545,<1bn
388043,NM,104546.0,20221231,509976,580265,509976,PROVIDENT STATE BANK INC,143822,122139,0,19285,8813,376710,102.0,8813_20221231,1,1,0.03781550504337459,0.03781550504337459,<1bn
453941,NM,93483.0,20221231,586228,650619,586228,QUEENSTOWN BANK OF MARYLAND,151380,132449,3492,42189,8816,421741,14118.0,8816_20221231,1,1,0.0719668797805632,0.07792360651487135,<1bn
146146,NM,5306.0,20221231,172443,195449,172443,UNITED FARMERS STATE BANK,13633,26382,0,5535,8821,169988,1444.0,8821_20221231,1,1,0.03209756267288321,0.03209756267288321,<1bn
43353,NM,2478.0,20221231,54992,63130,54992,ADRIAN STATE BANK,9841,11666,4205,10696,8822,41544,0.0,8822_20221231,1,1,0.1945010183299389,0.2709666860634274,<1bn
142221,NM,33455.0,20221231,201698,221467,201698,EAGLE BANK,78630,59552,11296,25959,8824,110849,0.0,8824_20221231,1,1,0.1287023173259031,0.1847068389374213,<1bn
72765,NM,111.0,20221231,108694,122291,108694,STATE BANK OF WHEATON,34997,35977,0,33305,8827,46936,0.0,8827_20221231,1,1,0.30641065744199314,0.30641065744199314,<1bn
108591,NM,991.0,20221231,127947,141914,127947,FIRST STB OF SAUK CENTRE,47923,19653,14058,7980,8831,79289,0.0,8831_20221231,1,1,0.062369574902107906,0.172243194447701,<1bn
68801,NM,0.0,20221231,72720,90099,72720,CURRIE STATE BANK,110,3958,0,1915,8833,84237,4970.0,8833_20221231,1,1,0.026333883388338832,0.026333883388338832,<1bn
48847,NM,368.0,20221231,56187,65732,56187,PEOPLES STATE BANK OF WELLS,14852,7347,4840,6150,8840,42533,0.0,8840_20221231,1,1,0.10945592396817769,0.19559684624557283,<1bn
83836,SM,0.0,20221231,114872,132260,114872,GRAND MARAIS STATE BANK,59560,31066,16160,1741,8842,68677,0.0,8842_20221231,1,1,0.015155999721429069,0.15583431993871438,<1bn
318047,N,2120.0,20221231,482802,542536,482802,AMERICAN HERITAGE NB,123716,164920,45897,61801,8843,330681,0.0,8843_20221231,1,1,0.1280048549923157,0.22306866997236963,<1bn
46700,NM,0.0,20221231,57471,64239,57471,FARMERS&MERCHANTS STB APPLET,13346,10780,0,5583,8845,42299,0.0,8845_20221231,1,1,0.09714464686537558,0.09714464686537558,<1bn
62991,NM,0.0,20221231,81310,87488,81310,CENBANK,24177,18361,11003,4685,8848,56371,0.0,8848_20221231,1,1,0.057618989054236874,0.1929405977124585,<1bn
298633,SM,42108.0,20221231,360579,399856,360579,NORTH SHORE BANK OF COMMERCE,65650,62049,0,26920,8850,275443,0.0,8850_20221231,1,1,0.0746577033049623,0.0746577033049623,<1bn
606438,NM,49538.0,20221231,960527,1082644,960527,PARK STATE BANK,174934,354306,28580,23586,8851,822781,9881.0,8851_20221231,1,1,0.024555270179807544,0.05430976953276691,1-10bn
275773,NM,2789.0,20221231,416334,486051,416334,GLENWOOD STATE BANK INC,10804,140790,7950,12864,8853,446479,0.0,8853_20221231,1,1,0.030898269178111806,0.04999351482223407,<1bn
26329,NM,0.0,20221231,36489,48976,36489,GROVE BANK,4849,10168,2294,14826,8857,26512,0.0,8857_20221231,1,1,0.40631423168626163,0.4691824933541615,<1bn
47958,NM,0.0,20221231,59693,68587,59693,STATE BANK OF CHANDLER,13066,11766,5990,11484,8858,42350,0.0,8858_20221231,1,1,0.19238436667615968,0.29273114100480796,<1bn
102833,NM,6232.0,20221231,122366,142279,122366,WOODLAND BANK,18339,19623,6801,5856,8863,99778,1110.0,8863_20221231,1,1,0.047856430707876374,0.10343559485477992,<1bn
65697,NM,1467.0,20221231,79047,86377,79047,HERITAGE BANK MINNESOTA,12788,13369,965,3338,8865,62973,0.0,8865_20221231,1,1,0.042228041544903665,0.05443596847445191,<1bn
1669105,N,258616.0,20221231,2259993,2576574,2259993,MERCHANTS BANK NATIONAL ASSN,312201,591363,33965,226351,8866,1858274,0.0,8866_20221231,1,1,0.10015561995103525,0.11518442756238625,1-10bn
143267,NM,0.0,20221231,181398,216517,181398,ULTIMA BANK MINNESOTA,78,38316,0,10051,8867,201230,19708.0,8867_20221231,1,1,0.05540854915710206,0.05540854915710206,<1bn
1873479,SM,281474.0,20221231,2096002,2402492,2096002,BANKFIRST FINANCIAL SERVICES,626310,223058,45055,57562,8870,1497144,814.0,8870_20221231,1,1,0.027462760054618267,0.04895844565033812,1-10bn
2950717,NM,16544.0,20221231,4129270,4608467,4129270,COMMUNITY BANK OF MS,1561122,1181876,1522052,138628,8879,2595202,0.0,8879_20221231,1,1,0.033572035735129936,0.4021727811453356,1-10bn
1229045,SM,235446.0,20221231,1916414,2197585,1916414,COUNTRY CLUB BANK,798630,688000,300407,32743,8888,1266270,45803.0,8888_20221231,1,1,0.017085556669905355,0.17384030799190572,1-10bn
666135,NM,4716.0,20221231,810420,911132,810420,MIDWEST REGIONAL BANK,88025,145743,56517,24562,8889,718746,0.0,8889_20221231,1,1,0.030307741664815775,0.10004565533920683,<1bn
602459,NM,18026.0,20221231,818051,948158,818051,SULLIVAN BANK,38295,215258,0,43871,8892,823318,30522.0,8892_20221231,1,1,0.053628685742086984,0.053628685742086984,<1bn
26512,NM,0.0,20221231,34495,40645,34495,AMERICAS COMMUNITY BANK,0,8022,0,937,8893,38651,0.0,8893_20221231,1,1,0.027163357008262067,0.027163357008262067,<1bn
107475,NM,4.0,20221231,116843,127384,116843,JONESBURG STATE BANK,18177,9407,12944,23926,8896,82326,0.0,8896_20221231,1,1,0.204770504009654,0.3155516376676395,<1bn
276668,NM,426.0,20221231,332264,358884,332264,ST JOHNS BANK&TRUST CO,78599,55617,0,35608,8898,234854,0.0,8898_20221231,1,1,0.10716779428406327,0.10716779428406327,<1bn
477876,SM,125700.0,20221231,698384,745123,698384,PEOPLES BANK&TRUST CO,283167,220715,16355,49051,8903,374970,0.0,8903_20221231,1,1,0.07023499965634951,0.0936533483012211,<1bn
977096,NM,254698.0,20221231,1197633,1332650,1197633,NODAWAY VALLEY BANK,427030,220791,6729,39655,8904,798105,0.0,8904_20221231,1,1,0.033111145066977946,0.03872972772126353,1-10bn
517363,NM,23638.0,20221231,785239,896699,785239,BANK FORWARD,54556,268279,0,45434,8941,749086,35486.0,8941_20221231,1,1,0.05786009100414014,0.05786009100414014,<1bn
224076,NM,30132.0,20221231,298856,322767,298856,STOCK GROWERS BANK,170669,75059,1930,8248,8942,137589,0.0,8942_20221231,1,1,0.02759857590277592,0.03405653558904623,<1bn
139170,NM,7357.0,20221231,206075,238973,206075,MERCHANTS BANK,72090,67081,32574,5277,8943,154061,16167.0,8943_20221231,1,1,0.025607181851267743,0.18367584617251,<1bn
28330,NM,3.0,20221231,37198,40198,37198,KINDRED STATE BANK,3734,8874,2481,10999,8946,17204,0.0,8946_20221231,1,1,0.29568794021183936,0.36238507446636914,<1bn
81469,NM,0.0,20221231,102775,112176,102775,COMMUNITY BANK,22596,21329,6798,5756,8975,69439,0.0,8975_20221231,1,1,0.056005837995621505,0.1221503283872537,<1bn
136504,NM,55424.0,20221231,278811,332437,278811,SECURITY STB OF OKLAHOMA,117964,142415,0,13948,8980,187163,6947.0,8980_20221231,1,1,0.050026720610018977,0.050026720610018977,<1bn
88240,NM,4701.0,20221231,118201,135433,118201,FIRST STATE BANK OF ROSCOE,49996,30064,43710,8396,9005,61473,0.0,9005_20221231,1,1,0.07103154795644707,0.4408253737278026,<1bn
93189,NM,7745.0,20221231,117522,141159,117522,HEARTLAND STATE BANK,45217,24456,17010,6178,9007,83508,14334.0,9007_20221231,1,1,0.05256888072020558,0.19730773812562755,<1bn
504839,NM,50639.0,20221231,665604,754110,665604,BANK OF CHARLES TOWN,88519,160976,22490,12340,9023,616382,0.0,9023_20221231,1,1,0.018539552045961263,0.05232841148791173,<1bn
135920,NM,9842.0,20221231,167785,185248,167785,CALHOUN COUNTY BANK INC,30288,31893,917,13298,9024,131222,0.0,9024_20221231,1,1,0.07925619095866734,0.08472151861012606,<1bn
122051,NM,26228.0,20221231,149509,160308,149509,HARRISON COUNTY BANK,62672,27468,974,13118,9030,79040,0.0,9030_20221231,1,1,0.08774053735895498,0.094255195339411,<1bn
68982,NM,0.0,20221231,75806,92312,75806,HEADWATERS STATE BANK,10774,6844,0,15135,9035,57376,0.0,9035_20221231,1,1,0.19965438091971613,0.19965438091971613,<1bn
86439,NM,17070.0,20221231,96322,120707,96322,SECURITY STATE BANK,32259,9929,1933,10949,9036,62138,2484.0,9036_20221231,1,1,0.1136708124831295,0.1337389173812836,<1bn
343317,NM,30999.0,20221231,395302,471862,395302,MOUND CITY BANK,67375,52260,0,15301,9037,361952,12970.0,9037_20221231,1,1,0.03870711506645552,0.03870711506645552,<1bn
338634,NM,5577.0,20221231,451396,489452,451396,CITIZENS STATE BANK,211163,113269,0,7753,9047,240551,17878.0,9047_20221231,1,1,0.017175606341217023,0.017175606341217023,<1bn
77802,NM,52798.0,20221231,109255,132305,109255,BANK OF MOUNDVILLE,82890,31501,7755,2419,9057,40468,0.0,9057_20221231,1,1,0.02214086311839275,0.09312159626561714,<1bn
266138,NM,39514.0,20221231,389232,417681,389232,PLANTERS FIRST BANK,81194,123138,5635,43437,9064,261160,0.0,9064_20221231,1,1,0.11159668269823653,0.12607390964771653,<1bn
225199,NM,34192.0,20221231,313884,346344,313884,BANK OF DUDLEY,51526,88732,1817,65024,9068,212509,0.0,9068_20221231,1,1,0.20715933274712953,0.21294809547476137,<1bn
129776,NM,14242.0,20221231,219915,249650,219915,FARMERS&MERCHANTS BANK,120807,90158,0,32858,9069,87641,0.0,9069_20221231,1,1,0.14941227292362957,0.14941227292362957,<1bn
57557,NM,11694.0,20221231,64027,70153,64027,FIRST BANK OF PIKE,11694,6514,0,3534,9070,44823,0.0,9070_20221231,1,1,0.05519546441345058,0.05519546441345058,<1bn
205678,NM,45213.0,20221231,294670,311791,294670,HARVARD STATE BANK,128771,89096,3503,5663,9079,156731,1000.0,9079_20221231,1,1,0.019218108392439,0.03110598296399362,<1bn
194214,NM,11953.0,20221231,262405,317162,262405,HOLCOMB BANK,71193,68364,7032,22206,9080,214275,12936.0,9080_20221231,1,1,0.08462491187286827,0.11142318172290924,<1bn
3637149,SM,637058.0,20221231,6928768,8334906,6928768,1ST SOURCE BANK,1775128,3302485,573680,126957,9087,5875808,397495.0,9087_20221231,1,1,0.01832317087251298,0.10111999709039182,1-10bn
90662,NM,0.0,20221231,116118,137585,116118,ATKINS SAVINGS BANK&TRUST,42151,25666,0,3780,9096,84998,5606.0,9096_20221231,1,1,0.03255309254379166,0.03255309254379166,<1bn
323281,NM,50199.0,20221231,482567,567271,482567,SOUTH OTTUMWA SAVINGS BANK,231977,159442,0,17007,9099,282294,0.0,9099_20221231,1,1,0.03524277457845232,0.03524277457845232,<1bn
575598,NM,0.0,20221231,721472,804298,721472,PILOT GROVE SAVINGS BANK,126403,147411,4969,32811,9100,618861,0.0,9100_20221231,1,1,0.04547785638250688,0.052365164552470506,<1bn
108761,NM,7808.0,20221231,140390,166876,140390,WEST IOWA BANK,65620,31704,13825,7152,9105,87113,0.0,9105_20221231,1,1,0.050943799415912816,0.14941947432153288,<1bn
43169,NM,5739.0,20221231,59159,64172,59159,FARMERS STATE BANK,31683,16023,5413,2160,9106,28474,0.0,9106_20221231,1,1,0.03651177335654761,0.12801095353200698,<1bn
35326,NM,0.0,20221231,41131,45143,41131,ROLETTE STATE BANK,9253,5847,5600,1852,9120,31982,0.0,9120_20221231,1,1,0.04502686538134254,0.18117721426661157,<1bn
73130,NM,253.0,20221231,86459,95450,86459,STATE BANK OF BOTTINEAU,754,13361,501,4175,9121,78162,2541.0,9121_20221231,1,1,0.04828878427925375,0.0540834383927642,<1bn
1148125,NM,22278.0,20221231,1487008,1761840,1487008,WESTERN STATE BANK,49891,340185,0,63167,9123,1607351,138498.0,9123_20221231,1,1,0.04247926036712647,0.04247926036712647,1-10bn
34292,NM,40.0,20221231,42749,47355,42749,HARWOOD STATE BANK,1538,8477,0,5988,9128,28439,0.0,9128_20221231,1,1,0.14007345201057333,0.14007345201057333,<1bn
252490,NM,8569.0,20221231,318343,378747,318343,OSGOOD BANK,73226,65883,0,9070,9137,266895,0.0,9137_20221231,1,1,0.028491281416585256,0.028491281416585256,<1bn
757300,SM,300958.0,20221231,1024223,1158800,1024223,COML&SVG BK MILLERSBURG OH,397470,267037,34978,86420,9139,620385,0.0,9139_20221231,1,1,0.08437615636438549,0.11852692235968143,1-10bn
440964,NM,151630.0,20221231,637998,707197,637998,COUNTYBANK,266225,197079,46971,63155,9155,347518,0.0,9155_20221231,1,1,0.09898933852457217,0.17261182636936165,<1bn
311084,NM,18141.0,20221231,347811,404813,347811,WAYNE COUNTY BANK,61242,37107,0,45351,9168,268163,1938.0,9168_20221231,1,1,0.13038978065673598,0.13038978065673598,<1bn
645273,NM,56116.0,20221231,938448,1042457,938448,SECURITY BANK&TRUST CO,203881,294194,0,33001,9172,729087,98059.0,9172_20221231,1,1,0.03516550730567916,0.03516550730567916,1-10bn
769620,NM,0.0,20221231,914909,1141295,914909,APEX BANK,3040,145879,0,89569,9176,956064,267072.0,9176_20221231,1,1,0.09789935392481657,0.09789935392481657,1-10bn
78813,NM,15679.0,20221231,91355,103146,91355,UNION BANK&TRUST CO,33876,12628,7467,6836,9179,60210,0.0,9179_20221231,1,1,0.07482896393191396,0.15656504843741448,<1bn
40772,NM,678.0,20221231,45727,52952,45727,BRIGHTON BANK,4780,4944,3212,19692,9189,26994,1734.0,9189_20221231,1,1,0.43064272749141647,0.5008856911671441,<1bn
79528,NM,28440.0,20221231,121603,130931,121603,HOME BANKING CO,62596,42105,11093,7360,9196,49040,0.0,9196_20221231,1,1,0.060524822578390335,0.15174790095639087,<1bn
965380,NM,273610.0,20221231,1591338,2029367,1591338,CENTRAL BANK,875784,649384,562834,27844,9204,1039595,0.0,9204_20221231,1,1,0.017497225605119716,0.3711832432833251,1-10bn
258175,NM,41600.0,20221231,344544,375354,344544,GLENNVILLE BANK,93433,86698,1900,71248,9244,185833,0.0,9244_20221231,1,1,0.20678926349029442,0.21230379864400484,<1bn
216947,NM,66228.0,20221231,390745,394613,390745,BANK OF LAFAYETTE GEORGIA,197715,173886,0,40291,9245,135497,0.0,9245_20221231,1,1,0.10311328359927831,0.10311328359927831,<1bn
130907,NM,55912.0,20221231,153182,191782,153182,FARMERS STB OF HOFFMAN,93913,22361,2785,9907,9259,76989,0.0,9259_20221231,1,1,0.06467470068284785,0.0828556880051181,<1bn
417289,N,121789.0,20221231,541370,592719,541370,STILLMAN BANCCORP N A,360390,124535,21271,25895,9263,186586,0.0,9263_20221231,1,1,0.04783235125699614,0.08712340912869203,<1bn
91529,SM,45349.0,20221231,113102,125953,113102,RUSHVILLE STATE BANK,58970,21588,0,8698,9265,54026,0.0,9265_20221231,1,1,0.07690403352725858,0.07690403352725858,<1bn
61413,NM,0.0,20221231,76727,86248,76727,VILLA GROVE STATE BANK,9400,15343,0,15940,9273,55122,0.0,9273_20221231,1,1,0.20774955361215738,0.20774955361215738,<1bn
40078,NM,0.0,20221231,46205,52613,46205,HILL-DODGE BANKING CO,9268,6140,1363,21834,9274,20663,0.0,9274_20221231,1,1,0.47254626122713994,0.5020452331998702,<1bn
560938,SM,83401.0,20221231,963839,1045354,963839,FIRST BANK OF BERNE,285877,411585,0,21906,9288,700911,1.0,9288_20221231,1,1,0.022727862225952675,0.022727862225952675,1-10bn
31296,SM,0.0,20221231,39710,44338,39710,FARMERS STATE BANK,16993,8419,11207,9475,9295,12113,0.0,9295_20221231,1,1,0.23860488541928984,0.5208259884160161,<1bn
337918,SM,3781.0,20221231,521916,593725,521916,FARMERS&MERCHANTS SB,145916,184221,0,18109,9298,408333,0.0,9298_20221231,1,1,0.03469715433134834,0.03469715433134834,<1bn
187635,NM,15892.0,20221231,250890,303001,250890,RELIANCE STATE BANK,100660,63351,31883,8546,9299,181137,0.0,9299_20221231,1,1,0.0340627366574993,0.16114233329347522,<1bn
78886,NM,0.0,20221231,101868,133063,101868,READLYN SAVINGS BANK,32128,23100,3131,3579,9300,92236,0.0,9300_20221231,1,1,0.03513370243844976,0.06586955668119528,<1bn
121489,NM,12834.0,20221231,169553,187608,169553,CITIZENS BANK,40662,48181,1440,5059,9306,131155,0.0,9306_20221231,1,1,0.029837278019262413,0.038330197637316946,<1bn
214230,SM,29231.0,20221231,257750,296662,257750,UNITED SOUTHERN BANK,59453,43545,0,16275,9309,207389,0.0,9309_20221231,1,1,0.06314258001939864,0.06314258001939864,<1bn
126763,NM,18061.0,20221231,154819,191649,154819,COMMERCIAL BANK,50469,28173,12982,9306,9310,114426,4983.0,9310_20221231,1,1,0.0601089013622359,0.1439616584527739,<1bn
119071,NM,783.0,20221231,133059,149804,133059,PBK BANK INC,31713,13992,7214,25779,9313,87265,0.0,9313_20221231,1,1,0.19374112235925417,0.24795767291201648,<1bn
1051401,NM,80916.0,20221231,1208121,1453555,1208121,LIMESTONE BANK INC,223455,157394,0,44601,9314,1098824,75088.0,9314_20221231,1,1,0.03691765973772495,0.03691765973772495,1-10bn
107768,NM,0.0,20221231,134588,156842,134588,BANK OF MAYSVILLE,66458,26831,1939,5872,9315,76208,0.0,9315_20221231,1,1,0.04362944690462746,0.05803637768597498,<1bn
259425,NM,85453.0,20221231,400276,462319,400276,MERCHANTS&FARMERS B&T CO,170362,140928,858,14135,9319,247809,0.0,9319_20221231,1,1,0.03531313393758307,0.0374566549081134,<1bn
153168,NM,10947.0,20221231,196682,219512,196682,MARION STATE BANK,59787,43619,0,16118,9320,130309,0.0,9320_20221231,1,1,0.08194954291699291,0.08194954291699291,<1bn
289923,NM,73263.0,20221231,482888,548771,482888,CROSS KEYS BANK,183730,193601,3939,57953,9322,277421,0.0,9322_20221231,1,1,0.12001333642583788,0.12817050744686137,<1bn
109486,NM,25004.0,20221231,147240,160845,147240,BANK OF WINNFIELD&TRUST CO,61174,37791,2877,37291,9323,51428,0.0,9323_20221231,1,1,0.25326677533279,0.2728063026351535,<1bn
577284,NM,261388.0,20221231,650501,663283,650501,JONESBORO STATE BANK,482267,77199,0,8588,9325,146334,494872.0,9325_20221231,1,1,0.013202131895262268,0.013202131895262268,<1bn
173914,NM,5658.0,20221231,246916,286836,246916,WASHINGTON STATE BANK,39986,73190,0,7010,9326,227387,0.0,9326_20221231,1,1,0.028390221775826598,0.028390221775826598,<1bn
261558,NM,47007.0,20221231,359316,461368,359316,FARMERS-MERCHANTS B&T CO,147443,97839,37868,47929,9327,244381,0.0,9327_20221231,1,1,0.13338955125850227,0.23877867949103296,<1bn
54580,NM,0.0,20221231,74215,86351,74215,PEOPLES BANK,2292,19734,2136,8047,9328,68933,5001.0,9328_20221231,1,1,0.10842821532035303,0.13720945900424442,<1bn
77840,NM,944.0,20221231,97656,108020,97656,FIRST STB OF LE CENTER,32032,19853,9555,7404,9330,58129,0.0,9330_20221231,1,1,0.07581715409191447,0.1736606045711477,<1bn
64742,NM,24794.0,20221231,89497,98509,89497,BANK OF MAPLE PLAIN,54502,24808,0,3727,9332,37596,0.0,9332_20221231,1,1,0.04164385398393242,0.04164385398393242,<1bn
39848,N,171.0,20221231,44255,62070,44255,STEARNS BANK UPSALA NA,2961,4395,0,7797,9336,46188,497.0,9336_20221231,1,1,0.17618348209241894,0.17618348209241894,<1bn
83813,NM,3323.0,20221231,110856,116348,110856,CITIZENS STB OF WAVERLY INC,42525,27064,8128,11785,9337,54876,0.0,9337_20221231,1,1,0.10630908566067691,0.17962942916937288,<1bn
56658,NM,13536.0,20221231,71187,78487,71187,FARMERS&MERCHANTS STB NY MIL,38691,14571,0,3886,9340,32561,0.0,9340_20221231,1,1,0.05458861870847205,0.05458861870847205,<1bn
34441,NM,9586.0,20221231,37283,40269,37283,FIRST STATE BANK OF FOUNTAIN,23125,2866,1512,2070,9349,12027,0.0,9349_20221231,1,1,0.055521283158544106,0.09607595955261111,<1bn
38203,NM,4854.0,20221231,42807,45643,42807,STATE BANK OF LAKE PARK,15258,4643,2705,7955,9351,21765,0.0,9351_20221231,1,1,0.18583409255495598,0.2490246922232345,<1bn
27983,NM,5329.0,20221231,30408,33315,30408,FARMERS STB OF HOFFMAN,15808,2465,3080,2233,9354,14744,0.0,9354_20221231,1,1,0.07343462246777165,0.17472375690607736,<1bn
136906,NM,71778.0,20221231,211873,231725,211873,COMMERCIAL BANK,114071,75161,0,6555,9356,87139,5747.0,9356_20221231,1,1,0.030938345140721094,0.030938345140721094,<1bn
348899,NM,111660.0,20221231,687351,771444,687351,BANK OF COMMERCE,266122,339086,0,39703,9359,420084,20345.0,9359_20221231,1,1,0.05776233685555124,0.05776233685555124,<1bn
252807,NM,799.0,20221231,376596,467010,376596,PEOPLES BANK,41191,123888,1816,23841,9366,367782,14791.0,9366_20221231,1,1,0.06330656724978491,0.06812871087319036,<1bn
274368,SM,0.0,20221231,394531,454772,394531,BANK OF ADVANCE,81226,120345,17654,10655,9369,346158,5285.0,9369_20221231,1,1,0.02700674978645531,0.07175355041809135,<1bn
253912,NM,8854.0,20221231,291802,332117,291802,F&C BANK,33153,30715,12709,15593,9378,267447,0.0,9378_20221231,1,1,0.05343691955504075,0.09699042501422198,<1bn
79256,N,12817.0,20221231,104699,115167,104699,BANK OF BROOKFIELD PURDIN NA,65803,25484,7003,25763,9385,22020,0.0,9385_20221231,1,1,0.24606729768192628,0.3129542784553816,<1bn
138527,NM,4022.0,20221231,152287,172631,152287,CORNER STONE BANK,29492,13855,4994,17070,9388,122121,2480.0,9388_20221231,1,1,0.11209098609861642,0.1448843302448666,<1bn
115661,NM,1008.0,20221231,168471,198121,168471,BANK OF GRANDIN,77499,53103,0,12550,9392,101754,0.0,9392_20221231,1,1,0.07449353301161624,0.07449353301161624,<1bn
26136532,N,3538924.0,20221231,47782583,57451653,47782583,VALLEY NATIONAL BANK,5122044,23711824,346409,946108,9396,46476663,5873017.0,9396_20221231,1,1,0.019800269064566896,0.027049960861261938,10-100bn
20716,SM,0.0,20221231,27849,30429,27849,BANK OF CATTARAUGUS,8286,7135,0,7801,9406,12786,0.0,9406_20221231,1,1,0.280117778017164,0.280117778017164,<1bn
379360,N,42456.0,20221231,458179,542205,458179,TIOGA STB NA,156342,78870,26311,5588,9410,345325,0.0,9410_20221231,1,1,0.01219610676176778,0.06962126155934689,<1bn
32317,NM,0.0,20221231,39701,45155,39701,GRANT COUNTY STATE BANK,0,7395,0,2494,9417,27935,0.0,9417_20221231,1,1,0.06281957633308985,0.06281957633308985,<1bn
189145,NM,6377.0,20221231,234933,259560,234933,UNION BANK,61231,45996,2398,10228,9420,163520,937.0,9420_20221231,1,1,0.04353581659451844,0.05374298204168848,<1bn
44260,NM,4615.0,20221231,51805,59880,51805,CITIZENS STB OF LANKIN,19541,7572,723,1688,9422,35845,0.0,9422_20221231,1,1,0.03258372743943635,0.04653990927516649,<1bn
2652030,NM,351565.0,20221231,3812881,4229093,3812881,CHOICE FINANCIAL GROUP,928021,1161768,23294,242028,9423,2841036,101239.0,9423_20221231,1,1,0.06347641061968627,0.0695857017305287,1-10bn
675136,NM,155018.0,20221231,798929,854662,798929,FIRST STATE BANK,337468,123957,6765,31615,9437,433477,30000.0,9437_20221231,1,1,0.03957172664905142,0.04803931262978312,<1bn
16531,NM,1320.0,20221231,18757,20474,18757,MT VICTORY STATE BANK,5050,2228,382,4119,9438,10569,0.0,9438_20221231,1,1,0.2195980167404169,0.239963746867836,<1bn
49437,NM,6348.0,20221231,62460,67915,62460,PEOPLES SAVINGS BANK,33071,13026,4441,2371,9439,27378,0.0,9439_20221231,1,1,0.03796029458853666,0.10906179955171309,<1bn
35836,NM,3218.0,20221231,37861,39589,37861,PATASKALA BANKING CO,11413,2026,2604,2358,9440,23470,0.0,9440_20221231,1,1,0.06228044689786324,0.13105834499881144,<1bn
781374,SM,18628.0,20221231,1470757,1660628,1470757,HEARTLAND BANK,152497,691714,0,22948,9443,1388997,38083.0,9443_20221231,1,1,0.015602849417000905,0.015602849417000905,1-10bn
187730,NM,4868.0,20221231,214216,299515,214216,FIRST BANK OF OHIO,31859,26885,0,4454,9450,243766,89994.0,9450_20221231,1,1,0.020792097695783694,0.020792097695783694,<1bn
523954,SM,91487.0,20221231,801296,970756,801296,NORTH SIDE BANK&TRUST CO,241629,277529,4983,53084,9457,638020,0.0,9457_20221231,1,1,0.06624767876040814,0.07246635450570077,<1bn
172987,NM,13582.0,20221231,237318,271327,237318,FARMERS&MERCHANTS BANK,62368,63876,0,4391,9462,191514,1.0,9462_20221231,1,1,0.018502599887071355,0.018502599887071355,<1bn
558057,NM,0.0,20221231,661042,755071,661042,UNIFIED BANK,217624,103135,0,29936,9463,458872,0.0,9463_20221231,1,1,0.04528607864553236,0.04528607864553236,<1bn
277917,NM,92330.0,20221231,361764,453317,361764,ALVA STATE BANK&TRUST CO,164142,84126,6497,33321,9465,236706,7031.0,9465_20221231,1,1,0.09210700898928584,0.11006623102354021,<1bn
135687,NM,0.0,20221231,179582,198913,179582,VALOR BANK,0,43986,0,13147,9467,175390,1686.0,9467_20221231,1,1,0.07320889621454266,0.07320889621454266,<1bn
278211,NM,2388.0,20221231,345794,379256,345794,WELCH STB OF WELCH OKLA,99697,67717,19026,8009,9472,247697,38904.0,9472_20221231,1,1,0.023161188453240947,0.07818238604487064,<1bn
209909,NM,0.0,20221231,256536,294110,256536,CLACKAMAS COUNTY BANK,98082,46637,0,60033,9486,125082,0.0,9486_20221231,1,1,0.2340139395640378,0.2340139395640378,<1bn
208927,NM,3496.0,20221231,261060,304944,261060,PEOPLES BANK,12080,52278,0,23573,9489,243215,10349.0,9489_20221231,1,1,0.09029724967440435,0.09029724967440435,<1bn
339985,NM,96001.0,20221231,382511,417178,382511,THREAD BANK,168221,43441,0,63004,9499,103670,41335.0,9499_20221231,1,1,0.1647116030650099,0.1647116030650099,<1bn
43606,NM,9347.0,20221231,128434,148047,128434,MOVEMENT BANK,15239,84875,0,22081,9502,104644,0.0,9502_20221231,1,1,0.17192487970475107,0.17192487970475107,<1bn
413810,SM,12703.0,20221231,499824,553654,499824,BANK OF MARION,188707,86040,17415,13986,9507,314145,0.0,9507_20221231,1,1,0.027981849611063096,0.06282411408815904,<1bn
129430,NM,19265.0,20221231,158014,187935,158014,CLEVELAND STATE BANK,49265,28711,0,5376,9517,120513,6165.0,9517_20221231,1,1,0.0340223018213576,0.0340223018213576,<1bn
108465,SM,856.0,20221231,145241,176261,145241,BRISTOL MORGAN BANK,14482,36847,1463,17798,9523,137494,15484.0,9523_20221231,1,1,0.12254115573426236,0.13261406903009482,<1bn
101056,NM,0.0,20221231,124945,138702,124945,PINERIES BANK,24352,23983,4326,33389,9526,72483,0.0,9526_20221231,1,1,0.26722958101564687,0.30185281523870505,<1bn
165444,NM,0.0,20221231,190260,240540,190260,STATE BANK OF NEWBURG,25036,24968,1005,11706,9529,193709,8712.0,9529_20221231,1,1,0.06152633238725954,0.06680857773573005,<1bn
444368,NM,143505.0,20221231,602061,620990,602061,COMMUNITY STATE BANK,224082,157750,0,43614,9536,327151,3580.0,9536_20221231,1,1,0.07244116459960037,0.07244116459960037,<1bn
14585,NM,3543.0,20221231,14762,31655,14762,LOCAL BANK,6487,178,962,8827,9614,13573,0.0,9614_20221231,1,1,0.5979542067470532,0.6631215282482048,<1bn
86929,NM,4613.0,20221231,111956,123529,111956,SWEET WATER STATE BANK,30013,25078,9923,7600,9615,59440,0.0,9615_20221231,1,1,0.06788381149737396,0.1565168459037479,<1bn
409491,NM,18778.0,20221231,639390,691261,639390,FIRST BANK,159255,229949,77898,101654,9620,389939,0.0,9620_20221231,1,1,0.15898590844398566,0.2808176543267802,<1bn
2366254,SM,317508.0,20221231,3993372,4513488,3993372,CAPITAL CITY BANK,1066816,1686177,479424,600650,9622,2549524,0.0,9622_20221231,1,1,0.15041173224032223,0.27046666326102353,1-10bn
284379,NM,69808.0,20221231,335853,371460,335853,ALLIANCE COMMUNITY BANK,149445,51532,22223,8267,9631,188838,0.0,9631_20221231,1,1,0.02461493570103587,0.09078376551646107,<1bn
369056,NM,11629.0,20221231,509490,619628,509490,FORTRESS BANK,69667,140844,0,33610,9632,478470,12503.0,9632_20221231,1,1,0.06596792871302676,0.06596792871302676,<1bn
424084,NM,15011.0,20221231,578798,632031,578798,CITIZENS BANK,199791,154928,46799,46625,9647,367363,0.0,9647_20221231,1,1,0.08055487406660009,0.16141037114848358,<1bn
62188,NM,6937.0,20221231,70517,75271,70517,CITIZENS STB OF CHENEY KS,21851,8354,0,6059,9658,44675,0.0,9658_20221231,1,1,0.0859225435001489,0.0859225435001489,<1bn
86237,NM,0.0,20221231,109825,126941,109825,STATE BANK OF DOWNS,7489,23659,7155,15881,9659,101643,249.0,9659_20221231,1,1,0.1446027771454587,0.20975187798770772,<1bn
50670,SM,15029.0,20221231,61390,73569,61390,BANK OF HOLYROOD,21643,10782,951,3082,9661,44222,5000.0,9661_20221231,1,1,0.05020361622414074,0.0656947385567682,<1bn
225324,NM,1558.0,20221231,259283,307645,259283,KAW VALLEY BANK,37535,34151,35707,9553,9665,240603,498.0,9665_20221231,1,1,0.03684391186464211,0.17455830116127938,<1bn
72477,NM,1385.0,20221231,85212,97831,85212,FREDONIA VALLEY BANK,25248,12757,0,6356,9669,58302,0.0,9669_20221231,1,1,0.07459043327230906,0.07459043327230906,<1bn
66205,NM,0.0,20221231,74337,82442,74337,OWINGSVILLE BANKING CO,13560,8223,980,5392,9672,59093,3609.0,9672_20221231,1,1,0.07253453865504392,0.0857177448646031,<1bn
553092,NM,10085.0,20221231,633122,740741,633122,EDMONTON STATE BANK,77162,81207,51673,91213,9678,548524,0.0,9678_20221231,1,1,0.14406859973275293,0.22568478113223045,<1bn
10795793,NM,1941653.0,20221231,16051779,19296982,16051779,ROCKLAND TRUST CO,3125393,5413004,891975,353855,9712,13779059,102643.0,9712_20221231,1,1,0.022044597050582367,0.07761320411899517,10-100bn
410133,SM,22565.0,20221231,712409,792571,712409,OXFORD BANK,187626,302336,107216,121534,9719,445179,0.0,9719_20221231,1,1,0.1705958234665761,0.3210936414335024,<1bn
63517,NM,5015.0,20221231,68275,74448,68275,CONCORDE BANK,5403,4864,0,19249,9727,48241,0.0,9727_20221231,1,1,0.28193335774441597,0.28193335774441597,<1bn
72268,NM,5748.0,20221231,86777,105274,86777,FIRST SECURITY BANK,20478,14593,532,6430,9728,75363,3000.0,9728_20221231,1,1,0.0740979752699448,0.08022863201078627,<1bn
45252,NM,0.0,20221231,53734,58758,53734,VANTAGE BANK,8967,8508,8967,1055,9733,45892,0.0,9733_20221231,1,1,0.019633751442289796,0.1865113336062828,<1bn
56866,NM,1243.0,20221231,73384,117440,73384,STATE BANK OF NEW RICHLAND,7913,16595,0,1516,9735,102655,7376.0,9735_20221231,1,1,0.02065845415894473,0.02065845415894473,<1bn
465378,NM,1.0,20221231,637887,704321,637887,MIDWEST BANK,121713,172726,36673,66621,9737,497731,3484.0,9737_20221231,1,1,0.1044401281104647,0.16193150197448763,<1bn
146000,NM,20756.0,20221231,186110,203883,186110,HOME STATE BANK,90208,40141,5821,8235,9745,90518,996.0,9745_20221231,1,1,0.04424802536134544,0.0755252270162807,<1bn
128335,N,6053.0,20221231,144625,161838,144625,NORTHWESTERN BANK NA,22435,16403,5868,19245,9746,113619,0.0,9746_20221231,1,1,0.13306828003457216,0.17364217804667242,<1bn
41453,NM,0.0,20221231,46116,53119,46116,VERGAS STATE BANK,21396,4703,454,8908,9747,19194,0.0,9747_20221231,1,1,0.19316506201752104,0.2030098013704571,<1bn
386901,NM,97593.0,20221231,608223,689010,608223,21ST CENTURY BANK,112542,225403,0,13545,9751,549919,91218.0,9751_20221231,1,1,0.022269792493871492,0.022269792493871492,<1bn
28061,NM,327.0,20221231,33304,39217,33304,MARSHALL COUNTY STATE BANK,6003,5276,5676,21908,9752,11146,0.0,9752_20221231,1,1,0.6578188806149411,0.8282488589959164,<1bn
319224,NM,0.0,20221231,401299,465002,401299,COMMUNITY BANK MANKATO,39492,83036,37773,12954,9760,402497,0.0,9760_20221231,1,1,0.03228017014744617,0.12640699328929303,<1bn
85566,NM,12181.0,20221231,100883,106012,100883,FIRST STB OF ROSEMOUNT,32012,15362,2936,4482,9769,65034,3002.0,9769_20221231,1,1,0.044427703379162,0.07353072370964385,<1bn
261124,SM,123597.0,20221231,330212,405041,330212,FIRST STATE BANK SOUTHWEST,180876,69226,0,15636,9770,187495,0.0,9770_20221231,1,1,0.047351398495511975,0.047351398495511975,<1bn
105147,NM,13569.0,20221231,121945,134913,121945,SECURITY STB OF WARROAD,54506,16862,0,6801,9773,63784,7235.0,9773_20221231,1,1,0.05577104432326049,0.05577104432326049,<1bn
195825,NM,76026.0,20221231,258364,270007,258364,BANK OF KILMICHAEL,123331,62665,0,9865,9775,122410,0.0,9775_20221231,1,1,0.03818256413432212,0.03818256413432212,<1bn
81040,NM,7330.0,20221231,101515,123708,101515,CITIZENS BANK&TRUST CO,24315,20510,3491,26170,9777,57297,0.0,9777_20221231,1,1,0.25779441461852926,0.2921834211692853,<1bn
189603,NM,27298.0,20221231,290750,311112,290750,BLOOMSDALE BANK,122650,101331,6283,4339,9788,177273,0.0,9788_20221231,1,1,0.01492347377472055,0.03653310404127257,<1bn
98518,NM,1.0,20221231,156060,177954,156060,COMMERCIAL TR CO OF FAYETTE,40759,57576,29129,22240,9791,111737,0.0,9791_20221231,1,1,0.14250929129821863,0.3291618608227605,<1bn
209752,NM,732.0,20221231,263443,283932,263443,KEARNEY TRUST CO,90072,53696,35603,44148,9794,145744,0.0,9794_20221231,1,1,0.16758084291478612,0.3027258268392024,<1bn
498799,NM,28734.0,20221231,753794,828250,753794,M1 BANK,28734,256425,0,104536,9797,653720,171382.0,9797_20221231,1,1,0.13867979845952608,0.13867979845952608,<1bn
220415,NM,0.0,20221231,292891,382801,292891,BANK OF ODESSA,47957,72950,46815,5212,9803,314801,0.0,9803_20221231,1,1,0.017795015893284534,0.1776326346661386,<1bn
82078,NM,0.0,20221231,100341,113677,100341,COMMERCIAL BK OAK GROVE MO,38737,18417,36068,3110,9811,61683,0.0,9811_20221231,1,1,0.030994309404929192,0.3904485703750212,<1bn
43019,NM,0.0,20221231,51001,67600,51001,ADAMS STATE BANK,18822,8002,0,7092,9812,39904,0.0,9812_20221231,1,1,0.1390560969392757,0.1390560969392757,<1bn
65887,NM,11632.0,20221231,96890,110827,96890,PLATTE VALLEY BANK,36236,31020,4671,22628,9818,42300,0.0,9818_20221231,1,1,0.2335431933120033,0.2817525028382702,<1bn
39473,NM,0.0,20221231,55226,66835,55226,NEBRASKA STATE BANK,2627,15769,972,6160,9819,50199,4477.0,9819_20221231,1,1,0.11154166515771557,0.12914207076377068,<1bn
74805,NM,0.0,20221231,87498,127826,87498,STATE BANK OF TABLE ROCK,2594,12717,0,21309,9822,96314,0.0,9822_20221231,1,1,0.2435369951313173,0.2435369951313173,<1bn
311060,SM,15219.0,20221231,376360,432448,376360,ALDEN STATE BANK,90247,65377,15489,35722,9831,281533,0.0,9831_20221231,1,1,0.09491444361781273,0.13606918907429058,<1bn
247469000,NM,118465000.0,20221231,424922000,545969000,424922000,TRUIST BANK,130037000,184299000,10030000,21240000,9846,322851000,22353000.0,9846_20221231,1,1,0.04998564442415314,0.07358997651333657,>=100bn
47268,SM,16882.0,20221231,58195,58408,58195,MARBLEHEAD BANK,35684,10931,0,1123,9860,19288,0.0,9860_20221231,1,1,0.01929719048028181,0.01929719048028181,<1bn
39310,NM,0.0,20221231,52534,62104,52534,REPUBLIC BANKING CO,8145,13238,6931,9328,9865,43356,0.0,9865_20221231,1,1,0.17756119846194846,0.30949480336543955,<1bn
244749,SM,36534.0,20221231,369314,407406,369314,ST HENRY BANK,146290,124598,27574,21742,9871,208160,0.0,9871_20221231,1,1,0.05887131275824908,0.13353406586265346,<1bn
39267,NM,0.0,20221231,47086,54148,47086,BANK360,1209,7857,0,584,9875,48519,7019.0,9875_20221231,1,1,0.012402837361423778,0.012402837361423778,<1bn
38148,NM,12125.0,20221231,46317,49527,46317,FIRST STATE BANK,24190,8171,0,3904,9879,16210,0.0,9879_20221231,1,1,0.08428870609063627,0.08428870609063627,<1bn
71092,NM,1366.0,20221231,108741,125638,108741,SECURITY BANK&TRUST CO,14173,37727,0,10509,9881,90143,6087.0,9881_20221231,1,1,0.09664248075702817,0.09664248075702817,<1bn
592494,NM,106080.0,20221231,789594,968281,789594,DIME BANK,217582,197246,0,7991,9888,668484,3023.0,9888_20221231,1,1,0.010120390985747105,0.010120390985747105,<1bn
2202540,NM,214906.0,20221231,3778787,4481008,3778787,MID PENN BANK,637802,1578010,0,58523,9889,3497637,213006.0,9889_20221231,1,1,0.015487244980995225,0.015487244980995225,1-10bn
1301479,NM,110424.0,20221231,1414238,1554014,1414238,ANDERSON BROTHERS BANK,162304,113026,0,103248,9923,1209755,0.0,9923_20221231,1,1,0.07300609939769685,0.07300609939769685,1-10bn
146860,NM,5774.0,20221231,203905,230830,203905,COMMERCIAL STB OF WAGNER,80774,57246,7478,6132,9932,136960,0.0,9932_20221231,1,1,0.030072828032662268,0.06674676932885412,<1bn
164547,NM,10962.0,20221231,229813,268999,229813,RIVERS EDGE BANK,68344,65344,47159,7119,9935,182531,0.0,9935_20221231,1,1,0.030977359853446063,0.2361833316653105,<1bn
57400,NM,0.0,20221231,69362,77176,69362,VALLEY EXCHANGE BANK,22954,11966,22869,30509,9947,12057,0.0,9947_20221231,1,1,0.43985179204751884,0.7695568178541564,<1bn
1055997,NM,52765.0,20221231,1351736,1556974,1351736,F&M BANK,144690,297778,32557,33063,9963,1239144,13000.0,9963_20221231,1,1,0.02445965780300295,0.04854498215627904,1-10bn
609391,SM,3193.0,20221231,967001,1173037,967001,AMERICAN STATE BANK,25779,357745,0,58755,9967,1006445,100384.0,9967_20221231,1,1,0.060760019896566805,0.060760019896566805,1-10bn
454508,NM,836271.0,20221231,1790798,1903412,1790798,FIRST STATE BANK OF UVALDE,855622,1338412,0,408567,9978,581097,0.0,9978_20221231,1,1,0.22814800999331025,0.22814800999331025,1-10bn
61748,SM,0.0,20221231,72555,86622,72555,FARMERS&MERCHANTS BK CRAIG C,32371,10829,32371,7982,9986,37523,0.0,9986_20221231,1,1,0.11001309351526428,0.5561711804837709,<1bn
321994,NM,64312.0,20221231,414763,461234,414763,JEFFERSON SECURITY BANK,128453,92816,0,4149,9997,304245,0.0,9997_20221231,1,1,0.010003303091162905,0.010003303091162905,<1bn
159321,NM,8162.0,20221231,181533,201384,181533,CAPON VALLEY BANK,41795,22267,2799,9518,9998,137956,0.0,9998_20221231,1,1,0.05243123839742636,0.06784992260360376,<1bn
93829,NM,7593.0,20221231,123276,148421,123276,ERGO BANK,17873,29504,0,5364,10004,119935,10693.0,10004_20221231,1,1,0.043512119147279274,0.043512119147279274,<1bn
285106,NM,43881.0,20221231,316549,394798,316549,WOODFORD STATE BANK,105734,31656,6485,10641,10011,258245,0.0,10011_20221231,1,1,0.03361564876211898,0.05410220850484443,<1bn
134831,NM,8001.0,20221231,183037,211285,183037,PORTAGE COUNTY BANK,63632,48282,0,21336,10012,120207,0.0,10012_20221231,1,1,0.11656659582488786,0.11656659582488786,<1bn
116665,NM,2149.0,20221231,133949,154195,133949,SECURITY BANK,8401,17371,930,4625,10015,136937,10574.0,10015_20221231,1,1,0.03452806665223331,0.04147100762230401,<1bn
1049133,N,317376.0,20221231,2170510,2635396,2170510,NATIONAL EXCHANGE BANK&TRUST,851803,1121943,107719,106121,10044,1550164,0.0,10044_20221231,1,1,0.04889219584337322,0.09852062418509935,1-10bn
192354,NM,25934.0,20221231,284623,307673,284623,FIRST SOUTHERN BANK,73855,92359,7613,53302,10055,161812,0.0,10055_20221231,1,1,0.18727228649828018,0.21401994919595393,<1bn
64073,NM,5743.0,20221231,70594,81497,70594,BANK OF HANCOCK COUNTY,50548,6543,486,9260,10057,18488,0.0,10057_20221231,1,1,0.1311726209026263,0.13805705867354165,<1bn
79328,NM,21421.0,20221231,117979,130148,117979,PLANTERS&CITIZENS BANK,55034,38723,0,6084,10072,61697,0.0,10072_20221231,1,1,0.05156849947872079,0.05156849947872079,<1bn
35983,NM,8048.0,20221231,46293,51477,46293,APEX BANKING CO OF GEORGIA,23254,10327,474,1695,10074,21508,0.0,10074_20221231,1,1,0.036614606960015554,0.046853735986002204,<1bn
32312,NM,0.0,20221231,37336,42651,37336,PEOPLES STATE BANK OF COLFAX,12663,5029,490,7941,10075,21086,0.0,10075_20221231,1,1,0.21269016498821514,0.22581422755517463,<1bn
21411,NM,0.0,20221231,30321,40407,30321,FARMERS STATE BANK OF EMDEN,23466,8920,1500,1122,10077,11507,0.0,10077_20221231,1,1,0.0370040565944395,0.08647472049074899,<1bn
310042,NM,0.0,20221231,358253,399944,358253,NAPOLEON STATE BANK,60577,48587,0,50718,10101,269795,0.0,10101_20221231,1,1,0.14157034274660646,0.14157034274660646,<1bn
224952,NM,15685.0,20221231,310367,391537,310367,OHNWARD BANK&TRUST,72409,85635,20066,11863,10111,290448,738.0,10111_20221231,1,1,0.03822249143755618,0.10287498348729085,<1bn
164008,NM,11534.0,20221231,208404,240295,208404,LEIGHTON STATE BANK,37032,44635,6190,8646,10118,180919,8066.0,10118_20221231,1,1,0.041486727701963495,0.0711886528089672,<1bn
22328,NM,63.0,20221231,29581,33790,29581,AMERICAN TRUST&SAVINGS BANK,19476,7264,0,8001,10120,4960,0.0,10120_20221231,1,1,0.2704776714783138,0.2704776714783138,<1bn
117118,NM,130.0,20221231,141046,170719,141046,LIBERTY TRUST&SAVINGS BANK,62347,23957,11196,12177,10121,83948,752.0,10121_20221231,1,1,0.08633353657671965,0.16571189541000808,<1bn
152512,NM,102641.0,20221231,199553,221591,199553,FARMERS SAVINGS BANK&TRUST,111259,47133,8618,3516,10122,96816,0.0,10122_20221231,1,1,0.017619379312764027,0.06080590118915777,<1bn
35849,NM,7270.0,20221231,60339,67810,60339,FIRST TRUST&SAVINGS BANK,46583,24562,0,6154,10123,10539,2762.0,10123_20221231,1,1,0.10199042078920764,0.10199042078920764,<1bn
106490,NM,4895.0,20221231,150010,159630,150010,CITIZENS SAVINGS BANK,92071,43578,23336,4775,10125,58175,0.0,10125_20221231,1,1,0.03183121125258316,0.18739417372175188,<1bn
153006,NM,0.0,20221231,219378,250257,219378,SUCCESS BANK,24805,66492,14066,5522,10127,207748,3511.0,10127_20221231,1,1,0.02517116575043988,0.08928880744650786,<1bn
83944,NM,668.0,20221231,110312,130015,110312,EXCHANGE STATE BANK,12999,26447,0,9027,10132,105513,0.0,10132_20221231,1,1,0.08183153238088331,0.08183153238088331,<1bn
169441,NM,16440.0,20221231,189289,212590,189289,COMMERCIAL BANK OF GRAYSON,78966,19876,19606,12420,10137,114577,0.0,10137_20221231,1,1,0.06561395538039717,0.1691910253633333,<1bn
21736,NM,0.0,20221231,24046,31690,24046,HART COUNTY BANK&TRUST CO,3112,2451,0,4616,10145,22153,0.0,10145_20221231,1,1,0.19196539965066955,0.19196539965066955,<1bn
281406,NM,23004.0,20221231,335899,371707,335899,SHELBY STATE BANK,148767,54660,34203,6683,10157,195549,0.0,10157_20221231,1,1,0.019895861553621774,0.12172111259634592,<1bn
241280,NM,19719.0,20221231,337713,366425,337713,FIRST STATE BANK&TRUST,89605,96510,30318,26123,10159,232112,0.0,10159_20221231,1,1,0.07735266335616336,0.16712711681220443,<1bn
48598,N,131.0,20221231,53817,77475,53817,STEARNS BANK HOLDINGFORD NA,3601,5284,0,6581,10160,54001,0.0,10160_20221231,1,1,0.12228477990226137,0.12228477990226137,<1bn
66075,NM,159.0,20221231,83505,93409,83505,FIRST STATE BANK MINNESOTA,13300,17437,8974,12302,10162,64371,0.0,10162_20221231,1,1,0.14732051972935753,0.2547871384947009,<1bn
150150,NM,2.0,20221231,176650,195261,176650,SECURITY STB OF MARINE,32091,26532,29754,26993,10163,134451,0.0,10163_20221231,1,1,0.15280498160203793,0.3212397395980753,<1bn
240657,NM,0.0,20221231,297068,314380,297068,FARMERS&MERCHANTS STB PIERZ,86435,56472,0,15356,10165,200875,0.0,10165_20221231,1,1,0.051691868528417735,0.051691868528417735,<1bn
208085,NM,49588.0,20221231,253896,285216,253896,CITIZENS STB OF ROSEAU,134514,45987,0,4929,10167,140946,46.0,10167_20221231,1,1,0.019413460629549108,0.019413460629549108,<1bn
316568,NM,0.0,20221231,425097,462251,425097,FIRST FARMERS&MERCHANTS BANK,156696,108879,4564,23692,10168,270286,0.0,10168_20221231,1,1,0.05573316207830213,0.06646953518843934,<1bn
155000,NM,33546.0,20221231,209984,230557,209984,SHERBURNE STATE BANK,63374,55027,14830,11310,10169,144709,0.0,10169_20221231,1,1,0.05386124657116733,0.12448567509905517,<1bn
82203,NM,6549.0,20221231,94181,103523,94181,FARMERS STB OF UNDERWOOD,18069,12026,10219,7865,10174,73407,0.0,10174_20221231,1,1,0.08350941272655843,0.19201325108036651,<1bn
101954,NM,26971.0,20221231,146257,157433,146257,SECURITY STB OF HIBBING,52122,44310,7637,19376,10175,77895,0.0,10175_20221231,1,1,0.1324791292040723,0.1846954333809664,<1bn
86539,NM,8176.0,20221231,94585,134796,94585,FINANCIAL SECURITY BANK,10817,8079,0,5310,10176,102481,0.0,10176_20221231,1,1,0.05613997991224824,0.05613997991224824,<1bn
99965,NM,0.0,20221231,111314,122054,111314,PRODUCE STATE BANK,53708,11366,51272,6139,10178,54454,0.0,10178_20221231,1,1,0.05515029556030688,0.5157572273029448,<1bn
45775,NM,1430.0,20221231,57455,65808,57455,ELYSIAN BANK,8301,11686,5181,9848,10185,43482,0.0,10185_20221231,1,1,0.17140370724915152,0.2615786267513706,<1bn
33889,NM,637.0,20221231,46737,53564,46737,NORTHERN STB OF GONVICK,7259,12873,6622,34174,10187,12035,0.0,10187_20221231,1,1,0.7311979801870039,0.8728844384534737,<1bn
119988,NM,0.0,20221231,158439,187686,158439,PRINSBANK,9972,38586,9656,7677,10191,129775,0.0,10191_20221231,1,1,0.04845397913392536,0.10939856979657786,<1bn
139270,NM,112.0,20221231,170438,179389,170438,PINE RIVER STATE BANK,55275,31204,24678,27373,10194,89158,0.0,10194_20221231,1,1,0.1606038559476173,0.30539551039087526,<1bn
66604,NM,2445.0,20221231,73863,80926,73863,HOMETOWN COMMUNITY BANK,8253,11220,4543,8168,10197,62345,0.0,10197_20221231,1,1,0.11058310656214884,0.1720888672271638,<1bn
31266,NM,0.0,20221231,34590,38526,34590,STATE BANK OF JEFFERS,13936,3336,13893,4886,10200,19161,0.0,10200_20221231,1,1,0.14125469788956346,0.5429025729979763,<1bn
48326,NM,0.0,20221231,57415,72812,57415,LOWRY STATE BANK,1397,9113,1394,2298,10202,67697,0.0,10202_20221231,1,1,0.0400243838718105,0.06430375337455368,<1bn
147535,NM,8566.0,20221231,218503,260083,218503,COMMERCE BANK,31905,71052,0,24441,10212,200198,77184.0,10212_20221231,1,1,0.11185658778140346,0.11185658778140346,<1bn
522864,NM,44234.0,20221231,717189,803933,717189,VERMILLION STATE BANK,373624,194934,59842,74368,10214,339518,0.0,10214_20221231,1,1,0.10369372647935203,0.1871333776731099,<1bn
214404,NM,105220.0,20221231,320549,326369,320549,CITIZENS BANK&TRUST CO,145253,106300,0,7590,10218,157095,10000.0,10218_20221231,1,1,0.023678127213000198,0.023678127213000198,<1bn
113387,NM,13265.0,20221231,144284,157557,144284,GOOSE RIVER BANK,41667,31007,0,5771,10236,103956,0.0,10236_20221231,1,1,0.039997504920850545,0.039997504920850545,<1bn
72691,NM,9911.0,20221231,104613,107808,104613,FIRST STATE BANK OF GOLVA,58166,31941,6518,1687,10243,37047,0.0,10243_20221231,1,1,0.016126102874403754,0.07843193484557369,<1bn
3527471,NM,256373.0,20221231,4145505,4910204,4145505,FIRST INTERNATIONAL B&T,567708,619447,0,102391,10248,3987776,709.0,10248_20221231,1,1,0.024699282717063422,0.024699282717063422,1-10bn
212721,NM,16554.0,20221231,326259,379153,326259,UNITED COMMUNITY BANK OF ND,56147,113665,19508,14852,10249,294937,0.0,10249_20221231,1,1,0.04552211586500296,0.1053151024186306,<1bn
107893,NM,6625.0,20221231,130199,143547,130199,PEOPLES STATE BANK OF VELVA,27499,22503,3044,3758,10250,101529,0.0,10250_20221231,1,1,0.028863508936320555,0.052243104785751046,<1bn
50931,NM,5835.0,20221231,65166,70782,65166,FIRST SECURITY BANK WEST,33292,14242,17900,9244,10253,24379,0.0,10253_20221231,1,1,0.14185311358683977,0.41653623054967315,<1bn
467661,NM,284922.0,20221231,764026,798208,764026,OLD FORT BANKING CO,320020,296466,1105,43221,10255,408256,0.0,10255_20221231,1,1,0.05657006436953716,0.05801635022891891,<1bn
181754,NM,1531.0,20221231,270824,313555,270824,CITIZENS BANK CO,101479,89116,0,6206,10266,187222,18312.0,10266_20221231,1,1,0.02291525123327327,0.02291525123327327,<1bn
85458,NM,613.0,20221231,106527,122193,106527,FARMERS&MERCHANTS BANK,30103,21104,7200,11915,10280,73184,0.0,10280_20221231,1,1,0.11184957804124776,0.1794380767317206,<1bn
40394,SM,168.0,20221231,48604,53233,48604,GATES BANKING&TRUST CO,28453,8337,0,2554,10306,13967,5053.0,10306_20221231,1,1,0.05254711546374784,0.05254711546374784,<1bn
1076654,NM,2130.0,20221231,1630550,1856952,1630550,BUILTWELL BANK,154165,558756,151951,471136,10307,1135207,0.0,10307_20221231,1,1,0.28894299469504153,0.3821330225997363,1-10bn
553941,SM,17450.0,20221231,753355,847944,753355,BANK OF FAYETTE COUNTY,56608,200802,16293,48611,10308,703039,9778.0,10308_20221231,1,1,0.06452602026932854,0.08615327435272879,<1bn
69286,SM,179.0,20221231,120830,129292,120830,BANK OF HALLS,43826,51662,3942,4821,10315,42777,5627.0,10315_20221231,1,1,0.03989903169742614,0.07252337995530911,<1bn
208845,NM,73036.0,20221231,253702,275314,253702,CITIZENS B&T GRAINGER CNTY,179520,44933,0,6710,10317,73178,0.0,10317_20221231,1,1,0.026448352791858164,0.026448352791858164,<1bn
99999,NM,2511.0,20221231,132224,149827,132224,CITIZENS SAVINGS B&T CO,8964,32319,4691,8767,10319,129315,1452.0,10319_20221231,1,1,0.06630415053242981,0.10178182478218781,<1bn
51885,NM,7797.0,20221231,59917,70131,59917,CITIZENS STB OF LULING,9628,8038,0,4882,10327,54147,0.0,10327_20221231,1,1,0.08147937980873542,0.08147937980873542,<1bn
73178,NM,6338.0,20221231,110531,118124,110531,COMMERCIAL STATE BANK,50782,37357,15302,28529,10330,34059,0.0,10330_20221231,1,1,0.2581085849218771,0.39654938433561626,<1bn
382715,NM,12481.0,20221231,639904,806597,639904,OAKWOOD BANK,18906,257890,0,75001,10334,664912,0.0,10334_20221231,1,1,0.11720664349652447,0.11720664349652447,<1bn
332014,NM,11160.0,20221231,613182,716830,613182,SCHERTZ BANK&TRUST,16299,281802,4951,28031,10344,647483,0.0,10344_20221231,1,1,0.04571399682312918,0.053788271671379784,<1bn
112629,NM,7862.0,20221231,162349,168747,162349,PEOPLES STATE BANK,66379,49740,0,35697,10345,61018,0.0,10345_20221231,1,1,0.21987816370904656,0.21987816370904656,<1bn
32243,SM,96.0,20221231,40973,45310,40973,CROWELL STATE BANK,11494,8746,447,8525,10352,23007,0.0,10352_20221231,1,1,0.20806384692358382,0.21897347033412248,<1bn
1394625,NM,179540.0,20221231,2026662,2312638,2026662,CITIZENS&FARMERS BANK,518400,636537,58832,28898,10363,1609973,0.0,10363_20221231,1,1,0.014258914411973975,0.04328792862351986,1-10bn
87875,NM,0.0,20221231,115077,127245,115077,BANNER BANKS,39966,27235,4795,28062,10374,35054,0.0,10374_20221231,1,1,0.2438541150707787,0.2855218679666658,<1bn
286025,NM,33699.0,20221231,364560,427218,364560,BANK OF NEW GLARUS,104820,78535,5504,9996,10378,283054,0.0,10378_20221231,1,1,0.027419354838709678,0.04251700680272109,<1bn
240241,NM,7126.0,20221231,295316,331547,295316,OOSTBURG STATE BANK,74324,55292,5435,6006,10380,231134,1228.0,10380_20221231,1,1,0.0203375367403053,0.03874155142288261,<1bn
116822,NM,29937.0,20221231,146249,165352,146249,FARMERS&MERCHANTS BANK&TRUST,52315,29508,0,4555,10382,102580,0.0,10382_20221231,1,1,0.031145512106065684,0.031145512106065684,<1bn
265386,SM,45254.0,20221231,396198,450014,396198,STATE BANK FINANCIAL,134653,130874,3095,31368,10383,251819,0.0,10383_20221231,1,1,0.07917253494464889,0.0869842856349603,<1bn
250200,NM,4160.0,20221231,285067,324362,285067,WAUMANDEE STATE BANK,58919,35087,17879,13097,10384,233316,2250.0,10384_20221231,1,1,0.04594358519225305,0.1086621741555494,<1bn
73254,NM,0.0,20221231,96136,115889,96136,FARMERS STATE BANK OF BRUSH,42102,22911,2276,7248,10407,58944,0.0,10407_20221231,1,1,0.07539319297661647,0.09906798701839062,<1bn
210787,NM,33422.0,20221231,276384,304885,276384,STATE BANK OF GRAYMONT,113040,65699,18203,11062,10434,164150,0.0,10434_20221231,1,1,0.040024024545559804,0.10588529003126085,<1bn
46563,NM,1.0,20221231,60216,66855,60216,FIRST STATE BANK OF OLMSTED,21089,13326,1890,4471,10437,38491,0.0,10437_20221231,1,1,0.0742493689384881,0.10563637571409593,<1bn
193668,NM,13084.0,20221231,208161,240637,208161,RARITAN STATE BANK,70234,14547,7091,6040,10438,152076,0.0,10438_20221231,1,1,0.02901600203688491,0.06308098058714168,<1bn
91547,NM,0.0,20221231,108986,124611,108986,VILLAGE BANK,22217,17517,977,19823,10439,59046,0.0,10439_20221231,1,1,0.1818857467931661,0.19085020094324043,<1bn
127342,NM,2778.0,20221231,170599,185063,170599,FREDERICK COMMUNITY BANK THE,75441,43285,39514,26902,10446,78078,0.0,10446_20221231,1,1,0.15769142843744688,0.38931060557213115,<1bn
93402,NM,10874.0,20221231,106054,117784,106054,FARMERS STATE BANK&TRUST CO,20193,12836,0,6779,10458,83680,0.0,10458_20221231,1,1,0.06392026703377525,0.06392026703377525,<1bn
128173,NM,0.0,20221231,199224,223188,199224,TOWN&COUNTRY BANK MIDWEST,29593,71093,4080,55453,10460,134178,0.0,10460_20221231,1,1,0.2783449785166446,0.2988244388226318,<1bn
30881,NM,0.0,20221231,35346,40609,35346,MIDDLETOWN STATE BANK,4817,5982,0,1246,10463,33561,0.0,10463_20221231,1,1,0.03525151360832909,0.03525151360832909,<1bn
86611,NM,26777.0,20221231,108594,119996,108594,FEDERATED BANK,48970,21992,0,12941,10464,52547,0.0,10464_20221231,1,1,0.11916864651822384,0.11916864651822384,<1bn
153385,NM,23046.0,20221231,174463,194721,174463,GIFFORD STATE BANK,50238,21115,25881,16835,10467,117521,0.0,10467_20221231,1,1,0.09649610519135862,0.2448427460263781,<1bn
36822,NM,0.0,20221231,44094,52691,44094,FARMERS&MERCHANTS BK HUTSONV,5400,7287,0,10429,10469,30955,0.0,10469_20221231,1,1,0.23651744001451444,0.23651744001451444,<1bn
34002,SM,19705.0,20221231,38342,43297,38342,CAMP GROVE STATE BANK,22854,4368,1911,3892,10471,12887,1753.0,10471_20221231,1,1,0.10150748526420114,0.15134839079860204,<1bn
119723,NM,445.0,20221231,169136,190833,169136,IPAVA STATE BANK,42644,49550,6435,7113,10473,133430,0.0,10473_20221231,1,1,0.042054914388421155,0.08010122031974269,<1bn
280791,NM,55625.0,20221231,348734,381356,348734,CITIZENS STATE BANK,124941,68055,6483,18051,10474,218348,0.0,10474_20221231,1,1,0.051761514506758734,0.07035161469773524,<1bn
25676,NM,0.0,20221231,27603,28413,27603,ELGIN STATE BANK,5976,1940,0,3446,10489,18570,0.0,10489_20221231,1,1,0.12484150273520994,0.12484150273520994,<1bn
57653,NM,3021.0,20221231,74681,89441,74681,FARMERS&MERCHANTS SB,13697,17067,0,2251,10492,63998,5329.0,10492_20221231,1,1,0.030141535330271422,0.030141535330271422,<1bn
109412,NM,32715.0,20221231,157172,182031,157172,MOUNT VERNON BANK&TRUST CO,50574,47998,0,6937,10494,119260,10332.0,10494_20221231,1,1,0.044136360165932864,0.044136360165932864,<1bn
134615,NM,1137.0,20221231,160947,186550,160947,IOWA STATE BANK,35138,26507,20804,8131,10497,139628,0.0,10497_20221231,1,1,0.05051973631071098,0.17977967902477213,<1bn
87109,NM,2537.0,20221231,114500,129662,114500,FARMERS SAVINGS BANK,42930,27434,1248,10776,10500,67985,0.0,10500_20221231,1,1,0.09411353711790393,0.10501310043668122,<1bn
121525,SM,0.0,20221231,130730,144832,130730,BANKWEST OF KANSAS,38229,9224,13624,31837,10502,69590,25033.0,10502_20221231,1,1,0.24353247150615773,0.3477472653560774,<1bn
47944,SM,0.0,20221231,72928,79548,72928,FIRST STATE BANK,47107,25063,0,3848,10503,21028,0.0,10503_20221231,1,1,0.05276437033786749,0.05276437033786749,<1bn
93595,NM,5512.0,20221231,179206,191863,179206,KANSAS STATE BANK,98081,85635,53751,5884,10505,73852,0.0,10505_20221231,1,1,0.03283372208519804,0.3327734562458846,<1bn
120659,NM,19264.0,20221231,164512,183728,164512,CITIZENS BANK,46072,43868,5761,11163,10520,118088,0.0,10520_20221231,1,1,0.0678552324450496,0.10287395448356351,<1bn
254179,NM,32375.0,20221231,373475,391962,373475,BANK OF COMMERCE&TRUST CO,254741,119350,1867,35378,10523,84951,0.0,10523_20221231,1,1,0.09472655465559944,0.09972555057232746,<1bn
94580,NM,82680.0,20221231,179754,196097,179754,EXCHANGE B&T NATCHITOCHES LA,106044,85178,0,7478,10528,79906,0.0,10528_20221231,1,1,0.04160129955383469,0.04160129955383469,<1bn
142108,NM,217.0,20221231,200745,227936,200745,CITIZENS PROGRESSIVE BANK,9467,59347,3788,18032,10531,176232,22175.0,10531_20221231,1,1,0.0898254003835712,0.10869511071259558,<1bn
172460,NM,13297.0,20221231,246385,269071,246385,CLB THE COMMUNITY BANK,55426,73968,19621,20816,10532,172797,0.0,10532_20221231,1,1,0.08448566268238732,0.16412119244272175,<1bn
187667,NM,9903.0,20221231,245328,302683,245328,WINNSBORO STATE B&T CO,44759,57932,895,17377,10533,227921,2952.0,10533_20221231,1,1,0.07083170286310572,0.07447987999739125,<1bn
143703,NM,11165.0,20221231,176575,207784,176575,ARCADIAN BANK,30561,33063,0,13966,10561,152827,18821.0,10561_20221231,1,1,0.07909386946056916,0.07909386946056916,<1bn
40846,NM,0.0,20221231,45330,48592,45330,UNITED MINNESOTA BANK,4353,4501,843,13821,10567,29937,0.0,10567_20221231,1,1,0.3048974189278623,0.32349437458636665,<1bn
137264,SB,24395.0,20221231,174342,195942,174342,COMMUNITY DEVELOPMENT BK FSB,58296,37115,27183,17162,10568,101687,0.0,10568_20221231,1,1,0.09843870094412133,0.2543563799887577,<1bn
31338,NM,0.0,20221231,43813,48690,43813,FARMERS&MERCHANTS STB ALPHA,3041,12503,2806,6857,10571,25664,0.0,10571_20221231,1,1,0.1565060598452514,0.2205509780202223,<1bn
86719,NM,12438.0,20221231,105226,127823,105226,FIRST SOUTHEAST BANK,30091,18571,16339,6809,10576,86297,1990.0,10576_20221231,1,1,0.0647083420447418,0.21998365422994318,<1bn
139895,NM,20230.0,20221231,179493,207917,179493,BANK OF FRANKLIN,54416,38476,0,4129,10594,139152,0.0,10594_20221231,1,1,0.023003682594864423,0.023003682594864423,<1bn
178736,NM,7915.0,20221231,234205,255402,234205,COMMUNITY FIRST BANK,34397,55537,12969,40276,10595,172977,548.0,10595_20221231,1,1,0.1719690015157661,0.22734356653359236,<1bn
36837,NM,5216.0,20221231,48630,58572,48630,BANK OF ORRICK,23512,11814,0,6716,10597,26253,1346.0,10597_20221231,1,1,0.13810405099732675,0.13810405099732675,<1bn
369000,NM,3106.0,20221231,422333,457426,422333,UNICO BANK,42142,53512,7795,28705,10608,369772,0.0,10608_20221231,1,1,0.0679676937393005,0.08642469331072873,<1bn
723460,NM,74555.0,20221231,905433,1003955,905433,BTC BANK,212337,182461,18358,28768,10618,698676,1610.0,10618_20221231,1,1,0.031772643585996976,0.05204802564077077,1-10bn
1215002,NM,102699.0,20221231,1634562,1913413,1634562,HAWTHORN BANK,247464,420277,0,84183,10619,1506255,40135.0,10619_20221231,1,1,0.05150187022578526,0.05150187022578526,1-10bn
76566,NM,14854.0,20221231,139362,148760,139362,STATE BANK OF MISSOURI,64272,62878,28640,7252,10623,72242,0.0,10623_20221231,1,1,0.05203714068397411,0.257545098376889,<1bn
30494,NM,4093.0,20221231,32781,35515,32781,BANK OF NEW CAMBRIA,15315,2294,1208,9124,10626,9193,0.0,10626_20221231,1,1,0.27833196058692533,0.31518257527226134,<1bn
105269,NM,16222.0,20221231,130058,134151,130058,PREFERRED BANK,72438,24801,25542,9506,10628,47963,0.0,10628_20221231,1,1,0.07309046732996048,0.26947977056390227,<1bn
4277411,NM,936609.0,20221231,6351960,7724198,6351960,PINNACLE BANK,1966187,2075214,740672,146781,10634,5303539,0.0,10634_20221231,1,1,0.02310798556665974,0.13971325386180014,1-10bn
13817,NM,0.0,20221231,13979,16543,13979,BANK OF STEINAUER,2759,167,2109,3082,10635,10127,0.0,10635_20221231,1,1,0.2204735674940983,0.3713427283782817,<1bn
95802,NM,0.0,20221231,110273,127928,110273,FIRST CENTRAL BANK,13329,14555,479,7237,10637,97243,11805.0,10637_20221231,1,1,0.06562803224724094,0.06997179726678335,<1bn
160513,NM,13854.0,20221231,187846,231397,187846,FLATWATER BANK,50473,27525,1416,5771,10639,159673,0.0,10639_20221231,1,1,0.030721974383271403,0.03826006409505659,<1bn
337735,NM,0.0,20221231,416576,502721,416576,RIVERSTONE BANK,83853,79259,41655,6578,10641,387245,0.0,10641_20221231,1,1,0.015790636042402828,0.1157843946842833,<1bn
390132,NM,49209.0,20221231,497107,599933,497107,DUNDEE BANK,67693,107503,0,7861,10643,502102,53421.0,10643_20221231,1,1,0.01581349689302303,0.01581349689302303,<1bn
30868,NM,0.0,20221231,32767,34154,32767,STATE BANK OF ODELL,12658,1904,10310,8864,10644,8003,0.0,10644_20221231,1,1,0.27051606799523914,0.5851619006927702,<1bn
46477,SM,0.0,20221231,55669,72357,55669,AMERICAN EXCHANGE BANK,32114,9205,0,4218,10647,33653,0.0,10647_20221231,1,1,0.07576927913201242,0.07576927913201242,<1bn
434409,SM,133063.0,20221231,529181,571761,529181,ANDOVER BANK,247858,94939,0,15380,10663,275330,0.0,10663_20221231,1,1,0.029063779689746987,0.029063779689746987,<1bn
977021,SM,134498.0,20221231,1479326,1577103,1479326,MABREY BANK,328134,502686,18029,52707,10667,1132857,5418.0,10667_20221231,1,1,0.03562906350594798,0.047816370428154446,1-10bn
99545,NM,1.0,20221231,129963,142580,129963,EXCHANGE BANK,66878,30467,0,10220,10672,57370,714.0,10672_20221231,1,1,0.07863776613343798,0.07863776613343798,<1bn
107626,NM,0.0,20221231,132191,159205,132191,BANK OF HYDRO,8609,24785,5049,2803,10674,142908,5000.0,10674_20221231,1,1,0.021204166698186713,0.059398900076404595,<1bn
607707,NM,13385.0,20221231,742369,868113,742369,JONESTOWN B&T JONESTOWN PA,30883,134868,0,25097,10677,777754,0.0,10677_20221231,1,1,0.0338066379388148,0.0338066379388148,<1bn
396281,NM,29977.0,20221231,551890,632066,551890,MUNCY BANK&TRUST CO,99140,155890,0,7352,10678,480761,10493.0,10678_20221231,1,1,0.013321495225497835,0.013321495225497835,<1bn
352470,NM,11284.0,20221231,460901,546201,460901,MIFFLINBURG BANK&TRUST CO,125900,108674,9494,23960,10685,364808,0.0,10685_20221231,1,1,0.05198513346683995,0.07258391715357528,<1bn
515515,NM,20850.0,20221231,608390,692789,608390,SIMPLYBANK,84850,97134,0,36277,10693,537145,0.0,10693_20221231,1,1,0.0596278702805766,0.0596278702805766,<1bn
24626,SM,0.0,20221231,28947,37740,28947,FIRST STATE BANK,960,4321,960,18709,10704,13591,0.0,10704_20221231,1,1,0.6463191349708087,0.6794831934224618,<1bn
231962,NM,68910.0,20221231,293605,317203,293605,CROSSROADS BANK,120818,61851,3651,15845,10709,168672,0.0,10709_20221231,1,1,0.05396706459358662,0.06640213892815176,<1bn
243886,NM,7990.0,20221231,316097,339571,316097,PEOPLES STB OF HALLETTSVILLE,135867,72697,6849,68053,10719,127249,23440.0,10719_20221231,1,1,0.2152915086191897,0.23695890818324755,<1bn
58752,NM,8171.0,20221231,72004,81378,72004,INDEPENDENCE STATE BANK,15571,13277,937,11908,10741,50690,0.0,10741_20221231,1,1,0.16537970112771513,0.17839286706294094,<1bn
83639,SM,34159.0,20221231,115714,160558,115714,ILLINI STATE BANK,51653,32167,0,1720,10788,99196,10376.0,10788_20221231,1,1,0.014864234232677118,0.014864234232677118,<1bn
149488,NM,26744.0,20221231,185998,259167,185998,COMMUNITY BANK,69261,36737,4095,12368,10791,169705,0.0,10791_20221231,1,1,0.06649533865955548,0.08851170442692932,<1bn
111003,NM,0.0,20221231,132335,148456,132335,FIRST STB OF CAMPBELL HILL,39576,21364,5094,12143,10799,90724,0.0,10799_20221231,1,1,0.09175954962783844,0.1302527675973854,<1bn
22086,NM,443.0,20221231,25376,28380,25376,DEWEY BANK,5644,3294,0,1733,10803,18877,0.0,10803_20221231,1,1,0.06829287515762926,0.06829287515762926,<1bn
98965,SM,27.0,20221231,123041,131917,123041,DU QUOIN STATE BANK,68658,24137,0,2225,10804,33463,0.0,10804_20221231,1,1,0.018083403093277852,0.018083403093277852,<1bn
31866,NM,10186.0,20221231,41695,44651,41695,FIRST STATE BANK OF VAN ORIN,17732,9850,0,14441,10809,10448,0.0,10809_20221231,1,1,0.34634848303153853,0.34634848303153853,<1bn
12362,NM,0.0,20221231,18772,21136,18772,GRAND RIVERS COMMUNITY BANK,593,6412,0,7305,10816,11109,0.0,10816_20221231,1,1,0.3891434050713829,0.3891434050713829,<1bn
39627,NM,2272.0,20221231,48871,56026,48871,STATE BANK OF INDUSTRY,13736,9287,0,6416,10820,34843,0.0,10820_20221231,1,1,0.13128440179247405,0.13128440179247405,<1bn
56175,NM,37046.0,20221231,99244,107183,99244,CLAY COUNTY STATE BANK,39041,43097,933,17519,10821,48673,0.0,10821_20221231,1,1,0.1765245254121156,0.18592559751723026,<1bn
192495,NM,25518.0,20221231,238166,277179,238166,PETEFISH SKILES&CO,67187,45758,5667,9945,10829,181021,0.0,10829_20221231,1,1,0.04175658994146939,0.06555091826709102,<1bn
194845,SM,0.0,20221231,275497,315030,275497,FIRST T&SB OF WATSEKA IL,126153,80695,59002,34932,10831,147290,0.0,10831_20221231,1,1,0.12679629905225828,0.34096197054777366,<1bn
20905,NM,0.0,20221231,22011,24581,22011,CAMPUS STATE BANK,5461,1117,0,1939,10840,16418,0.0,10840_20221231,1,1,0.08809231747762482,0.08809231747762482,<1bn
31487,NM,7255.0,20221231,36676,39396,36676,CITIZENS BANK OF CHATSWORTH,15499,5200,0,3014,10843,18719,0.0,10843_20221231,1,1,0.08217908168829753,0.08217908168829753,<1bn
184779,N,38567.0,20221231,221849,266369,221849,BUENA VISTA NATIONAL BANK,81324,37143,1855,16349,10844,149659,0.0,10844_20221231,1,1,0.07369426952566836,0.08205581273749261,<1bn
151007,NM,20344.0,20221231,191797,213050,191797,CLAY CITY BANKING CO,40679,40881,5384,9462,10845,150972,0.0,10845_20221231,1,1,0.04933340980307304,0.07740475607022007,<1bn
192980,NM,40214.0,20221231,243657,278469,243657,TOMPKINS STATE BANK,109348,50740,9569,5894,10849,147323,0.0,10849_20221231,1,1,0.02418974213751298,0.06346216197359403,<1bn
155321,NM,36299.0,20221231,193125,241022,193125,WEST CENTRAL BANK,58526,38401,0,10249,10853,163402,0.0,10853_20221231,1,1,0.05306925566343042,0.05306925566343042,<1bn
122439,NM,3283.0,20221231,145903,168230,145903,STATE BANK OF BEMENT,56168,28075,16281,17018,10855,88117,0.0,10855_20221231,1,1,0.11663913696085755,0.22822697271474884,<1bn
73711,NM,1347.0,20221231,90665,102499,90665,ANDERSON STATE BANK,54845,16967,34315,10462,10858,28799,0.0,10858_20221231,1,1,0.11539182705564441,0.49387304913693264,<1bn
125047,NM,18742.0,20221231,155997,174092,155997,MURPHY-WALL STATE B&T CO,52499,30987,3789,12309,10860,99623,15757.0,10860_20221231,1,1,0.07890536356468393,0.10319429219792689,<1bn
71927,NM,0.0,20221231,92489,105916,92489,FIRST STB OF BEECHER CITY,8829,20845,5859,10374,10871,62236,0.0,10871_20221231,1,1,0.11216468985500978,0.17551276368000518,<1bn
18759,NM,607.0,20221231,19384,22194,19384,CHESTERFIELD STATE BANK,827,1489,0,1640,10872,18004,0.0,10872_20221231,1,1,0.08460586050350805,0.08460586050350805,<1bn
50194,NM,2745.0,20221231,93779,112179,93779,WATERMAN BANK,3774,43609,0,3129,10878,70765,0.0,10878_20221231,1,1,0.03336567888333209,0.03336567888333209,<1bn
48379,NM,1624.0,20221231,55070,62452,55070,BANK OF BLUFFS,14952,6709,2010,7905,10883,38372,0.0,10883_20221231,1,1,0.14354457962593065,0.18004358089704012,<1bn
18109,NM,4644.0,20221231,18186,20232,18186,BANK OF CHESTNUT,5913,82,464,755,10885,13026,0.0,10885_20221231,1,1,0.04151545144616738,0.06702958319586495,<1bn
443665,NM,103261.0,20221231,578423,653519,578423,LEGENCE BANK,188580,134835,0,20402,10886,402050,0.0,10886_20221231,1,1,0.03527176478113768,0.03527176478113768,<1bn
294638,NM,1650.0,20221231,371135,443289,371135,CENTRAL STATE BANK,88235,77693,0,2839,10903,346840,55105.0,10903_20221231,1,1,0.007649507591577189,0.007649507591577189,<1bn
66719,NM,3310.0,20221231,89571,99623,89571,BALDWIN STATE BANK,35215,22902,24835,12033,10906,46568,0.0,10906_20221231,1,1,0.1343403556954818,0.41160643511850936,<1bn
222905,NM,0.0,20221231,293055,360681,293055,GUARANTY STATE BANK&TRUST CO,113044,70344,34375,9017,10907,222235,17411.0,10907_20221231,1,1,0.030768968282404326,0.1480677688488509,<1bn
145227,NM,22299.0,20221231,256036,289625,256036,GRANT COUNTY BANK,102743,110903,13652,31332,10918,143551,37240.0,10918_20221231,1,1,0.12237341623834148,0.1756940430251996,<1bn
74435,NM,620.0,20221231,92579,110114,92579,STATE BANK OF BERN,50341,18251,2874,1443,10919,55672,0.0,10919_20221231,1,1,0.01558668812581687,0.04663044534937729,<1bn
119004,SM,1119.0,20221231,172460,207440,172460,FIDELITY STATE BANK&TRUST CO,88278,53504,67610,87524,10920,25936,0.0,10920_20221231,1,1,0.507503189145309,0.8995361243186826,<1bn
109499,NM,9019.0,20221231,132716,147272,132716,MINERS STATE BANK,37913,23253,0,15789,10928,85355,0.0,10928_20221231,1,1,0.11896832333705054,0.11896832333705054,<1bn
335454,NM,574.0,20221231,383591,427321,383591,NORTHVIEW BANK,131906,48363,80273,6260,10956,265542,0.0,10956_20221231,1,1,0.016319465263783563,0.2255866274234797,<1bn
551596,NM,24751.0,20221231,709139,837228,709139,UNITED PRAIRIE BANK,85738,158733,13174,20954,10958,691606,42149.0,10958_20221231,1,1,0.029548508825491194,0.0481259668414796,<1bn
56199,NM,6178.0,20221231,77510,90538,77510,JANESVILLE STATE BANK,19452,21370,8741,5310,10960,62399,0.0,10960_20221231,1,1,0.06850728938201522,0.18127983486001806,<1bn
189322,SM,13439.0,20221231,246524,267438,246524,GRAND RAPIDS STATE BANK,86661,57237,35794,23927,10962,143129,0.0,10962_20221231,1,1,0.09705748730346742,0.24225227564050558,<1bn
126814,NM,10521.0,20221231,144934,151738,144934,LAKE REGION BANK,73119,18142,12658,23567,10965,49980,0.0,10965_20221231,1,1,0.16260504781486745,0.24994135261567335,<1bn
143536,N,18289.0,20221231,175969,191703,175969,F&M COMMUNITY BANK NA,46620,32466,1852,6785,10967,125006,4.0,10967_20221231,1,1,0.03855792781683137,0.0490825088509908,<1bn
48193,NM,0.0,20221231,53230,58918,53230,RANDALL STATE BANK,8224,5044,6558,4305,10969,43095,0.0,10969_20221231,1,1,0.08087544617696787,0.2040766485064813,<1bn
76473,NM,992.0,20221231,108558,124079,108558,PRIME SECURITY BANK,6643,32163,2074,11146,10971,102015,9675.0,10971_20221231,1,1,0.10267322537261188,0.12177821993772914,<1bn
424847,NM,45001.0,20221231,673832,759764,673832,ALLIANCE BANK,117893,252505,18796,65778,10973,552608,0.0,10973_20221231,1,1,0.09761780384428166,0.12551199705564592,<1bn
171594,N,65568.0,20221231,256054,276418,256054,CENTER NATIONAL BANK,98034,84560,9456,41834,10976,129398,0.0,10976_20221231,1,1,0.16337959961570606,0.20030930975497355,<1bn
109148,NM,0.0,20221231,131191,154554,131191,ESB BANK,22212,22043,9903,7632,10980,118942,0.0,10980_20221231,1,1,0.05817472235138081,0.13366008338986668,<1bn
32964,NM,327.0,20221231,35594,42178,35594,SECURITY STATE BANK OF OKLEE,5057,2657,4730,19550,10982,17191,0.0,10982_20221231,1,1,0.5492498735741979,0.6821374388941956,<1bn
118338,NM,1042.0,20221231,130199,151284,130199,SECURITY BANK MINNESOTA,20351,11976,16880,2593,10984,123816,496.0,10984_20221231,1,1,0.019915667555050347,0.1495633607016951,<1bn
66312,NM,8601.0,20221231,84269,90592,84269,CAMBRIDGE STATE BANK,26315,17964,15395,19023,10987,43350,0.0,10987_20221231,1,1,0.22574137583215656,0.408430146317151,<1bn
1019951,N,24688.0,20221231,1614334,2225072,1614334,STEARNS BANK NATIONAL ASSN,58086,595860,9364,182400,10988,1891149,191943.0,10988_20221231,1,1,0.1129877708082714,0.11878830527016095,1-10bn
156710,NM,45348.0,20221231,189009,206645,189009,LAKE CENTRAL BANK,90777,32317,0,6861,10989,101348,0.0,10989_20221231,1,1,0.03629985873688554,0.03629985873688554,<1bn
77458,NM,46.0,20221231,85423,100551,85423,FIRST STATE BANK OF BIGFORK,10155,8014,10109,14533,10991,73200,0.0,10991_20221231,1,1,0.17012982452032824,0.28847031829835057,<1bn
49414,NM,0.0,20221231,63384,72434,63384,BONANZA VALLEY STATE BANK,14419,13980,0,3360,10993,51670,0.0,10993_20221231,1,1,0.05301022340022719,0.05301022340022719,<1bn
266256,NM,2108.0,20221231,438931,481852,438931,FM BANK,190400,172887,65903,27182,10998,249694,0.0,10998_20221231,1,1,0.061927728959677034,0.21207205688365596,<1bn
127938,NM,1596.0,20221231,158324,182370,158324,ST CLAIR COUNTY STATE BANK,20877,30512,4022,24899,11002,126473,0.0,11002_20221231,1,1,0.15726611252873854,0.18266971526742629,<1bn
55923,NM,2615.0,20221231,61714,79918,61714,LIMEBANK,6797,5818,0,6782,11003,62069,0.0,11003_20221231,1,1,0.10989402728716337,0.10989402728716337,<1bn
107144,NM,82083.0,20221231,154167,177944,154167,FIRST STATE BANK OF SHELBY,143370,47069,0,8158,11013,19563,0.0,11013_20221231,1,1,0.05291664234239494,0.05291664234239494,<1bn
4215207,SM,415104.0,20221231,5213654,6351237,5213654,PEAPACK-GLADSTONE BANK,669924,1001369,0,190075,11035,5240043,85984.0,11035_20221231,1,1,0.036457156535512326,0.036457156535512326,1-10bn
61789873,NM,14358555.0,20221231,89536663,109180139,89537312,FIRST-CITIZENS BANK&TRUST CO,19269898,28829633,2367901,5514438,11063,69974232,1694338.0,11063_20221231,1,1,0.06158860309547163,0.08803476403850342,>=100bn
1193038,NM,223125.0,20221231,1657860,2017848,1657860,SOMERSET TRUST CO,609213,465358,19561,39831,11112,1247915,40000.0,11112_20221231,1,1,0.024025551011545004,0.03582449664024707,1-10bn
300561,NM,0.0,20221231,355570,444375,355570,HAMLIN BANK&TRUST CO,159044,55132,0,27794,11113,251036,0.0,11113_20221231,1,1,0.0781674494473662,0.0781674494473662,<1bn
4765207,NM,533343.0,20221231,7233787,9106184,7233787,S&T BANK,1002015,2477624,131695,209500,11124,7082645,0.0,11124_20221231,1,1,0.028961317218767983,0.0471668574150718,1-10bn
42996,NM,2823.0,20221231,53528,60291,53528,FARMERS STATE BANK OF CANTON,13791,10543,0,1946,11133,40674,1582.0,11133_20221231,1,1,0.03635480496188911,0.03635480496188911,<1bn
193280,NM,2066.0,20221231,284482,378232,284482,TEXAS CHAMPION BANK,12395,91346,9670,9455,11159,327533,0.0,11159_20221231,1,1,0.033235846204680786,0.06722745200047806,<1bn
50924,NM,11496.0,20221231,69422,82463,69422,FIRST STATE BANK,21147,18524,0,5789,11175,48261,0.0,11175_20221231,1,1,0.0833885511797413,0.0833885511797413,<1bn
300687,SI,1710.0,20221231,372932,421521,372932,TRANSPECOS BANKS SSB,20169,72381,0,75804,11178,282762,118315.0,11178_20221231,1,1,0.20326493838018728,0.20326493838018728,<1bn
91691,NM,37010.0,20221231,133781,136861,133781,FIRST STB OF BROWNSBORO,66176,42149,900,7663,11181,58545,0.0,11181_20221231,1,1,0.05728018178964128,0.06400759450146135,<1bn
102263,NM,17974.0,20221231,128333,142725,128333,FIRST COMMUNITY BANK,38060,26122,901,5705,11225,88772,1349.0,11225_20221231,1,1,0.044454660921197195,0.05147545837781397,<1bn
250736,NM,0.0,20221231,334439,428047,334439,FIRST CITIZENS STATE BANK,163130,88566,52930,19722,11228,224788,0.0,11228_20221231,1,1,0.0589703951991245,0.21723543007842985,<1bn
142785,NM,18088.0,20221231,175187,185660,175187,BANK OF MILTON,44326,32436,0,15709,11232,122660,0.0,11232_20221231,1,1,0.08966989559727605,0.08966989559727605,<1bn
68419,NM,341.0,20221231,87398,100455,87398,BONDUEL STATE BANK,33847,19017,1961,10198,11235,50464,9111.0,11235_20221231,1,1,0.11668459232476716,0.13912217670884916,<1bn
853172,NM,16823.0,20221231,1137284,1251474,1137284,HORICON BANK,220930,284354,163394,61328,11236,923698,0.0,11236_20221231,1,1,0.053924965092272466,0.19759532359551352,1-10bn
9520291,SM,1999602.0,20221231,18298353,22808174,18298353,CENTENNIAL BANK,5325586,9501975,278223,722018,11241,14119811,476630.0,11241_20221231,1,1,0.03945808674693291,0.05466289780287876,10-100bn
75663,NM,2.0,20221231,130616,156176,130616,MCGEHEE BANK,33811,55027,3920,3760,11242,90668,1000.0,11242_20221231,1,1,0.028786672383168985,0.05879830954860048,<1bn
132597,SM,0.0,20221231,159159,178169,159159,BANK OF SALEM,18220,26641,3207,31160,11243,119552,0.0,11243_20221231,1,1,0.195779063703592,0.21592872536268762,<1bn
114746,N,0.0,20221231,142797,201356,142797,FIRST NB OF IZARD COUNTY,67186,28105,487,20184,11252,84786,0.0,11252_20221231,1,1,0.14134750730057355,0.14475794309404258,<1bn
153647,SM,111.0,20221231,203793,224764,203793,GUNNISON BANK&TRUST CO,55974,50381,29584,8590,11259,126516,1046.0,11259_20221231,1,1,0.04215061361283263,0.1873175231730236,<1bn
36321,NM,259.0,20221231,40520,49087,40520,MCCLAVE STATE BANK,3931,4266,0,3101,11261,40400,2390.0,11261_20221231,1,1,0.07653010858835144,0.07653010858835144,<1bn
217323,NM,11806.0,20221231,294957,329476,294957,CITIZENS BANK OF SWAINSBORO,26273,77984,1967,63567,11295,225900,0.0,11295_20221231,1,1,0.21551276965795013,0.22218153832592547,<1bn
229879,NM,0.0,20221231,283130,309826,283130,FARMERS STB OF ALTO PASS ILL,28141,53325,0,10133,11299,255800,0.0,11299_20221231,1,1,0.03578921343552432,0.03578921343552432,<1bn
21579,NM,0.0,20221231,23207,26162,23207,OAKDALE STATE BANK,3096,1636,0,3354,11300,14169,0.0,11300_20221231,1,1,0.14452535872797,0.14452535872797,<1bn
25241,SM,2.0,20221231,26811,31267,26811,FIRST STATE BANK OF ST PETER,19144,1583,0,2787,11302,8711,0.0,11302_20221231,1,1,0.10394987132147253,0.10394987132147253,<1bn
362208,NM,34675.0,20221231,520485,559734,520485,FNBC BANK&TRUST,234588,158290,117034,31137,11306,272523,0.0,11306_20221231,1,1,0.059823049655609674,0.28467871312333687,<1bn
204940,NM,0.0,20221231,266343,308919,266343,FARMERS STATE BANK,50498,61524,0,12373,11307,230270,0.0,11307_20221231,1,1,0.04645513492000916,0.04645513492000916,<1bn
214780,NM,42142.0,20221231,291900,301798,291900,BANK OF HERRIN,96279,77170,0,24082,11310,169393,0.0,11310_20221231,1,1,0.082500856457691,0.082500856457691,<1bn
70137,SM,6536.0,20221231,90021,123850,90021,IUKA STATE BANK,13277,19931,0,7695,11317,96400,0.0,11317_20221231,1,1,0.08548005465391409,0.08548005465391409,<1bn
41350,NM,0.0,20221231,57041,68257,57041,LONGVIEW COMMUNITY BANK,26405,15717,13224,11339,11319,23047,0.0,11319_20221231,1,1,0.19878683753791132,0.4306200802931225,<1bn
67353,NM,623.0,20221231,88220,93159,88220,FARMERS&MERCHANTS STB BUSHNE,35087,20873,28524,14409,11324,39020,0.0,11324_20221231,1,1,0.16333031058716843,0.4866583541147132,<1bn
172366,NM,1707.0,20221231,190228,335086,190228,FARMERS-MERCHANTS BANK OF IL,9774,17994,8067,5176,11329,303698,0.0,11329_20221231,1,1,0.027209453918455747,0.06961646024770275,<1bn
39318,NM,0.0,20221231,42239,54979,42239,ASHTON STATE BANK,16519,2952,2153,1116,11343,35005,0.0,11343_20221231,1,1,0.02642108004450863,0.07739293070385189,<1bn
251000,NM,74463.0,20221231,371977,448401,371977,GRINNELL STATE BANK,108301,121129,0,7494,11347,314392,0.0,11347_20221231,1,1,0.020146406901501976,0.020146406901501976,<1bn
109285,SM,9382.0,20221231,139137,148908,139137,FIRST IOWA STATE BANK,43581,30231,1833,4461,11348,92520,0.0,11348_20221231,1,1,0.03206192457793398,0.04523599042670174,<1bn
21773,NM,0.0,20221231,34454,37190,34454,PEOPLES TRUST&SAVINGS BANK,17579,12688,0,1710,11351,13605,0.0,11351_20221231,1,1,0.0496313925814129,0.0496313925814129,<1bn
51616,NM,0.0,20221231,63397,79022,63397,SANBORN SAVINGS BANK,17005,11816,4748,8659,11352,50093,0.0,11352_20221231,1,1,0.136583750019717,0.21147688376421597,<1bn
85107,NM,11766.0,20221231,104015,117677,104015,BEDFORD LOAN&DEPOSIT BANK,34459,18920,7334,3012,11355,71546,0.0,11355_20221231,1,1,0.028957361918953997,0.09946642311205114,<1bn
174807,NM,0.0,20221231,262065,299994,262065,CUMBERLAND SECURITY BANK INC,45690,87273,11956,12495,11358,235685,0.0,11358_20221231,1,1,0.04767901093240227,0.09330128021674013,<1bn
840782,NM,72282.0,20221231,1332985,1687848,1332985,STATE BANK,117480,492648,12745,64811,11406,1423659,110009.0,11406_20221231,1,1,0.04862095222376846,0.058182200099776066,1-10bn
303132,NM,10736.0,20221231,418772,472144,418772,HIGHPOINT COMMUNITY BANK,90171,115656,1941,51477,11407,311224,0.0,11407_20221231,1,1,0.12292369117323985,0.12755867154442035,<1bn
96454,NM,26694.0,20221231,114240,121392,114240,VALLEY PREMIER BANK,46030,17841,330,6956,11409,64922,0.0,11409_20221231,1,1,0.06088935574229692,0.06377801120448179,<1bn
81414,NM,4318.0,20221231,96300,100545,96300,RUSHFORD STATE BANK INC,34971,14963,27024,13869,11411,48706,0.0,11411_20221231,1,1,0.14401869158878505,0.4246417445482866,<1bn
168102,NM,7765.0,20221231,211167,223966,211167,HARVEST BANK,55346,43092,11640,21644,11415,138298,12.0,11415_20221231,1,1,0.10249707577415032,0.15761932498922654,<1bn
30961,SM,0.0,20221231,37675,43704,37675,WELCOME STATE BANK,10536,6719,9216,10287,11417,22224,0.0,11417_20221231,1,1,0.27304578633045784,0.5176642335766424,<1bn
184396,NM,32163.0,20221231,263874,317943,263874,BANK OF YAZOO CITY,138300,79545,17163,5804,11431,149504,0.0,11431_20221231,1,1,0.021995346263747093,0.08703775286689859,<1bn
92258,NM,2441.0,20221231,128954,151538,128954,JEFFERSON BANK,32433,36827,0,10261,11445,101020,10216.0,11445_20221231,1,1,0.07957100981745428,0.07957100981745428,<1bn
173952,NM,47299.0,20221231,266540,286316,266540,UNITY BANK OF MISSISSIPPI,122516,92878,0,29605,11446,112922,0.0,11446_20221231,1,1,0.11107150896675921,0.11107150896675921,<1bn
316574,NM,64403.0,20221231,421664,459339,421664,CENTURY BANK,106328,106210,0,17375,11448,298417,12548.0,11448_20221231,1,1,0.04120579418684071,0.04120579418684071,<1bn
409145,NM,11864.0,20221231,786976,893681,786976,MID AMERICA BANK,78949,378305,1901,65706,11459,711722,34006.0,11459_20221231,1,1,0.08349174561867198,0.0859073211889562,<1bn
107494,NM,1586.0,20221231,146086,159262,146086,INDEPENDENT FARMERS BANK,71095,38684,9708,3514,11462,79626,0.0,11462_20221231,1,1,0.024054324165217748,0.09050833070930822,<1bn
119436,SM,1.0,20221231,140285,175052,140285,CITIZENS-FARMERS BK COLE CAM,43043,21027,1229,4215,11463,116409,0.0,11463_20221231,1,1,0.030045977830844353,0.03880671490180704,<1bn
47654,NM,0.0,20221231,52673,59954,52673,TRI-COUNTY TRUST CO,17614,5065,0,1754,11465,39287,4634.0,11465_20221231,1,1,0.03329979306285953,0.03329979306285953,<1bn
88579,NM,2112.0,20221231,99175,127475,99175,HOMEPRIDE BANK,7520,10670,1639,7778,11466,95972,0.0,11466_20221231,1,1,0.0784270229392488,0.09495336526342324,<1bn
54374,NM,10551.0,20221231,62700,77734,62700,THAYER COUNTY BANK,20104,8351,1873,2263,11475,47998,0.0,11475_20221231,1,1,0.03609250398724083,0.06596491228070175,<1bn
134296,SM,41822.0,20221231,220534,249262,220534,AUBURN STATE BANK,128289,86407,7125,8316,11477,98141,30000.0,11477_20221231,1,1,0.037708471256132844,0.07001641470249485,<1bn
299157,NM,15617.0,20221231,397272,499556,397272,HOMESTEAD BANK,160826,98208,18782,20152,11482,294738,0.0,11482_20221231,1,1,0.05072595098572263,0.09800338307255482,<1bn
272589,NM,107334.0,20221231,387972,446182,387972,CITIZENS BANK OF CLOVIS,152246,115824,0,17329,11491,257813,27192.0,11491_20221231,1,1,0.0446655944243399,0.0446655944243399,<1bn
683469,NM,157713.0,20221231,1062279,1244117,1062279,INBANK,319583,379118,961,18293,11492,841055,2.0,11492_20221231,1,1,0.017220523045264002,0.018125181802520807,1-10bn
496837,N,7246.0,20221231,617397,669571,617397,FIRST NB OF SCOTIA,114002,120576,34805,34129,11501,491610,0.0,11501_20221231,1,1,0.05527885623026999,0.11165263193698706,<1bn
2315408,NM,937961.0,20221231,3538440,3729898,3538440,FIDELITY BANK,1342826,1223534,79872,189235,11507,2060766,0.0,11507_20221231,1,1,0.05347978205084727,0.07605244118877245,1-10bn
171071,NM,23382.0,20221231,207922,239388,207922,SECURITY FIRST BANK OF ND,38412,36905,8514,8566,11519,180234,0.0,11519_20221231,1,1,0.04119814161079636,0.08214618943642328,<1bn
299305,SM,35620.0,20221231,439756,479101,439756,CHICKASAW COMMUNITY BANK,36947,140723,0,12152,11521,361908,151429.0,11521_20221231,1,1,0.02763350585324589,0.02763350585324589,<1bn
429794,N,64589.0,20221231,886343,990001,886343,LIBERTY NATIONAL BANK,146184,456662,25046,24786,11522,732428,0.0,11522_20221231,1,1,0.027964343374968833,0.056222026912831714,<1bn
248031,SM,8263.0,20221231,321439,368346,321439,BANK OF KREMLIN,40698,73491,15574,14699,11526,259487,8233.0,11526_20221231,1,1,0.04572873857870389,0.09417961106150778,<1bn
41463,NM,0.0,20221231,48470,55615,48470,FIRST STB OF POND CREEK OK,9309,7019,5374,7590,11527,37601,0.0,11527_20221231,1,1,0.15659170621002683,0.2674644109758614,<1bn
339228,NM,51255.0,20221231,464522,472776,464522,ENTERPRISE BANK OF SC,162789,125375,17938,48550,11539,249258,0.0,11539_20221231,1,1,0.10451604014449262,0.14313207985843512,<1bn
218676,NM,15489.0,20221231,298743,322321,298743,FIRST STATE BANK OF BURNET,198861,80082,78355,3624,11557,116582,0.0,11557_20221231,1,1,0.012130828170032436,0.27441312432425197,<1bn
306388,NM,275424.0,20221231,555738,602799,555738,FIRST STATE BANK&TRUST CO,381898,249896,0,18199,11559,169707,49998.0,11559_20221231,1,1,0.032747445738819374,0.032747445738819374,<1bn
793488,NM,385727.0,20221231,1174768,1369624,1174768,ALLIANCE BANK,497785,389688,0,46852,11569,754958,0.0,11569_20221231,1,1,0.039881917110442235,0.039881917110442235,1-10bn
41347,NM,3736.0,20221231,55469,60065,55469,CHAPPELL HILL BANK,10215,14142,4979,5157,11570,41136,0.0,11570_20221231,1,1,0.0929708485820909,0.18273269754277163,<1bn
2079396,NM,564623.0,20221231,2922400,3563307,2922400,BURKE&HERBERT BANK&TRUST CO,1371758,843431,174993,50295,11578,1866182,100474.0,11578_20221231,1,1,0.01721016972351492,0.07709006296194908,1-10bn
434901,NM,1464.0,20221231,606752,700254,606752,BANK OF SOUTHSIDE VIRGINIA,286715,172917,14961,89448,11580,250087,0.0,11580_20221231,1,1,0.1474210220979906,0.17207854279837562,<1bn
171052,NM,25693.0,20221231,216452,242399,216452,LEE BANK&TRUST CO,92709,45574,53419,10785,11582,130484,23191.0,11582_20221231,1,1,0.049826289431375084,0.2966200358509046,<1bn
421317,SM,65620.0,20221231,522063,586885,522063,COMMUNITY FIRST BANK,179092,107642,7829,15913,11595,357335,5000.0,11595_20221231,1,1,0.03048099558865501,0.04547726998465702,<1bn
185504,NM,48319.0,20221231,252533,268555,252533,LAONA STATE BANK,107159,67099,0,13067,11601,129282,0.0,11601_20221231,1,1,0.05174373250228683,0.05174373250228683,<1bn
184250,NM,23115.0,20221231,304635,360222,304635,BLC COMMUNITY BANK,59701,120549,0,4539,11608,280463,23885.0,11608_20221231,1,1,0.014899798119060515,0.014899798119060515,<1bn
400372,NM,29485.0,20221231,502493,609959,502493,GREENWOODS STATE BANK,36420,102370,0,18517,11623,508990,78471.0,11623_20221231,1,1,0.03685026458080013,0.03685026458080013,<1bn
1894114,NM,845831.0,20221231,2653325,3040810,2653325,D L EVANS BANK,1339022,759653,0,163334,11666,1376894,0.0,11666_20221231,1,1,0.06155823353716563,0.06155823353716563,1-10bn
112120,NM,0.0,20221231,142960,173918,142960,VERMILION VALLEY BANK,67603,30912,0,3025,11667,89119,0.0,11667_20221231,1,1,0.02115976496922216,0.02115976496922216,<1bn
205239,NM,1514.0,20221231,236928,273513,236928,FIRST STATE BANK OF FORREST,22060,31752,0,13473,11669,230463,2443.0,11669_20221231,1,1,0.05686537682333873,0.05686537682333873,<1bn
850008,NM,58045.0,20221231,932956,1231629,932956,CENTRAL BANK ILLINOIS,394174,83324,0,28491,11670,729392,45.0,11670_20221231,1,1,0.03053841767457415,0.03053841767457415,1-10bn
112600,NM,32197.0,20221231,150147,164054,150147,STATE BANK OF HERSCHER,74460,37593,1634,6859,11671,70493,0.0,11671_20221231,1,1,0.04568189840622856,0.05656456672460988,<1bn
135754,NM,11209.0,20221231,165779,225672,165779,WARREN-BOYNTON STATE BANK,47944,30087,0,3941,11674,166202,0.0,11674_20221231,1,1,0.023772612936499796,0.023772612936499796,<1bn
120668,SM,46784.0,20221231,157360,174099,157360,FARMERS STB OF WESTERN IL,79795,36750,12209,20472,11680,66364,0.0,11680_20221231,1,1,0.13009659379766142,0.20768301982714793,<1bn
25676,NM,0.0,20221231,31907,36564,31907,ANCHOR STATE BANK,7999,6269,0,2677,11681,22614,3486.0,11681_20221231,1,1,0.08390008462092957,0.08390008462092957,<1bn
73578,NM,0.0,20221231,94278,108233,94278,ANNA STATE BANK,60071,20759,9945,7173,11682,35147,0.0,11682_20221231,1,1,0.07608349774072425,0.18156940113281997,<1bn
84552,NM,683.0,20221231,102760,118286,102760,STATE BANK OF CHERRY,11644,18271,0,3934,11686,100059,0.0,11686_20221231,1,1,0.03828337874659401,0.03828337874659401,<1bn
146448,NM,8956.0,20221231,172824,193034,172824,GOODFIELD STATE BANK,22651,26441,0,17693,11699,145836,0.0,11699_20221231,1,1,0.10237582743137527,0.10237582743137527,<1bn
225943,SM,52557.0,20221231,289322,335559,289322,SHELBY COUNTY STATE BANK,100884,63439,0,9029,11702,215062,0.0,11702_20221231,1,1,0.03120744360954231,0.03120744360954231,<1bn
51776,NM,1.0,20221231,60639,67449,60639,1ST COMMUNITY BANK,6227,8899,4262,14151,11706,45782,0.0,11706_20221231,1,1,0.23336466630386385,0.3036494665149491,<1bn
241242,SM,52193.0,20221231,285994,317587,285994,TEUTOPOLIS STATE BANK,125732,44938,23682,24206,11708,155862,0.0,11708_20221231,1,1,0.08463813926166283,0.16744407225326405,<1bn
175793,NM,49957.0,20221231,215899,252278,215899,BANK OF RANTOUL,133119,40180,4897,6853,11711,101696,0.0,11711_20221231,1,1,0.03174169403285795,0.05442359621860222,<1bn
69845,NM,6737.0,20221231,74330,80982,74330,BANK OF YATES CITY,19030,4520,0,831,11715,58064,0.0,11715_20221231,1,1,0.011179873536929907,0.011179873536929907,<1bn
16985,SM,0.0,20221231,20149,21179,20149,HARTSBURG STATE BANK,6934,3198,0,4880,11716,7156,0.0,11716_20221231,1,1,0.24219564246364583,0.24219564246364583,<1bn
98476,NM,8193.0,20221231,112366,127457,112366,LIBERTY BANK,25915,13964,0,10389,11719,84967,0.0,11719_20221231,1,1,0.09245679298008294,0.09245679298008294,<1bn
387021,NM,112605.0,20221231,503269,615407,503269,PEOPLES STB OF NEWTON IL,201685,116343,6502,9449,11722,371019,0.0,11722_20221231,1,1,0.018775247432287704,0.03169477953142355,<1bn
88599,NM,10463.0,20221231,105945,121815,105945,PIONEER STATE BANK,13018,17372,0,14543,11726,86085,0.0,11726_20221231,1,1,0.13726933786398604,0.13726933786398604,<1bn
421300,NM,56280.0,20221231,637970,745082,637970,CIBM BANK,124421,217068,4954,19667,11729,574344,26697.0,11729_20221231,1,1,0.030827468376255936,0.03859272379578977,<1bn
26173,NM,265.0,20221231,31912,36807,31912,FAIRVIEW STATE BANKING CO,6415,5744,0,4207,11731,23695,0.0,11731_20221231,1,1,0.13183128603660066,0.13183128603660066,<1bn
143919,NM,11875.0,20221231,191251,217551,191251,BANK OF FARMINGTON,34437,47375,0,7513,11732,164257,9900.0,11732_20221231,1,1,0.03928345472703411,0.03928345472703411,<1bn
205139,NM,62747.0,20221231,246945,274304,246945,FLANAGAN STATE BANK,118265,41887,0,7348,11734,133354,0.0,11734_20221231,1,1,0.029755613598169632,0.029755613598169632,<1bn
388694,NM,140059.0,20221231,528947,612018,528947,BANKORION,235334,140473,10827,10832,11739,331032,1000.0,11739_20221231,1,1,0.020478422223776674,0.04094739170465094,<1bn
320646,NM,66300.0,20221231,394074,483167,394074,SOLUTIONS BANK,204844,73675,0,9285,11741,239042,18798.0,11741_20221231,1,1,0.023561564579241464,0.023561564579241464,<1bn
118566,NM,1558.0,20221231,143262,151384,143262,IROQUOIS FARMERS STATE BANK,45880,24766,7710,8199,11746,90387,8328.0,11746_20221231,1,1,0.057230807890438495,0.111048289148553,<1bn
171944,NM,65771.0,20221231,205570,249285,205570,FARMERS STATE BANK&TRUST CO,121627,33680,3366,6276,11747,105959,0.0,11747_20221231,1,1,0.030529746558349953,0.046903731089166706,<1bn
95735,NM,0.0,20221231,105638,123409,105638,BANK OF KAMPSVILLE,64325,9964,0,6006,11750,43753,0.0,11750_20221231,1,1,0.056854540979571745,0.056854540979571745,<1bn
80089,NM,16448.0,20221231,93172,113419,93172,CITIZENS STATE BANK,33508,13166,0,7661,11759,66684,0.0,11759_20221231,1,1,0.08222427338685442,0.08222427338685442,<1bn
22663,NM,0.0,20221231,28564,32239,28564,CITIZENS SAVINGS BANK,24389,5922,0,1804,11761,5441,0.0,11761_20221231,1,1,0.06315642066937403,0.06315642066937403,<1bn
463929,SM,10000.0,20221231,627980,755877,627980,VISIONBANK OF IOWA,74121,164328,22918,43883,11763,596247,33763.0,11763_20221231,1,1,0.06987961400044587,0.10637440682824294,<1bn
79869,NM,20827.0,20221231,89603,99848,89603,SIBLEY STATE BANK,23440,9787,1676,12369,11764,59487,0.0,11764_20221231,1,1,0.13804225304956308,0.15674698391794917,<1bn
283401,NM,76330.0,20221231,373760,428503,373760,FREEDOMBANK,90627,90504,0,10736,11767,299095,2171.0,11767_20221231,1,1,0.028724315068493152,0.028724315068493152,<1bn
878905,NM,22002.0,20221231,1324075,1545185,1324075,AVAILA BANK,406987,445980,65080,26868,11771,1005586,69345.0,11771_20221231,1,1,0.0202919018937749,0.06944319619356909,1-10bn
259391,NM,9380.0,20221231,355254,374902,355254,COMMERCIAL BANK,185704,96203,41001,14489,11777,165848,0.0,11777_20221231,1,1,0.040784903196023126,0.15619810051399843,<1bn
111763,SM,87266.0,20221231,193512,253886,193512,CITIZENS ST B&T ELLSWORTH KS,90791,81801,0,9996,11778,143183,0.0,11778_20221231,1,1,0.05165571127371946,0.05165571127371946,<1bn
138916,NM,6381.0,20221231,174070,197621,174070,BANK OF ABBEVILLE&TRUST CO,56238,35217,2317,18013,11782,112228,0.0,11782_20221231,1,1,0.1034813580743379,0.11679209513414143,<1bn
129907,NM,324.0,20221231,200797,223316,200797,CALDWELL BANK&TRUST CO,12757,71281,5381,28123,11785,155329,21578.0,11785_20221231,1,1,0.14005687335966174,0.16685508249625244,<1bn
115385,NM,19682.0,20221231,170254,187830,170254,BANK OF SUNSET&TRUST CO,23504,54946,0,11949,11788,134182,0.0,11788_20221231,1,1,0.07018337307787188,0.07018337307787188,<1bn
139701,NM,0.0,20221231,198587,216902,198587,FRANKLIN STATE BANK&TRUST CO,57655,59058,55214,58046,11792,95718,0.0,11792_20221231,1,1,0.2922950646316224,0.5703293770488501,<1bn
544896,NM,22452.0,20221231,748012,902322,748012,UNITED BANK OF MICHIGAN,77073,203206,0,59674,11807,698195,0.0,11807_20221231,1,1,0.07977679502467874,0.07977679502467874,<1bn
197799,SM,41396.0,20221231,273741,316371,273741,HURON COMMUNITY BANK,110817,76000,17124,46562,11810,142213,0.0,11810_20221231,1,1,0.17009508988423364,0.2326505711603304,<1bn
20894236,NM,8241928.0,20221231,38972922,48668073,38972922,CADENCE BANK,11965749,18481401,1458513,1999310,11813,30096856,333657.0,11813_20221231,1,1,0.05129997694296568,0.08872372977319996,10-100bn
42962,NM,2621.0,20221231,48204,55454,48204,RICHTON BANK&TRUST CO,21162,5249,3618,7969,11817,20038,0.0,11817_20221231,1,1,0.16531823085221142,0.24037424280142727,<1bn
115553,NM,215.0,20221231,137300,161765,137300,LITTLE HORN STATE BANK,1325,21888,0,10573,11821,136953,0.0,11821_20221231,1,1,0.07700655498907502,0.07700655498907502,<1bn
189147,NM,47102.0,20221231,241100,263248,241100,MANHATTAN BANK,87280,51995,0,8656,11823,155173,0.0,11823_20221231,1,1,0.03590211530485276,0.03590211530485276,<1bn
575258,SM,109058.0,20221231,707472,812493,707472,KILLBUCK SAVINGS BANK CO,270715,132289,14466,32354,11860,456564,0.0,11860_20221231,1,1,0.04573184521790262,0.06617929755523894,<1bn
112658,NM,42531.0,20221231,143792,157492,143792,BANK OF BEAVER CITY,66606,31244,0,3521,11862,79630,8000.0,11862_20221231,1,1,0.024486758651385335,0.024486758651385335,<1bn
1182791,NM,217435.0,20221231,2167547,2378265,2167547,FIDELITY DEPOSIT&DISCOUNT BK,643606,985174,0,29091,11868,1549185,0.0,11868_20221231,1,1,0.013421162263148158,0.013421162263148158,1-10bn
32104,NM,566.0,20221231,44274,52507,44274,DONLEY COUNTY STATE BANK,26751,12480,0,15468,11891,7579,0.0,11891_20221231,1,1,0.3493698333107467,0.3493698333107467,<1bn
100783,NM,6815.0,20221231,137903,156311,137903,HILL BANK&TRUST CO,116489,37920,10717,24412,11902,12381,0.0,11902_20221231,1,1,0.17702297992066887,0.25473702530039233,<1bn
150905,NM,8711.0,20221231,190017,213826,190017,TEXAS HERITAGE BANK,34805,39153,13576,44706,11903,128459,0.0,11903_20221231,1,1,0.2352736860386176,0.3067199250593368,<1bn
134302,NM,107516.0,20221231,166283,195594,166283,FIRST STB OF BEN WHEELER TX,119047,32011,0,2856,11904,66780,0.0,11904_20221231,1,1,0.01717553808868014,0.01717553808868014,<1bn
117408,NM,6156.0,20221231,150555,164191,150555,CITIZENS STATE BANK,48137,33260,4533,6082,11905,106327,0.0,11905_20221231,1,1,0.040397197037627446,0.07050579522433661,<1bn
83983,NM,50.0,20221231,263386,290856,263386,SECURITY STATE BANK,33836,179636,19946,4451,11907,174664,14000.0,11907_20221231,1,1,0.01689915181520658,0.09262830978108176,<1bn
80676,NM,27915.0,20221231,97761,116963,97761,BUCKHOLTS STATE BANK,30863,17106,0,5313,11916,79715,0.0,11916_20221231,1,1,0.054346825421180224,0.054346825421180224,<1bn
164942,NM,9804.0,20221231,237784,267451,237784,FIRST STATE BANK OF TEXAS,57794,72902,0,23138,11922,167266,0.0,11922_20221231,1,1,0.09730679944823874,0.09730679944823874,<1bn
135711,NM,67128.0,20221231,156567,160005,156567,FIRST SECURITY STATE BANK,87302,20872,0,5509,11932,63187,0.0,11932_20221231,1,1,0.035186214208613564,0.035186214208613564,<1bn
173042,NM,8931.0,20221231,445799,504523,445799,DOMINION BANK,8931,272841,0,63969,11934,417823,0.0,11934_20221231,1,1,0.14349291945473183,0.14349291945473183,<1bn
640418,NM,4697.0,20221231,871837,957622,871837,FIRST TEXAS BANK,582207,231463,0,53479,11935,305202,0.0,11935_20221231,1,1,0.0613405946295007,0.0613405946295007,<1bn
367803,NM,30678.0,20221231,452641,495448,452641,POCA VALLEY BANK INC,62750,84880,0,18128,11952,382583,0.0,11952_20221231,1,1,0.040049398971812096,0.040049398971812096,<1bn
235228,NM,12040.0,20221231,277399,328344,277399,GRANT COUNTY BANK,54446,42272,919,9023,11953,225846,2535.0,11953_20221231,1,1,0.03252715402723153,0.03584007152152675,<1bn
2708758,NM,304834.0,20221231,3050819,3906943,3050819,BAR HARBOR BANK&TRUST,559509,342278,0,91749,11971,2876830,15100.0,11971_20221231,1,1,0.030073563852853938,0.030073563852853938,1-10bn
5407262,SI,1427139.0,20221231,10609582,13778066,10609582,PROVIDENT BANK,2191490,5288473,245817,186490,12010,10160860,187708.0,12010_20221231,1,1,0.01757750682354875,0.0407468456344463,10-100bn
1320642,SI,48954.0,20221231,1572475,1548301,1572475,UNION COUNTY SAVINGS BANK,1140174,255000,93689,237818,12013,150367,75000.0,12013_20221231,1,1,0.1512380165026471,0.21081861396842558,1-10bn
4842694,SI,174773.0,20221231,4922480,6471595,4922480,EMIGRANT BANK,469156,919960,165236,917944,12054,4278188,448775.0,12054_20221231,1,1,0.1864799856982659,0.2200476182737157,1-10bn
144476,NM,23089.0,20221231,165300,177580,165300,CITIZENS COMMUNITY BANK,58623,20865,0,11159,12079,100832,0.0,12079_20221231,1,1,0.06750756200846945,0.06750756200846945,<1bn
11600,NM,0.0,20221231,12026,15053,12026,SAINTE MARIE STATE BANK,6900,439,6799,1448,12086,5835,0.0,12086_20221231,1,1,0.12040578746050225,0.6857641776151672,<1bn
146804,NM,2540.0,20221231,190625,223698,190625,SPRING VALLEY CITY BANK,59168,44012,0,9669,12087,146741,0.0,12087_20221231,1,1,0.050722622950819675,0.050722622950819675,<1bn
22514,SM,0.0,20221231,26331,29571,26331,FIRST STATE BANK OF DONGOLA,3287,3824,850,9080,12098,14653,0.0,12098_20221231,1,1,0.3448406820857544,0.3771220234704341,<1bn
50319,NM,14897.0,20221231,57235,62807,57235,FARMERS STATE BANK,24776,6959,0,1551,12107,34839,0.0,12107_20221231,1,1,0.027098803179872455,0.027098803179872455,<1bn
319581,NM,60189.0,20221231,381095,460594,381095,GERMANTOWN T&SB,196951,61788,8936,9363,12113,248737,0.0,12113_20221231,1,1,0.024568677101510124,0.048016898673559086,<1bn
42985,NM,0.0,20221231,47569,52906,47569,BUCKLEY STATE BANK,19910,4586,3998,6791,12121,25655,0.0,12121_20221231,1,1,0.14276104185498958,0.22680737455065272,<1bn
141340,NM,16965.0,20221231,193588,214235,193588,COUNTY BANK,28361,52322,0,7131,12126,168924,1000.0,12126_20221231,1,1,0.03683596090666777,0.03683596090666777,<1bn
79370,NM,0.0,20221231,102055,130783,102055,CITIZENS SAVINGS BANK,68265,22823,0,1232,12128,54421,3957.0,12128_20221231,1,1,0.012071922002841604,0.012071922002841604,<1bn
66336,NM,947.0,20221231,74280,90693,74280,LYNDON STATE BANK,11940,8019,4497,2411,12135,69545,0.0,12135_20221231,1,1,0.03245826602046311,0.09299946149703824,<1bn
84972,NM,16479.0,20221231,111225,118752,111225,WILSON STATE BANK,30996,26442,0,5146,12136,76135,0.0,12136_20221231,1,1,0.04626657675882221,0.04626657675882221,<1bn
41182,NM,0.0,20221231,48444,52078,48444,FORD COUNTY STATE BANK,26407,7298,15846,2298,12139,18213,0.0,12139_20221231,1,1,0.04743621501114689,0.37453554619767154,<1bn
199643,NM,21441.0,20221231,244172,270499,244172,FIRST STATE BANK,59431,44709,0,5453,12149,166777,0.0,12149_20221231,1,1,0.02233261799059679,0.02233261799059679,<1bn
116850,NM,11774.0,20221231,164267,188112,164267,ELKTON BANK&TRUST CO,84200,47454,2932,32733,12162,58463,0.0,12162_20221231,1,1,0.19926704694186903,0.2171160366963541,<1bn
177823,NM,35858.0,20221231,251545,295752,251545,FARMERS BANK OF MILTON,97844,73866,0,4703,12163,176272,0.0,12163_20221231,1,1,0.01869645590252241,0.01869645590252241,<1bn
247043,NM,36689.0,20221231,332605,396988,332605,WEST POINT BANK,82269,85718,0,6927,12166,287796,21138.0,12166_20221231,1,1,0.020826505915425203,0.020826505915425203,<1bn
215280,NM,66065.0,20221231,285382,307136,285382,CLEVELAND STATE BANK,131929,70212,972,10407,12201,141185,0.0,12201_20221231,1,1,0.03646691101751337,0.03987287215031081,<1bn
429494,NM,35849.0,20221231,585439,687181,585439,MERCHANTS&MARINE BANK,201017,156026,81347,28833,12203,398820,0.0,12203_20221231,1,1,0.04925022077449572,0.18820064942718198,<1bn
936657,NM,397451.0,20221231,1126927,1323586,1126927,CITIZENS BK PHILADELPHIA MS,607912,190683,0,28593,12204,580327,0.0,12204_20221231,1,1,0.02537253965873566,0.02537253965873566,1-10bn
203685,NM,8873.0,20221231,291620,323302,291620,MECHANICS BANK,32712,88112,0,56991,12206,208908,0.0,12206_20221231,1,1,0.19542898292298197,0.19542898292298197,<1bn
102011,NM,1856.0,20221231,128173,144294,128173,BANK OF WINONA,76695,26249,0,13278,12207,44420,0.0,12207_20221231,1,1,0.10359436074680314,0.10359436074680314,<1bn
282967,SM,9405.0,20221231,357043,391811,357043,BELGRADE STATE BANK,45338,74478,0,34348,12208,288557,0.0,12208_20221231,1,1,0.09620129788288806,0.09620129788288806,<1bn
170910,NM,6470.0,20221231,213977,240618,213977,UNITED STATE BANK,18298,43127,4799,19872,12214,190720,0.0,12214_20221231,1,1,0.09286979441715698,0.11529743850974637,<1bn
274621,NM,21156.0,20221231,381530,534540,381530,FIRST STB OF ST CHARLES MO,45335,107046,0,5556,12219,445329,0.0,12219_20221231,1,1,0.014562419731082746,0.014562419731082746,<1bn
106416,NM,7148.0,20221231,112019,120158,112019,COUNTY BANK,40182,5634,9915,5833,12220,69506,175.0,12220_20221231,1,1,0.05207152358082111,0.14058329390549817,<1bn
291935,SM,15197.0,20221231,383239,471473,383239,CALLAWAY BANK,80367,118618,15198,10378,12223,356380,0.0,12223_20221231,1,1,0.027079707441048536,0.06673642296321616,<1bn
32867,NM,4184.0,20221231,44975,47203,44975,FMB BANK,23535,12118,0,4776,12225,14026,0.0,12225_20221231,1,1,0.1061923290717065,0.1061923290717065,<1bn
63866,SM,3426.0,20221231,66245,72777,66245,PEOPLES BANK OF ALTENBURG,14230,2392,959,2328,12226,51771,0.0,12226_20221231,1,1,0.035142274888670846,0.049618839157672276,<1bn
3733452,SM,1891043.0,20221231,5865772,6436322,5865772,FIRST BANK,2774895,2132968,222236,199986,12229,3145578,100421.0,12229_20221231,1,1,0.03409372201988076,0.07198063613792012,1-10bn
151690,NM,34344.0,20221231,241599,258058,241599,PEOPLES BANK,69653,89934,0,26433,12230,157634,0.0,12230_20221231,1,1,0.10940856543280394,0.10940856543280394,<1bn
83101,NM,148.0,20221231,113756,133958,113756,MERCANTILE BANK OF LA MO,23414,30779,2343,8072,12231,97970,11000.0,12231_20221231,1,1,0.07095889447589578,0.09155561025352509,<1bn
97062,NM,10478.0,20221231,127663,141804,127663,BANK OF MONTICELLO,35410,30699,0,7973,12232,86963,3.0,12232_20221231,1,1,0.06245349083132936,0.06245349083132936,<1bn
352348,NM,91103.0,20221231,481805,582850,481805,WASHINGTON COUNTY BANK,123987,129548,26970,12926,12241,420919,12577.0,12241_20221231,1,1,0.026828281151088096,0.08280528429551375,<1bn
77566,NM,15872.0,20221231,130616,205211,130616,FIRST STATE BANK,38525,53104,6401,14133,12244,102014,47466.0,12244_20221231,1,1,0.10820267042322533,0.15720891774361487,<1bn
30573,NM,7213.0,20221231,57579,65494,57579,COMMERCIAL BANK,21648,27036,0,2244,12246,38494,12763.0,12246_20221231,1,1,0.03897254207263064,0.03897254207263064,<1bn
242638,SM,9223.0,20221231,336861,368894,336861,FIRST NEBRASKA BANK,104910,94581,57261,13008,12248,227361,0.0,12248_20221231,1,1,0.03861533392111286,0.2085993926278198,<1bn
184010,NM,80287.0,20221231,392640,429143,392640,SOUTHWEST CAPITAL BANK,219182,208683,5963,17679,12258,170583,2496.0,12258_20221231,1,1,0.045025977995110024,0.06021291768541157,<1bn
327269,SM,54211.0,20221231,478511,561054,478511,LEA COUNTY STATE BANK,308479,151257,75026,10604,12259,220237,20000.0,12259_20221231,1,1,0.022160410105514814,0.17895095410554826,<1bn
223671,NM,51671.0,20221231,371461,429685,371461,MECHANICS&FARMERS BANK,72052,147875,1698,92092,12266,244046,0.0,12266_20221231,1,1,0.2479183548205599,0.2524894941864691,<1bn
64321,SM,0.0,20221231,113213,117015,113213,FIRST STATE BANK,72934,48903,1480,14098,12283,24396,0.0,12283_20221231,1,1,0.124526335314849,0.13759903897962247,<1bn
14646,NM,0.0,20221231,16823,18983,16823,FARMERS&MERCHANTS BANK,9257,2194,5918,1772,12284,6262,0.0,12284_20221231,1,1,0.10533198597158652,0.45711228675028237,<1bn
281484,NM,1605.0,20221231,376669,463900,376669,CATTLEMENS BANK,2965,96006,0,29163,12285,413221,23581.0,12285_20221231,1,1,0.07742341419123952,0.07742341419123952,<1bn
16720,NM,917.0,20221231,18536,23102,18536,FARMERS STATE BANK,6346,1848,2294,1804,12293,14339,0.0,12293_20221231,1,1,0.09732412602503238,0.22108329736728527,<1bn
74728,NM,3541.0,20221231,102589,119592,102589,COWBOY BANK OF TEXAS,7878,27892,1941,42025,12298,67161,505.0,12298_20221231,1,1,0.40964430884402814,0.4285644659758844,<1bn
618034,SI,54510.0,20221231,900083,1106115,900083,SOUTHSTAR BANK SSB,185023,282409,52704,71954,12299,791662,2927.0,12299_20221231,1,1,0.07994151650458903,0.13849611646925894,1-10bn
127180,NM,75481.0,20221231,243504,274491,243504,CITIZENS STATE BANK,109283,116344,26364,14172,12303,140516,0.0,12303_20221231,1,1,0.05820027597082594,0.1664695446481372,<1bn
63279,NM,5417.0,20221231,113330,121722,113330,COLUMBUS STATE BANK,76272,50058,6844,38405,12305,4526,0.0,12305_20221231,1,1,0.33887761404747196,0.3992676255183976,<1bn
77501,NM,0.0,20221231,222080,258421,222080,CHARIS BANK,1700,144601,0,82882,12308,164933,10567.0,12308_20221231,1,1,0.3732078530259366,0.3732078530259366,<1bn
78891,N,0.0,20221231,116535,131143,116535,CITIZENS BANK NATIONAL ASSN,43709,37715,0,3361,12309,73071,1.0,12309_20221231,1,1,0.028841120693353928,0.028841120693353928,<1bn
104766,NM,38989.0,20221231,138605,156348,138605,FIRST STATE BANK,85130,33866,1439,16762,12315,43234,0.0,12315_20221231,1,1,0.12093358825439197,0.13131560910501064,<1bn
351958,NM,0.0,20221231,470051,637500,470051,CHIPPEWA VALLEY BANK,145292,118148,141179,43695,12322,420289,36242.0,12322_20221231,1,1,0.09295799817466616,0.39330625825708276,<1bn
88952,NM,0.0,20221231,105524,121211,105524,BANK OF CASHTON,30960,16633,0,6945,12325,71697,1.0,12325_20221231,1,1,0.06581441188734316,0.06581441188734316,<1bn
255977,NM,92549.0,20221231,334675,396205,334675,BANK OF MAUSTON,167558,79006,0,6268,12327,217381,0.0,12327_20221231,1,1,0.018728617315305895,0.018728617315305895,<1bn
263412,NM,2186.0,20221231,369057,431663,369057,STATE BANK OF CHILTON,24632,105905,6898,46782,12331,346214,5215.0,12331_20221231,1,1,0.12676090685178712,0.14545178658039273,<1bn
137563,NM,75.0,20221231,156788,173695,156788,COMMUNITY BANK OF CAMERON,37403,19259,4632,14241,12349,113782,0.0,12349_20221231,1,1,0.0908296553307651,0.12037273260708728,<1bn
51844,NM,0.0,20221231,59615,70996,59615,HUSTISFORD STATE BANK,21184,7814,0,2030,12354,44083,985.0,12354_20221231,1,1,0.034051832592468335,0.034051832592468335,<1bn
58304,NM,0.0,20221231,68040,81333,68040,FARMERS&MERCHANTS BK KENDALL,0,9764,0,17264,12355,57866,0.0,12355_20221231,1,1,0.25373309817754264,0.25373309817754264,<1bn
189387,N,27747.0,20221231,305342,351995,305342,FIRST NB OF ALLENDALE,83732,116100,3849,11355,12365,236238,0.0,12365_20221231,1,1,0.037187809079654945,0.04979334647706506,<1bn
87273000,SM,19429000.0,20221231,133792000,154203000,133792000,REGIONS BANK,29057000,49661000,1166000,12071000,12368,95883000,1240000.0,12368_20221231,1,1,0.09022213585266682,0.0989371561827314,>=100bn
88724,NM,0.0,20221231,102277,127193,102277,FOWLER STATE BANK,56361,13614,1635,7421,12372,58831,0.0,12372_20221231,1,1,0.07255785758283877,0.0885438563899997,<1bn
1504868,NM,147679.0,20221231,2904353,3135836,2904353,CARROLLTON BANK,258936,1400083,40055,491466,12383,2304811,0.0,12383_20221231,1,1,0.16921703387983486,0.1830084015269494,1-10bn
120531,NM,18605.0,20221231,155052,173299,155052,JERSEY STATE BANK,89500,34553,0,3686,12384,66437,0.0,12384_20221231,1,1,0.023772669813997886,0.023772669813997886,<1bn
187869,NM,42176.0,20221231,260487,300206,260487,STATE BANK OF TOULON,92077,72760,1416,8997,12386,177166,5504.0,12386_20221231,1,1,0.03453915166591807,0.039975123518640084,<1bn
84160,NM,27307.0,20221231,94446,102676,94446,WILLIAMSVILLE STATE B&T,45524,10313,0,1978,12388,37668,0.0,12388_20221231,1,1,0.020943184465197044,0.020943184465197044,<1bn
69705,NM,10214.0,20221231,84280,94654,84280,LENA STATE BANK,31994,14767,1592,3681,12395,54436,0.0,12395_20221231,1,1,0.043675842429995254,0.06256525866160417,<1bn
73364,NM,3275.0,20221231,88847,103863,88847,EXCHANGE STATE BANK,50879,15593,526,2432,12402,47425,0.0,12402_20221231,1,1,0.02737289947887942,0.03329318941551206,<1bn
108984,NM,30065.0,20221231,127492,169230,127492,LA SALLE STATE BANK,80964,18541,2289,5577,12410,76840,2.0,12410_20221231,1,1,0.043743921187211744,0.06169798889342076,<1bn
55963,NM,11596.0,20221231,68707,74611,68707,TRI-VALLEY BANK,29672,12752,0,3940,12417,37793,1357.0,12417_20221231,1,1,0.05734495757346413,0.05734495757346413,<1bn
39915,NM,23508.0,20221231,47996,53455,47996,SECURITY STATE BANK,30613,8104,1896,1046,12422,18398,0.0,12422_20221231,1,1,0.021793482790232518,0.061296774731227605,<1bn
13461,NM,2.0,20221231,15228,18066,15228,DICKINSON COUNTY BANK,2208,1782,1701,5312,12425,10155,0.0,12425_20221231,1,1,0.34883110060415023,0.4605332282637247,<1bn
154957,NM,0.0,20221231,262072,305731,262072,COMMUNITY FIRST BANK,5239,107429,5107,29222,12426,250706,8035.0,12426_20221231,1,1,0.11150370890442321,0.13099072010745139,<1bn
18932,NM,0.0,20221231,20260,26329,20260,BAXTER STATE BANK,8093,1329,6832,2631,12432,11672,0.0,12432_20221231,1,1,0.1298617966436328,0.46707798617966434,<1bn
7873935,NM,2102091.0,20221231,13652804,16995485,13652804,RENASANT BANK,2857982,6017030,0,574102,12437,11496319,233133.0,12437_20221231,1,1,0.04205011659143426,0.04205011659143426,10-100bn
15110247,NM,3851205.0,20221231,29210138,35158162,29210138,HANCOCK WHITNEY BANK,8408536,14718464,235556,818331,12441,22832713,4931.0,12441_20221231,1,1,0.0280153075620526,0.03607949404415686,10-100bn
64912,NM,0.0,20221231,93211,101066,93211,STATE BANK OF COLD SPRING,50509,28319,45723,11877,12444,36927,0.0,12444_20221231,1,1,0.12742058340753773,0.6179528167276395,<1bn
68751,NM,0.0,20221231,77292,87639,77292,CITIZENS BANK OF EDINA,6409,8582,1530,18065,12457,58159,0.0,12457_20221231,1,1,0.23372405941106453,0.2535191222894996,<1bn
569963,NM,0.0,20221231,912405,1035266,912405,FIRST OKLAHOMA BANK,20836,342964,0,163431,12484,806379,100863.0,12484_20221231,1,1,0.17912111397898958,0.17912111397898958,1-10bn
157513,SM,14499.0,20221231,182537,222304,182537,PAYNE COUNTY BANK,56966,25073,0,5198,12485,148731,0.0,12485_20221231,1,1,0.028476418479541136,0.028476418479541136,<1bn
196317,NM,3144.0,20221231,280600,339176,280600,PREMIER BANK,68052,84334,16357,27928,12493,231899,4461.0,12493_20221231,1,1,0.0995295794725588,0.15782252316464718,<1bn
882756,NM,44813.0,20221231,1249565,1210973,1249565,CITIZENS STATE BANK,794256,370319,24185,90817,12501,278752,0.0,12501_20221231,1,1,0.07267889225450457,0.09203362770244045,1-10bn
634467,NM,34019.0,20221231,872404,878450,872404,INDUSTRY STATE BANK,576207,241585,17974,44999,12506,213816,0.0,12506_20221231,1,1,0.05158046042888387,0.07218330039752224,<1bn
174713,NM,19431.0,20221231,198239,219584,198239,ALLIANCE BANK,77541,23902,23570,9722,12511,121718,3.0,12511_20221231,1,1,0.0490418131649171,0.1679387002557519,<1bn
85005,NM,11832.0,20221231,104077,110345,104077,COMMUNITY FIRST BANK,38542,19433,968,5854,12512,59558,0.0,12512_20221231,1,1,0.05624681726029766,0.06554762339421774,<1bn
172976,NM,26526.0,20221231,210145,269088,210145,PARTNERS BANK OF WISCONSIN,74534,37218,1910,9499,12513,165154,3074.0,12513_20221231,1,1,0.04520212234409574,0.05429108472721216,<1bn
376816,NM,92970.0,20221231,464093,607423,464093,IXONIA BANK,184088,87645,57441,13193,12514,358174,0.0,12514_20221231,1,1,0.028427491903562432,0.15219794308468346,<1bn
1165272,NM,188394.0,20221231,1398538,1675982,1398538,BANK FIVE NINE,232240,233880,0,21861,12517,1333851,159746.0,12517_20221231,1,1,0.015631323567897332,0.015631323567897332,1-10bn
158537,NM,0.0,20221231,168450,239328,168450,PEOPLES BANK,18588,10086,0,11890,12531,192642,27159.0,12531_20221231,1,1,0.07058474324725438,0.07058474324725438,<1bn
67543,NM,2794.0,20221231,85269,92888,85269,BANK OF CALHOUN COUNTY,15346,17750,4097,29182,12549,42486,0.0,12549_20221231,1,1,0.3422345752852737,0.3902825176793442,<1bn
21752,NM,465.0,20221231,23934,26183,23934,HOPETON STATE BANK,9160,2196,0,138,12585,14769,0.0,12585_20221231,1,1,0.005765856104286789,0.005765856104286789,<1bn
376380,NM,271903.0,20221231,915127,987557,915127,CONVERSE COUNTY BANK,543598,539398,49545,212190,12591,223247,0.0,12591_20221231,1,1,0.23186945637053655,0.28600948283680844,<1bn
267430,SM,111427.0,20221231,383339,441288,383339,SECURITY STATE BANK,198354,115962,25126,26241,12592,189872,1500.0,12592_20221231,1,1,0.0684537706833899,0.1339988887120799,<1bn
459933,NM,38615.0,20221231,566561,632965,566561,PUEBLO BANK&TRUST CO,154664,106643,56059,14427,12594,446596,0.0,12594_20221231,1,1,0.025464160081615218,0.12441025767746103,<1bn
102894,NM,21292.0,20221231,140861,209055,140861,FARMERS&DROVERS BANK,78927,38050,923,14991,12602,106804,0.0,12602_20221231,1,1,0.10642406343842511,0.11297662234401289,<1bn
230024,NM,1757.0,20221231,359211,388138,359211,CITY BANK&TRUST CO,151491,129203,1971,66511,12608,162839,0.0,12608_20221231,1,1,0.18515858367366256,0.1906456094050572,<1bn
189156,NM,19589.0,20221231,328993,351530,328993,PATTERSON STATE BANK,91818,140036,0,8384,12609,173302,0.0,12609_20221231,1,1,0.025483824883812116,0.025483824883812116,<1bn
492970,NM,11926.0,20221231,709008,894031,709008,EVANGELINE BANK&TRUST CO,68835,216873,38614,20602,12611,766572,0.0,12611_20221231,1,1,0.029057500056416854,0.08351950894771286,<1bn
3077701,SM,814794.0,20221231,7882619,9631077,7882619,ORIGIN BANK,1652760,4806379,110645,358972,12614,7052818,124654.0,12614_20221231,1,1,0.045539686746245124,0.05957626519815305,1-10bn
344081,NM,0.0,20221231,409307,486629,409307,LEGENDS BANK,105740,65470,58553,16675,12616,339155,0.0,12616_20221231,1,1,0.04073959155352828,0.18379358281192357,<1bn
503208,NM,13991.0,20221231,793722,980781,793722,BANK OF WASHINGTON,27866,290818,2337,51408,12627,853672,6029.0,12627_20221231,1,1,0.06476826899090614,0.06771262482330086,<1bn
10435660,SM,2781476.0,20221231,15658648,19309880,15658648,CENTRAL TRUST BANK,6359812,5396960,2117873,889763,12633,11088992,1991.0,12633_20221231,1,1,0.056822466409615954,0.19207507570257662,10-100bn
96641,NM,17515.0,20221231,126499,133133,126499,GREENLEAF BANK,38618,29878,0,5923,12661,81723,0.0,12661_20221231,1,1,0.046822504525727476,0.046822504525727476,<1bn
95029,NM,42.0,20221231,112077,125503,112077,CITIZENS COMMUNITY BANK,21468,17103,448,8636,12694,85093,0.0,12694_20221231,1,1,0.07705416811656272,0.0810514200058888,<1bn
197233,NM,39150.0,20221231,234648,313905,234648,STATE BANK,88841,37615,0,26727,12706,182893,0.0,12706_20221231,1,1,0.11390252633732229,0.11390252633732229,<1bn
77631,NM,2400.0,20221231,109881,122644,109881,BRIDGE COMMUNITY BANK,29540,32260,19700,13017,12717,74980,0.0,12717_20221231,1,1,0.11846452070876676,0.29774938342388585,<1bn
52962,NM,84.0,20221231,59932,78201,59932,SICILY ISLAND STATE BANK,6716,7012,3930,4718,12722,64309,6019.0,12722_20221231,1,1,0.07872255222585597,0.1442968697857572,<1bn
31601,NM,0.0,20221231,33168,37377,33168,BANK OF PRAGUE,9152,1598,935,4936,12745,22826,0.0,12745_20221231,1,1,0.14881813796430293,0.17700795947901593,<1bn
69964,NM,1765.0,20221231,85612,94219,85612,FIRST STATE BANK,9304,15661,2925,4369,12757,78040,0.0,12757_20221231,1,1,0.05103256552819698,0.08519833668177358,<1bn
38277,NM,255.0,20221231,42788,49676,42788,FARMERS STB ALLEN OKLAHOMA,6151,4518,0,4622,12758,35026,0.0,12758_20221231,1,1,0.10802094045059363,0.10802094045059363,<1bn
378888,NM,12577.0,20221231,549937,647283,549937,F&M BANK,197132,171177,60786,9342,12761,406918,0.0,12761_20221231,1,1,0.01698740037495204,0.12752006138885,<1bn
869507,NM,578914.0,20221231,1834246,2146467,1834246,FIRST UNITED BANK,770486,965361,0,74693,12769,1216000,0.0,12769_20221231,1,1,0.04072136452798589,0.04072136452798589,1-10bn
397059,NM,9761.0,20221231,564279,653980,564279,HOMETOWN BANK,68359,167354,37780,136612,12781,409794,0.0,12781_20221231,1,1,0.2421000958745585,0.30905279126106056,<1bn
389541,SM,132931.0,20221231,459899,517890,459899,BARABOO STATE BANK,152859,70539,0,91262,12788,250842,0.0,12788_20221231,1,1,0.1984392225249457,0.1984392225249457,<1bn
583742,NM,139860.0,20221231,751832,862539,751832,PEOPLES STATE BANK,346223,168419,0,14599,12814,461771,0.0,12814_20221231,1,1,0.019417901871694742,0.019417901871694742,<1bn
503226,N,96762.0,20221231,692070,763899,692070,HOME STB NA,170703,189046,0,154731,12815,397625,0.0,12815_20221231,1,1,0.22357709480254886,0.22357709480254886,<1bn
424315,NM,103880.0,20221231,642046,845171,642046,FARMERS BANK FRANKFORT IN,187630,217955,0,18162,12828,590636,0.0,12828_20221231,1,1,0.028287692782137105,0.028287692782137105,<1bn
114564,SM,16550.0,20221231,137962,159290,137962,FIRST STATE BANK OF PORTER,65845,23439,4157,2707,12836,78298,0.0,12836_20221231,1,1,0.019621345008045694,0.049752830489555096,<1bn
1570335,SM,139817.0,20221231,2345976,2738488,2345976,FIRST FARMERS BANK&TRUST CO,480901,777185,47438,72630,12839,2049343,197250.0,12839_20221231,1,1,0.030959396004051194,0.05118040423260937,1-10bn
3100990,NM,455470.0,20221231,5457761,6722761,5457761,CENTIER BANK,867440,2359073,0,211221,12854,5222558,103987.0,12854_20221231,1,1,0.03870103509479437,0.03870103509479437,1-10bn
528040,NM,22849.0,20221231,1218113,1542625,1218113,FARMERS STATE BANK,209298,691416,0,14409,12855,1267565,192813.0,12855_20221231,1,1,0.011828951829592165,0.011828951829592165,1-10bn
146192,NM,3732.0,20221231,211013,233722,211013,DENVER SAVINGS BANK,43893,65121,11085,8748,12857,168066,21223.0,12857_20221231,1,1,0.041457161407117096,0.09398946984309024,<1bn
302513,NM,35122.0,20221231,476775,546629,476775,FARMERS TRUST&SAVINGS BANK,75425,174466,0,6558,12858,454041,49160.0,12858_20221231,1,1,0.013754915840805411,0.013754915840805411,<1bn
40193,NM,0.0,20221231,46632,64215,46632,SWEDISH-AMERICAN STATE BANK,22574,6459,13919,3169,12865,36857,0.0,12865_20221231,1,1,0.06795762566477954,0.36644364384971695,<1bn
445867,NM,17608.0,20221231,508573,605740,508573,FARMERS BANK&TRUST CO,66756,63248,4874,16634,12869,490348,47224.0,12869_20221231,1,1,0.032707202309206346,0.0422908805618859,<1bn
739236,NM,116898.0,20221231,861068,981838,861068,KATAHDIN TRUST CO,147188,121948,1808,29997,12874,742194,62455.0,12874_20221231,1,1,0.03483696990249318,0.0369366879270859,<1bn
272385,NM,22909.0,20221231,324963,354731,324963,PEOPLES BANK,102161,52620,0,66704,12885,172215,0.0,12885_20221231,1,1,0.20526644571843564,0.20526644571843564,<1bn
39655,NM,3369.0,20221231,45473,55905,45473,FIRST STATE BANK OF DECATUR,22849,5831,3447,5470,12893,26522,0.0,12893_20221231,1,1,0.12029116178831395,0.19609438567941415,<1bn
89433,NM,18638.0,20221231,97496,104154,97496,MAYVILLE STATE BANK,40397,8074,0,10359,12899,43538,0.0,12899_20221231,1,1,0.10625051284155247,0.10625051284155247,<1bn
7454864,N,3450911.0,20221231,13416874,15939263,13416874,BREMER BANK NATIONAL ASSN,3930546,5978222,60054,712277,12923,10520913,666939.0,12923_20221231,1,1,0.05308814855084724,0.057564153915435144,10-100bn
806603,SM,316915.0,20221231,1979100,2277724,1979100,ORANGE BANK&TRUST CO,533460,1172718,9683,86071,12944,1547598,29996.0,12944_20221231,1,1,0.04348997018846951,0.04838259815067455,1-10bn
137895,NM,25302.0,20221231,166330,179581,166330,BANK OF RICHMONDVILLE,75347,28463,671,14352,12956,78820,0.0,12956_20221231,1,1,0.08628629832261167,0.09032044730355318,<1bn
253809,NM,55177.0,20221231,299069,347346,299069,CATTARAUGUS COUNTY BANK,100094,45371,1089,13602,12959,212275,13054.0,12959_20221231,1,1,0.04548114314756795,0.04912244331575656,<1bn
794466,NM,135178.0,20221231,954304,1084777,954304,UNION BANK CO,279598,159940,0,28831,12969,678144,1.0,12969_20221231,1,1,0.030211546844611362,0.030211546844611362,1-10bn
601393,SM,186846.0,20221231,997962,1112249,997962,RICHWOOD BANKING CO,289768,396796,0,19451,12978,727975,20006.0,12978_20221231,1,1,0.01949072209162273,0.01949072209162273,1-10bn
52531,SM,33666.0,20221231,69156,84990,69156,CORN CITY STATE BANK,42680,16649,0,1929,12980,39073,5000.0,12980_20221231,1,1,0.027893458268263057,0.027893458268263057,<1bn
2046745,SM,237125.0,20221231,2641593,3533305,2641593,CIVISTA BANK,613553,563092,33237,41099,12982,2518839,91417.0,12982_20221231,1,1,0.015558414941287322,0.028140595466447708,1-10bn
229282,NM,5951.0,20221231,294481,345804,294481,ELDERTON STATE BANK,23305,65540,4233,15698,12985,285180,6243.0,12985_20221231,1,1,0.0533073441070901,0.06768178592167237,<1bn
195936,NM,56771.0,20221231,311259,343697,311259,ENNIS STATE BANK,92887,115437,0,9462,13000,225310,0.0,13000_20221231,1,1,0.0303991209892726,0.0303991209892726,<1bn
168473,NM,70297.0,20221231,311828,328592,311828,PECOS COUNTY STATE BANK,190610,143401,3870,6787,13006,111666,0.0,13006_20221231,1,1,0.021765203894454636,0.034175891837808024,<1bn
2478272,SM,83434.0,20221231,2695803,3112618,2695803,FIRST COMMUNITY BANK,283036,217690,149884,65210,13012,2369641,0.0,13012_20221231,1,1,0.024189453012701596,0.07978847119021679,1-10bn
50572,NM,1200.0,20221231,57747,67035,57747,MINERS&MERCHANTS BANK,37846,7178,0,4582,13018,21691,0.0,13018_20221231,1,1,0.07934611321800267,0.07934611321800267,<1bn
244958,NM,33438.0,20221231,292331,324417,292331,FIRST EXCHANGE BANK,35076,47532,0,5447,13020,262118,0.0,13020_20221231,1,1,0.01863298794859252,0.01863298794859252,<1bn
924059,NM,248448.0,20221231,1250251,1388430,1250251,WISCONSIN BANK&TRUST,354787,326374,0,28165,13023,792602,74657.0,13023_20221231,1,1,0.02252747648272227,0.02252747648272227,1-10bn
306920,NM,9459.0,20221231,384143,422498,384143,FARMERS SAVINGS BANK,133239,77381,0,76171,13025,202727,1000.0,13025_20221231,1,1,0.19828813749046578,0.19828813749046578,<1bn
79449,NM,0.0,20221231,97122,117365,97122,OAKWOOD BANK,1604,17751,0,7188,13030,100355,0.0,13030_20221231,1,1,0.0740100080311361,0.0740100080311361,<1bn
205796,NM,41807.0,20221231,261958,305821,261958,CITIZENS FIRST BANK,70794,56276,0,5585,13032,211974,18257.0,13032_20221231,1,1,0.021320211636979974,0.021320211636979974,<1bn
203315,SM,0.0,20221231,229093,256860,229093,FARMERS STB OF WAUPACA,72173,25883,0,18578,13033,138901,0.0,13033_20221231,1,1,0.08109370430349247,0.08109370430349247,<1bn
53474,NM,0.0,20221231,60985,72460,60985,PARK BANK,34748,7566,0,4682,13054,27616,6500.0,13054_20221231,1,1,0.07677297696154792,0.07677297696154792,<1bn
697066,NM,89424.0,20221231,883081,1010110,883081,CITIZENS BANK,236732,186070,14518,63917,13055,667475,0.0,13055_20221231,1,1,0.07237954389234963,0.08881971189505833,1-10bn
351810,N,79339.0,20221231,484935,634681,484935,HIAWATHA NATIONAL BANK,144192,133267,0,11782,13058,441705,94875.0,13058_20221231,1,1,0.024296039675420416,0.024296039675420416,<1bn
1236115,SI,281344.0,20221231,1640586,1843469,1640586,KENNEBUNK SAVINGS BANK,319273,404593,0,85795,13063,1322057,0.0,13063_20221231,1,1,0.05229533837299599,0.05229533837299599,1-10bn
313662,SM,316.0,20221231,358417,405161,358417,COMMUNITY BANK&TRUST,116716,44778,113363,93558,13068,179440,0.0,13068_20221231,1,1,0.2610311452860774,0.5773191561784179,<1bn
495765,SM,116665.0,20221231,594045,677678,594045,TOWN&COUNTRY BANK,184302,98460,9175,44448,13071,411378,0.0,13071_20221231,1,1,0.07482261444840037,0.09026757232196214,<1bn
112863,NM,17059.0,20221231,137778,148090,137778,ALGONQUIN STATE BANK,48369,24922,7797,5566,13080,86488,0.0,13080_20221231,1,1,0.04039832193819042,0.09698935969458114,<1bn
366038,SM,9558.0,20221231,539760,635954,539760,FIRST WESTERN BANK,61039,173929,5810,18541,13083,510541,0.0,13083_20221231,1,1,0.03435045205276419,0.04511449533125834,<1bn
2397553,SM,495770.0,20221231,5461007,6412535,5461007,LAKE CITY BANK,1311659,3068892,0,122728,13102,4638146,10027.0,13102_20221231,1,1,0.02247351083783632,0.02247351083783632,1-10bn
475715,NM,154336.0,20221231,717385,790697,717385,CITIZENS STB NEW CASTLE,299902,242841,15467,54758,13107,395416,0.0,13107_20221231,1,1,0.07633000411215735,0.09789025418708225,<1bn
408073,NM,46906.0,20221231,688644,816726,688644,JACKSON COUNTY BANK,132247,280833,7174,35183,13109,601409,0.0,13109_20221231,1,1,0.05109025853706705,0.06150783278442853,<1bn
161969,SM,18957.0,20221231,204677,219083,204677,HENDRICKS COUNTY B&T CO,85627,42745,0,10162,13111,107761,0.0,13111_20221231,1,1,0.04964895909164195,0.04964895909164195,<1bn
189635,NM,68268.0,20221231,295933,326078,295933,OWEN COUNTY STATE BANK,93906,106388,0,12553,13112,198391,0.0,13112_20221231,1,1,0.04241838524260559,0.04241838524260559,<1bn
165298,NM,29.0,20221231,226764,255181,226764,PEOPLES TRUST&SAVINGS BANK,43861,61796,0,4349,13113,194117,99.0,13113_20221231,1,1,0.019178529219805614,0.019178529219805614,<1bn
333013,SM,32676.0,20221231,488703,543581,488703,FRIENDSHIP STATE BANK,211360,170033,2424,12326,13130,288810,0.0,13130_20221231,1,1,0.025221862767365863,0.030181930538588878,<1bn
182391,NM,8612.0,20221231,253310,278919,253310,KANZA BANK,59763,71074,6279,16612,13157,183660,0.0,13157_20221231,1,1,0.06557972444830446,0.09036753385180214,<1bn
117477,NM,19526.0,20221231,131809,146123,131809,BANK OF CLARKSON,45428,14399,0,6468,13167,84470,0.0,13167_20221231,1,1,0.04907100425615853,0.04907100425615853,<1bn
288876,SM,0.0,20221231,399333,435535,399333,FIRST COMMUNITY BANK,70794,110465,41776,43417,13179,302644,0.0,13179_20221231,1,1,0.10872379693138308,0.21333824151773081,<1bn
162099,NM,41776.0,20221231,196966,209615,196966,UNION STATE BANK OF HAZEN,86405,34976,0,10528,13195,101229,8423.0,13195_20221231,1,1,0.053450849385173076,0.053450849385173076,<1bn
48842,NM,17360.0,20221231,69898,76875,69898,PEOPLES STATE BANK,36272,21068,9583,10218,13196,28379,0.0,13196_20221231,1,1,0.14618444018426852,0.2832842141406049,<1bn
675547,NM,148213.0,20221231,1202722,1304394,1202722,CORNERSTONE BANK,254210,527878,6140,52301,13198,904170,0.0,13198_20221231,1,1,0.04348552699626348,0.048590613624761164,1-10bn
180527,NM,20952.0,20221231,211088,238437,211088,FORT JENNINGS STATE BANK,24066,30586,1871,9819,13209,174754,0.0,13209_20221231,1,1,0.046516144925339196,0.055379746835443035,<1bn
364048,NM,26063.0,20221231,450682,536504,450682,SAVINGS BANK,158817,86688,41897,16569,13216,320731,9044.0,13216_20221231,1,1,0.03676428168864077,0.12972783470384883,<1bn
474670,NM,153811.0,20221231,706372,785773,706372,PEOPLES BANK CO,336573,231873,6181,100971,13220,313412,498.0,13220_20221231,1,1,0.14294309513967146,0.15169344198241153,<1bn
447572,NM,2.0,20221231,577051,659936,577051,SECURITY STATE BANK,106747,129515,73011,330435,13232,205983,0.0,13232_20221231,1,1,0.5726270294999922,0.6991513748351532,<1bn
136424,NM,9037.0,20221231,172651,225020,172651,FARMERS&MERCHANTS STATE BANK,37593,36342,18530,3894,13242,177436,631.0,13242_20221231,1,1,0.022554169972951215,0.12988051039380022,<1bn
102511,SM,11045.0,20221231,140262,160956,140262,STATE SB OF MANISTIQUE,83972,37768,3899,3641,13249,65383,0.0,13249_20221231,1,1,0.025958563260184513,0.0537565413297971,<1bn
45135,NM,0.0,20221231,53694,73846,53694,CHAMBERS STATE BANK,3076,8575,0,13039,13251,56337,7178.0,13251_20221231,1,1,0.2428390509181659,0.2428390509181659,<1bn
605269,SM,57691.0,20221231,856685,989298,856685,MIDWEST BANK,222080,251804,2870,26879,13255,677608,0.0,13255_20221231,1,1,0.031375593129329915,0.03472571598662286,<1bn
429621,NM,60215.0,20221231,512372,580371,512372,BANK OF LUXEMBURG,121895,82864,0,11022,13264,416264,0.0,13264_20221231,1,1,0.021511714145191384,0.021511714145191384,<1bn
140473,SM,8874.0,20221231,173874,195641,173874,BANK OF COMMERCE,43962,33410,7639,17066,13274,125076,0.0,13274_20221231,1,1,0.09815153501961191,0.1420856482280272,<1bn
735987,SM,122811.0,20221231,992570,1117965,992570,SOLVAY BANK,381615,256964,26945,15161,13297,664398,0.0,13297_20221231,1,1,0.015274489456663006,0.04242118943752078,1-10bn
199976,NM,622.0,20221231,312604,441843,312604,BANK OF ENGLAND,105876,112745,49301,38219,13303,226662,1.0,13303_20221231,1,1,0.12226011183478139,0.27997082570920395,<1bn
334592,NM,84218.0,20221231,479927,520972,479927,NEW WASHINGTON STATE BANK,130587,145387,11729,25082,13305,340450,0.0,13305_20221231,1,1,0.05226211486330213,0.07670124831484788,<1bn
879830,SM,197540.0,20221231,1099297,1325575,1099297,STATE BANK&TRUST CO,238248,220144,0,26131,13339,950332,17031.0,13339_20221231,1,1,0.023770646149311788,0.023770646149311788,1-10bn
603486,SM,99275.0,20221231,909580,1122225,909580,CROGHAN COLONIAL BANK,329886,306317,33271,18259,13341,690773,0.0,13341_20221231,1,1,0.02007410013412784,0.05665252094373227,1-10bn
242353,SM,22578.0,20221231,352277,379476,352277,EXCHANGE BANK&TRUST CO,92438,110178,0,13255,13366,252267,10783.0,13366_20221231,1,1,0.03762664039945838,0.03762664039945838,<1bn
62006,NM,8571.0,20221231,97243,107411,97243,COMMUNITY TRUST BANK,37310,35251,2262,26293,13380,36995,0.0,13380_20221231,1,1,0.27038450068385383,0.2936458151229394,<1bn
106738,NM,32496.0,20221231,118874,133796,118874,NORTHEAST MISSOURI STB,70218,12244,0,4512,13381,52341,0.0,13381_20221231,1,1,0.03795615525682656,0.03795615525682656,<1bn
103067,NM,0.0,20221231,132292,147269,132292,FARMERS&MERCHANTS STB SPRING,46480,29259,34919,17420,13382,76839,828.0,13382_20221231,1,1,0.13167840836936473,0.3956323889577601,<1bn
728752,NM,73.0,20221231,1093404,1421424,1093404,BANK OF UTICA,1239551,365477,0,45027,13397,101584,0.0,13397_20221231,1,1,0.04118057003632692,0.04118057003632692,1-10bn
239041,NM,18205.0,20221231,343787,387661,343787,FARMERS STATE BANK,128613,104774,70381,37443,13407,205147,0.0,13407_20221231,1,1,0.10891336787022197,0.3136360595368644,<1bn
160364,NM,12368.0,20221231,212189,249907,212189,NORTHWESTERN BANK,28568,51909,8127,11890,13411,200342,2332.0,13411_20221231,1,1,0.056034949973844075,0.09433571014520074,<1bn
45531,NM,19601.0,20221231,62607,71844,62607,KAW VALLEY STATE BANK,42747,17104,0,2277,13413,25134,0.0,13413_20221231,1,1,0.03636973501365662,0.03636973501365662,<1bn
44097,NM,7022.0,20221231,58768,65812,58768,FARMERS&MERCHANTS BANK,23720,14731,8779,9507,13415,21237,0.0,13415_20221231,1,1,0.16177171249659678,0.3111557310100735,<1bn
46219,NM,796.0,20221231,52625,58758,52625,OKLAHOMA STATE BANK,21179,6417,17275,1547,13416,35057,0.0,13416_20221231,1,1,0.02939667458432304,0.3576627078384798,<1bn
4623055,NM,59549.0,20221231,5683052,7608489,5683052,UNION BANK&TRUST CO,1999233,1079265,114836,65489,13421,5145942,324472.0,13421_20221231,1,1,0.011523561635543718,0.03173030969978807,1-10bn
163628,SM,3536.0,20221231,192714,217699,192714,WADENA STATE BANK,79375,29198,17972,10362,13430,120221,0.0,13430_20221231,1,1,0.05376879728509605,0.14702616312255468,<1bn
49777,NM,0.0,20221231,62599,83942,62599,INTEGRITY BANK,51394,12842,40473,1660,13450,28271,0.0,13450_20221231,1,1,0.026517995495135706,0.6730618699979233,<1bn
575377,NM,62065.0,20221231,666873,745127,666873,ROYAL BANK,185679,91658,2112,28259,13454,485886,0.0,13454_20221231,1,1,0.042375384818398705,0.04554240462576833,<1bn
75045,NM,1491.0,20221231,80782,96274,80782,STATE EXCHANGE BANK,3798,5827,693,6112,13551,83592,16538.0,13551_20221231,1,1,0.07566041940036147,0.08423906315763413,<1bn
309021,SM,19486.0,20221231,351056,373015,351056,FLEETWOOD BANK,139488,42043,946,21808,13561,193382,0.0,13561_20221231,1,1,0.06212114306549382,0.06481586983273324,<1bn
396348,NM,0.0,20221231,577197,648602,577197,BANK OF SUN PRAIRIE,41172,181405,0,13182,13565,567844,1775.0,13565_20221231,1,1,0.022837956538235647,0.022837956538235647,<1bn
27498,NM,0.0,20221231,33415,36597,33415,STATE BANK OF NAUVOO,2521,5924,0,9434,13582,22842,0.0,13582_20221231,1,1,0.2823282956755948,0.2823282956755948,<1bn
50459,NM,0.0,20221231,59553,68331,59553,TAMPA STATE BANK,28451,9139,0,2878,13584,34384,0.0,13584_20221231,1,1,0.04832670058603261,0.04832670058603261,<1bn
247843,N,19189.0,20221231,344403,377767,344403,FIRST-LOCKHART NATIONAL BANK,68825,96655,40489,34944,13599,251435,0.0,13599_20221231,1,1,0.10146253081419151,0.21902538595772975,<1bn
114759,NM,55490.0,20221231,133906,140971,133906,POINTWEST BANK,71593,19157,11802,20364,13600,38084,0.0,13600_20221231,1,1,0.1520768300150852,0.24021328394545427,<1bn
27963,NM,0.0,20221231,30112,34745,30112,BANK OF MEAD,14557,2159,0,4573,13611,14800,0.0,13611_20221231,1,1,0.1518663655685441,0.1518663655685441,<1bn
66720,NM,0.0,20221231,84119,112766,84119,CORYDON STATE BANK,62396,17486,3851,2240,13616,46278,6819.0,13616_20221231,1,1,0.026628942331696763,0.07240932488498436,<1bn
334416,NM,68814.0,20221231,678877,982277,678877,FIRST STATE BANK,188282,344858,8570,55086,13622,677417,155498.0,13622_20221231,1,1,0.08114282852416564,0.09376661751686977,<1bn
283973,SM,44609.0,20221231,420575,481308,420575,FIRST STATE BANK,101049,136721,983,17907,13632,337067,1.0,13632_20221231,1,1,0.042577423765083514,0.04491470011294062,<1bn
185243,NM,41615.0,20221231,222493,249932,222493,PINE COUNTRY BANK,58579,37322,0,26112,13652,150604,0.0,13652_20221231,1,1,0.11736099562682871,0.11736099562682871,<1bn
164548,NM,0.0,20221231,236358,263601,236358,UNITED COMMUNITY BANK,43550,71890,36638,7196,13656,196835,0.0,13656_20221231,1,1,0.030445341388910044,0.18545596087291313,<1bn
115121,NM,257.0,20221231,168324,201636,168324,FARMERS&MERCHANTS STB BLOOMF,59365,53223,58878,10071,13662,126959,18802.0,13662_20221231,1,1,0.05983104013687888,0.409620731446496,<1bn
112094,NM,0.0,20221231,133445,147293,133445,BRUNSWICK STATE BANK,11874,21639,1916,8788,13692,122182,6460.0,13692_20221231,1,1,0.06585484656600098,0.08021282176177451,<1bn
14071,NM,0.0,20221231,15487,18724,15487,NEBRASKA STATE BANK,0,1426,0,6974,13696,11244,498.0,13696_20221231,1,1,0.4503131658810615,0.4503131658810615,<1bn
394035,N,87868.0,20221231,504965,578554,504965,GREENVILLE NATIONAL BANK,144497,111265,21472,58342,13703,337363,0.0,13703_20221231,1,1,0.11553672036675809,0.1580584793005456,<1bn
260615,NM,8418.0,20221231,352141,423090,352141,LIBERTYVILLE SAVINGS BANK,121050,91847,0,34447,13712,243396,0.0,13712_20221231,1,1,0.0978216112295927,0.0978216112295927,<1bn
64822,NM,3025.0,20221231,74743,84012,74743,STATE BANK,36407,9986,3817,1667,13715,41924,0.0,13715_20221231,1,1,0.022303091928341116,0.07337141939713418,<1bn
1056034,NM,7468.0,20221231,1402220,1684434,1402220,MIDDLEFIELD BANKING CO,164966,346792,0,50497,13716,1338434,5027.0,13716_20221231,1,1,0.03601218068491392,0.03601218068491392,1-10bn
11034,NM,0.0,20221231,11808,15398,11808,PRESCOTT STATE BANK,3754,779,0,3140,13729,8174,0.0,13729_20221231,1,1,0.26592140921409213,0.26592140921409213,<1bn
161062,NM,0.0,20221231,230247,271931,230247,SAVINGS BANK,72371,69362,0,3889,13735,191250,0.0,13735_20221231,1,1,0.016890556663061843,0.016890556663061843,<1bn
46282,NM,0.0,20221231,57349,71803,57349,MAYNARD SAVINGS BANK,33226,11096,0,1834,13736,35073,0.0,13736_20221231,1,1,0.031979633472248865,0.031979633472248865,<1bn
186084,NM,51889.0,20221231,243624,255162,243624,FARMERS&MERCHANTS BANK&TRUST,103344,59875,22142,13760,13737,118578,0.0,13737_20221231,1,1,0.05648047811381473,0.14736643352050702,<1bn
164542,N,17629.0,20221231,236847,308456,236847,UPSTATE NATIONAL BANK,30813,72575,0,22920,13748,247809,28821.0,13748_20221231,1,1,0.09677133339244322,0.09677133339244322,<1bn
165507,NM,30393.0,20221231,194815,224302,194815,BLUE GRASS SAVINGS BANK,100270,29667,6404,4528,13753,103329,3302.0,13753_20221231,1,1,0.0232425634576393,0.056114775556297,<1bn
30630,NM,3798.0,20221231,36795,49078,36795,BENTON COUNTY STATE BANK,9239,6199,0,2637,13774,35236,0.0,13774_20221231,1,1,0.07166734610680799,0.07166734610680799,<1bn
146727,NM,50540.0,20221231,180041,199379,180041,FARMERS STATE BANK,76758,33348,0,6821,13775,102450,0.0,13775_20221231,1,1,0.037885814897717744,0.037885814897717744,<1bn
144720,N,0.0,20221231,172816,184679,172816,NORTHERN INTERSTATE BANK N A,96838,28137,0,8840,13784,65397,0.0,13784_20221231,1,1,0.051152671048976944,0.051152671048976944,<1bn
82794,NM,3539.0,20221231,91261,101743,91261,CONCORDIA BK OF CONCORDIA MO,13193,8493,0,7283,13788,71354,0.0,13788_20221231,1,1,0.07980407841246534,0.07980407841246534,<1bn
77709,NM,17386.0,20221231,99838,114178,99838,MCINTOSH COUNTY BANK,40654,22170,1293,5461,13794,58446,0.0,13794_20221231,1,1,0.05469861175103668,0.06764959233959014,<1bn
62497,N,34315.0,20221231,89257,97264,89257,FIRST NB IN FREDONIA,57629,26789,1529,7578,13798,30828,0.0,13798_20221231,1,1,0.08490090413076845,0.1020312132381774,<1bn
146315,NM,0.0,20221231,222829,236936,222829,FARMERS&MERCHANTS BANK,73622,76541,0,17326,13801,127049,0.0,13801_20221231,1,1,0.07775469081672494,0.07775469081672494,<1bn
92604,SM,19553.0,20221231,111916,117909,111916,TWIN VALLEY BANK,39785,19367,0,3663,13802,66635,0.0,13802_20221231,1,1,0.032729904571285606,0.032729904571285606,<1bn
138556,N,2886.0,20221231,167046,197433,167046,MINNSTAR BANK NATIONAL ASSN,6712,28658,3782,9630,13809,169304,0.0,13809_20221231,1,1,0.05764879135088539,0.0802892616405062,<1bn
74913,N,8466.0,20221231,123831,133251,123831,FIRST NB IN PINCKNEYVILLE,60294,48923,0,12119,13813,50383,0.0,13813_20221231,1,1,0.09786725456468898,0.09786725456468898,<1bn
104360,SM,31350.0,20221231,149596,165376,149596,BANK 1ST,72771,45293,0,3317,13816,86051,0.0,13816_20221231,1,1,0.02217305275542127,0.02217305275542127,<1bn
139535,NM,0.0,20221231,172821,195965,172821,COMMERCIAL STATE BANK,29864,33531,11308,4083,13819,154428,10740.0,13819_20221231,1,1,0.02362560105542729,0.08905746408133271,<1bn
267233,NM,537.0,20221231,335214,380631,335214,CROSS BANK,32587,68133,21097,39272,13821,288886,13000.0,13821_20221231,1,1,0.11715501142553712,0.18009092698992285,<1bn
35925,NM,306.0,20221231,42998,48609,42998,TRUST BANK,1463,7076,0,25314,13832,19047,0.0,13832_20221231,1,1,0.5887250569793944,0.5887250569793944,<1bn
409295,SM,1221.0,20221231,511918,592663,511918,FIELD&MAIN BANK,60257,103026,0,9812,13838,470809,0.0,13838_20221231,1,1,0.019167132236022174,0.019167132236022174,<1bn
223861,NM,13905.0,20221231,288707,340251,288707,KENTLAND BANK,134396,66003,14469,8287,13843,172881,0.0,13843_20221231,1,1,0.028703841611045108,0.07882039576456408,<1bn
501726,SM,0.0,20221231,793404,972103,793404,FIRST STATE BANK NEBRASKA,192945,292207,39238,24456,13868,684036,25054.0,13868_20221231,1,1,0.03082414507615288,0.08027940368336937,<1bn
2902694,NM,327280.0,20221231,4766209,5453779,4766209,CNB BANK,778622,1864886,109649,103637,13876,4224248,24066.0,13876_20221231,1,1,0.02174411571124976,0.04474961127386567,1-10bn
1589227,NM,248656.0,20221231,1947579,2192138,1947579,PEOPLESBANK CODORUS VALLEY,345457,359150,19101,120592,13879,1612275,1472.0,13879_20221231,1,1,0.061918926010190084,0.071726487089869,1-10bn
99406,NM,42413.0,20221231,138831,150992,138831,FARMERS STATE BANK,69025,39538,870,6566,13883,68935,0.0,13883_20221231,1,1,0.04729491251953814,0.053561524443388006,<1bn
167313,NM,29433.0,20221231,256994,268303,256994,FARMERS&MERCHANTS BANK,140655,89973,4810,11500,13887,90119,6.0,13887_20221231,1,1,0.0447481264154027,0.0634645166813233,<1bn
218452,NM,0.0,20221231,312498,341950,312498,SANDHILLS STATE BANK,68995,94116,27134,6321,13892,244524,11685.0,13892_20221231,1,1,0.020227329454908512,0.10705668516278505,<1bn
252823,NM,47948.0,20221231,289849,342121,289849,FARMERS STATE BANK,55662,37104,0,5353,13897,267234,0.0,13897_20221231,1,1,0.018468236909563257,0.018468236909563257,<1bn
19667,NM,5801.0,20221231,21946,23852,21946,FARMERS STATE BANK OF MEDORA,13181,2277,458,2088,13902,6526,0.0,13902_20221231,1,1,0.09514262280142168,0.11601202952702087,<1bn
169068,N,45114.0,20221231,207446,227034,207446,FIRST TEXOMA NATIONAL BANK,62149,38434,0,4557,13905,151974,5000.0,13905_20221231,1,1,0.021967162538684765,0.021967162538684765,<1bn
280594,N,12239.0,20221231,502379,554007,502379,SOUTHTRUST BANK N A,166645,221869,154406,71565,13919,289289,0.0,13919_20221231,1,1,0.14245221237352676,0.44980184283180624,<1bn
24181,NM,0.0,20221231,29505,35959,29505,STATE BK OF CANTON CANTON KS,14397,5331,8662,9517,13926,11170,0.0,13926_20221231,1,1,0.3225554990679546,0.6161328588374851,<1bn
29353,NM,281.0,20221231,37044,41449,37044,STATE BANK OF SCHALLER,24292,7723,5240,3828,13931,12513,2111.0,13931_20221231,1,1,0.10333657272432782,0.24478997948385703,<1bn
166751,NM,25615.0,20221231,209220,225163,209220,FIRST BANK&TRUST CO,92337,42504,6532,8107,13946,119204,0.0,13946_20221231,1,1,0.03874868559411146,0.06996941019023038,<1bn
170520,NM,0.0,20221231,318865,345425,318865,ALAMOSA STATE BANK,102008,148362,34498,91474,13947,142236,0.0,13947_20221231,1,1,0.2868737553510106,0.39506374170887365,<1bn
339372,NM,182715.0,20221231,757195,805257,757195,COMMUNITY BANK OF LOUISIANA,450564,417991,0,88114,13951,247774,18518.0,13951_20221231,1,1,0.11636896704283572,0.11636896704283572,<1bn
518448,SM,44418.0,20221231,794024,971627,794024,IOWA STATE BANK,225160,276051,4372,19063,13953,667871,0.0,13953_20221231,1,1,0.024008090435553586,0.02951422123260758,<1bn
139451,NM,615.0,20221231,166562,187721,166562,MCKENZIE BANKING CO,47268,28012,6416,24599,13955,102892,0.0,13955_20221231,1,1,0.14768674727729014,0.18620693795703702,<1bn
41747,NM,2688.0,20221231,45190,49551,45190,KANSASLAND BANK,22246,3504,12910,1574,13957,23662,0.0,13957_20221231,1,1,0.03483071475990263,0.3205133879176809,<1bn
14145,NM,512.0,20221231,56596,78714,56596,CBW BANK,2099,42452,484,46370,13959,12611,0.0,13959_20221231,1,1,0.8193158527104389,0.8278676938299526,<1bn
41342,NM,3872.0,20221231,41951,52684,41951,BANK OF HOUSTON,4848,662,734,1468,13960,42417,4770.0,13960_20221231,1,1,0.03499320635980072,0.05248980953970108,<1bn
78854,SM,279.0,20221231,122935,134788,122935,BANK OF HARTINGTON,44171,44107,5427,4106,13962,81415,0.0,13962_20221231,1,1,0.03339976410298125,0.07754504412901127,<1bn
87503,N,1014.0,20221231,98342,109500,98342,GRANVILLE NATIONAL BANK,52975,10855,14027,12745,13983,40794,0.0,13983_20221231,1,1,0.1295987472290578,0.2722336336458482,<1bn
4057,N,629.0,20221231,12191,14668,12191,TRANSACT BANK NATIONAL ASSN,629,8134,0,8995,13986,2616,0.0,13986_20221231,1,1,0.7378393897137232,0.7378393897137232,<1bn
36171,NM,447.0,20221231,43962,45815,43962,PALO SAVINGS BANK,17624,7824,0,3224,13990,22821,0.0,13990_20221231,1,1,0.07333606296346845,0.07333606296346845,<1bn
25797,NM,10071.0,20221231,33497,35497,33497,FARMERS&MERCHANTS STATE BANK,18341,7711,2832,1612,13999,11609,0.0,13999_20221231,1,1,0.04812371257127504,0.13266859718780785,<1bn
268108,SM,11980.0,20221231,388643,424408,388643,CHELSEA STATE BANK,110853,120559,9186,80104,14009,215889,0.0,14009_20221231,1,1,0.2061120359816078,0.22974812359929292,<1bn
600797,NM,77520.0,20221231,842693,930088,842693,MIDDLETOWN VALLEY BANK,140515,245367,0,15393,14017,745846,77735.0,14017_20221231,1,1,0.01826643866746253,0.01826643866746253,<1bn
38529,NM,198.0,20221231,45112,49885,45112,FARMERS&MERCHANTS BK MOUND C,8746,6620,5229,4956,14024,34720,0.0,14024_20221231,1,1,0.10985990423834013,0.2257714133711651,<1bn
249332,NM,2640.0,20221231,336579,368809,336579,WELLS BANK,34811,87364,29638,22736,14025,285640,0.0,14025_20221231,1,1,0.06755026308830914,0.1556068560427121,<1bn
58044,NM,0.0,20221231,76785,88549,76785,SCRIBNER BANK,18272,19819,11850,6688,14026,42062,0.0,14026_20221231,1,1,0.08710034511948948,0.2414273621149964,<1bn
1931979,NM,2613.0,20221231,2727116,3149346,2727116,FIRST GUARANTY BANK,451962,805670,98500,82795,14028,2495559,20305.0,14028_20221231,1,1,0.03035991134957222,0.06647865363996251,1-10bn
367609,NM,12670.0,20221231,500708,572061,500708,FIRST LIBERTY BANK,40546,133602,6998,38228,14029,456263,35457.0,14029_20221231,1,1,0.07634789138579771,0.0903241010728808,<1bn
274671,SM,14321.0,20221231,375851,423510,375851,MISSOURI BANK,111096,101226,10002,16693,14036,235462,0.0,14036_20221231,1,1,0.04441387677563716,0.07102548616339986,<1bn
242997,NM,20023.0,20221231,302521,331577,302521,FARMERS&MERCHANTS BK ST CLAI,76546,59858,12165,19511,14056,211054,1585.0,14056_20221231,1,1,0.06449469623596378,0.10470678068629946,<1bn
219737,NM,4877.0,20221231,263748,317286,263748,GREAT PLAINS STATE BANK,44860,44134,16409,11566,14058,251728,22686.0,14058_20221231,1,1,0.043852465231963844,0.10606715501160198,<1bn
1222456,NM,176842.0,20221231,1860338,2038739,1860338,PINNACLE BANK,392939,638084,32123,59011,14065,1407268,0.0,14065_20221231,1,1,0.03172057980861542,0.04898787209636098,1-10bn
42804,NM,0.0,20221231,47066,59002,47066,STATE BANK OF SCOTIA,17443,4297,245,6584,14069,33625,0.0,14069_20221231,1,1,0.1398886669782858,0.1450941231462202,<1bn
604143,N,33177.0,20221231,1065155,1165269,1065155,COUNTY NATIONAL BANK,122895,461307,68829,120086,14073,880831,2514.0,14073_20221231,1,1,0.11274039928461116,0.17735916368979163,1-10bn
958861,NM,308764.0,20221231,1197810,1315093,1197810,BLACKHAWK BANK,445683,239194,7583,21964,14078,773658,0.0,14078_20221231,1,1,0.01833679798966447,0.024667518220752874,1-10bn
342892,SM,42199.0,20221231,521341,630557,521341,GNB BANK,163069,178851,90043,16407,14079,409323,15731.0,14079_20221231,1,1,0.031470764816118435,0.2041849768193946,<1bn
29475,NM,45.0,20221231,32830,55069,32830,BISON STATE BANK,958,3396,235,8210,14083,44027,3078.0,14083_20221231,1,1,0.25007614986293025,0.25723423697837344,<1bn
50287,N,8420.0,20221231,67898,74745,67898,FIRST NB IN FALFURRIAS,28210,17648,14474,15332,14095,30355,0.0,14095_20221231,1,1,0.22580930218857698,0.43898200241538776,<1bn
34964,NM,4145.0,20221231,39473,46701,39473,GENERATIONS BANK,12613,4548,1978,1540,14096,29555,0.0,14096_20221231,1,1,0.039014009576165985,0.08912421148633243,<1bn
294898,NM,12574.0,20221231,390047,431450,390047,PEOPLES STATE BANK,177616,95235,0,16735,14113,219530,0.0,14113_20221231,1,1,0.042905085797352624,0.042905085797352624,<1bn
519484,SI,64905.0,20221231,719419,838127,719419,PASSUMPSIC SAVINGS BANK,127047,199961,13456,43149,14134,611386,0.0,14134_20221231,1,1,0.059977565229720094,0.0786815471929432,<1bn
188903,SI,12016.0,20221231,209378,228201,209378,WELLS RIVER SAVINGS BANK,61717,20489,13303,12252,14136,138613,0.0,14136_20221231,1,1,0.058516176484635446,0.12205198253875765,<1bn
915754,SI,84727.0,20221231,1185491,1414255,1185491,NORTHFIELD SAVINGS BANK,328531,269828,22415,29746,14140,963245,0.0,14140_20221231,1,1,0.025091713053916057,0.043999490506465254,1-10bn
861870,NM,164432.0,20221231,1204403,1335789,1204403,UNION BANK,252120,342833,2551,54425,14158,952332,32975.0,14158_20221231,1,1,0.04518836303131095,0.04730642484284745,1-10bn
268386,NM,18552.0,20221231,332153,368796,332153,PEOPLES TR CO OF ST ALBANS,79163,63782,19716,66177,14168,205944,0.0,14168_20221231,1,1,0.19923649643387234,0.25859468377524814,<1bn
62674,NM,0.0,20221231,75233,86198,75233,SILEX BANKING CO,26309,12571,5179,6508,14178,44625,0.0,14178_20221231,1,1,0.08650459239961188,0.155344064439807,<1bn
223551,NM,65885.0,20221231,259923,300239,259923,MARION COMMUNITY BANK,112848,36654,0,7085,14184,162236,0.0,14184_20221231,1,1,0.027258072583034205,0.027258072583034205,<1bn
325938,SM,44007.0,20221231,470392,546799,470392,FIRST STATE B&T CO INC,127134,144554,4421,12157,14185,376348,9998.0,14185_20221231,1,1,0.02584440211568224,0.03524294630861069,<1bn
212851,SM,0.0,20221231,269320,327907,269320,FARMERS TRUST&SAVINGS BANK,20351,56522,19427,11798,14195,283345,1.0,14195_20221231,1,1,0.0438066240903015,0.11594014555176,<1bn
1200738,NM,56553.0,20221231,1578877,1845506,1578877,LINCOLN SAVINGS BANK,316707,379239,12961,41469,14207,1345429,360271.0,14207_20221231,1,1,0.026264870537730297,0.0344738697187938,1-10bn
132023,SM,7108.0,20221231,174585,203300,174585,SECURITY SAVINGS BANK,68799,42638,21604,11138,14208,111118,992.0,14208_20221231,1,1,0.06379700432454105,0.18754188504167024,<1bn
742466,NM,41816.0,20221231,877605,1040259,877605,FARMERS STATE BANK,232585,135429,9022,11281,14209,768994,953.0,14209_20221231,1,1,0.012854302334193629,0.02313455370012705,1-10bn
547317,SM,52101.0,20221231,718611,828402,718611,SECURITY FINANCIAL BANK,229747,171440,51034,19733,14222,534111,12236.0,14222_20221231,1,1,0.027459919205244564,0.09847747947081244,<1bn
114250,N,21517.0,20221231,147432,157945,147432,HOME NB OF THORNTOWN,68428,33205,10493,6627,14225,69677,0.0,14225_20221231,1,1,0.044949536057300996,0.11612133051169353,<1bn
125683,NM,0.0,20221231,164076,184684,164076,MALVERN BANK,811,38572,100,19518,14230,155892,3077.0,14230_20221231,1,1,0.11895706867549184,0.11956654233404032,<1bn
756480,NM,211608.0,20221231,1070008,1297773,1070008,NORTHWAY BANK,299161,313641,0,26520,14240,918654,39976.0,14240_20221231,1,1,0.02478486142159685,0.02478486142159685,1-10bn
148416,NM,15179.0,20221231,188964,209991,188964,UNITED BANK&TRUST CO,77756,40602,17870,13458,14247,114040,0.0,14247_20221231,1,1,0.07121991490442624,0.16578819245993945,<1bn
45258,NM,409.0,20221231,55131,78251,55131,FIDELITY BANK,3107,9920,1857,3453,14251,64310,10014.0,14251_20221231,1,1,0.06263263862436741,0.09631604723295424,<1bn
43506,NM,0.0,20221231,58025,69363,58025,WALTERS BANK&TRUST CO,27405,14530,27405,10301,14260,29059,0.0,14260_20221231,1,1,0.17752692804825507,0.6498233520034468,<1bn
621303,SM,348.0,20221231,767469,900683,767469,CORNHUSKER BANK,157990,146373,11680,8232,14264,695079,27718.0,14264_20221231,1,1,0.010726166138306563,0.025945021883620054,<1bn
718992,N,35523.0,20221231,1041773,1248794,1041773,NATIONAL BANK OF COMMERCE,232038,323721,26581,23426,14266,941298,79753.0,14266_20221231,1,1,0.022486664561281584,0.048001819974217035,1-10bn
234544,NM,44374.0,20221231,308481,373570,308481,CITIZENS STATE BANK,67297,74331,1405,10314,14269,278125,0.0,14269_20221231,1,1,0.03343479825337703,0.03798937373776667,<1bn
90988,NM,0.0,20221231,113008,144775,113008,FARMERS&MERCHANTS BANK,43,22245,0,13100,14275,118330,20232.0,14275_20221231,1,1,0.11592099674359338,0.11592099674359338,<1bn
356799,NM,21725.0,20221231,493289,572592,493289,FIRST BANK UPPER MICHIGAN,135406,136666,0,16785,14276,379786,6.0,14276_20221231,1,1,0.03402670645402594,0.03402670645402594,<1bn
55959,SM,0.0,20221231,64110,78266,64110,FIRST BANK OF UTICA,2091,8174,475,13678,14281,52510,4.0,14281_20221231,1,1,0.2133520511620652,0.2207611917017626,<1bn
70822,SM,0.0,20221231,85048,115303,85048,BANK,5041,14267,977,9511,14291,91075,0.0,14291_20221231,1,1,0.1118309660427053,0.12331859655723827,<1bn
75433,NM,22757.0,20221231,108697,118287,108697,CITIZENS BANK&TRUST,55146,33317,994,7324,14293,53177,0.0,14293_20221231,1,1,0.06737996448844034,0.07652465109432643,<1bn
111939,NM,24640.0,20221231,137650,226220,137650,ADAMS COUNTY BANK,74425,25770,2344,4865,14311,134838,4160.0,14311_20221231,1,1,0.03534326189611333,0.0523719578641482,<1bn
228130,SM,2044.0,20221231,444090,541855,444090,FIVE POINTS BANK OF HASTINGS,267176,216116,19081,20497,14312,227637,0.0,14312_20221231,1,1,0.046155058659280775,0.08912157445562836,<1bn
64487,NM,63.0,20221231,70056,81079,70056,BENTON STATE BANK,1932,5636,0,6542,14316,68303,2710.0,14316_20221231,1,1,0.09338243690761676,0.09338243690761676,<1bn
271164,NM,0.0,20221231,320878,418248,320878,HORIZON BANK,58053,49766,3087,39231,14327,295791,39728.0,14327_20221231,1,1,0.12226142022824875,0.13188189903951034,<1bn
401932,SM,10485.0,20221231,526098,589276,526098,FIRSTBANK,78591,124514,58343,79305,14331,392317,0.0,14331_20221231,1,1,0.15074187698869793,0.26163946641120095,<1bn
308543,NM,0.0,20221231,367465,408101,367465,COMMERCIAL BANK&TRUST OF PA,170268,58940,0,6335,14333,199889,0.0,14333_20221231,1,1,0.017239737117820744,0.017239737117820744,<1bn
298086,NM,55214.0,20221231,420980,481509,420980,UNITED BANK OF UNION,84278,123316,1927,5893,14334,364108,8248.0,14334_20221231,1,1,0.013998289704974107,0.0185757043089933,<1bn
27057,SM,5378.0,20221231,30382,40042,30382,FARMERS STATE BANK,14936,3325,1608,2338,14344,20813,0.0,14344_20221231,1,1,0.07695345928510303,0.12987953393456653,<1bn
133952,SM,5234.0,20221231,177840,219555,177840,VALLEY STATE BANK,34266,44144,6941,9458,14345,164852,0.0,14345_20221231,1,1,0.05318263607737292,0.09221210076473234,<1bn
80982,NM,4795.0,20221231,114899,131450,114899,BANK OF SALEM,38206,33935,99,4223,14349,81521,0.0,14349_20221231,1,1,0.03675401874689945,0.037615645044778455,<1bn
118812,NM,35575.0,20221231,146797,168363,146797,FEDERATION BANK,65913,28021,8973,20325,14352,71470,216.0,14352_20221231,1,1,0.13845650796678408,0.1995817353215665,<1bn
242227,N,20214.0,20221231,302791,359418,302791,FIRST CITIZENS NB UPPER SAND,109350,60568,9564,10344,14355,210675,0.0,14355_20221231,1,1,0.034162177871865415,0.06574832144944863,<1bn
629304,NM,1281.0,20221231,1108794,1451067,1108794,JERSEY SHORE STATE BANK,154730,480696,1951,20094,14359,1177585,8333.0,14359_20221231,1,1,0.018122392437188512,0.019881961843227866,1-10bn
1196460,NM,84282.0,20221231,1564557,1784652,1564557,FIDELITY BANK&TRUST,424657,371154,71673,50441,14382,1170099,0.0,14382_20221231,1,1,0.03223979695210849,0.07805020846156452,1-10bn
94680,NM,6606.0,20221231,141006,177871,141006,FARMERS TRUST&SAVINGS BANK,39778,46398,0,19652,14392,111864,0.0,14392_20221231,1,1,0.13936995588840193,0.13936995588840193,<1bn
66656,N,7566.0,20221231,75474,80588,75474,HASKELL NATIONAL BANK,42447,8824,1942,11252,14399,23450,0.0,14399_20221231,1,1,0.14908445292418582,0.1748151681373718,<1bn
24029,N,0.0,20221231,26348,29818,26348,FIRST NB IN TIGERTON,10799,2324,10299,7634,14400,11043,0.0,14400_20221231,1,1,0.28973736146956125,0.6806209199939275,<1bn
41855,SM,9531.0,20221231,53859,55948,53859,FARMERS STB OF NEWCASTLE,28561,12006,0,2814,14404,22480,0.0,14404_20221231,1,1,0.05224753523088063,0.05224753523088063,<1bn
375790,NM,0.0,20221231,619464,681375,619464,CITY STATE BANK,112941,244019,59370,56922,14410,482943,0.0,14410_20221231,1,1,0.09188911704312115,0.18773003758087636,<1bn
125065,SM,0.0,20221231,175346,210861,175346,IOWA ST B&T CO FAIRFLD IA,13630,50573,6802,25549,14413,162297,0.0,14413_20221231,1,1,0.145706203734331,0.18449807808561358,<1bn
110264,NM,21726.0,20221231,142199,162426,142199,BELLEVUE STATE BANK,29397,32035,4439,8298,14415,110258,0.0,14415_20221231,1,1,0.05835484075134143,0.08957165662205782,<1bn
183755,NM,34574.0,20221231,253057,277174,253057,FNB BANK,76003,69566,0,29797,14420,159622,10.0,14420_20221231,1,1,0.11774817531228142,0.11774817531228142,<1bn
233806,N,60206.0,20221231,341946,366657,341946,FIRST NB IN DERIDDER,116953,108379,16264,14813,14427,219498,0.0,14427_20221231,1,1,0.04331970545056822,0.0908827709638364,<1bn
305141,NM,12781.0,20221231,390073,449750,390073,FARMERS&MERCHANTS UNION BANK,86162,85183,7661,50552,14445,293102,0.0,14445_20221231,1,1,0.12959625505995032,0.14923616861459266,<1bn
142166,N,0.0,20221231,159358,183447,159358,FIRST NB AT DARLINGTON,42344,17303,37189,18714,14468,114092,490.0,14468_20221231,1,1,0.117433702732213,0.3508013403782678,<1bn
217103,NM,0.0,20221231,256380,301621,256380,CITIZENS BANK,8199,39495,0,20919,14488,262505,27942.0,14488_20221231,1,1,0.08159372805991107,0.08159372805991107,<1bn
127866,SM,2037.0,20221231,158727,179620,158727,BANK OF CHARLOTTE COUNTY,40175,30899,5892,5698,14491,128382,0.0,14491_20221231,1,1,0.03589811437247601,0.07301845306721604,<1bn
387125,NM,14264.0,20221231,453960,520412,453960,HOMEBANK,42825,67050,4430,15500,14492,420757,0.0,14492_20221231,1,1,0.03414397744294651,0.043902546479866064,<1bn
404287,NM,36703.0,20221231,497469,582728,497469,CNB BANK INC,114473,93289,12076,9363,14507,430033,0.0,14507_20221231,1,1,0.018821273285370546,0.04309615272509443,<1bn
252272,SM,50070.0,20221231,357433,379172,357433,THUMB BANK&TRUST,128911,105210,1476,15906,14513,208442,0.0,14513_20221231,1,1,0.04450064767382978,0.048630092912517874,<1bn
1099349,SM,96831.0,20221231,1580933,1918861,1580933,BANK IOWA,449782,482866,23439,34741,14521,1345990,29269.0,14521_20221231,1,1,0.021974998307961183,0.03680105355508424,1-10bn
229114,NM,0.0,20221231,297490,317675,297490,PCSB BANK,116230,68570,11025,13251,14522,164727,0.0,14522_20221231,1,1,0.044542673703317756,0.08160274294934283,<1bn
118259,NM,14579.0,20221231,136931,151975,136931,ANTWERP EXCHANGE BANK CO,29749,18707,0,4277,14523,106651,0.0,14523_20221231,1,1,0.031234709452205855,0.031234709452205855,<1bn
3866316,N,22971.0,20221231,7465642,8454890,7465642,AMARILLO NATIONAL BANK,427355,3611216,97905,1030426,14531,6704908,10777.0,14531_20221231,1,1,0.13802242325576286,0.15113649971429116,1-10bn
166129,N,6652.0,20221231,205440,239997,205440,FIRST NATIONAL BANK AT PARIS,47323,39381,21030,7276,14534,172967,0.0,14534_20221231,1,1,0.035416666666666666,0.13778232087227416,<1bn
295229,NM,0.0,20221231,380216,425243,380216,NEW ERA BANK,117149,85118,51631,21623,14546,245410,0.0,14546_20221231,1,1,0.05687030530014518,0.1926641698403013,<1bn
63733,NM,1.0,20221231,78369,91516,78369,EXCHANGE STB OF ST PAUL KS,24222,14665,0,17748,14556,45180,0.0,14556_20221231,1,1,0.22646709795965242,0.22646709795965242,<1bn
76629,NM,17331.0,20221231,96458,113830,96458,UNION STATE BANK,33322,19861,2748,9232,14560,65311,922.0,14560_20221231,1,1,0.0957100499699351,0.12419913330154057,<1bn
69616,NM,47813.0,20221231,83983,102200,83983,STATE BANK OF MEDORA,58794,14555,0,2886,14561,35027,0.0,14561_20221231,1,1,0.03436409749592179,0.03436409749592179,<1bn
294254,N,24764.0,20221231,396298,436090,396298,FIRST NATIONAL BANK IN OLNEY,160660,102141,40357,24383,14567,234175,0.0,14567_20221231,1,1,0.061526931753377506,0.16336191451887216,<1bn
46199,NM,5515.0,20221231,52324,68398,52324,ODIN STATE BANK,11178,6229,3332,1951,14574,53170,2482.0,14574_20221231,1,1,0.03728690467089672,0.10096705144866601,<1bn
750161,NM,69544.0,20221231,1068509,1176849,1068509,FARMERS STATE BANK,293413,318541,77116,87786,14578,740452,22508.0,14578_20221231,1,1,0.0821574736385,0.15432906975982422,1-10bn
48654,NM,113.0,20221231,57642,69372,57642,CLARKSON BANK,35485,9033,12913,4009,14581,27601,0.0,14581_20221231,1,1,0.06954998091669269,0.29357066028243295,<1bn
186903,N,30093.0,20221231,262044,270211,262044,FIRST NB IN TRINIDAD,139895,75251,7740,12293,14584,97608,0.0,14584_20221231,1,1,0.046911968982308316,0.07644899329883531,<1bn
343740,NM,8902.0,20221231,612871,781550,612871,UNIVERSITY BANK,8902,269757,0,82202,14587,622231,242493.0,14587_20221231,1,1,0.1341261048409861,0.1341261048409861,<1bn
229649,SM,12306.0,20221231,308749,350650,308749,UNION BANK OF MENA,105121,79165,19878,17042,14597,217694,0.0,14597_20221231,1,1,0.055196939909117115,0.11957933466990986,<1bn
120492,NM,16045.0,20221231,135968,160131,135968,COMMUNITY POINT BANK,26226,15543,0,5030,14604,121372,0.0,14604_20221231,1,1,0.03699399858790304,0.03699399858790304,<1bn
108198,N,0.0,20221231,165882,178425,165882,SAVANNAH BANK NATIONAL ASSN,70784,57706,0,17948,14619,87510,0.0,14619_20221231,1,1,0.10819739332778722,0.10819739332778722,<1bn
331388,NM,0.0,20221231,449864,545780,449864,COMMUNITY SAVINGS BANK,120287,118726,12257,17930,14633,380161,3840.0,14633_20221231,1,1,0.03985648996141056,0.06710250208952039,<1bn
37478,SM,3103.0,20221231,45891,52978,45891,PEOPLES BANK,21175,8452,959,1971,14636,25225,4651.0,14636_20221231,1,1,0.04294959796038439,0.0638469416661219,<1bn
200947,NM,9469.0,20221231,236739,250949,236739,COMMERCIAL BANK,130111,35825,893,37558,14642,72655,0.0,14642_20221231,1,1,0.15864728667435446,0.16241937323381445,<1bn
374415,N,41.0,20221231,539139,659868,539139,MALVERN NATIONAL BANK,289936,164959,155302,12989,14644,313794,0.0,14644_20221231,1,1,0.024092117246201816,0.3121477021695704,<1bn
560078,N,69153.0,20221231,873930,914939,873930,NEWFIELD NATIONAL BANK,376644,314022,0,13533,14646,458450,0.0,14646_20221231,1,1,0.015485221928529745,0.015485221928529745,<1bn
86178,NM,0.0,20221231,111409,122907,111409,COMMUNITY BANK,40159,25297,2899,4907,14649,72035,0.0,14649_20221231,1,1,0.04404491558132646,0.0700661526447594,<1bn
2558782,NM,50196.0,20221231,3358528,3979185,3358528,HILLS BANK&TRUST CO,776104,800806,445392,36641,14650,3068644,33318.0,14650_20221231,1,1,0.010909839072355508,0.14352508003506298,1-10bn
334735,NM,19732.0,20221231,523200,590524,523200,BANK OF PRAIRIE DU SAC,208012,188927,0,23856,14660,339885,0.0,14660_20221231,1,1,0.04559633027522936,0.04559633027522936,<1bn
303310,NM,4528.0,20221231,381350,469976,381350,TRUSTBANK,31392,78273,12423,8238,14662,409329,0.0,14662_20221231,1,1,0.021602202700930904,0.05417857611118395,<1bn
199828,N,31766.0,20221231,242943,261957,242943,FIRST NATIONAL BANK IN AMBOY,137900,43162,5566,11960,14674,104673,0.0,14674_20221231,1,1,0.049229654692664535,0.07214037860732765,<1bn
417669,NM,173349.0,20221231,618519,722995,618519,INDUSTRIAL BANK,282965,200908,36080,57760,14679,335984,133.0,14679_20221231,1,1,0.09338435844331379,0.1517172471662148,<1bn
175776,NM,18912.0,20221231,240246,266870,240246,IOWA SAVINGS BANK,68571,64613,28162,15854,14690,176306,1.0,14690_20221231,1,1,0.06599069287313837,0.1832122074873255,<1bn
278764,SM,9186.0,20221231,380617,447074,380617,PEOPLES BANK,131756,102385,0,11054,14692,274325,15463.0,14692_20221231,1,1,0.029042318130824425,0.029042318130824425,<1bn
54490,NM,1065.0,20221231,92141,111631,92141,CEDAR VALLEY BANK&TRUST,6621,37740,0,2323,14694,100353,0.0,14694_20221231,1,1,0.025211360849133394,0.025211360849133394,<1bn
225581,SM,43486.0,20221231,319302,352825,319302,MA BANK,145431,93887,45634,21638,14695,165162,0.0,14695_20221231,1,1,0.06776656582169859,0.21068455568709246,<1bn
67667,NM,0.0,20221231,110723,123049,110723,BANK OF NEW MADRID,41613,43075,6894,20064,14701,56807,0.0,14701_20221231,1,1,0.18120896290743568,0.24347244926528364,<1bn
143823,NM,10441.0,20221231,191679,241327,191679,DEWITT BANK&TRUST CO,56659,48003,7911,3748,14705,168211,0.0,14705_20221231,1,1,0.019553524381909337,0.06082565121896504,<1bn
662269,N,141344.0,20221231,1236008,1670754,1236008,FIRST NATIONAL BANK,266954,574125,36745,20586,14712,1274676,471.0,14712_20221231,1,1,0.016655232004970842,0.04638400398702921,1-10bn
203719,NM,2879.0,20221231,307984,340547,307984,UNION BANK,71000,104292,19391,41778,14722,207321,0.0,14722_20221231,1,1,0.13564990389111123,0.19861096680347032,<1bn
246606,NM,84535.0,20221231,391201,421640,391201,FRONTIER BANK,213650,144818,19237,26975,14730,174601,0.0,14730_20221231,1,1,0.068954322713899,0.11812853239127712,<1bn
76094,N,7603.0,20221231,115637,130158,115637,CITIZENS NB OF QUITMAN,25525,39554,0,33136,14731,63974,0.0,14731_20221231,1,1,0.2865518821830383,0.2865518821830383,<1bn
265804,NM,11595.0,20221231,343543,404673,343543,FIRST CMTY BK HEARTLAND INC,48343,79957,0,16174,14735,311640,22005.0,14735_20221231,1,1,0.047079987075853674,0.047079987075853674,<1bn
170277,NM,4048.0,20221231,185294,210766,185294,WILLIAMSTOWN BANK INC,23451,17114,0,10322,14744,164702,0.0,14744_20221231,1,1,0.055706067114963245,0.055706067114963245,<1bn
210220,N,16555.0,20221231,259252,286770,259252,FIRST NB IN CARLYLE,109555,49213,13247,10269,14761,150054,8006.0,14761_20221231,1,1,0.039610109083054325,0.09070711122768581,<1bn
625733,NM,75592.0,20221231,708848,810907,708848,DMB COMMUNITY BANK,82682,84611,1784,10374,14769,680127,284676.0,14769_20221231,1,1,0.014635013430241744,0.017151773017628602,<1bn
124382,NM,0.0,20221231,159579,180286,159579,DANVILLE STATE SAVINGS BANK,64413,35361,0,7816,14772,95577,0.0,14772_20221231,1,1,0.04897887566659773,0.04897887566659773,<1bn
121893,NM,0.0,20221231,136580,154443,136580,STATE SAVINGS BANK,6899,14844,6899,7105,14773,137830,0.0,14773_20221231,1,1,0.0520207936740372,0.10253331380875677,<1bn
1439751,NM,526210.0,20221231,2578197,2961239,2578197,FIRST BANK&TRUST,910598,1139502,4876,65970,14778,1623976,446198.0,14778_20221231,1,1,0.02558764904311036,0.02747889319551609,1-10bn
201621,N,7785.0,20221231,269415,287246,269415,CITIZENS NB AT BROWNWOOD,146606,67964,0,7313,14779,119373,0.0,14779_20221231,1,1,0.027143997179073176,0.027143997179073176,<1bn
57591,NM,0.0,20221231,77792,84364,77792,CITIZENS SAVINGS BANK,8277,20213,7970,4743,14785,47034,0.0,14785_20221231,1,1,0.06097027972027972,0.1634229740847388,<1bn
281952,NM,99327.0,20221231,460259,511811,460259,FIRST STATE BANK&TRUST,321932,178358,0,14061,14801,160110,0.0,14801_20221231,1,1,0.030550190218985397,0.030550190218985397,<1bn
154174,NM,0.0,20221231,203561,235943,203561,FARMERS SAVINGS BANK,60984,49701,30,14174,14807,130262,10966.0,14807_20221231,1,1,0.06963023368916443,0.06977760966000364,<1bn
141590,NM,9206.0,20221231,186088,230874,186088,HEARTLAND BANK,32170,44623,5316,4951,14809,183707,12429.0,14809_20221231,1,1,0.026605691930699452,0.05517282146081424,<1bn
253837,NM,28736.0,20221231,349322,392830,349322,TS BANK,135932,95626,1681,7872,14812,183236,71306.0,14812_20221231,1,1,0.022535082245034668,0.027347261266109778,<1bn
18514,N,1627.0,20221231,25155,27304,25155,CITIZENS NB OF HAMMOND,5213,6644,1121,1879,14820,19738,0.0,14820_20221231,1,1,0.07469687934804214,0.11926058437686345,<1bn
240203,N,25482.0,20221231,372205,403361,372205,FIRST NB IN NEW BREMEN,77218,132091,2819,178361,14836,135774,0.0,14836_20221231,1,1,0.47920097795569644,0.4867747612202953,<1bn
3642134,NM,729409.0,20221231,5480691,6574512,5480691,MIDWESTONE BANK,2285139,1841588,0,86435,14843,3791936,126767.0,14843_20221231,1,1,0.015770821598955313,0.015770821598955313,1-10bn
710458,NM,49239.0,20221231,966911,1188606,966911,CITIZENS BANK,147171,257661,0,28423,14851,967981,66216.0,14851_20221231,1,1,0.029395673438403328,0.029395673438403328,1-10bn
32126,N,726.0,20221231,34080,37684,34080,FIRST NB AT ST JAMES,4898,1963,0,9042,14853,21519,0.0,14853_20221231,1,1,0.2653169014084507,0.2653169014084507,<1bn
239239,NM,13723.0,20221231,272888,301781,272888,STATE STREET BANK&TRUST CO,56183,33714,5249,11296,14857,223101,0.0,14857_20221231,1,1,0.04139427164257864,0.060629269150713844,<1bn
627435,NM,54936.0,20221231,962258,1153211,962258,LINKBANK,101942,335367,0,32968,14863,923205,70000.0,14863_20221231,1,1,0.034261081747306854,0.034261081747306854,1-10bn
61317,N,0.0,20221231,90720,98120,90720,STOCKMENS NB IN COTULLA,54403,29410,3953,15462,14864,23657,0.0,14864_20221231,1,1,0.17043650793650794,0.21401014109347444,<1bn
259107,NM,13942.0,20221231,335553,370101,335553,HOME STATE BANK,29319,76616,0,21621,14867,303264,42783.0,14867_20221231,1,1,0.06443393443062646,0.06443393443062646,<1bn
85198,NM,6226.0,20221231,120345,149233,120345,PEOPLES SAVINGS BANK,32647,35289,9676,1744,14868,107965,17001.0,14868_20221231,1,1,0.014491669782708048,0.09489384685695293,<1bn
245140,SM,1797.0,20221231,398563,432063,398563,COMMUNITY STATE BANK,47224,153651,0,44702,14883,326651,0.0,14883_20221231,1,1,0.11215792735401932,0.11215792735401932,<1bn
492863,NM,263674.0,20221231,751649,787709,751649,FIRST BANK,459577,258999,27288,113102,14885,186175,0.0,14885_20221231,1,1,0.15047182927137534,0.18677600848268275,<1bn
152628,NM,7839.0,20221231,204441,230631,204441,FARMERS BANK,69795,52164,2957,15385,14894,140375,0.0,14894_20221231,1,1,0.07525398525736031,0.08971781589798523,<1bn
348539,SM,29106.0,20221231,593651,668488,593651,BLUE SKY BANK,65140,245380,0,31421,14899,512137,42660.0,14899_20221231,1,1,0.05292840406231945,0.05292840406231945,<1bn
82136,NM,0.0,20221231,101328,117264,101328,FIRST COMMUNITY BANK,38528,19257,17414,12383,14904,58814,0.0,14904_20221231,1,1,0.12220708984683404,0.2940648192010106,<1bn
75768,NM,0.0,20221231,83937,95696,83937,INTERNATIONAL BK OF AMHERST,41619,8175,18312,11043,14907,39927,0.0,14907_20221231,1,1,0.13156295793273526,0.349726580649773,<1bn
226286,NM,49736.0,20221231,260493,303108,260493,SHELL LAKE STATE BANK,111980,34273,0,4220,14911,174072,0.0,14911_20221231,1,1,0.016200051440921636,0.016200051440921636,<1bn
93244,NM,0.0,20221231,107665,121321,107665,BANK OF DIXON COUNTY,25105,14570,991,13960,14912,78196,0.0,14912_20221231,1,1,0.12966144986764502,0.13886592671713185,<1bn
125299,NM,9088.0,20221231,163949,194152,163949,COLLINS STATE BANK,15796,38725,1460,4734,14914,158096,2.0,14914_20221231,1,1,0.02887483302734387,0.0377800413543236,<1bn
73622,SM,8636.0,20221231,83684,100195,83684,HAMLER STATE BANK,19521,10257,503,2571,14920,75455,0.0,14920_20221231,1,1,0.030722718799292576,0.03673342574446728,<1bn
257441,NM,0.0,20221231,330331,365524,330331,F&M BANK,72275,73002,61611,30528,14922,252059,0.0,14922_20221231,1,1,0.09241639446494576,0.27892931635238594,<1bn
44142,NM,0.0,20221231,54235,62128,54235,FREELAND STATE BANK,32872,10096,6463,25323,14926,3173,0.0,14926_20221231,1,1,0.4669125103715313,0.5860791002120402,<1bn
401597,NM,39964.0,20221231,566881,685738,566881,WEST SHORE BANK,158929,165365,5330,31025,14929,442943,20500.0,14929_20221231,1,1,0.054729299447326685,0.06413162550870465,<1bn
113692,SM,14723.0,20221231,182982,194129,182982,FIRST IOWA STATE BANK,63206,69357,5396,11184,14930,111150,0.0,14930_20221231,1,1,0.061120765976981344,0.09061000535571805,<1bn
17316,SM,349.0,20221231,18850,21271,18850,EMERALD BANK,3270,1542,412,7080,14944,10660,0.0,14944_20221231,1,1,0.37559681697612735,0.3974535809018568,<1bn
148071,NM,17266.0,20221231,165107,184032,165107,LYON COUNTY STATE BANK,77089,17070,19900,7187,14952,94827,0.0,14952_20221231,1,1,0.04352934763516992,0.1640572477242031,<1bn
60472,NM,4393.0,20221231,87320,130315,87320,STATE BANK OF REESEVILLE,59427,26986,452,2651,14960,61149,8902.0,14960_20221231,1,1,0.030359596885020615,0.03553595968850206,<1bn
225577,N,82651.0,20221231,358804,382789,358804,SECURITY NB OF ENID,154630,133300,13857,4816,14966,202030,0.0,14966_20221231,1,1,0.013422369873245561,0.0520423406650985,<1bn
874498,NM,39740.0,20221231,1047758,1294758,1047758,KISH BANK,168685,175876,19133,20351,14969,1013807,34123.0,14969_20221231,1,1,0.01942337829918741,0.0376842744221471,1-10bn
325029,NM,19375.0,20221231,386934,432399,386934,FIRST STATE BANK&TRUST,105131,62037,30346,8869,14974,296961,0.0,14974_20221231,1,1,0.02292122170706115,0.10134803351475963,<1bn
88616,NM,8552.0,20221231,121645,129106,121645,UNION STATE BANK,42342,33085,8658,4327,14982,76381,0.0,14982_20221231,1,1,0.03557071807308151,0.1067450367873731,<1bn
146546,NM,26433.0,20221231,195969,222733,195969,FARMERS STATE BANK,50044,49488,1410,5540,14991,151491,0.0,14991_20221231,1,1,0.02826977736274615,0.035464792900918,<1bn
596013,NM,26655.0,20221231,780784,1078437,780784,RIVER BANK,67075,185504,0,62403,14995,893994,123080.0,14995_20221231,1,1,0.07992351277690117,0.07992351277690117,1-10bn
55834,NM,0.0,20221231,60555,70921,60555,PORT AUSTIN STATE BANK,20185,4724,18273,4677,14999,42298,0.0,14999_20221231,1,1,0.077235570968541,0.37899430270002477,<1bn
119758,NM,22.0,20221231,169449,200202,169449,COLUMBUS BANK&TRUST CO,33802,49817,8717,6754,15010,150830,0.0,15010_20221231,1,1,0.03985860052287119,0.09130180762353274,<1bn
5721164,SM,2043944.0,20221231,9234712,10625188,9234712,FIRST BANK,2856193,3515308,168758,271812,15019,6575460,261970.0,15019_20221231,1,1,0.02943372787370088,0.04770803897295335,10-100bn
591398,SM,142787.0,20221231,853820,957924,853820,FIRST STATE BANK,274716,262433,0,10595,15032,612432,3754.0,15032_20221231,1,1,0.012408938652174932,0.012408938652174932,<1bn
79757,NM,5715.0,20221231,123534,136866,123534,RIVERWIND BANK,35518,43823,466,3706,15035,77161,2000.0,15035_20221231,1,1,0.029999838101251477,0.03377207894182978,<1bn
119893,NM,45365.0,20221231,155387,187356,155387,VALLEY STATE BANK,68159,35628,16253,14793,15038,97138,0.0,15038_20221231,1,1,0.09520101424186064,0.1997979238932472,<1bn
250021,NM,91950.0,20221231,335531,373102,335531,PEOPLES COMMUNITY BANK,130706,85540,0,25099,15046,180934,0.0,15046_20221231,1,1,0.07480381842512317,0.07480381842512317,<1bn
199415,NM,24879.0,20221231,268847,294448,268847,FIRST STATE BANK,64181,69536,12219,14675,15050,204728,0.0,15050_20221231,1,1,0.05458494980416371,0.10003459216580435,<1bn
285559,N,1677.0,20221231,394567,447424,394567,LOUISIANA NATIONAL BANK,15555,109140,0,16084,15059,382999,0.0,15059_20221231,1,1,0.04076367258285665,0.04076367258285665,<1bn
165367,NM,12239.0,20221231,198273,213964,198273,EXCHANGE STATE BANK,89844,32936,16633,8254,15064,103663,0.0,15064_20221231,1,1,0.04162947047757385,0.12551885531565066,<1bn
65518,N,34239.0,20221231,89015,90982,89015,JUNCTION NATIONAL BANK,54613,23499,956,16313,15078,19275,0.0,15078_20221231,1,1,0.1832612481042521,0.19400101106555076,<1bn
650334,NM,135093.0,20221231,682323,737722,682323,ARTHUR STATE BANK,184030,134357,17734,16166,15085,499714,0.0,15085_20221231,1,1,0.023692591338706156,0.0496832145479487,<1bn
783023,NM,81195.0,20221231,1434283,1648757,1434283,STATE BANK OF CROSS PLAINS,258451,651395,4873,26442,15091,1251967,249.0,15091_20221231,1,1,0.01843569225878017,0.02183320864850242,1-10bn
88518,NM,6025.0,20221231,99282,111313,99282,RICHLAND COUNTY BANK,52898,10783,4164,6858,15092,46122,0.0,15092_20221231,1,1,0.06907596543180032,0.1110171027980903,<1bn
31241,NM,0.0,20221231,32985,36583,32985,UNION STATE BANK,14209,1777,7892,8029,15098,13371,0.0,15098_20221231,1,1,0.24341367288161286,0.4826739427012278,<1bn
72108,NM,0.0,20221231,93269,106051,93269,SENATH STATE BANK,18502,21534,4622,32564,15101,48646,0.0,15101_20221231,1,1,0.3491406576676066,0.39869624419689287,<1bn
221500,NM,5510.0,20221231,300731,330534,300731,BANK OF YORK,43198,82023,0,189231,15104,89543,0.0,15104_20221231,1,1,0.6292367597620465,0.6292367597620465,<1bn
56441,NM,33174.0,20221231,76418,83870,76418,ZAVALA COUNTY BANK,45595,19997,7943,23600,15105,9127,0.0,15105_20221231,1,1,0.3088277630924651,0.41276924284854355,<1bn
222813,NM,35232.0,20221231,298152,323616,298152,CITIZENS STATE BANK,109814,75448,19818,36188,15111,157691,0.0,15111_20221231,1,1,0.12137433255520674,0.18784378437843785,<1bn
92737,NM,0.0,20221231,109897,121638,109897,BANK OF GREELEYVILLE,22573,17216,16739,9666,15113,87313,0.0,15113_20221231,1,1,0.08795508521615694,0.24027043504372275,<1bn
299786,NM,42252.0,20221231,998799,2040399,998799,GATEWAY FIRST BANK,108488,699481,19138,200499,15118,1410089,152847.0,15118_20221231,1,1,0.20074008884670488,0.2199011012225683,1-10bn
148829,NM,0.0,20221231,178559,214920,178559,FARMERS STATE BANK,80228,29868,0,6417,15126,119876,0.0,15126_20221231,1,1,0.03593770126400798,0.03593770126400798,<1bn
508511,NM,145626.0,20221231,822317,949124,822317,BANK OF WISCONSIN DELLS,196540,314438,4271,22604,15136,676069,57968.0,15136_20221231,1,1,0.027488182781092937,0.032682043542818645,<1bn
101707,NM,1242.0,20221231,117255,147573,117255,GREAT NORTH BANK,39639,15614,0,3403,15146,91195,13012.0,15146_20221231,1,1,0.029022216536608247,0.029022216536608247,<1bn
72575,NM,13086.0,20221231,85999,100003,85999,BLACK RIVER COUNTRY BANK,18475,13466,0,4477,15152,71676,0.0,15152_20221231,1,1,0.052058744869126386,0.052058744869126386,<1bn
150356,NM,0.0,20221231,202170,224724,202170,FARMERS STB OF WESTMORELAND,67961,51921,3123,9909,15164,135298,0.0,15164_20221231,1,1,0.04901320670722659,0.06446060246327348,<1bn
120286,NM,0.0,20221231,169430,200081,169430,PEOPLES STB OF MUNISING,71375,49197,23863,4582,15165,110498,0.0,15165_20221231,1,1,0.027043616832910348,0.1678864427787287,<1bn
168180,NM,23704.0,20221231,229632,265623,229632,KEARNY COUNTY BANK,95108,61511,1716,9554,15194,148997,3267.0,15194_20221231,1,1,0.04160569955406912,0.04907852564102564,<1bn
421456,NM,18233.0,20221231,579851,672645,579851,DECORAH BANK&TRUST CO,110811,158800,14065,20926,15200,501866,24771.0,15200_20221231,1,1,0.03608858137693994,0.060344812719129566,<1bn
231584,NM,10327.0,20221231,386499,444357,386499,BANK3,37804,155137,16765,15438,15205,355338,47923.0,15205_20221231,1,1,0.03994318225920378,0.08331974985705008,<1bn
436940,NM,2468.0,20221231,654618,711286,654618,FIRST STATE BANK,213236,217971,52864,43589,15206,427120,0.0,15206_20221231,1,1,0.06658692550464546,0.14734241954850005,<1bn
80423,N,0.0,20221231,93047,111527,93047,FIRST CENTRAL NB OF ST PARIS,14560,12639,9341,28461,15214,49518,0.0,15214_20221231,1,1,0.30587767472352684,0.40626780014401326,<1bn
96640,NM,817.0,20221231,143707,157671,143707,PEOPLES BANK,9505,47119,4314,55988,15216,85714,0.0,15216_20221231,1,1,0.3895982798332719,0.4196176943363928,<1bn
665515,NM,556869.0,20221231,1768057,2108480,1768057,DUBUQUE BANK&TRUST CO,788832,1102708,0,61807,15219,999159,23856.0,15219_20221231,1,1,0.03495758338107878,0.03495758338107878,1-10bn
74287,NM,13045.0,20221231,132772,144800,132772,BANK OF KAUKAUNA,42087,58518,26357,6847,15228,88879,0.0,15228_20221231,1,1,0.05156960804989004,0.2500828487934203,<1bn
1246075,NM,160231.0,20221231,2171625,2978956,2171625,FIRST BUSINESS BANK,224659,951739,4446,102681,15229,2421473,201984.0,15229_20221231,1,1,0.04728302538421689,0.04933034018304265,1-10bn
59371,NM,14804.0,20221231,89819,103837,89819,JOHNSON STATE BANK,50075,30500,862,9878,15237,30974,0.0,15237_20221231,1,1,0.10997673098119551,0.11957380955031786,<1bn
223038,NM,0.0,20221231,294405,316202,294405,NORTHERN STATE BANK,77729,71422,35513,43338,15242,153669,0.0,15242_20221231,1,1,0.1472053803434045,0.2678317284013519,<1bn
408120,SM,76122.0,20221231,541728,634206,541728,PUTNAM COUNTY BANK,211608,134146,67273,26100,15243,367292,0.0,15243_20221231,1,1,0.04817916002126529,0.17236140646228365,<1bn
127147,NM,10019.0,20221231,145205,170162,145205,UNITED CITIZENS B&T CO,33480,18105,6726,7375,15249,121113,0.0,15249_20221231,1,1,0.05079026204331807,0.09711098102682414,<1bn
47585,NM,179.0,20221231,55991,66590,55991,CITIZENS STATE BANK&TRUST CO,4964,8477,486,4059,15254,53163,0.0,15254_20221231,1,1,0.0724937936454073,0.08117376006858246,<1bn
78612,NM,11928.0,20221231,88668,98496,88668,GREENFIELD BANKING CO,17108,10190,0,4113,15255,70298,0.0,15255_20221231,1,1,0.04638652050345107,0.04638652050345107,<1bn
47276,NM,11435.0,20221231,60995,70188,60995,FARMERS STATE BANK,19120,14690,2634,4697,15258,42506,0.0,15258_20221231,1,1,0.07700631199278629,0.12019017952291171,<1bn
86101,NM,15571.0,20221231,92767,126827,92767,ELK STATE BANK,58784,6715,0,1344,15259,61598,0.0,15259_20221231,1,1,0.014487910571647245,0.014487910571647245,<1bn
69123,NM,2079.0,20221231,128577,143644,128577,CITIZENS STATE BANK,48869,59516,13526,13257,15261,75246,0.0,15261_20221231,1,1,0.10310553209360927,0.20830319575040637,<1bn
419297,NM,3387.0,20221231,528748,576639,528748,PEOPLES SB OF RHINELAND,66842,109726,12575,20184,15264,463233,2257.0,15264_20221231,1,1,0.03817319403572212,0.06195578990369704,<1bn
111781,NM,24872.0,20221231,226514,266215,226514,MERIT BANK,32660,114774,0,20136,15270,208592,0.0,15270_20221231,1,1,0.088895167627608,0.088895167627608,<1bn
392140,NM,61409.0,20221231,488019,542207,488019,FIRST STATE BANK,158645,96090,0,13110,15271,330786,2000.0,15271_20221231,1,1,0.026863708175296454,0.026863708175296454,<1bn
361051,NM,16957.0,20221231,572405,631282,572405,MARION COUNTY STATE BANK,206879,211556,59104,6987,15272,394120,0.0,15272_20221231,1,1,0.012206392327111048,0.11546195438544388,<1bn
147325,NM,0.0,20221231,190063,222889,190063,HERITAGE COMMUNITY BANK,5305,43119,0,13001,15282,195896,0.0,15282_20221231,1,1,0.06840363458432204,0.06840363458432204,<1bn
245014,NM,1635.0,20221231,414460,452216,414460,NORTHERN STB THIEF RIVER FAL,50147,169661,47299,230607,15286,168506,0.0,15286_20221231,1,1,0.5564035130048738,0.6705255030642282,<1bn
266820,NM,46067.0,20221231,338601,425097,338601,DENISON STATE BANK,140131,71895,12186,6839,15305,254002,0.0,15305_20221231,1,1,0.020197813946208072,0.056187075643604124,<1bn
208140,NM,41146.0,20221231,285217,316563,285217,TRUCOMMUNITY BANK,97599,77421,9937,18624,15306,191648,0.0,15306_20221231,1,1,0.06529765056080107,0.10013778982318726,<1bn
1458588,NM,22383.0,20221231,2167540,2442888,2167540,CB&S BANK INC,908062,710492,9456,117051,15310,1160907,26667.0,15310_20221231,1,1,0.05400177159360381,0.05836432084298329,1-10bn
112102,NM,2413.0,20221231,133571,151939,133571,IOWA FALLS STATE BANK,73666,21917,6224,1675,15311,72542,0.0,15311_20221231,1,1,0.012540147187638035,0.05913708814038975,<1bn
421887,NM,16899.0,20221231,526158,604447,526158,FIRST STATE BANK,72496,104556,18243,32110,15321,467572,4000.0,15321_20221231,1,1,0.061027295983335804,0.09569939067732507,<1bn
231009,NM,40063.0,20221231,306329,395569,306329,SILVER LAKE BANK,75533,75478,13553,7866,15323,305689,0.0,15323_20221231,1,1,0.025678274012581246,0.0699215549295039,<1bn
448349,NM,213.0,20221231,648736,712980,648736,SECURITY BANK&TRUST CO,184402,200663,145796,120343,15324,392352,0.0,15324_20221231,1,1,0.18550381048685444,0.4102423790262911,<1bn
32425,NM,25155.0,20221231,44509,52905,44509,UNION BANKING CO,41972,12128,0,505,15326,6853,0.0,15326_20221231,1,1,0.01134601990608641,0.01134601990608641,<1bn
276842,SM,0.0,20221231,379284,435547,379284,ROLLING HILLS BANK&TRUST,73223,102644,64768,13989,15334,319372,5050.0,15334_20221231,1,1,0.0368826525769608,0.20764651290325983,<1bn
173357,NM,36285.0,20221231,239631,270734,239631,DURDEN BANKING CO INC,89445,66364,42623,29673,15336,144519,0.0,15336_20221231,1,1,0.12382788537376216,0.3016971927672129,<1bn
391584,N,125713.0,20221231,592861,620811,592861,TXN BANK NATIONAL ASSN,281642,201514,0,21014,15345,280418,0.0,15345_20221231,1,1,0.03544507059833587,0.03544507059833587,<1bn
41920,NM,375.0,20221231,56877,64623,56877,COMMERCE BANK TEXAS,25318,14969,0,5097,15346,29809,0.0,15346_20221231,1,1,0.08961443114088295,0.08961443114088295,<1bn
91592,NM,3776.0,20221231,125413,134388,125413,SECURITY BK OF PULASKI CNTY,38178,33870,4690,8237,15347,77113,2532.0,15347_20221231,1,1,0.0656789965952493,0.10307543875036879,<1bn
32929,SM,7812.0,20221231,50758,64245,50758,FIRST BANK&TRUST CO,17570,17833,1976,9791,15348,20867,0.0,15348_20221231,1,1,0.19289570117025887,0.23182552504038773,<1bn
96198,NM,37837.0,20221231,130136,141227,130136,MARION STATE BANK,63873,33958,1814,19249,15355,52856,0.0,15355_20221231,1,1,0.14791448945718325,0.16185375299686483,<1bn
2292028,NM,967943.0,20221231,4146041,4592140,4146041,SOUTHERN BANK&TRUST CO,1398065,1855878,0,139238,15359,2817510,51195.0,15359_20221231,1,1,0.03358336302028851,0.03358336302028851,1-10bn
62183,SM,959.0,20221231,69012,80871,69012,BELT VALLEY BANK,15097,6875,5729,11436,15362,52659,0.0,15362_20221231,1,1,0.16571031125021735,0.24872485944473424,<1bn
42699,NM,0.0,20221231,51298,73023,51298,FIRST STATE BANK,9990,8612,0,7892,15364,49787,2000.0,15364_20221231,1,1,0.15384615384615385,0.15384615384615385,<1bn
135226,NM,4321.0,20221231,167766,179777,167766,FARMERS STATE BANK,56580,32460,3789,17434,15367,97194,0.0,15367_20221231,1,1,0.10391855322294148,0.126503582370683,<1bn
2603268,SM,249750.0,20221231,3443859,3775612,3443859,RCB BANK,1033560,843263,125093,261622,15399,2251045,20118.0,15399_20221231,1,1,0.0759676862496403,0.11229118265294834,1-10bn
134122,NM,28136.0,20221231,186994,230257,186994,HOUGHTON STATE BANK,40257,52893,9755,4783,15405,169055,0.0,15405_20221231,1,1,0.02557836080302042,0.07774581002599014,<1bn
96996,NM,2142.0,20221231,115346,130204,115346,PEOPLES BANK OF WYACONDA MO,32578,18452,15077,12474,15415,79428,3897.0,15415_20221231,1,1,0.1081441922563418,0.23885527023043712,<1bn
401724,NM,16762.0,20221231,568781,734517,568781,AMERICAN BANK OF MISSOURI,59666,167871,0,39768,15423,595404,47796.0,15423_20221231,1,1,0.06991794732946424,0.06991794732946424,<1bn
115019,NM,10174.0,20221231,162521,177830,162521,CHELSEA SAVINGS BANK,108243,47612,0,8119,15427,56406,0.0,15427_20221231,1,1,0.04995662099051815,0.04995662099051815,<1bn
32053,NM,1547.0,20221231,39665,43771,39665,ROBERT LEE STATE BANK,24267,7628,0,1945,15442,14137,0.0,15442_20221231,1,1,0.04903567376780537,0.04903567376780537,<1bn
385048,NM,15039.0,20221231,477291,530050,477291,LAKE ELMO BANK,71773,92300,23842,78107,15443,363925,0.0,15443_20221231,1,1,0.16364649658174993,0.21359925077154188,<1bn
339238,NM,189573.0,20221231,578458,635919,578458,AMERICAN ST B&T CO WILLISTON,333010,239332,2130,11353,15444,267137,0.0,15444_20221231,1,1,0.01962631686310847,0.02330852023828869,<1bn
44388,NM,13938.0,20221231,69750,68684,69750,SPUR SECURITY BANK,31957,25422,0,3284,15460,10861,0.0,15460_20221231,1,1,0.04708243727598566,0.04708243727598566,<1bn
243598,NM,0.0,20221231,375549,425906,375549,STATE BANK OF DE KALB,78688,132041,74474,20734,15463,315140,0.0,15463_20221231,1,1,0.05520983946169475,0.2535168513296534,<1bn
633697,NM,302351.0,20221231,812396,892197,812396,UNITED SOUTHERN BANK,420576,178386,25997,88573,15465,330620,0.0,15465_20221231,1,1,0.1090268785173733,0.14102728226136022,<1bn
34047,NM,14157.0,20221231,39789,48521,39789,FIRST STATE BANK OF RANSOM,28206,5780,0,1953,15469,16403,0.0,15469_20221231,1,1,0.0490839176656865,0.0490839176656865,<1bn
55440,NM,14861.0,20221231,65456,70487,65456,FIRST STATE BANK OF CANDO,38354,10083,972,5569,15471,25473,0.0,15471_20221231,1,1,0.08508005377658275,0.09992972378391592,<1bn
461951,NM,87148.0,20221231,604304,676375,604304,FIRST UNITED BANK,206616,142831,41026,23240,15472,405477,0.0,15472_20221231,1,1,0.03845746511689481,0.10634713654054913,<1bn
234286,NM,48524.0,20221231,403818,439361,403818,CITIZENS BANK OF AMERICUS,110190,169679,22581,100189,15477,211901,0.0,15477_20221231,1,1,0.2481043440361747,0.3040230995151281,<1bn
368623,NM,54271.0,20221231,524380,591971,524380,UNITED VALLEY BANK,135428,156107,5600,13831,15478,411548,187.0,15478_20221231,1,1,0.0263759105991838,0.037055188985087154,<1bn
128675,NM,1700.0,20221231,168413,184624,168413,COLEMAN COUNTY STATE BANK,60761,39756,19293,3660,15480,110976,0.0,15480_20221231,1,1,0.021732289075071402,0.1362899538634191,<1bn
419983,NM,89579.0,20221231,567890,620188,567890,WEST PLAINS BANK&TRUST CO,181765,148124,9375,28068,15489,379429,66464.0,15489_20221231,1,1,0.04942506471323672,0.06593354346792513,<1bn
330680,NM,0.0,20221231,466778,585309,466778,FIRST STATE BANK OF BLAKELY,90306,136314,3398,103550,15496,366216,18551.0,15496_20221231,1,1,0.22183993247325282,0.22911962431819838,<1bn
81817,NM,24210.0,20221231,112840,121850,112840,LYTLE STB OF LYTLE TEXAS,64349,31028,2877,12925,15501,37064,0.0,15501_20221231,1,1,0.11454271534916696,0.1400389932647997,<1bn
270495,SM,0.0,20221231,318384,361152,318384,AMERISTATE BANK,30044,58646,9888,35336,15510,271316,0.0,15510_20221231,1,1,0.11098547665711844,0.14204231368410472,<1bn
906323,SM,362605.0,20221231,1520990,1670131,1520990,FIRST STATE BANK,714349,614733,73585,37036,15511,797309,0.0,15511_20221231,1,1,0.024349929979815776,0.07272960374492929,1-10bn
120471,NM,0.0,20221231,200134,221078,200134,CITIZENS STATE BANK,22234,79775,2410,23529,15519,168156,0.0,15519_20221231,1,1,0.11756623062548092,0.12960816253110416,<1bn
143427,NM,84173.0,20221231,197544,213886,197544,MUENSTER STATE BANK,136031,54128,0,9846,15523,60833,0.0,15523_20221231,1,1,0.04984206050297655,0.04984206050297655,<1bn
71128,NM,0.0,20221231,91138,104952,91138,CENTREBANK,0,20029,0,43070,15532,58189,0.0,15532_20221231,1,1,0.4725800434505914,0.4725800434505914,<1bn
179301,NM,0.0,20221231,284399,346040,284399,FIRST STATE BANK,33172,105232,15229,5962,15539,297160,7399.0,15539_20221231,1,1,0.02096350549755801,0.07451151375356453,<1bn
663118,NM,33978.0,20221231,841745,1196346,841745,FRONTIER BANK,102687,179056,15451,22264,15545,1032558,73928.0,15545_20221231,1,1,0.02644981556172,0.04480573095177281,1-10bn
103295,NM,8161.0,20221231,135669,145593,135669,CHILLICOTHE STATE BANK,63547,32386,32031,10641,15546,65849,0.0,15546_20221231,1,1,0.07843354045507817,0.31453021692501604,<1bn
55128,SM,6013.0,20221231,82149,90910,82149,BANK OF LAKE VILLAGE,22036,27049,0,20858,15547,41732,1840.0,15547_20221231,1,1,0.2539044906207014,0.2539044906207014,<1bn
1133156,SM,26525.0,20221231,1642545,1964850,1642545,CENTRAL BANK,140011,510871,63846,36559,15555,1694807,95965.0,15555_20221231,1,1,0.022257533279149127,0.06112770121975349,1-10bn
585147,NM,222189.0,20221231,939523,1000918,939523,PIONEER BANK&TRUST,484400,354510,47097,75860,15562,387552,0.0,15562_20221231,1,1,0.08074310048822647,0.1308717295904411,1-10bn
611547,NM,178875.0,20221231,890674,1034888,890674,FIRST SOUTHERN BANK,299912,279260,0,28189,15565,648210,0.0,15565_20221231,1,1,0.03164906576368009,0.03164906576368009,1-10bn
185024,NM,30692.0,20221231,278598,303152,278598,HOOSIER HEARTLAND STATE BANK,87559,93615,0,4894,15566,189994,0.0,15566_20221231,1,1,0.017566529551540214,0.017566529551540214,<1bn
820703,N,249442.0,20221231,1157589,1263190,1157589,FIRST NB OF PULASKI,304371,339928,0,92005,15572,801960,30022.0,15572_20221231,1,1,0.07947984992946547,0.07947984992946547,1-10bn
67541,NM,10594.0,20221231,76873,87729,76873,INTEGRITY BANK PLUS,21017,9396,0,2595,15578,60173,0.0,15578_20221231,1,1,0.033756975791240096,0.033756975791240096,<1bn
78731,NM,71596.0,20221231,180200,191283,180200,FIRST BANK OF COASTAL GA,144831,101495,0,4871,15580,34913,0.0,15580_20221231,1,1,0.027031076581576028,0.027031076581576028,<1bn
658627,NM,7795.0,20221231,830028,902427,830028,MID-MISSOURI BANK,189244,172041,165341,64451,15584,609238,49168.0,15584_20221231,1,1,0.07764918773824497,0.276848491858106,<1bn
116532,NM,4708.0,20221231,131278,142599,131278,BAY PORT STATE BANK,9335,14861,3777,27897,15585,101425,0.0,15585_20221231,1,1,0.2125032374045918,0.2412742424473255,<1bn
156319,NM,24459.0,20221231,194730,216007,194730,TAYLOR COUNTY BANK,54604,46149,0,16920,15590,140015,0.0,15590_20221231,1,1,0.0868895393621938,0.0868895393621938,<1bn
45404,NM,1343.0,20221231,59978,69345,59978,IPSWICH STATE BANK,28694,14631,13625,9583,15593,26499,0.0,15593_20221231,1,1,0.15977525092533928,0.3869418786888526,<1bn
56077,NM,3979.0,20221231,65179,72140,65179,SECURITY STB OF KENYON,11942,9117,4525,5369,15597,45860,0.0,15597_20221231,1,1,0.08237315699841974,0.15179735804476902,<1bn
121252,NM,17950.0,20221231,165961,184693,165961,HORIZON FINANCIAL BANK,36323,44785,2912,14166,15598,119229,0.0,15598_20221231,1,1,0.08535740324534077,0.10290369424141817,<1bn
80389,NM,9956.0,20221231,97836,103333,97836,HAMILTON BANK,50475,17505,2977,4396,15606,46814,0.0,15606_20221231,1,1,0.04493233574553334,0.07536080788257901,<1bn
164854,NM,149.0,20221231,202056,226374,202056,FARMERS&MERCHANTS STATE BANK,74838,37345,26406,12614,15610,132830,0.0,15610_20221231,1,1,0.062428237716276674,0.19311478006097318,<1bn
1481951,NM,421908.0,20221231,2892431,3611269,2892431,WEST BANK,664115,1412955,0,26533,15614,2717363,272691.0,15614_20221231,1,1,0.009173252533941172,0.009173252533941172,1-10bn
52175,NM,0.0,20221231,89417,97650,89417,FIRST FARMERS&MERCHANTS STB,14184,37287,0,18271,15621,63366,0.0,15621_20221231,1,1,0.2043347461892034,0.2043347461892034,<1bn
143320,NM,18976.0,20221231,187998,216041,187998,QUOIN FINANCIAL BANK,31151,44824,6599,22764,15629,152162,2086.0,15629_20221231,1,1,0.12108639453611209,0.15618783178544451,<1bn
493046,NM,0.0,20221231,785749,871669,785749,GREENFIELD BANKING CO,226932,292720,97597,136426,15632,484970,0.0,15632_20221231,1,1,0.17362541982236057,0.2978342956847543,<1bn
132173,NM,4024.0,20221231,184037,215538,184037,STATE BANK&TRUST CO,87672,51942,18835,12768,15651,109223,0.0,15651_20221231,1,1,0.06937735346696589,0.1717209039486625,<1bn
267529,NM,58960.0,20221231,596182,686274,596182,ALLIANCE BANK CENTRAL TEXAS,67432,329354,0,12346,15657,573535,0.0,15657_20221231,1,1,0.02070844138199409,0.02070844138199409,<1bn
475347,NM,244560.0,20221231,818280,901338,818280,FIRST STATE BANK,349932,343408,0,38940,15663,426460,0.0,15663_20221231,1,1,0.047587622818595104,0.047587622818595104,<1bn
176100,NM,15657.0,20221231,195497,213220,195497,FREEDOM BANK INC,42187,19432,0,14980,15664,141426,7003.0,15664_20221231,1,1,0.07662521675524432,0.07662521675524432,<1bn
326965,NM,85240.0,20221231,405255,430706,405255,MCBANK,219340,78406,5804,29649,15669,161900,0.0,15669_20221231,1,1,0.07316134285820039,0.0874831895966737,<1bn
253653,NM,58529.0,20221231,354808,393799,354808,BANK OF CLARENDON,130884,101194,17730,62353,15671,181350,0.0,15671_20221231,1,1,0.17573730017361502,0.22570798854591778,<1bn
188792,NM,25871.0,20221231,259468,288721,259468,BANK OF RIPLEY,168065,70847,0,8824,15673,84028,0.0,15673_20221231,1,1,0.034008047235111846,0.034008047235111846,<1bn
176624,NM,15907.0,20221231,263981,300783,263981,CITIZENS BANK&TRUST CO,110994,87624,20590,14169,15675,167851,0.0,15675_20221231,1,1,0.053674317469817906,0.13167235520738235,<1bn
157006,NM,0.0,20221231,190869,265066,190869,GRANT COUNTY STATE BANK,0,34037,0,44082,15687,213270,0.0,15687_20221231,1,1,0.23095421467079516,0.23095421467079516,<1bn
355594,SM,8359.0,20221231,497731,548368,497731,CLEAR LAKE BANK&TRUST CO,99063,142896,43513,47490,15690,373700,0.0,15690_20221231,1,1,0.09541298412194539,0.18283570844492306,<1bn
289964,NM,305.0,20221231,355129,394045,355129,PINELAND BANK,40763,65397,29703,26848,15699,287682,0.0,15699_20221231,1,1,0.07560069721143585,0.159240726609204,<1bn
140574,NM,31727.0,20221231,199916,218674,199916,SEYMOUR BANK,78754,59444,1610,15023,15701,115901,935.0,15701_20221231,1,1,0.07514656155585346,0.08319994397647011,<1bn
317395,NM,35206.0,20221231,384512,435491,384512,TOWN&COUNTRY BANK&TRUST CO,140914,67198,1934,21499,15703,255870,0.0,15703_20221231,1,1,0.05591242926098535,0.06094218125832224,<1bn
171822,SM,50176.0,20221231,271837,343305,271837,CASEY COUNTY BANK INC,114720,105399,0,32224,15708,170023,0.0,15708_20221231,1,1,0.11854162604796256,0.11854162604796256,<1bn
749313,N,2443.0,20221231,1166266,1240396,1166266,DAKOTA COMMUNITY B&T NA,523606,418023,98959,76093,15728,604186,16210.0,15728_20221231,1,1,0.06524497841830251,0.15009611872420187,1-10bn
243724,NM,13675.0,20221231,329831,395096,329831,PARTNERS BANK,28416,86277,0,31878,15729,316636,30826.0,15729_20221231,1,1,0.09664949625717413,0.09664949625717413,<1bn
64706,NM,0.0,20221231,109379,121514,109379,SECURITY BANK OF TEXAS,869,44795,0,22932,15731,92381,6672.0,15731_20221231,1,1,0.20965633256840893,0.20965633256840893,<1bn
343997,NM,0.0,20221231,445813,503113,445813,SECURITY SAVINGS BANK,114689,102055,58557,25371,15734,338701,0.0,15734_20221231,1,1,0.05690951138706139,0.1882583056124429,<1bn
6421,NM,0.0,20221231,12078,21509,12078,SECURITY STATE BANK,5755,5661,0,10719,15738,4198,0.0,15738_20221231,1,1,0.8874813710879285,0.8874813710879285,<1bn
73884,NM,1938.0,20221231,98688,124770,98688,COMMERCIAL BANK OF MOTT,25435,25001,1550,4850,15741,89577,1056.0,15741_20221231,1,1,0.04914477950713359,0.0648508430609598,<1bn
87632,SM,0.0,20221231,117823,129163,117823,GRANITE MOUNTAIN BK DBA GRAN,13820,30210,5953,68407,15744,41972,0.0,15744_20221231,1,1,0.5805912258217836,0.6311161657740848,<1bn
45979,NM,0.0,20221231,60281,68401,60281,SECURITY STATE BANK,20090,14324,18247,28693,15749,15793,0.0,15749_20221231,1,1,0.47598745873492476,0.7786864849620941,<1bn
33954,NM,3168.0,20221231,37910,39977,37910,STATE BANK,21987,3960,11595,2768,15751,14134,0.0,15751_20221231,1,1,0.07301503561065682,0.37887101028752307,<1bn
895625,NM,59773.0,20221231,1140901,1540979,1140901,FIRST STATE BANK,221578,264462,80374,35007,15752,1197969,0.0,15752_20221231,1,1,0.030683643891976604,0.10113147415945818,1-10bn
50961,SM,181.0,20221231,69123,78231,69123,BANK OF BURLINGTON,16402,18190,916,7667,15759,36376,0.0,15759_20221231,1,1,0.11091821824862926,0.12416995790113276,<1bn
241468,N,14411.0,20221231,296169,347898,296169,CITIZENS NB OF ALBION,97123,54933,2923,23557,15760,213509,0.0,15760_20221231,1,1,0.0795390469630515,0.08940841208904375,<1bn
27162,NM,0.0,20221231,29902,34031,29902,FIRST AMERICAN BANK,5318,2744,1989,2790,15762,22952,0.0,15762_20221231,1,1,0.09330479566584175,0.15982208547923216,<1bn
145080,N,7488.0,20221231,165649,178784,165649,FIRST NB OF NOKOMIS,68913,20598,10662,10788,15763,87559,0.0,15763_20221231,1,1,0.0651256572632494,0.12949067003121056,<1bn
26809,NM,955.0,20221231,36343,39752,36343,FIRST SECURITY BANK-HENDRICK,14238,9539,6747,7528,15767,17202,0.0,15767_20221231,1,1,0.20713755055994276,0.39278540571774484,<1bn
391298,NM,61888.0,20221231,557872,626401,557872,NORTHEAST GEORGIA BANK,162169,166658,55333,165667,15771,263371,0.0,15771_20221231,1,1,0.29696238563684857,0.3961482203803023,<1bn
158539,NM,0.0,20221231,216289,251841,216289,MEDIAPOLIS SAVINGS BANK,50865,58002,17387,33575,15772,156047,1954.0,15772_20221231,1,1,0.15523211998760916,0.23561993443956927,<1bn
37478,SM,4739.0,20221231,62189,69877,62189,GRANT COUNTY BANK,38292,24782,18579,9593,15778,16430,0.0,15778_20221231,1,1,0.15425557574490664,0.4530061586454196,<1bn
467978,SM,25625.0,20221231,542546,683601,542546,FARMERS&MERCHANTS BANK,99931,75269,0,18538,15779,537514,212403.0,15779_20221231,1,1,0.0341685313319055,0.0341685313319055,<1bn
56031,SM,4396.0,20221231,64754,74952,64754,STOCK EXC BK CALDWELL KS,8528,8773,0,1540,15784,61760,0.0,15784_20221231,1,1,0.023782314606047503,0.023782314606047503,<1bn
51334,NM,9281.0,20221231,55384,66095,55384,PEOPLES BK OF MONITEAU CNTY,22478,4123,0,927,15792,40542,0.0,15792_20221231,1,1,0.016737685974288603,0.016737685974288603,<1bn
2722432,N,1332725.0,20221231,4602097,5323235,4602097,BROADWAY NATIONAL BANK,1993064,1880460,0,63530,15797,2970905,0.0,15797_20221231,1,1,0.013804576478939927,0.013804576478939927,1-10bn
311208,NM,50223.0,20221231,408173,446344,408173,PREMIER COMMUNITY BANK,111801,97016,9175,17403,15799,292130,7562.0,15799_20221231,1,1,0.04263633312345501,0.06511454701805362,<1bn
313811,SM,27064.0,20221231,400253,471161,400253,FARMERS&MERCHANTS BANK,157485,86763,12515,18820,15801,259464,0.0,15801_20221231,1,1,0.047020259685748765,0.07828798285084684,<1bn
292056,NM,0.0,20221231,385728,467069,385728,IOWA STATE BANK,136855,93848,0,62727,15808,258732,0.0,15808_20221231,1,1,0.16261977351916376,0.16261977351916376,<1bn
1133442,NM,9778.0,20221231,1660074,1848598,1660074,SECURITY STATE BANK&TRUST,423918,526848,48525,104569,15809,1240192,0.0,15809_20221231,1,1,0.06299056548081591,0.09222119013971666,1-10bn
131448,NM,175.0,20221231,163191,191224,163191,ONESOUTH BANK,1058,31831,0,22961,15813,157278,248.0,15813_20221231,1,1,0.14070016116084832,0.14070016116084832,<1bn
2158725,NM,195581.0,20221231,2992720,3821266,2992720,CENTRAL BANK&TRUST CO,948520,855752,421284,74277,15815,2328852,0.0,15815_20221231,1,1,0.024819227993263655,0.16558882889144325,1-10bn
13007,NM,7401.0,20221231,31162,40731,31162,GENESIS BANK,10270,18172,0,5099,15817,19796,0.0,15817_20221231,1,1,0.1636287786406521,0.1636287786406521,<1bn
98728,NM,429.0,20221231,111062,126441,111062,RED RIVER STATE BANK,3223,12456,936,5075,15820,112134,2631.0,15820_20221231,1,1,0.04569519727719652,0.0541229223316706,<1bn
96642,NM,15839.0,20221231,135490,147651,135490,CLAXTON BANK,37135,38871,486,8919,15826,94133,3813.0,15826_20221231,1,1,0.06582773636430733,0.06941471695328069,<1bn
151937,NM,0.0,20221231,199177,234036,199177,NORTHWEST BANK&TRUST CO,11360,47420,0,95869,15830,108371,0.0,15830_20221231,1,1,0.4813256550706156,0.4813256550706156,<1bn
73558,NM,76.0,20221231,103311,125358,103311,SECURITY STATE BANK,28884,29790,10494,13542,15839,69545,0.0,15839_20221231,1,1,0.1310799430844731,0.23265673548799257,<1bn
41606,NM,6758.0,20221231,58977,64738,58977,SUNRISE BANK DAKOTA,34600,17394,16161,6415,15847,20406,0.0,15847_20221231,1,1,0.10877121589772284,0.3827932923003883,<1bn
20329,NM,0.0,20221231,21424,28267,21424,FARMERS STATE BANK,6411,1101,200,7247,15853,14083,0.0,15853_20221231,1,1,0.33826549663928307,0.3476008215085885,<1bn
345521,NM,65865.0,20221231,465544,509754,465544,PEOPLES BANK,277089,121523,0,11479,15871,189435,0.0,15871_20221231,1,1,0.024657175261629406,0.024657175261629406,<1bn
114846,NM,3147.0,20221231,133662,174290,133662,MILLEDGEVILLE STATE BANK,40873,18994,326,16822,15873,107036,22510.0,15873_20221231,1,1,0.12585476799688766,0.1282937558917269,<1bn
351653,SM,133846.0,20221231,463111,534385,463111,DEMOTTE STATE BANK,237214,112321,25358,9945,15883,228128,0.0,15883_20221231,1,1,0.021474333367162517,0.07623010466173337,<1bn
257043,SM,68798.0,20221231,394315,437564,394315,FIRST STB OF LIVINGSTON,238126,139127,0,26143,15898,147184,0.0,15898_20221231,1,1,0.06629978570432268,0.06629978570432268,<1bn
101699,SM,1006.0,20221231,155485,197432,155485,FUSION BANK,63982,53957,10710,8807,15899,110241,0.0,15899_20221231,1,1,0.05664211981863202,0.12552336238222336,<1bn
67856,NM,5429.0,20221231,75151,84966,75151,FOUR COUNTY BANK,12920,7447,569,8493,15904,62179,0.0,15904_20221231,1,1,0.113012468230629,0.1205838910992535,<1bn
91954,NM,9465.0,20221231,110950,120023,110950,COMMUNITY FIRST BANK,46251,19020,3625,11577,15907,54089,1470.0,15907_20221231,1,1,0.10434429923388915,0.13701667417755745,<1bn
111062,SM,57765.0,20221231,159562,197168,159562,UNION STATE BANK,79576,48560,0,2992,15908,107576,5500.0,15908_20221231,1,1,0.018751331770722354,0.018751331770722354,<1bn
850459,SI,51658.0,20221231,1191808,1438145,1191808,SAVINGS BANK OF DANBURY,116686,341536,0,139401,15912,1101290,30004.0,15912_20221231,1,1,0.11696598781011706,0.11696598781011706,1-10bn
146385,SM,9799.0,20221231,179135,204023,179135,FIRST COMMUNITY BANK&TRUST,76753,32759,51300,36536,15913,79039,0.0,15913_20221231,1,1,0.2039579088397019,0.4903341055628437,<1bn
99488,N,4460.0,20221231,112592,126838,112592,FARMERS NB OF GRIGGSVILLE,15611,13324,5817,7994,15928,97566,0.0,15928_20221231,1,1,0.07099971578797783,0.12266413244280233,<1bn
19990,NM,0.0,20221231,23370,27008,23370,MAXWELL STATE BANK,17201,3402,1253,562,15930,6366,249.0,15930_20221231,1,1,0.024047924689773213,0.07766367137355584,<1bn
709721,NM,84091.0,20221231,903679,994381,903679,CITIZENS BANK,200942,194021,32148,211301,15932,511800,0.0,15932_20221231,1,1,0.23382307213070128,0.26939765115710335,<1bn
61766,NM,7404.0,20221231,108540,114231,108540,PEOPLES STATE BANK,50212,46794,8602,17964,15939,43366,0.0,15939_20221231,1,1,0.16550580431177447,0.2447576930163995,<1bn
203799,N,840.0,20221231,284689,306662,284689,FOREST PARK NB&T CO,64071,80931,25793,27836,15945,204168,0.0,15945_20221231,1,1,0.09777687230627105,0.18837749263231104,<1bn
261369,NM,0.0,20221231,347458,406525,347458,IOWA STATE BANK,151856,86554,30461,16667,15947,228695,31112.0,15947_20221231,1,1,0.047968387546120685,0.13563653736566722,<1bn
941749,NM,351065.0,20221231,1448486,1881339,1448486,GUARANTY BANK&TRUST CO,606701,507296,55498,55492,15953,1121744,0.0,15953_20221231,1,1,0.03831034611311397,0.07662483448234915,1-10bn
298915,SI,19419.0,20221231,318910,474328,318910,FULTON SAVINGS BANK,124264,19995,6416,41014,15966,220132,0.0,15966_20221231,1,1,0.1286068169703051,0.14872534570882068,<1bn
337575,SI,20932.0,20221231,455920,524847,455920,RONDOUT SAVINGS BANK,69369,118345,0,23380,15969,410406,40192.0,15969_20221231,1,1,0.05128092647832953,0.05128092647832953,<1bn
822579,SI,113705.0,20221231,1078866,1247761,1078866,ULSTER SAVINGS BANK,189687,323376,4366,35435,15970,931661,0.0,15970_20221231,1,1,0.03284467209088061,0.03689151386733849,1-10bn
644284,SB,119524.0,20221231,754903,828530,754903,WALDEN SAVINGS BANK,244566,110622,23139,12677,15987,522731,0.0,15987_20221231,1,1,0.0167928859734297,0.047444506115355216,<1bn
593738,SI,15513.0,20221231,799181,923496,799181,WATERTOWN SAVINGS BANK,303536,108355,39494,55453,15990,489851,0.0,15990_20221231,1,1,0.06938728523325755,0.11880537700470857,<1bn
1199469,NM,210420.0,20221231,1613198,1949094,1613198,PCSB BANK,442965,414330,0,47178,15995,1356462,20000.0,15995_20221231,1,1,0.029245015181025517,0.029245015181025517,1-10bn
4896889,SI,1524594.0,20221231,5447460,6834299,5447460,RIDGEWOOD SAVINGS BANK,1928991,624269,0,112261,16026,4295316,247.0,16026_20221231,1,1,0.020607953064363943,0.020607953064363943,1-10bn
233226,SI,3606.0,20221231,252947,304279,252947,NORTH COUNTRY SAVINGS BANK,3606,19728,0,22301,16030,250204,0.0,16030_20221231,1,1,0.08816471434727433,0.08816471434727433,<1bn
723475,SI,145351.0,20221231,1151822,1335810,1151822,RHINEBECK BANK,223660,428681,37857,31384,16032,994367,34000.0,16032_20221231,1,1,0.027247265636530644,0.06011432322008088,1-10bn
191962,SI,13406.0,20221231,235179,277985,235179,SAWYER SAVINGS BANK,48913,43258,5636,3080,16039,214038,18109.0,16039_20221231,1,1,0.013096407417328928,0.037061132158908744,<1bn
281040,SB,961.0,20221231,320566,384938,320566,GENERATIONS BANK,33685,45021,0,7985,16040,303880,33024.0,16040_20221231,1,1,0.02490906708758883,0.02490906708758883,<1bn
11685847,SI,1885180.0,20221231,15080392,16801651,15080392,APPLE BANK FOR SAVINGS,3358783,3452574,284705,880936,16068,11379154,482509.0,16068_20221231,1,1,0.05841598812550761,0.07729513927754664,10-100bn
263607,NM,35555.0,20221231,420465,469126,420465,RAYNE STATE BANK&TRUST CO,119148,156956,2450,29533,16075,298656,0.0,16075_20221231,1,1,0.07023890216783799,0.07606578431022797,<1bn
133251,NM,17175.0,20221231,168165,191612,168165,YORK STATE BANK,30040,34953,1801,14276,16079,133898,0.0,16079_20221231,1,1,0.08489281360568489,0.0956025332262956,<1bn
43935,NM,0.0,20221231,51225,54548,51225,EXCHANGE STATE BANK,20985,7302,0,1940,16094,25991,0.0,16094_20221231,1,1,0.037872132747681794,0.037872132747681794,<1bn
411278,SI,65801.0,20221231,503886,559839,503886,MILFORD BANK,100870,92628,6793,19666,16101,412889,0.0,16101_20221231,1,1,0.03902866918310888,0.052509893110743305,<1bn
59988,NM,6066.0,20221231,67103,77447,67103,FARMBANK,19820,7203,562,3436,16103,48528,4000.0,16103_20221231,1,1,0.051204864164046314,0.05958004858203061,<1bn
41440,SM,3685.0,20221231,44075,52590,44075,BUTTE STATE BANK,16910,2655,2668,2430,16110,30633,9371.0,16110_20221231,1,1,0.0551332955190017,0.1156664775950085,<1bn
364489,NM,70352.0,20221231,542446,663555,542446,HIGHLAND BANK,223573,178046,16617,8541,16111,414574,6543.0,16111_20221231,1,1,0.01574534608053152,0.04637881005666924,<1bn
116872,NM,25585.0,20221231,137586,151970,137586,FARMERS STATE BANK&TRUST CO,44977,20776,0,7863,16114,79708,0.0,16114_20221231,1,1,0.05714970999956391,0.05714970999956391,<1bn
243284,NM,9648.0,20221231,351806,407729,351806,NEBRASKA BANK,31561,108854,3973,18049,16116,333330,2919.0,16116_20221231,1,1,0.05130384359561804,0.06259699948266943,<1bn
81937,NM,206.0,20221231,93808,112090,93808,RILEY STB OF RILEY KANSAS,36915,12040,11296,3314,16120,68962,0.0,16120_20221231,1,1,0.035327477400648136,0.15574364659730514,<1bn
340976,NM,16487.0,20221231,519078,591720,519078,EASTERN COLORADO BANK,85642,178486,0,9387,16125,438830,12000.0,16125_20221231,1,1,0.01808398737761955,0.01808398737761955,<1bn
135146,NM,648.0,20221231,165545,178189,165545,CITIZENS BANK OF THE MIDWEST,29888,30567,0,2126,16126,127925,3513.0,16126_20221231,1,1,0.012842429550877405,0.012842429550877405,<1bn
348110,SM,29943.0,20221231,469560,522049,469560,FNB COMMUNITY BANK,207690,122650,16308,20644,16127,277362,0.0,16127_20221231,1,1,0.04396456256921373,0.07869494846239032,<1bn
2274450,N,410859.0,20221231,4224857,5337737,4224857,FIRST NATIONAL BANK ALASKA,2815357,1950610,1293741,93547,16130,2209975,0.0,16130_20221231,1,1,0.02214205119841926,0.32836330318398943,1-10bn
64675,SM,1509.0,20221231,77270,82893,77270,STATE BANK,17262,12638,6021,14717,16151,47602,0.0,16151_20221231,1,1,0.19046201630645787,0.26838359000905915,<1bn
151268,NM,3969.0,20221231,195715,218448,195715,PEOPLES BANK,33453,44464,28014,43239,16152,129954,0.0,16152_20221231,1,1,0.22092839077229645,0.36406509465293924,<1bn
53336,SM,727.0,20221231,66556,76365,66556,BANK OF ELGIN,8341,13233,5087,21380,16154,44287,0.0,16154_20221231,1,1,0.32123324719033597,0.397665124106016,<1bn
904120,NM,142097.0,20221231,1183044,1513958,1183044,WAUKESHA STATE BANK,444639,278969,16218,20767,16160,955985,0.0,16160_20221231,1,1,0.017553869509502606,0.031262573496843735,1-10bn
106468,NM,11157.0,20221231,130759,157890,130759,CAMPBELL COUNTY BANK INC,25143,24358,5497,9566,16161,113596,245.0,16161_20221231,1,1,0.07315748820348886,0.11519665950336115,<1bn
148984,NM,10482.0,20221231,189268,209341,189268,FIRST STATE BANK OF PURDY,37138,40358,10768,8308,16162,156321,5898.0,16162_20221231,1,1,0.04389542870427119,0.10078830018809308,<1bn
74597,SM,3086.0,20221231,88453,97702,88453,METAMORA STATE BANK,22409,13888,7125,3468,16167,62723,0.0,16167_20221231,1,1,0.039207262614043614,0.11975851582196195,<1bn
555656,NM,115308.0,20221231,764745,854535,764745,WEST ALABAMA BANK&TRUST,245625,209577,0,53121,16175,462515,19812.0,16175_20221231,1,1,0.06946236980954436,0.06946236980954436,<1bn
102785,NM,9825.0,20221231,132172,147598,132172,JOHNSON CITY BANK,22599,29412,5525,33433,16176,88343,0.0,16176_20221231,1,1,0.25295070060224556,0.294752292467391,<1bn
91085,NM,0.0,20221231,123194,136083,123194,FIRST STATE BANK,63228,32120,54436,17724,16177,51875,0.0,16177_20221231,1,1,0.14387064305079794,0.5857428121499424,<1bn
91716,NM,52762.0,20221231,105541,116441,105541,SAMSON BANKING CO INC,67155,13837,9930,6266,16185,40957,0.0,16185_20221231,1,1,0.05937029211396519,0.15345695037947338,<1bn
3663452,NM,506172.0,20221231,5072625,6029685,5072625,STOCKMAN BANK OF MONTANA,2156984,1412097,353985,81151,16191,3456647,55200.0,16191_20221231,1,1,0.01599783149749883,0.08578122766812055,1-10bn
37751,NM,0.0,20221231,40883,46573,40883,ROCKHOLD BANK,0,3141,0,10772,16193,28723,54.0,16193_20221231,1,1,0.26348359954015116,0.26348359954015116,<1bn
56401,N,3903.0,20221231,69691,77953,69691,MASON CITY NATIONAL BANK,41626,13324,0,4245,16198,29955,0.0,16198_20221231,1,1,0.060911738961989356,0.060911738961989356,<1bn
147338,NM,25644.0,20221231,196644,229631,196644,BANK OF WOLCOTT,85709,49362,987,7329,16201,131151,0.0,16201_20221231,1,1,0.03727039726612559,0.04228961982058949,<1bn
1109519,SM,113104.0,20221231,1511115,1713639,1511115,FARMERS&MERCHANTS BANK,388329,401932,0,35363,16216,1074431,0.0,16216_20221231,1,1,0.02340192506857519,0.02340192506857519,1-10bn
355720,NM,73974.0,20221231,713254,799417,713254,RELIABANK DAKOTA,296706,357928,56665,19251,16221,452870,14744.0,16221_20221231,1,1,0.026990384911966845,0.10643613635535167,<1bn
67869,NM,3720.0,20221231,74087,88375,74087,SHERWOOD STATE BANK,18937,6247,1445,2325,16222,61454,0.0,16222_20221231,1,1,0.031382023836840474,0.05088612037199509,<1bn
77037,NM,424.0,20221231,121025,141597,121025,WHEELER COUNTY STATE BANK,12398,44060,4983,40846,16228,76852,0.0,16228_20221231,1,1,0.33750051642222684,0.3786738277215451,<1bn
226939,NM,7937.0,20221231,296146,324294,296146,DAKOTA HERITAGE BANK,67256,69474,25739,7511,16231,230414,0.0,16231_20221231,1,1,0.02536249012311495,0.11227570184976329,<1bn
654542,NM,68211.0,20221231,819253,890181,819253,BANK OF EASTERN OREGON,193709,164813,0,173550,16243,488808,0.0,16243_20221231,1,1,0.21183932191887,0.21183932191887,<1bn
161841,SB,17519.0,20221231,288132,321414,288132,COMMERCIAL BANKING CO,47419,126304,8757,67900,16246,187076,0.0,16246_20221231,1,1,0.2356558799439146,0.26604820013049574,<1bn
40565,NM,0.0,20221231,56450,68594,56450,NEIGHBORS BANK,8823,15892,0,28847,16247,28001,0.0,16247_20221231,1,1,0.5110186005314438,0.5110186005314438,<1bn
216684,NM,33499.0,20221231,365869,526034,365869,DEVON BANK,233294,149465,5779,16650,16249,232677,67007.0,16249_20221231,1,1,0.04550809169402163,0.06130336267899166,<1bn
1498863,SM,251511.0,20221231,1689199,2041285,1689199,MARQUETTE BANK,414998,191767,33388,45166,16250,1412417,0.0,16250_20221231,1,1,0.02673811670501818,0.04650369790652256,1-10bn
516015,NM,2153.0,20221231,724300,842617,724300,PEOPLES BANK,107768,209230,57047,17522,16265,681159,44556.0,16265_20221231,1,1,0.024191633301118322,0.10295319618942428,<1bn
108537,NM,9349.0,20221231,137951,155438,137951,CITIZENS BANK OF COCHRAN,15358,29501,486,18172,16275,117498,1500.0,16275_20221231,1,1,0.13172793238178773,0.1352509224289784,<1bn
401171,N,62192.0,20221231,500853,537448,500853,BANK OF HILLSBORO NA,162311,99818,19662,10202,16276,340525,0.0,16276_20221231,1,1,0.020369250059398665,0.059626277570464785,<1bn
20980,NM,687.0,20221231,22921,25862,22921,BANK OF LUMBER CITY,5987,1942,0,3523,16281,13034,0.0,16281_20221231,1,1,0.15370184546922036,0.15370184546922036,<1bn
30096,NM,9579.0,20221231,76579,82076,76579,BANK OF BEARDEN,18348,46495,0,5170,16282,28853,0.0,16282_20221231,1,1,0.06751198109142192,0.06751198109142192,<1bn
115153,NM,12747.0,20221231,198243,214753,198243,SOUTH COAST BANK&TRUST,28797,83156,1194,11378,16283,167301,3200.0,16283_20221231,1,1,0.05739420811831944,0.06341711939387519,<1bn
168273,NM,23041.0,20221231,201434,224391,201434,SOUTHERN BANK,48120,33395,905,4333,16288,150590,20682.0,16288_20221231,1,1,0.02151076779491049,0.02600355451413366,<1bn
458244,NM,44934.0,20221231,653561,762741,653561,MANUFACTURERS BANK&TRUST CO,209691,195705,54820,16636,16307,491736,0.0,16307_20221231,1,1,0.025454395228601462,0.1093333292531225,<1bn
56195,NM,0.0,20221231,64415,69980,64415,MARSEILLES BANK,41413,8337,0,889,16318,26424,0.0,16318_20221231,1,1,0.013801133276410775,0.013801133276410775,<1bn
28460,SM,0.0,20221231,31384,41100,31384,BATTLE CREEK STATE BANK,8281,2936,3022,5445,16330,25246,0.0,16330_20221231,1,1,0.17349604894213613,0.2697871526892684,<1bn
235368,NM,88999.0,20221231,327777,350396,327777,FIRST STATE BANK,126061,92450,19121,92330,16332,119032,0.0,16332_20221231,1,1,0.2816854141687794,0.34002080682903313,<1bn
141833,NM,13682.0,20221231,167015,205033,167015,FIRST STATE BANK,48606,25244,12545,8273,16333,134503,13957.0,16333_20221231,1,1,0.0495344729515313,0.12464748675268689,<1bn
117162,NM,0.0,20221231,171251,193625,171251,FIRST STATE BANK OF ODEM,39352,54099,28922,45634,16334,100764,0.0,16334_20221231,1,1,0.2664743563541235,0.43536096139584585,<1bn
194596,NM,31261.0,20221231,194961,207410,194961,TRI-COUNTY BANK,52175,422,0,5093,16339,135860,0.0,16339_20221231,1,1,0.026123173352619242,0.026123173352619242,<1bn
52329,NM,1237.0,20221231,63268,70006,63268,STATE BANK OF PEARL CITY,21369,10980,595,15926,16344,31275,0.0,16344_20221231,1,1,0.2517228298665992,0.26112726812922804,<1bn
40598,NM,15604.0,20221231,53777,62237,53777,PEOPLES SAVINGS BANK,29106,13213,975,8173,16363,17767,0.0,16363_20221231,1,1,0.15197947077746993,0.17010989828365286,<1bn
126884,NM,13472.0,20221231,196723,215887,196723,CITIZENS BANK,61507,69926,21943,2047,16369,142532,8044.0,16369_20221231,1,1,0.010405494019509666,0.1219481199453038,<1bn
128093,NM,17826.0,20221231,155457,177312,155457,HICKSVILLE BANK,55064,27413,5703,6786,16370,105726,1772.0,16370_20221231,1,1,0.04365194233775256,0.08033732800710164,<1bn
73934,NM,4709.0,20221231,87219,99797,87219,BRANTLEY BANK&TRUST CO,30072,13320,5753,1530,16386,61631,0.0,16386_20221231,1,1,0.01754204932411516,0.08350244786113117,<1bn
936509,NM,88807.0,20221231,1221632,1317381,1221632,BANK OF TRAVELERS REST,458104,285591,87134,148032,16389,657027,0.0,16389_20221231,1,1,0.1211756077116513,0.19250150618189438,1-10bn
41543,NM,6176.0,20221231,44780,50184,44780,TABLE GROVE STATE BANK,11704,3246,0,4489,16394,32986,0.0,16394_20221231,1,1,0.10024564537740062,0.10024564537740062,<1bn
51727,NM,38.0,20221231,55848,64386,55848,SECURITY BANK,4301,4198,0,4521,16395,51922,3131.0,16395_20221231,1,1,0.08095186935969059,0.08095186935969059,<1bn
144577,NM,25552.0,20221231,169706,186292,169706,LAFAYETTE STATE BANK,34940,25240,0,5638,16396,133872,0.0,16396_20221231,1,1,0.03322216067787821,0.03322216067787821,<1bn
533984,NM,63870.0,20221231,824492,967774,824492,BENNINGTON STATE BANK,244403,290949,37408,49678,16402,647930,42757.0,16402_20221231,1,1,0.060252858729981616,0.10562382655016665,<1bn
123536,NM,1014.0,20221231,152188,172548,152188,ANDOVER STATE BANK,10330,28850,2294,1679,16410,153107,2005.0,16410_20221231,1,1,0.01103240728572555,0.026105869056693036,<1bn
73857,NM,27851.0,20221231,80161,87496,80161,BANK OF STRONGHURST,47493,6337,917,1647,16413,34037,3997.0,16413_20221231,1,1,0.020546150871371367,0.031985628921794886,<1bn
371648,N,16127.0,20221231,398460,476954,398460,FSNB NATIONAL ASSN,247066,26834,0,38174,16416,150090,0.0,16416_20221231,1,1,0.09580384480248959,0.09580384480248959,<1bn
126882,NM,0.0,20221231,154905,169833,154905,CITIZENS BANK&TRUST CO,23463,28101,0,5663,16417,135297,0.0,16417_20221231,1,1,0.03655789031987347,0.03655789031987347,<1bn
898971,SB,0.0,20221231,983516,1128504,983516,BANKSOUTH,48148,84632,13226,53076,16418,962893,0.0,16418_20221231,1,1,0.053965568430000124,0.06741323984561512,1-10bn
34138,NM,0.0,20221231,40385,44049,40385,LA MONTE COMMUNITY BANK,13342,6272,13342,4559,16423,25534,0.0,16423_20221231,1,1,0.11288844868144113,0.4432586356320416,<1bn
221831,NM,82812.0,20221231,308019,324593,308019,CENTERA BANK,172959,86319,24250,5213,16436,131302,0.0,16436_20221231,1,1,0.016924280645025144,0.09565319022527831,<1bn
105353,NM,15568.0,20221231,144546,159888,144546,FARMERS&MERCHANTS BANK,62316,39337,16450,43873,16440,46269,0.0,16440_20221231,1,1,0.30352275400218615,0.41732735599739873,<1bn
71557,NM,0.0,20221231,90071,96400,90071,SECURITY STATE BANK,36361,18668,19368,2000,16448,53657,0.0,16448_20221231,1,1,0.022204705177027013,0.23723507011135658,<1bn
6738935,NM,2183720.0,20221231,10163420,12304953,10163420,BUSEY BANK,3378737,3452590,113094,223367,16450,7635347,1578.0,16450_20221231,1,1,0.021977542992417907,0.03310509651278802,10-100bn
90980,NM,21690.0,20221231,116370,125241,116370,WHITESVILLE STATE BANK,41393,25539,0,8239,16453,67751,1245.0,16453_20221231,1,1,0.07080003437312021,0.07080003437312021,<1bn
232958,NM,4058.0,20221231,299914,331443,299914,MERCHANTS&PLANTERS BANK,122249,67053,21965,17997,16464,161335,9532.0,16464_20221231,1,1,0.06000720206459185,0.13324486352754455,<1bn
1261794,NM,743241.0,20221231,2654290,2858671,2654290,JEFFERSON BANK,949332,1393948,76280,101116,16470,1618754,0.0,16470_20221231,1,1,0.03809530985687321,0.06683369187240279,1-10bn
72281,NM,0.0,20221231,114250,128782,114250,KENDALL BANK,0,42012,0,5757,16471,119265,0.0,16471_20221231,1,1,0.05038949671772429,0.05038949671772429,<1bn
14852,NM,0.0,20221231,15789,18353,15789,GARY STATE BANK,0,945,0,7578,16472,10470,0.0,16472_20221231,1,1,0.47995439863195893,0.47995439863195893,<1bn
81628,NM,7135.0,20221231,113585,148756,113585,FIRST BANK,56881,32010,917,5226,16473,77582,0.0,16473_20221231,1,1,0.04600959633754457,0.054082845446141656,<1bn
50889,NM,0.0,20221231,67275,72344,67275,STATE BANK OF LAKOTA,18237,16396,0,1047,16477,33625,0.0,16477_20221231,1,1,0.01556298773690078,0.01556298773690078,<1bn
167315,NM,3316.0,20221231,232460,262643,232460,LONGVIEW BANK&TRUST,48145,65268,15778,11274,16479,187619,12000.0,16479_20221231,1,1,0.048498666437236514,0.11637270928331755,<1bn
519259,N,219086.0,20221231,921405,1117412,921405,FIRST BANKERS TRUST CO NA,483311,402539,20659,27357,16501,540673,7530.0,16501_20221231,1,1,0.029690526966968923,0.05211172068742844,1-10bn
13338,NM,0.0,20221231,15850,18583,15850,NEBRASKA STATE BANK,0,2517,0,10352,16516,7927,0.0,16516_20221231,1,1,0.6531230283911672,0.6531230283911672,<1bn
462541,NM,54969.0,20221231,537292,590392,537292,METAIRIE BANK&TRUST CO,173906,74783,37477,35925,16539,347574,0.0,16539_20221231,1,1,0.06686308376078556,0.13661472718745116,<1bn
925351,NM,138226.0,20221231,1144332,1238214,1144332,JD BANK,452271,219123,74333,44169,16546,666315,0.0,16546_20221231,1,1,0.03859806419815229,0.1035556114833807,1-10bn
92162,NM,3834.0,20221231,121695,155978,121695,BANK PLUS,23014,29591,1969,2477,16547,120668,13.0,16547_20221231,1,1,0.02035416409877152,0.03653395784543326,<1bn
672377,NM,3511.0,20221231,891911,1019684,891911,ELKHORN VALLEY BANK&TRUST,210155,220000,126633,19754,16553,725652,0.0,16553_20221231,1,1,0.022147949739379825,0.16412736248347648,1-10bn
19943,NM,0.0,20221231,21322,26693,21322,STATE BANK OF EASTON,5936,1405,3455,4603,16561,13852,0.0,16561_20221231,1,1,0.21588031141543945,0.3779195197448645,<1bn
63554516,N,24576044.0,20221231,142016082,176980258,142016082,BMO HARRIS BANK NA,44937762,82847595,17355856,19314303,16571,99987780,9146736.0,16571_20221231,1,1,0.13600081573860065,0.25821131299763644,>=100bn
32951,NM,3240.0,20221231,53200,64244,53200,CITIZENS STATE BANK,4748,20312,0,1350,16581,45385,0.0,16581_20221231,1,1,0.02537593984962406,0.02537593984962406,<1bn
8647,SM,13.0,20221231,11062,12075,11062,STATE BANK OF BURRTON,3060,2446,0,2028,16583,6330,0.0,16583_20221231,1,1,0.18333032001446392,0.18333032001446392,<1bn
41455,NM,4408.0,20221231,70278,84015,70278,CARVER STATE BANK,27139,28834,17409,11702,16584,34314,2573.0,16584_20221231,1,1,0.16651014542246506,0.41422635817752357,<1bn
20440,NM,1283.0,20221231,20383,26539,20383,VERMONT STATE BANK,2168,0,0,6111,16585,16598,2662.0,16585_20221231,1,1,0.2998086640828141,0.2998086640828141,<1bn
386734,NM,41742.0,20221231,548005,602223,548005,CCB COMMUNITY BANK,75712,161535,4220,65230,16595,446987,1000.0,16595_20221231,1,1,0.11903176065911808,0.12673242032463208,<1bn
77929,NM,0.0,20221231,175903,196106,175903,FIRST STATE BANK,136148,97994,0,47830,16600,8606,0.0,16600_20221231,1,1,0.2719112237994804,0.2719112237994804,<1bn
129280,NM,0.0,20221231,180394,198593,180394,BANK NORTHWEST,28389,51175,4466,20401,16601,142517,0.0,16601_20221231,1,1,0.11309134450148009,0.13784826546337461,<1bn
99097,SM,3591.0,20221231,111270,123064,111270,PEOPLES BANK,5189,12808,0,4127,16603,102730,0.0,16603_20221231,1,1,0.03708996135526198,0.03708996135526198,<1bn
1639157,SM,87167.0,20221231,1928368,2369774,1928368,BANK INDEPENDENT,466950,290420,254015,115356,16604,1602262,2713.0,16604_20221231,1,1,0.05982053218057964,0.1915459082498776,1-10bn
36461,NM,414.0,20221231,46760,55549,46760,ROCHELLE STATE BANK,9777,10349,0,11200,16609,31668,0.0,16609_20221231,1,1,0.23952095808383234,0.23952095808383234,<1bn
204206,SM,44244.0,20221231,238172,266425,238172,FNB PICAYUNE BANK,105883,34046,11013,16644,16612,137055,0.0,16612_20221231,1,1,0.06988226995616613,0.11612196227936114,<1bn
226898,NM,95343.0,20221231,346997,371477,346997,UNION BANK INC,178226,120129,0,22075,16620,145725,0.0,16620_20221231,1,1,0.06361726470257668,0.06361726470257668,<1bn
225014,NM,82519.0,20221231,311835,339162,311835,ESB FINANCIAL,107351,86914,13147,16703,16629,199923,0.0,16629_20221231,1,1,0.053563583305273624,0.09572370003367166,<1bn
62789,NM,0.0,20221231,118857,156413,118857,LUMINATE BANK,1662,56144,0,7601,16635,134073,23466.0,16635_20221231,1,1,0.06395079801778608,0.06395079801778608,<1bn
675580,SI,177363.0,20221231,732573,908945,732573,TORRINGTON SAVINGS BANK,230528,57002,11497,23558,16636,589612,0.0,16636_20221231,1,1,0.03215788733682513,0.04785188643316093,<1bn
43994,SM,9088.0,20221231,63249,66184,63249,FIRST STATE BANK,29803,19291,20713,1221,16643,27169,0.0,16643_20221231,1,1,0.019304653037992694,0.3467880915113282,<1bn
289584,NM,38528.0,20221231,611610,671228,611610,SOUTHWEST BANK,134891,322346,48674,55954,16652,456903,0.0,16652_20221231,1,1,0.09148640473504357,0.1710697993819591,<1bn
89277,NM,4526.0,20221231,107535,113331,107535,SECURITY STB OF AITKIN,50508,18273,0,8314,16656,45163,0.0,16656_20221231,1,1,0.0773143627656112,0.0773143627656112,<1bn
421505,NM,105763.0,20221231,654877,715822,654877,NORTHEAST BANK,222314,233456,0,11659,16659,472504,0.0,16659_20221231,1,1,0.01780334322323123,0.01780334322323123,<1bn
586322,SM,46084.0,20221231,728087,891968,728087,PADUCAH BANK&TRUST CO,152244,141833,18316,28411,16664,676920,42384.0,16664_20221231,1,1,0.039021435625138205,0.06417776996430372,<1bn
466643,NM,45435.0,20221231,675599,731397,675599,ITASCA BANK&TRUST CO,203277,209079,18499,29007,16666,472020,5.0,16666_20221231,1,1,0.04293523229016029,0.07031685955722256,<1bn
48723,NM,24098.0,20221231,70760,75344,70760,WASHINGTON STATE BANK,38545,22041,1359,2447,16667,32908,0.0,16667_20221231,1,1,0.03458168456755229,0.05378745053702657,<1bn
283666,NM,33970.0,20221231,448673,500932,448673,GIBSLAND BANK&TRUST CO,131250,165049,49026,35573,16689,289321,0.0,16689_20221231,1,1,0.07928491351162205,0.18855380198942215,<1bn
209711,NM,59331.0,20221231,290213,317258,290213,FIRST STATE BANK,137428,80760,11117,14154,16695,155507,0.0,16695_20221231,1,1,0.04877107503798934,0.08707742244489393,<1bn
183949,NM,26502.0,20221231,231999,241436,231999,BANKWEST,125217,48074,60272,14441,16704,93385,0.0,16704_20221231,1,1,0.06224595795671533,0.32204018120767763,<1bn
128827,NM,0.0,20221231,159048,179500,159048,SOUTH CENTRAL STATE BANK,68630,30314,12501,3315,16707,99144,13396.0,16707_20221231,1,1,0.020842764448468387,0.09944167798400483,<1bn
132432,NM,24517.0,20221231,310099,329667,310099,WESTERN BANK,82546,177679,4808,18965,16720,136752,0.0,16720_20221231,1,1,0.0611578882872889,0.07666261419740147,<1bn
417256,NM,31664.0,20221231,704417,790549,704417,CAROLINA BANK&TRUST CO,126717,287303,88718,145893,16723,488139,0.0,16723_20221231,1,1,0.20711169662288104,0.3330569818729531,<1bn
257489,NM,11839.0,20221231,330268,357241,330268,NORTH STAR BANK,97801,72877,0,22872,16733,231279,0.0,16733_20221231,1,1,0.06925284920125474,0.06925284920125474,<1bn
11274,NM,168.0,20221231,12384,17062,12384,PEOPLES STATE BANK,775,1119,0,801,16744,13881,0.0,16744_20221231,1,1,0.06468023255813954,0.06468023255813954,<1bn
86125,N,1480.0,20221231,100875,127023,100875,NATIONAL BANK OF ST ANNE,18617,14818,9116,12208,16752,87884,0.0,16752_20221231,1,1,0.12102106567534077,0.2113903345724907,<1bn
621215,NM,46607.0,20221231,907119,1008648,907119,CITIZENS STATE BANK,221980,286395,39489,103103,16753,632299,0.0,16753_20221231,1,1,0.11365983955798523,0.15719216552624296,1-10bn
245727,NM,0.0,20221231,284841,359029,284841,CAMPBELL&FETTER BANK,147118,39168,93560,20685,16757,177811,0.0,16757_20221231,1,1,0.07261946138371934,0.40108341144708803,<1bn
30045,NM,1460.0,20221231,33098,38725,33098,FRANKLIN STATE BANK,8351,3098,4758,4352,16778,24371,0.0,16778_20221231,1,1,0.13148830745060125,0.27524321711281646,<1bn
197480,NM,52554.0,20221231,282585,309124,282585,GREAT OAKS BANK,96904,85212,6630,23247,16780,173812,0.0,16780_20221231,1,1,0.08226551303147725,0.10572748022718828,<1bn
45767,NM,1583.0,20221231,61768,66800,61768,UNION STATE BANK,9687,16032,2049,5046,16788,41815,0.0,16788_20221231,1,1,0.08169278590856106,0.11486530242196606,<1bn
34386,SM,5.0,20221231,39701,45588,39701,BANK OF LOCUST GROVE,8442,5322,3765,2754,16795,27313,0.0,16795_20221231,1,1,0.06936852975995567,0.16420241303745498,<1bn
591198,NM,41887.0,20221231,671466,839698,671466,FARMERS&MERCHANTS BANK,480940,80550,0,17450,16810,252985,326609.0,16810_20221231,1,1,0.025987913014210696,0.025987913014210696,<1bn
266563,NM,12311.0,20221231,461360,522552,461360,CITIZENS BANK,96869,194915,33801,129759,16817,265485,0.0,16817_20221231,1,1,0.2812532512571528,0.35451707993757586,<1bn
336084,NM,65195.0,20221231,363024,381433,363024,BANK OF GLEN BURNIE,144133,26949,6783,24715,16820,184278,0.0,16820_20221231,1,1,0.06808089823262374,0.08676561329278505,<1bn
243545,NM,8604.0,20221231,385161,427662,385161,SUNMARK COMMUNITY BANK,63456,141651,40998,62896,16825,272186,0.0,16825_20221231,1,1,0.1632979455344648,0.2697417443614489,<1bn
16173762,NM,14341644.0,20221231,28579730,37695970,28579730,PROSPERITY BANK,14476005,12410463,0,424700,16835,18558251,0.0,16835_20221231,1,1,0.014860182374011231,0.014860182374011231,10-100bn
100137,NM,20877.0,20221231,117232,127614,117232,RIVER FALLS STATE BANK,28535,17122,1365,5843,16840,86605,4097.0,16840_20221231,1,1,0.04984134024839634,0.06148491879350348,<1bn
642885,NM,58767.0,20221231,809250,985331,809250,FIRST ARKANSAS BANK&TRUST,228464,166500,0,12854,16849,645838,0.0,16849_20221231,1,1,0.015883843064565955,0.015883843064565955,<1bn
159390,NM,29696.0,20221231,236108,290216,236108,CITIZENS DEP BK ARLINGTON,75535,77097,0,9964,16852,190660,26589.0,16852_20221231,1,1,0.04220102664882173,0.04220102664882173,<1bn
101092,NM,1188.0,20221231,165238,174580,165238,COMMUNITY 1ST BANK LAS VEGAS,75377,64160,40429,17758,16854,64933,0.0,16854_20221231,1,1,0.10746922620704681,0.352140548784178,<1bn
512591,NM,24002.0,20221231,781198,870953,781198,FIRST AMERICAN BANK&TRUST CO,264569,268677,195457,72951,16858,501310,0.0,16858_20221231,1,1,0.0933834956054675,0.34358510902485667,<1bn
229530,NM,113626.0,20221231,326431,360735,326431,CITIZENS INDEPENDENT BANK,129482,96936,0,9943,16863,204462,0.0,16863_20221231,1,1,0.030459729621267587,0.030459729621267587,<1bn
133746,NM,14178.0,20221231,201878,224067,201878,WEST TEXAS STATE BANK,55957,68290,0,22497,16866,131517,0.0,16866_20221231,1,1,0.11143859162464459,0.11143859162464459,<1bn
29302,NM,0.0,20221231,33570,36066,33570,CORN GROWERS STATE BANK,13111,5081,0,4047,16868,17235,0.0,16868_20221231,1,1,0.12055406613047363,0.12055406613047363,<1bn
12395326,NM,4650585.0,20221231,20220128,23954627,20220128,UNITED COMMUNITY BANK,6213519,8093745,168943,513151,16889,15188870,135032.0,16889_20221231,1,1,0.02537822708145072,0.03373341652436621,10-100bn
429312,NM,176228.0,20221231,580680,680790,580680,PILGRIM BANK,192684,151661,0,10994,16891,431774,0.0,16891_20221231,1,1,0.018932975132603155,0.018932975132603155,<1bn
157469,NM,27587.0,20221231,177516,207530,177516,FIRST STATE BANK OF BEDIAS,49605,20106,5339,38150,16895,112041,0.0,16895_20221231,1,1,0.21491020527727078,0.24498636742603483,<1bn
233724,NM,44096.0,20221231,313115,357772,313115,F&M BANK,123853,80285,953,20255,16897,190402,0.0,16897_20221231,1,1,0.06468869265285918,0.06773230282803443,<1bn
69414,NM,20916.0,20221231,95427,107639,95427,PRINCEVILLE STATE BANK,43689,26043,1836,4881,16900,52782,1592.0,16900_20221231,1,1,0.051149045867521774,0.07038888364928166,<1bn
20376,NM,0.0,20221231,25447,30526,25447,BANK OF ORCHARD,16838,5151,3396,6354,16905,6997,0.0,16905_20221231,1,1,0.24969544543561126,0.3831492906825952,<1bn
46610,NM,3.0,20221231,49377,54152,49377,STATE BANK OF TAUNTON,10860,2811,7767,1281,16906,38068,0.0,16906_20221231,1,1,0.025943252931526824,0.183243210401604,<1bn
50693,NM,0.0,20221231,58785,63197,58785,SPIRO STATE BANK,34573,8103,8115,15778,16908,10310,0.0,16908_20221231,1,1,0.2684018031810836,0.4064472229310198,<1bn
144291,NM,15913.0,20221231,178153,225164,178153,22ND STATE BANK,21195,33881,0,12139,16910,173091,0.0,16910_20221231,1,1,0.06813806110478073,0.06813806110478073,<1bn
63322,NM,6607.0,20221231,71953,74905,71953,F&M BANK&TRUST CO,6607,8699,0,7865,16916,48693,0.0,16916_20221231,1,1,0.10930746459494392,0.10930746459494392,<1bn
50111,NM,38631.0,20221231,57866,60859,57866,CITIZENS STATE BANK,44563,7765,0,5248,16934,8578,0.0,16934_20221231,1,1,0.09069228908167144,0.09069228908167144,<1bn
59197,NM,18600.0,20221231,71544,75251,71544,FARMERS STATE BANK,39472,12378,0,1974,16941,31314,0.0,16941_20221231,1,1,0.02759141227775914,0.02759141227775914,<1bn
33348,NM,0.0,20221231,37375,43017,37375,BANK OF CLARKS,13768,4045,3479,1386,16953,26134,500.0,16953_20221231,1,1,0.03708361204013378,0.13016722408026757,<1bn
2353152,NM,198838.0,20221231,2481411,2847684,2481411,MINNWEST BANK,548906,130460,149569,129009,16958,2006103,151011.0,16958_20221231,1,1,0.05199017816879187,0.11226596480792582,1-10bn
56479,NM,0.0,20221231,66951,86436,66951,BANK OF BILLINGS,0,10490,0,11080,16959,69310,0.0,16959_20221231,1,1,0.16549416737614076,0.16549416737614076,<1bn
311589,NM,22281.0,20221231,372000,402497,372000,PEOPLES BANK,163831,60424,14995,35457,16968,186060,0.0,16968_20221231,1,1,0.09531451612903226,0.13562365591397849,<1bn
304081,NM,14210.0,20221231,354800,434445,354800,PEOPLES BANK OF KENTUCKY INC,41729,51061,997,26399,16970,340738,2.0,16970_20221231,1,1,0.07440529875986471,0.07721533258173618,<1bn
203435,NM,0.0,20221231,261228,309842,261228,SOLUTIONS NORTH BANK,74079,57993,29875,10653,16971,196174,0.0,16971_20221231,1,1,0.04078046763746612,0.15514416525027944,<1bn
368335,NM,45797.0,20221231,406275,452375,406275,COMMUNITY STB OF ORBISONIA,79856,37996,0,10899,16976,339413,0.0,16976_20221231,1,1,0.0268266568211187,0.0268266568211187,<1bn
3638224,NM,1199191.0,20221231,5902282,6600477,5902282,BANK OF COLORADO,2177074,2264413,707239,90406,16980,4114730,0.0,16980_20221231,1,1,0.015317126494464345,0.13514179769790735,1-10bn
586587,SM,39691.0,20221231,835781,987787,835781,BANK OF PONTIAC,214975,249447,58552,42539,16982,663369,13667.0,16982_20221231,1,1,0.05089730443740645,0.12095393410474753,<1bn
41993,NM,657.0,20221231,56863,79084,56863,FIRST SECURITY BANK&TRUST CO,657,14903,0,1072,17001,59064,1000.0,17001_20221231,1,1,0.018852329282661836,0.018852329282661836,<1bn
116153,NM,0.0,20221231,321542,376709,321542,CENTRAL BANK OF KANSAS CITY,69757,205522,52000,83162,17009,214586,61207.0,17009_20221231,1,1,0.25863495282109333,0.4203556611577959,<1bn
299956,NM,2959.0,20221231,449723,539144,449723,FNB SOUTH,63352,149925,56191,97426,17011,349058,0.0,17011_20221231,1,1,0.21663557345299217,0.34158137342319606,<1bn
457030,NM,142230.0,20221231,616538,706771,616538,WILSON&MUIR BANK&TRUST CO,241730,159525,5421,43406,17040,398477,0.0,17040_20221231,1,1,0.0704027975566794,0.0791954429410677,<1bn
33320,NM,4454.0,20221231,41390,49567,41390,STATE BANK OF BELLINGHAM,20985,8136,0,942,17062,24621,7689.0,17062_20221231,1,1,0.022759120560521866,0.022759120560521866,<1bn
360245,NM,0.0,20221231,445326,508032,445326,LABETTE BANK,158262,85402,15495,23281,17068,302503,0.0,17068_20221231,1,1,0.05227855548519512,0.08707329012902908,<1bn
74872,NM,0.0,20221231,104172,116415,104172,PEOPLES BANK,50003,29339,12885,28879,17073,34090,0.0,17073_20221231,1,1,0.27722420612064663,0.4009138732096917,<1bn
679303,NM,54643.0,20221231,872879,994588,872879,FIRST US BANK,132657,194075,52882,30152,17077,764451,62486.0,17077_20221231,1,1,0.03454316119416322,0.09512658684651595,<1bn
409519,N,179694.0,20221231,866406,980770,866406,FIRST NB OF SOUTH MIAMI,241553,456941,0,131847,17093,585427,0.0,17093_20221231,1,1,0.1521769239825209,0.1521769239825209,<1bn
153322,NM,4930.0,20221231,278578,315211,278578,HOMEBANK TEXAS,18318,125328,0,22417,17094,244843,0.0,17094_20221231,1,1,0.0804693837991514,0.0804693837991514,<1bn
84939,NM,29725.0,20221231,113620,124375,113620,LIBERTY STATE BANK,65486,28783,0,5247,17096,41879,0.0,17096_20221231,1,1,0.046180249955993666,0.046180249955993666,<1bn
441892,NM,87973.0,20221231,523570,585233,523570,COMMUNITY B&T WACO TEXAS,213333,81955,0,8438,17108,339854,35000.0,17108_20221231,1,1,0.016116278625589703,0.016116278625589703,<1bn
33047,NM,0.0,20221231,39251,43857,39251,GORHAM STATE BANK,1969,6218,1427,13662,17114,20515,0.0,17114_20221231,1,1,0.3480675651575756,0.3844233267942218,<1bn
783896,SI,67153.0,20221231,856846,1004795,856846,PARTNERS BANK OF NEW ENGLAND,124902,73394,10655,11605,17115,825628,108251.0,17115_20221231,1,1,0.013543857355930937,0.025978997392763693,1-10bn
487898,NM,144372.0,20221231,770050,852086,770050,FIRST SECURITY BANK,310617,283075,0,20441,17120,465935,0.0,17120_20221231,1,1,0.026545029543536134,0.026545029543536134,<1bn
28846,NM,10645.0,20221231,34277,35943,34277,LAKE COUNTRY COMMUNITY BANK,14631,5438,1675,3569,17122,8984,0.0,17122_20221231,1,1,0.1041222977506783,0.15298888467485486,<1bn
492789,SI,103788.0,20221231,597687,662318,597687,ARTISANS BANK,143112,104953,0,15768,17123,464172,0.0,17123_20221231,1,1,0.026381701459124926,0.026381701459124926,<1bn
101278,NM,14524.0,20221231,129717,150638,129717,WILCOX COUNTY STATE BANK,18024,28482,0,6194,17126,107956,0.0,17126_20221231,1,1,0.04775010214543969,0.04775010214543969,<1bn
151769,NM,0.0,20221231,189251,259345,189251,INTERCITY STATE BANK,34978,37563,11871,8669,17128,210809,0.0,17128_20221231,1,1,0.045806891377060094,0.10853311211037193,<1bn
14228,NM,8.0,20221231,15558,17430,15558,PEOPLES STATE BANK,1245,1335,987,4985,17138,9690,0.0,17138_20221231,1,1,0.3204139349530788,0.38385396580537345,<1bn
383094,NM,46266.0,20221231,463962,604832,463962,HERITAGE BANK,318875,80910,176603,115007,17145,159685,0.0,17145_20221231,1,1,0.24788021432789753,0.6285213013134696,<1bn
636156,NM,168072.0,20221231,1942490,2406732,1942490,BANK OF UTAH,385382,1306483,24548,193871,17159,1698382,0.0,17159_20221231,1,1,0.09980540440362627,0.11244279249828829,1-10bn
30229,SM,3.0,20221231,35553,38813,35553,COTTONWOOD VALLEY BANK,25897,5335,0,5994,17160,5442,0.0,17160_20221231,1,1,0.1685933676482997,0.1685933676482997,<1bn
460027,NM,106598.0,20221231,620577,705542,620577,DAIRY STATE BANK,383983,160991,130641,26538,17162,264447,0.0,17162_20221231,1,1,0.04276342822889021,0.253278803436157,<1bn
111044,NM,35896.0,20221231,138926,149088,138926,STATE BANK&TRUST CO,59337,27923,0,9269,17169,74862,0.0,17169_20221231,1,1,0.0667189726904971,0.0667189726904971,<1bn
27227,NM,6032.0,20221231,34903,36596,34903,PEOPLES STB FAIRMOUNT N D,7555,7697,0,1339,17174,24118,0.0,17174_20221231,1,1,0.03836346445864253,0.03836346445864253,<1bn
910915,SI,80128.0,20221231,1174035,1552881,1174035,MEREDITH VILLAGE SB,88927,263629,0,23947,17180,1377049,67101.0,17180_20221231,1,1,0.020397177256214677,0.020397177256214677,1-10bn
99876,NM,735.0,20221231,131626,170373,131626,BANK OF CAMILLA,43008,31811,8880,5825,17190,93512,1001.0,17190_20221231,1,1,0.044254174707124734,0.11171804962545394,<1bn
129899,NM,0.0,20221231,180664,208411,180664,WARRINGTON BANK,141981,50774,141981,19309,17193,44745,0.0,17193_20221231,1,1,0.10687796129832175,0.8927622547934286,<1bn
35432,NM,5405.0,20221231,40507,48369,40507,POTTER STATE BANK OF POTTER,18386,5185,1312,7525,17205,19890,0.0,17205_20221231,1,1,0.18577036067840128,0.21815982422791122,<1bn
127353,NM,0.0,20221231,160212,181566,160212,TSB BANK,45721,33036,0,9126,17208,117800,0.0,17208_20221231,1,1,0.056962025316455694,0.056962025316455694,<1bn
1098438,SM,24435.0,20221231,1214591,1335234,1214591,CITIZENS BANK,96972,116658,0,53456,17211,1093922,69603.0,17211_20221231,1,1,0.04401152322057384,0.04401152322057384,1-10bn
235703,NM,60696.0,20221231,355214,387121,355214,CITIZENS STATE BANK,141106,119891,0,19551,17214,217415,0.0,17214_20221231,1,1,0.05504006035798138,0.05504006035798138,<1bn
99187,NM,61339.0,20221231,378747,399855,378747,FIRST SECURITY T&SB,139334,279580,986,59857,17224,193622,0.0,17224_20221231,1,1,0.15803953562668482,0.1606428565770818,<1bn
141910,NM,9052.0,20221231,210429,283649,210429,HENDERSON STATE BANK,41523,68753,0,5782,17229,225540,36410.0,17229_20221231,1,1,0.027477201336317713,0.027477201336317713,<1bn
303348,N,0.0,20221231,592777,705700,592777,ALBANY B&T CO NA,51929,289774,13742,109154,17230,533114,0.0,17230_20221231,1,1,0.184140072911061,0.20732248383456173,<1bn
97147,NM,11136.0,20221231,109731,120205,109731,SIDNEY STATE BANK,27823,14829,5779,3797,17232,86338,545.0,17232_20221231,1,1,0.034602801396141476,0.08726795527243897,<1bn
101705,NM,21792.0,20221231,130284,155536,130284,NORTH CENTRAL BANK,40089,28635,477,12052,17241,91793,0.0,17241_20221231,1,1,0.09250560314390102,0.09616683552853765,<1bn
167641,NM,10642.0,20221231,254139,273656,254139,BANK OF DENVER,55712,86666,0,4403,17244,195177,0.0,17244_20221231,1,1,0.017325164575291475,0.017325164575291475,<1bn
102278,SM,312.0,20221231,141662,169282,141662,ST ANSGAR STATE BANK,60660,39511,3979,10073,17259,95429,0.0,17259_20221231,1,1,0.07110587172283322,0.09919385579760275,<1bn
373850,SI,0.0,20221231,462010,528294,462010,ESSEX SAVINGS BANK,64408,89055,64408,110973,17262,323168,0.0,17262_20221231,1,1,0.2401960996515227,0.3796043375684509,<1bn
17168774,NM,1958668.0,20221231,27211505,31844724,27211505,UMPQUA BANK,3260235,10057093,225853,1294429,17266,25926493,866862.0,17266_20221231,1,1,0.04756918075644842,0.055869089195911804,10-100bn
215431,NM,51660.0,20221231,317228,332800,317228,BANK OF TIOGA,200646,101927,2407,7434,17280,71770,85335.0,17280_20221231,1,1,0.023434249183552525,0.031021851791140757,<1bn
27089964,N,16848262.0,20221231,75445967,96504709,75445967,CITY NATIONAL BANK,22028090,49829973,658657,4412790,17281,64996615,3444831.0,17281_20221231,1,1,0.058489408718162494,0.0672195904123013,10-100bn
416868,NM,3669.0,20221231,652013,785842,652013,BANKIOWA,178734,235605,75783,19053,17282,549013,5018.0,17282_20221231,1,1,0.029221809994585998,0.14545108763168832,<1bn
4418462,NM,1103158.0,20221231,6753138,7419533,6753138,CENTRAL PACIFIC BANK,1336677,2338808,0,112044,17308,5492833,0.0,17308_20221231,1,1,0.016591397954550908,0.016591397954550908,1-10bn
173253,NM,0.0,20221231,227156,251496,227156,GOPPERT STATE SERVICE BANK,29802,54054,29170,13365,17317,200114,0.0,17317_20221231,1,1,0.058836218281709485,0.18725017168817906,<1bn
283125,NM,113839.0,20221231,514752,593255,514752,PEOPLES BANK&TRUST,204823,231655,23137,10585,17320,345604,11603.0,17320_20221231,1,1,0.020563300385428324,0.06551115877160263,<1bn
2968442,NM,357662.0,20221231,3455109,3866130,3455109,FIRST STATE COMMUNITY BANK,650115,488238,34388,169178,17323,2712547,37575.0,17323_20221231,1,1,0.04896459127628101,0.05891738871335173,1-10bn
207796,NM,49274.0,20221231,257974,296885,257974,BANK OF DICKSON,112394,50292,8407,10078,17327,165056,0.0,17327_20221231,1,1,0.039065952382798266,0.07165450781861737,<1bn
160544,NM,4632.0,20221231,341246,437379,341246,SOUTH STORY BANK&TRUST,11902,185012,488,18853,17348,368048,30100.0,17348_20221231,1,1,0.055247534037029006,0.05667758742959624,<1bn
45264,NM,11358.0,20221231,72659,77944,72659,FIRST STB OF SAN DIEGO,33500,27423,9764,23564,17350,20276,0.0,17350_20221231,1,1,0.32430944549195556,0.45869059579680427,<1bn
107414,NM,16036.0,20221231,158155,171335,158155,CARSON BANK,44478,50789,14922,15134,17369,103231,0.0,17369_20221231,1,1,0.09569093610698365,0.19004141506749708,<1bn
229304,NM,0.0,20221231,262774,349535,262774,MID-AMERICA BANK,5066,33829,0,4239,17374,302341,26224.0,17374_20221231,1,1,0.01613173297205964,0.01613173297205964,<1bn
32052,NM,11054.0,20221231,44388,46899,44388,STATE EXCHANGE BANK,21732,12371,0,1550,17375,18811,0.0,17375_20221231,1,1,0.034919347571415696,0.034919347571415696,<1bn
199613,NM,38904.0,20221231,291708,382157,291708,M C BANK&TRUST CO,75676,92211,14822,4622,17388,274836,0.0,17388_20221231,1,1,0.015844611735022694,0.0666556967926831,<1bn
3085721,NM,872323.0,20221231,5397813,6150272,5397813,GERMAN AMERICAN BANK,1757346,2366667,64119,116256,17393,3749366,0.0,17393_20221231,1,1,0.021537611621595634,0.03341631138388825,1-10bn
96645,SM,18902.0,20221231,146570,163079,146570,IMPACT BANK,45148,49991,0,11473,17399,86213,0.0,17399_20221231,1,1,0.07827659138977963,0.07827659138977963,<1bn
28996,NM,0.0,20221231,35599,45199,35599,HAVILAND STATE BANK,12553,6616,0,7759,17403,23391,0.0,17403_20221231,1,1,0.21795556054945364,0.21795556054945364,<1bn
69960,NM,2802.0,20221231,93970,103460,93970,BENDENA STATE BANK,41813,24062,4360,1356,17410,58092,0.0,17410_20221231,1,1,0.014430137277854634,0.06082792380546983,<1bn
293661,SM,15491.0,20221231,425356,482099,425356,MOUNTAIN VALLEY BANK,137963,131910,40252,14122,17411,299243,10086.0,17411_20221231,1,1,0.03320042505571803,0.12783174564364908,<1bn
440182,NM,35640.0,20221231,532890,677634,532890,STONE BANK,77643,93140,0,26847,17431,510553,43782.0,17431_20221231,1,1,0.050380003377807805,0.050380003377807805,<1bn
2287632,SM,221937.0,20221231,3129581,3589007,3129581,DACOTAH BANK,604806,844351,190887,91022,17437,2699797,7283.0,17437_20221231,1,1,0.02908440458962398,0.09007883163912357,1-10bn
2267303,N,0.0,20221231,2846962,4554611,2846962,FIRST NB OF AMERICA,101225,585186,0,144391,17438,4186438,1156072.0,17438_20221231,1,1,0.05071757192403692,0.05071757192403692,1-10bn
12719,NM,0.0,20221231,15057,19044,15057,DYSART STATE BANK,2576,2341,999,5909,17441,9083,0.0,17441_20221231,1,1,0.3924420535299196,0.45878993159327885,<1bn
272678,SI,16376.0,20221231,341206,380965,341206,PISCATAQUA SAVINGS BANK,114259,68549,12253,33345,17443,204787,13000.0,17443_20221231,1,1,0.09772688639707391,0.13363774376769458,<1bn
423661,NM,161197.0,20221231,549243,570848,549243,COMMUNITY BANK,395849,125608,69093,20538,17445,139046,0.0,17445_20221231,1,1,0.03739328493945303,0.16319006341455422,<1bn
85060,NM,22640.0,20221231,108217,129706,108217,FORT DAVIS STATE BANK,51568,23165,3895,17018,17446,46435,0.0,17446_20221231,1,1,0.15725810177698513,0.19325059833482724,<1bn
28739,NM,0.0,20221231,31684,41384,31684,DEFIANCE STATE BANK,7012,2945,0,5807,17450,26915,0.0,17450_20221231,1,1,0.18327862643605605,0.18327862643605605,<1bn
110470,SM,0.0,20221231,153335,167245,153335,HALSTEAD BANK,44560,42904,37888,10578,17451,102381,9048.0,17451_20221231,1,1,0.0689862066716666,0.3160791730524668,<1bn
328502,NM,89783.0,20221231,444470,518302,444470,APPLE RIVER STATE BANK,185126,116068,15955,27494,17453,286266,0.0,17453_20221231,1,1,0.06185794316826782,0.09775462910882625,<1bn
997826,NM,0.0,20221231,1611244,2054334,1611244,FIRST BANK CHICAGO,526109,614750,995,47551,17470,1407001,213392.0,17470_20221231,1,1,0.029511979563616685,0.030129514834500548,1-10bn
463865,SM,17499.0,20221231,679436,847636,679436,UNITED BANK&TRUST,180548,215692,72747,12478,17477,595406,0.0,17477_20221231,1,1,0.018365232339764156,0.12543491955092165,<1bn
476203,NM,3509.0,20221231,768920,871148,768920,FIRSTIER BANK,13247,293539,0,7420,17478,730945,24528.0,17478_20221231,1,1,0.009649898559017843,0.009649898559017843,<1bn
7245665,SM,1989438.0,20221231,11235697,13520414,11235697,PLAINSCAPITAL BANK,2534478,4061151,19144,1564261,17491,8539677,14367.0,17491_20221231,1,1,0.1392224265214699,0.14092628165391075,10-100bn
660475,NM,86067.0,20221231,1075365,1228854,1075365,FIRST STB OF THE FL KEYS,364875,415092,48528,8294,17509,831398,0.0,17509_20221231,1,1,0.007712730096292887,0.052839733485839695,1-10bn
150766,N,17647.0,20221231,194291,227261,194291,FISHER NATIONAL BANK,45819,43633,0,6825,17513,164194,11018.0,17513_20221231,1,1,0.0351277207899491,0.0351277207899491,<1bn
2043421,NM,73079.0,20221231,2510169,2844673,2510169,BANTERRA BANK,608473,468334,0,54465,17514,2055778,208607.0,17514_20221231,1,1,0.021697742263568708,0.021697742263568708,1-10bn
75568635,N,33603904.0,20221231,145991717,187590465,145991717,KEYBANK NATIONAL ASSN,47826631,75761705,8448207,3394921,17534,119433458,3793725.0,17534_20221231,1,1,0.02325420283946657,0.08112191734822874,>=100bn
109189,NM,16725.0,20221231,141725,147192,141725,BANK OF DADE,63216,32601,225,4734,17543,73498,0.0,17543_20221231,1,1,0.03340271652848827,0.034990298112541895,<1bn
40801,NM,964.0,20221231,45959,52038,45959,COMMUNITY STATE BANK,31996,5201,18092,2523,17551,14735,0.0,17551_20221231,1,1,0.05489675580408625,0.4485519702343393,<1bn
402872,NM,171497.0,20221231,568650,656186,568650,PALMETTO STATE BANK,374425,165847,0,32014,17563,221140,0.0,17563_20221231,1,1,0.056298250241800754,0.056298250241800754,<1bn
15345,NM,25.0,20221231,18734,24360,18734,BANK OF DENTON,10284,3401,4316,1399,17569,11947,0.0,17569_20221231,1,1,0.07467705775595175,0.30506031813814455,<1bn
160310,N,39308.0,20221231,191531,215786,191531,FIRST NB IN TAYLORVILLE,126082,31257,0,11904,17572,69659,0.0,17572_20221231,1,1,0.062151818765630626,0.062151818765630626,<1bn
320953,NM,2.0,20221231,525026,586236,525026,FNBT BANK,154999,209034,154997,215211,17580,199482,0.0,17580_20221231,1,1,0.40990541420805826,0.705123174852293,<1bn
124854,NM,11.0,20221231,159798,190038,159798,SIMMESPORT STATE BANK,3684,35047,0,19024,17587,157179,2733.0,17587_20221231,1,1,0.11905030100501883,0.11905030100501883,<1bn
531023,NM,125624.0,20221231,756361,809214,756361,FIRST STATE BANK,201122,225400,23671,51457,17588,525515,2219.0,17588_20221231,1,1,0.06803232847806802,0.09932823083157381,<1bn
10469,NM,0.0,20221231,12566,14660,12566,CULBERTSON BANK,4150,2099,963,4610,17589,5705,0.0,17589_20221231,1,1,0.3668629635524431,0.4434983288238103,<1bn
163550,N,3498.0,20221231,274277,300795,274277,NATIONAL BANK OF ANDREWS,68854,110740,17530,5680,17603,171163,0.0,17603_20221231,1,1,0.02070899127524364,0.08462248019338114,<1bn
45278,NM,2327.0,20221231,51656,55734,51656,CITY STATE BANK,14585,6401,5438,6827,17607,31558,0.0,17607_20221231,1,1,0.1321627690878117,0.23743611584327087,<1bn
540583,SM,18162.0,20221231,882541,975852,882541,CENTRAL BANK,162370,341997,14438,35494,17612,742939,0.0,17612_20221231,1,1,0.04021796154512935,0.056577541440001086,<1bn
610366,NM,98506.0,20221231,746855,977048,746855,FARMERS BANK&TRUST,560836,137139,0,11066,17614,361080,160005.0,17614_20221231,1,1,0.014816798441464541,0.014816798441464541,<1bn
51399,NM,13.0,20221231,55895,63028,55895,BASILE STATE BANK,178,4577,0,9551,17621,48161,0.0,17621_20221231,1,1,0.170873960103766,0.170873960103766,<1bn
200196,NM,12290.0,20221231,252646,282088,252646,ALDEN STATE BANK,20316,52482,0,108075,17622,140479,0.0,17622_20221231,1,1,0.42777245632228494,0.42777245632228494,<1bn
39032,NM,0.0,20221231,43635,51288,43635,FARMERS STB OF BLUE MOUND,11067,4626,450,5633,17629,29890,0.0,17629_20221231,1,1,0.1290936175088805,0.1394064397845766,<1bn
14744,NM,0.0,20221231,14815,17558,14815,FARMERS STATE BANK,5201,83,4241,4433,17632,7803,0.0,17632_20221231,1,1,0.2992237597030037,0.5854876814039824,<1bn
302976,NM,92614.0,20221231,427532,453701,427532,ASTRA BANK,193965,124622,3397,14602,17636,174808,9170.0,17636_20221231,1,1,0.03415416857685506,0.042099772648597066,<1bn
357258,NM,4227.0,20221231,417209,464756,417209,FIRST STATE BANK&TRUST CO,65271,60027,2581,24682,17639,336086,0.0,17639_20221231,1,1,0.059159797607434166,0.06534614545707307,<1bn
286014,N,132524.0,20221231,442997,453122,442997,FIRST NATIONAL BANK,232789,157059,0,11481,17643,191564,10000.0,17643_20221231,1,1,0.025916654063120066,0.025916654063120066,<1bn
98483,NM,16736.0,20221231,143624,164518,143624,STOCKGROWERS STB ASHLAND KS,68643,45249,2888,15940,17650,73490,0.0,17650_20221231,1,1,0.11098423661783546,0.13109229655210827,<1bn
15806,NM,0.0,20221231,19874,22034,19874,ALDEN STATE BANK,4507,4076,2463,3236,17652,10874,0.0,17652_20221231,1,1,0.16282580255610346,0.28675656636811914,<1bn
1222737,SI,291993.0,20221231,1531543,1795136,1531543,NORWAY SAVINGS BANK,433574,309208,5829,43638,17658,1206667,45032.0,17658_20221231,1,1,0.028492833697780603,0.0322987993154616,1-10bn
50795,NM,10699.0,20221231,83068,100874,83068,FIRST STATE BANK OF HEALY,33842,32324,0,1692,17661,56238,0.0,17661_20221231,1,1,0.02036885443251312,0.02036885443251312,<1bn
81674,NM,110.0,20221231,109183,130130,109183,BANK OF PRAIRIE VILLAGE,13503,27522,4195,1195,17671,106549,0.0,17671_20221231,1,1,0.010944927323850783,0.0493666596448165,<1bn
311125,NM,58764.0,20221231,415247,472684,415247,CITIZENS STATE BANK,219885,104192,30123,9825,17672,208042,0.0,17672_20221231,1,1,0.023660616452376538,0.0962029828030064,<1bn
377212,NM,8298.0,20221231,524866,618429,524866,LEGACY BANK,128192,147873,20743,10903,17676,430385,2724.0,17676_20221231,1,1,0.02077292108843019,0.060293484432216986,<1bn
299511,NM,909.0,20221231,370301,439956,370301,PEOPLES STATE BANK,3900,71346,0,68750,17685,337204,0.0,17685_20221231,1,1,0.18565977407568438,0.18565977407568438,<1bn
140818,NM,12873.0,20221231,207633,248929,207633,COMMUNITY STATE BANK,66780,66820,27738,79131,17734,78313,0.0,17734_20221231,1,1,0.381109939171519,0.5147014202944619,<1bn
4294035,N,1193384.0,20221231,4923503,5832156,4923503,CITY NB OF WEST VIRGINIA,1474823,692073,0,196003,17735,3627737,0.0,17735_20221231,1,1,0.03980966397298834,0.03980966397298834,1-10bn
255304,SI,89931.0,20221231,463153,497776,463153,HOMETOWN SAVINGS BANK,155890,207991,0,74404,17736,236635,0.0,17736_20221231,1,1,0.16064669774351023,0.16064669774351023,<1bn
285619,NM,44497.0,20221231,708168,818034,708168,PLAINS STATE BANK,62637,422779,4338,118676,17739,617894,63123.0,17739_20221231,1,1,0.167581703776505,0.17370736887292282,<1bn
606039,SI,63242.0,20221231,828427,1004289,828427,MAINE COMMUNITY BANK,97138,222441,10408,10946,17741,840513,39088.0,17741_20221231,1,1,0.013212992816506463,0.025776562086943088,1-10bn
820086,SI,139482.0,20221231,1007618,1276362,1007618,SACO&BIDDEFORD SVG INST,209304,189313,0,26018,17743,979208,182057.0,17743_20221231,1,1,0.025821293386978,0.025821293386978,1-10bn
1074513,SI,242432.0,20221231,1349761,1607984,1349761,GORHAM SAVINGS BANK,258109,276332,0,26338,17748,1231058,92717.0,17748_20221231,1,1,0.01951308416823423,0.01951308416823423,1-10bn
672191,SI,93818.0,20221231,1055695,1276951,1055695,BATH SAVINGS INSTITUTION,445443,383614,0,44507,17749,714813,17441.0,17749_20221231,1,1,0.04215895689569431,0.04215895689569431,1-10bn
1048401,SI,107732.0,20221231,1265376,1450036,1265376,ANDROSCOGGIN SAVINGS BANK,144960,217605,93,37002,17751,1195113,286978.0,17751_20221231,1,1,0.029241901221455126,0.029315397162582506,1-10bn
76304,NM,0.0,20221231,89044,95140,89044,BALTIC STATE BANK,6728,12762,0,7522,17759,75247,0.0,17759_20221231,1,1,0.08447509096626386,0.08447509096626386,<1bn
1420682,SI,155271.0,20221231,1609343,2127985,1609343,CENTREVILLE BANK,410651,189482,0,62504,17764,1499586,126000.0,17764_20221231,1,1,0.03883820913254664,0.03883820913254664,1-10bn
188096,NM,30764.0,20221231,253362,287654,253362,GUARANTY BANK&TRUST CO,44449,65312,5999,10932,17767,216446,0.0,17767_20221231,1,1,0.04314774907049992,0.06682533292285346,<1bn
209983,NM,67812.0,20221231,320794,358044,320794,BANK OF HAYS,150980,110913,8429,14315,17769,175410,0.0,17769_20221231,1,1,0.04462365256208034,0.07089908165364689,<1bn
140885,NM,8598.0,20221231,162307,175455,162307,BLUE RIDGE BANK,30805,21426,468,30105,17773,106954,0.0,17773_20221231,1,1,0.1854818338087698,0.18836525843001226,<1bn
108585,NM,10943.0,20221231,148346,166357,148346,FIRST STATE BANK,49259,39784,0,64938,17775,47068,0.0,17775_20221231,1,1,0.4377468890297008,0.4377468890297008,<1bn
76821,N,7801.0,20221231,98217,112864,98217,PIKES PEAK NATIONAL BANK,20784,21406,5244,21679,17782,65041,0.0,17782_20221231,1,1,0.220725536312451,0.274117515297759,<1bn
424350,SB,139083.0,20221231,705191,888799,705191,ROLLSTONE BANK&TRUST,191230,281345,0,11943,17797,622329,57905.0,17797_20221231,1,1,0.016935837241258044,0.016935837241258044,<1bn
2516286,SM,81872.0,20221231,4116022,6055752,4116022,BROOKLINE BANK,354389,1601016,172482,163416,17798,5216383,205012.0,17798_20221231,1,1,0.03970241169750793,0.08160743552877026,1-10bn
576239,NM,271595.0,20221231,955774,1055153,955774,CITIZENS BANK,463639,379536,54485,155734,17809,373058,0.0,17809_20221231,1,1,0.16294019297448978,0.2199463471490122,1-10bn
209579,N,58012.0,20221231,352440,375335,352440,FIRST NB IN PORT LAVACA,134352,142894,0,21814,17811,205400,0.0,17811_20221231,1,1,0.061894223130178186,0.061894223130178186,<1bn
30927,NM,5959.0,20221231,53004,58008,53004,BANK OF HAZELTON,15691,22119,6818,11014,17813,24630,0.0,17813_20221231,1,1,0.2077956380650517,0.3364274394385329,<1bn
17957,NM,0.0,20221231,17944,20658,17944,BOELUS STATE BANK,495,0,0,14389,17825,5591,0.0,17825_20221231,1,1,0.8018836379848417,0.8018836379848417,<1bn
124668,NM,5300.0,20221231,150509,178735,150509,CITIZENS BANK OF CHARLESTON,22367,25905,4771,42300,17830,104038,0.0,17830_20221231,1,1,0.2810463161671395,0.31274541721757504,<1bn
165976,SM,7036.0,20221231,209902,230242,209902,KAW VALLEY STATE B&T CO,105360,44020,48121,11946,17832,108898,0.0,17832_20221231,1,1,0.05691227334660937,0.2861668778763423,<1bn
9869702,SB,4824274.0,20221231,16436990,19808858,16436990,WILMINGTON SVG FUND SOCIETY,5204679,6879394,0,828999,17838,11802977,117454.0,17838_20221231,1,1,0.050434964065805235,0.050434964065805235,10-100bn
103317,NM,11994.0,20221231,155721,166543,155721,VERMILION BANK&TRUST CO,49283,52485,14148,46199,17841,67828,0.0,17841_20221231,1,1,0.29667803314902935,0.3875328311531521,<1bn
1914314,NM,386185.0,20221231,3421806,4142065,3421806,TEXAS BANK&TRUST CO,623577,1509163,22048,183707,17842,3144745,0.0,17842_20221231,1,1,0.053687146495154894,0.0601305275635147,1-10bn
212045,NM,64464.0,20221231,403657,519156,403657,STERLING STATE BANK,231111,191644,116810,9636,17863,258871,0.0,17863_20221231,1,1,0.023871752502743666,0.31325110180177723,<1bn
3107672,NM,309313.0,20221231,4791991,6474352,4791991,CAMBRIDGE SAVINGS BANK,703390,1696790,0,100625,17870,5272622,396959.0,17870_20221231,1,1,0.020998578670118537,0.020998578670118537,1-10bn
90897,N,25266.0,20221231,116474,128086,116474,FIRST NATIONAL BANK CORTEZ,37901,25593,0,1834,17872,72406,0.0,17872_20221231,1,1,0.015746003399900406,0.015746003399900406,<1bn
77092,NM,0.0,20221231,89428,99133,89428,BANK OF LOUISIANA,13372,12342,2970,5385,17878,47420,0.0,17878_20221231,1,1,0.06021603971910364,0.09342711455025272,<1bn
74659,NM,0.0,20221231,118798,145647,118798,FREEDOM BANK,38162,44204,28006,9541,17881,90658,2373.0,17881_20221231,1,1,0.08031279987878584,0.3160575093856799,<1bn
1068207,SI,101340.0,20221231,1346856,1640422,1346856,KENNEBEC SAVINGS BANK,204744,279577,0,15209,17897,1373061,191591.0,17897_20221231,1,1,0.011292224261539467,0.011292224261539467,1-10bn
193039,SM,23981.0,20221231,304891,397356,304891,MAQUOKETA STATE BANK,166909,112055,28686,12483,17903,194840,0.0,17903_20221231,1,1,0.040942500762567606,0.1350285839857523,<1bn
139019,NM,32650.0,20221231,222910,243791,222910,AMERICAN BANK&TRUST CO,70925,83909,2884,21777,17906,143455,0.0,17906_20221231,1,1,0.0976941366470773,0.11063209367009107,<1bn
914309,NM,88048.0,20221231,1216361,1426476,1216361,MORRIS BANK,259678,307562,20649,40038,17910,1038091,28574.0,17910_20221231,1,1,0.032916214840824395,0.049892260603554374,1-10bn
99221,N,22141.0,20221231,131348,143610,131348,FIRST NB OF FORT STOCKTON,50725,32141,0,3307,17913,85533,0.0,17913_20221231,1,1,0.025177391357310352,0.025177391357310352,<1bn
70279,NM,1553.0,20221231,93329,101723,93329,STRASBURG STATE BANK,23946,23106,1480,9949,17922,32009,0.0,17922_20221231,1,1,0.10660137792111776,0.12245925703693386,<1bn
145713,NM,37343.0,20221231,184809,221188,184809,VINTAGE BANK KANSAS,72985,39619,1517,11189,17927,118817,5.0,17927_20221231,1,1,0.06054358824516122,0.06875206294065765,<1bn
516865,NM,10102.0,20221231,659823,745735,659823,BLUE RIDGE BANK&TRUST CO,168029,143260,75160,38950,17933,503606,0.0,17933_20221231,1,1,0.0590309825513812,0.17294031884308367,<1bn
394555,NM,0.0,20221231,586460,725763,586460,FRANKLIN BANK&TRUST CO,10300,192430,4966,74282,17937,606296,0.0,17937_20221231,1,1,0.12666166490468234,0.13512942059134467,<1bn
4625417,SI,820768.0,20221231,5822055,6944336,5822055,LIBERTY BANK,1333468,1197052,0,143773,17943,5012728,110498.0,17943_20221231,1,1,0.024694545139130428,0.024694545139130428,1-10bn
206729,NM,10394.0,20221231,277128,304804,277128,FIRST STATE BANK,34006,70576,0,28834,17950,222924,25388.0,17950_20221231,1,1,0.10404578389769348,0.10404578389769348,<1bn
533458,SI,118970.0,20221231,670773,761892,670773,FRANKLIN SAVINGS BANK,164996,139133,0,24421,17951,528227,29243.0,17951_20221231,1,1,0.036407249546418836,0.036407249546418836,<1bn
267953,NM,21737.0,20221231,332587,377339,332587,DOLORES STATE BANK,97648,64661,2155,23057,17959,235753,0.0,17959_20221231,1,1,0.0693262214097364,0.0758057290272921,<1bn
735316,SI,95551.0,20221231,1042080,1317746,1042080,MERRIMACK COUNTY SB,130443,307259,17760,25289,17960,1107173,66081.0,17960_20221231,1,1,0.02426781053278059,0.041310647934899435,1-10bn
1395828,NM,179242.0,20221231,1936934,2209740,1936934,STATE BANK OF SOUTHERN UTAH,792523,542548,325268,40325,17964,1253351,0.0,17964_20221231,1,1,0.020818985055763385,0.18874830014858535,1-10bn
88005,NM,11820.0,20221231,110487,113386,110487,COMMERCIAL BANK OF OZARK,40591,22552,0,7340,17975,58515,0.0,17975_20221231,1,1,0.0664331550318137,0.0664331550318137,<1bn
136614,NM,29394.0,20221231,222159,250106,222159,CASTROVILLE STATE BANK,74705,85572,4105,9921,17979,160312,0.0,17979_20221231,1,1,0.04465720497481533,0.0631349618966596,<1bn
9640,NM,1073.0,20221231,10956,11761,10956,WALTON STATE BANK,3073,1318,1194,2607,17982,3224,0.0,17982_20221231,1,1,0.23795180722891565,0.34693318729463307,<1bn
10653512,NM,6807461.0,20221231,19932845,24576937,21707053,FIRST HAWAIIAN BANK,7477148,11073575,68159,526624,17985,13948112,0.0,17985_20221231,1,1,0.026419911457697082,0.029839343054140037,10-100bn
115835,NM,12367.0,20221231,146420,169127,146420,KEYSTONE SAVINGS BANK,50515,30672,0,4002,17993,107592,0.0,17993_20221231,1,1,0.027332331648681873,0.027332331648681873,<1bn
36089,NM,0.0,20221231,38815,44406,38815,BANK OF GREELEY,14418,2766,4330,7190,17995,21091,0.0,17995_20221231,1,1,0.18523766585083087,0.2967924771351282,<1bn
1676941,SM,77510.0,20221231,2055299,2432022,2055299,BANK OF NEW HAMPSHIRE,317863,378428,0,31694,18012,1940541,71318.0,18012_20221231,1,1,0.015420627363707178,0.015420627363707178,1-10bn
2020373,SM,211364.0,20221231,2369151,2733504,2369151,MASCOMA BANK,428982,349065,106811,34826,18013,2150741,5026.0,18013_20221231,1,1,0.014699780638718258,0.059783863502157523,1-10bn
134552,NM,0.0,20221231,159184,197041,159184,PATRIOTS BANK,23490,24674,4938,4218,18019,158825,0.0,18019_20221231,1,1,0.026497637953563174,0.05751834355211579,<1bn
286356,SI,36332.0,20221231,329968,382131,329968,SUGAR RIVER BANK,85066,43651,0,18506,18028,249816,0.0,18028_20221231,1,1,0.05608422634922174,0.05608422634922174,<1bn
534368,SI,60779.0,20221231,654989,702716,654989,SAVINGS BANK OF WALPOLE,118317,120664,32940,11888,18030,545923,0.0,18030_20221231,1,1,0.01814992312848002,0.06844084404470915,<1bn
524568,SI,98565.0,20221231,582524,648071,582524,WOODSVILLE GUARANTY SB,147824,57972,0,8063,18031,458902,0.0,18031_20221231,1,1,0.013841489792695236,0.013841489792695236,<1bn
104776,NM,3822.0,20221231,129025,136711,129025,SECURITY BANK OF THE OZARKS,31449,24313,1794,10358,18033,84618,0.0,18033_20221231,1,1,0.08027901569463282,0.09418329781050185,<1bn
395691,SI,37577.0,20221231,432649,530980,432649,CLAREMONT SAVINGS BANK,88635,36982,0,8339,18038,400869,45049.0,18038_20221231,1,1,0.019274284697295037,0.019274284697295037,<1bn
11217983,SM,6937873.0,20221231,19474651,23579258,20634843,BANK OF HAWAII,8256462,9466254,271062,401767,18053,13503016,0.0,18053_20221231,1,1,0.02063025416989501,0.03454896316242073,10-100bn
982057,NM,233098.0,20221231,1679968,1921523,1679968,BANK OF COMMERCE,440995,698286,0,179356,18059,1183570,0.0,18059_20221231,1,1,0.10676155736299739,0.10676155736299739,1-10bn
74771,NM,0.0,20221231,81908,91319,81908,COREBANK,9956,7137,8801,1118,18063,70270,0.0,18063_20221231,1,1,0.013649460370171411,0.1210992821214045,<1bn
60603,NM,779.0,20221231,71897,80691,71897,WATKINS SAVINGS BANK,45053,11387,9960,971,18071,31780,0.0,18071_20221231,1,1,0.01350543138100338,0.1520369417360947,<1bn
26220,NM,0.0,20221231,30823,33965,30823,PIQUA STATE BANK,17181,4613,7388,6697,18089,9328,0.0,18089_20221231,1,1,0.21727281575446908,0.4569639554877851,<1bn
24984,NM,2756.0,20221231,26868,31105,26868,MARQUETTE FARMERS STB MARQUE,12440,1904,1750,6552,18094,10655,0.0,18094_20221231,1,1,0.24385886556498437,0.30899210957272594,<1bn
792020,NM,365164.0,20221231,968780,1244001,968780,COREFIRST BANK&TRUST,374839,176958,3668,27513,18100,762430,0.0,18100_20221231,1,1,0.02839963665641322,0.03218584198682879,1-10bn
44052,NM,1000.0,20221231,60925,66040,60925,FARMERS STB OF BUCKLIN KS,11734,16900,382,7863,18101,25506,0.0,18101_20221231,1,1,0.1290603200656545,0.13533032416906032,<1bn
76988,NM,0.0,20221231,88042,142448,88042,TRICENTURY BANK,84,11108,0,3233,18109,117438,0.0,18109_20221231,1,1,0.03672111037913723,0.03672111037913723,<1bn
222555,NM,38002.0,20221231,325899,361181,325899,PLAINS STATE BANK,129203,103490,39346,12994,18118,196805,0.0,18118_20221231,1,1,0.03987124845427571,0.1606019042709551,<1bn
103587,NM,0.0,20221231,146132,175150,146132,FARMERS STB OF ALICEVILLE KS,39121,42804,18394,14161,18120,118312,0.0,18120_20221231,1,1,0.09690553745928339,0.2227780362959516,<1bn
1561407,SM,352874.0,20221231,2044288,2508364,2044288,BANKNEWPORT,460468,513614,0,25216,18129,1913576,34831.0,18129_20221231,1,1,0.012334856928182331,0.012334856928182331,1-10bn
118130,NM,97904.0,20221231,191425,198130,191425,PEARLAND STATE BANK,140507,73517,1890,14586,18132,41100,0.0,18132_20221231,1,1,0.07619694397283532,0.08607026250489748,<1bn
64449,N,3085.0,20221231,80029,89713,80029,FIRST NB OF WAUCHULA,6297,15604,0,14210,18136,64495,0.0,18136_20221231,1,1,0.1775606342700771,0.1775606342700771,<1bn
413355,NM,54559.0,20221231,497393,536503,497393,OCONEE STATE BANK,159640,84115,41981,51430,18143,295722,0.0,18143_20221231,1,1,0.1033991230274652,0.1878011954329876,<1bn
35336,NM,24360.0,20221231,67017,72746,67017,STATE BANK OF EAGLE BUTTE,36203,31734,11298,1988,18145,27988,0.0,18145_20221231,1,1,0.029664115075279406,0.19824820567915605,<1bn
151073,N,81110.0,20221231,283574,310727,283574,FIRST NB OF JASPER,196008,132522,0,18099,18150,69153,0.0,18150_20221231,1,1,0.06382461015466863,0.06382461015466863,<1bn
103108,NM,31571.0,20221231,184142,201918,184142,BRIDGE CITY STATE BANK,97463,81107,3004,10756,18155,85633,0.0,18155_20221231,1,1,0.058411443342637745,0.07472494053502189,<1bn
69939,NM,7707.0,20221231,83523,96526,83523,GARFIELD COUNTY BANK,25728,13677,8815,12484,18164,48731,0.0,18164_20221231,1,1,0.14946781126156866,0.2550076026962633,<1bn
57795,NM,163.0,20221231,81066,102282,81066,STOCKGROWERS STATE BANK,26681,23307,0,1236,18165,67657,0.0,18165_20221231,1,1,0.015246835911479534,0.015246835911479534,<1bn
220959,NM,0.0,20221231,292246,336817,292246,BANK OF O FALLON,79185,71522,77808,2280,18171,248423,0.0,18171_20221231,1,1,0.0078016465580367225,0.27404310067545834,<1bn
614082,N,65155.0,20221231,1046097,1190321,1046097,COMMUNITY NB&T OF TEXAS,179293,432106,0,115705,18185,812492,0.0,18185_20221231,1,1,0.11060637780244088,0.11060637780244088,1-10bn
1786931,SI,413523.0,20221231,2322003,2985601,2322003,UNION SAVINGS BANK,871574,535075,15275,92150,18190,1752107,0.0,18190_20221231,1,1,0.0396855645750673,0.04626393678216609,1-10bn
687694,SI,99696.0,20221231,902112,1048056,902112,GUILFORD SAVINGS BANK,221216,214576,60300,34346,18194,728527,60008.0,18194_20221231,1,1,0.038072877868823386,0.10491601929693874,1-10bn
1362780,SI,91032.0,20221231,1766457,2071879,1766457,ION BANK,455717,403705,294884,78755,18198,1397592,28978.0,18198_20221231,1,1,0.04458359303396573,0.21151887648553008,1-10bn
1337405,SI,141016.0,20221231,1604882,1846410,1604882,NEWTOWN SAVINGS BANK,551646,267690,305139,62622,18199,1130844,0.0,18199_20221231,1,1,0.0390196911673257,0.2291514267092534,1-10bn
635573,SI,143452.0,20221231,918543,1108849,918543,DIME BANK,344940,283044,101045,22677,18200,688287,2000.0,18200_20221231,1,1,0.02468801133969776,0.13469374868677894,1-10bn
1247749,SI,295617.0,20221231,1655705,2081590,1655705,FIRST COUNTY BANK,373399,408617,0,18845,18204,1549763,51971.0,18204_20221231,1,1,0.011381858483244297,0.011381858483244297,1-10bn
1017353,SI,363867.0,20221231,1606701,1919285,1606701,FAIRFIELD COUNTY BANK,416002,589791,29235,20429,18213,1357695,94480.0,18213_20221231,1,1,0.012714873520337636,0.03091054278300692,1-10bn
87570,NM,5535.0,20221231,189372,207882,189372,TEJAS BANK,52529,101803,0,28983,18216,105801,0.0,18216_20221231,1,1,0.15304796907673784,0.15304796907673784,<1bn
33146718,N,10201398.0,20221231,54363251,71166370,54363251,WEBSTER BANK NATIONAL ASSN,14457394,22546130,717040,838580,18221,49171676,1964873.0,18221_20221231,1,1,0.015425493960984783,0.02861528645518275,10-100bn
184752,SI,4537.0,20221231,198895,388705,198895,STAFFORD SAVINGS BANK,241414,14145,72177,71374,18227,66477,0.0,18227_20221231,1,1,0.35885266095175844,0.7217426280198095,<1bn
759434,SI,152010.0,20221231,1016491,1094062,1016491,NORTHWEST COMMUNITY BANK,192632,325560,0,18341,18229,830153,20000.0,18229_20221231,1,1,0.01804344553960635,0.01804344553960635,1-10bn
299859,SI,20226.0,20221231,339291,403286,339291,JEWETT CITY SAVINGS BANK,36015,39442,0,39121,18237,304353,0.0,18237_20221231,1,1,0.11530220371303689,0.11530220371303689,<1bn
822708,SI,246701.0,20221231,1315839,1572496,1315839,CHELSEA GROTON BANK,414111,493136,0,56698,18238,999402,0.0,18238_20221231,1,1,0.043088858135379784,0.043088858135379784,1-10bn
1063443,SI,275304.0,20221231,1463962,1623924,1463962,THOMASTON SAVINGS BANK,505961,400531,76172,42232,18258,975517,5326.0,18258_20221231,1,1,0.028847743315741803,0.08087914850248845,1-10bn
1807454,NM,20179.0,20221231,2262477,2834447,2262477,NORTHERN BANK&TRUST CO,97929,456906,70890,107113,18266,2485003,345927.0,18266_20221231,1,1,0.0473432437103228,0.07867615891785862,1-10bn
898501,SM,7628.0,20221231,1071146,1277978,1071146,COMMUNITY STATE BANK,228122,173074,0,11227,18272,974741,60047.0,18272_20221231,1,1,0.010481297600887274,0.010481297600887274,1-10bn
106533,N,81602.0,20221231,170823,174141,170823,FIRST NATIONAL BANK OF ALVIN,124161,64473,934,21857,18282,23979,0.0,18282_20221231,1,1,0.1279511541185906,0.13341880191777453,<1bn
98937,NM,6661.0,20221231,143890,181254,143890,FARMERS SAVINGS BANK,47350,45014,7786,7898,18284,120447,0.0,18284_20221231,1,1,0.05488915143512405,0.10899993050246716,<1bn
442269,N,127647.0,20221231,774616,846991,774616,HAWAII NATIONAL BANK,157404,332418,0,227674,18296,426430,0.0,18296_20221231,1,1,0.2939185351193365,0.2939185351193365,<1bn
3629343,NM,462079.0,20221231,6218269,7554150,6218269,SOUTHSIDE BANK,2630978,2591578,0,115419,18297,4111843,659297.0,18297_20221231,1,1,0.018561274849962263,0.018561274849962263,1-10bn
72103,NM,0.0,20221231,117953,139701,117953,FIRST STATE BANK,15452,45874,12867,13336,18301,60341,0.0,18301_20221231,1,1,0.11306198231498987,0.22214780463404915,<1bn
27973,NM,0.0,20221231,33516,37500,33516,POWELL STATE BANK,13552,5560,5134,4165,18302,18518,0.0,18302_20221231,1,1,0.12426900584795321,0.27744957632175676,<1bn
250,NM,0.0,20221231,500,56938,500,BOSTON TRUST WALDEN CO,9983,254,0,2622,18342,44,0.0,18342_20221231,1,1,5.244,5.244,<1bn
298002,NM,25775.0,20221231,465770,561714,465770,UBANK,29804,167883,0,82512,18344,426532,35227.0,18344_20221231,1,1,0.1771518131266505,0.1771518131266505,<1bn
812339,NM,7011.0,20221231,1517779,1680875,1517779,NORTH DALLAS BANK&TRUST CO,509912,705934,377559,87792,18355,1016015,0.0,18355_20221231,1,1,0.0578424131576468,0.30659997272330164,1-10bn
120611,NM,13524.0,20221231,157860,177757,157860,CITIZENS STATE BANK,63775,37311,16814,8188,18356,100957,0.0,18356_20221231,1,1,0.0518687444571139,0.15838084378563283,<1bn
318672,NM,21284.0,20221231,443830,542602,443830,COULEE BANK,86250,125241,10745,13012,18361,431858,13631.0,18361_20221231,1,1,0.029317531487281168,0.05352725142509519,<1bn
193278,NM,15531.0,20221231,259905,374384,259905,SECURITY STATE BANK,72616,67077,29724,7903,18374,274426,48642.0,18374_20221231,1,1,0.03040726419268579,0.1447721282776399,<1bn
64416,NM,2903.0,20221231,73281,83526,73281,SECURITY STB OF WANAMINGO,8698,8896,0,6271,18378,67399,5679.0,18378_20221231,1,1,0.08557470558534955,0.08557470558534955,<1bn
107499,NM,12772.0,20221231,114607,125919,114607,FIRST INDEPENDENT BANK,51539,7189,4389,7746,18380,62422,0.0,18380_20221231,1,1,0.06758749465564931,0.10588358477230884,<1bn
254842,NM,1930.0,20221231,377249,442357,377249,NORTHEAST SECURITY BANK,163690,122620,42976,26247,18384,221139,0.0,18384_20221231,1,1,0.06957473710997246,0.18349419083947208,<1bn
343874,NM,16395.0,20221231,491532,545162,491532,REGIONAL MISSOURI BANK,87810,147925,0,9189,18385,366369,37844.0,18385_20221231,1,1,0.01869461194795049,0.01869461194795049,<1bn
257623,NM,113894.0,20221231,618193,673367,618193,WESTERN COMMERCE BANK,246760,360685,44658,64653,18389,346689,0.0,18389_20221231,1,1,0.10458384355694743,0.1768234192234464,<1bn
97232,NM,8497.0,20221231,121430,139551,121430,FARMERS SAVINGS BANK,40455,24233,4780,6671,18394,85381,0.0,18394_20221231,1,1,0.05493700074116775,0.09430124351478218,<1bn
236137,NM,16916.0,20221231,328732,462020,328732,IOWA TRUST&SAVINGS BANK,114361,92802,8859,14113,18400,305369,12039.0,18400_20221231,1,1,0.042931628195612234,0.06988063224754511,<1bn
1011346,NM,107151.0,20221231,1242903,1768593,1242903,BLACKHAWK BANK&TRUST,907409,232234,99668,23066,18402,780497,0.0,18402_20221231,1,1,0.018558165842386735,0.09874785079768895,1-10bn
3560659,SI,1450570.0,20221231,5909658,7377141,5909658,BANGOR SAVINGS BANK,2008827,2346844,60339,80281,18408,4659427,278445.0,18408_20221231,1,1,0.013584711670286166,0.02379494718645309,1-10bn
227414416,N,68651187.0,20221231,329741187,386799237,329741187,TD BANK NATIONAL ASSN,180533339,109552817,56713569,13247124,18409,165268197,2135728.0,18409_20221231,1,1,0.040174307979306205,0.21216849989686,>=100bn
3063166,NM,1152060.0,20221231,4187881,4865566,4187881,MORTON COMMUNITY BANK,1728296,1125256,49048,173907,18429,2779091,309430.0,18429_20221231,1,1,0.04152625158164714,0.053238141198376936,1-10bn
429471,NM,42278.0,20221231,529686,559190,529686,FIRST BANK KANSAS,220540,102066,89508,19808,18431,301868,0.0,18431_20221231,1,1,0.03739574011773013,0.20637887352129375,<1bn
394128,SM,2001.0,20221231,593720,688368,593720,CUSB BANK,135024,199952,0,12167,18443,500041,37728.0,18443_20221231,1,1,0.02049282490062656,0.02049282490062656,<1bn
82591,NM,1169.0,20221231,112890,118977,112890,SECURITY STATE BANK,54546,30319,1808,15504,18448,44283,0.0,18448_20221231,1,1,0.1373372309327664,0.1533528213304987,<1bn
60529,N,3458.0,20221231,76630,87183,76630,ZAPATA NATIONAL BANK,26597,16158,8030,24297,18454,34403,0.0,18454_20221231,1,1,0.31706903301579015,0.421858280046979,<1bn
32504,NM,0.0,20221231,37451,43939,37451,HERITAGE BANK,14035,4964,0,8965,18463,19697,0.0,18463_20221231,1,1,0.23937945582227443,0.23937945582227443,<1bn
797416,NM,83811.0,20221231,1363837,1541582,1363837,SALISBURY BANK&TRUST CO,189343,566628,17133,50539,18467,1213671,45000.0,18467_20221231,1,1,0.037056481089748995,0.04961883274907485,1-10bn
160920,NM,76133.0,20221231,248158,262230,248158,FIRST KANSAS BANK,139809,87273,8869,9711,18474,107816,0.0,18474_20221231,1,1,0.03913232698522715,0.07487165434924524,<1bn
14037,NM,56.0,20221231,23401,26061,23401,ANDES STATE BANK,3969,9374,716,8014,18483,9402,0.0,18483_20221231,1,1,0.34246399726507415,0.3730609802999872,<1bn
596843,SM,69115.0,20221231,762227,923127,762227,TOWN&COUNTRY BANK,165413,165651,46734,32877,18487,655390,0.0,18487_20221231,1,1,0.04313282001293578,0.1044452636812918,<1bn
797581,SM,8302.0,20221231,1069641,1287359,1069641,ADAMS BANK&TRUST,415228,272515,0,54048,18489,770455,2000.0,18489_20221231,1,1,0.050529102755036505,0.050529102755036505,1-10bn
9142073,NM,898155.0,20221231,18336332,21936467,18520949,CATHAY BANK,1479254,9207120,240500,1162403,18503,18138140,1150045.0,18503_20221231,1,1,0.06339343113988119,0.0765094676514365,10-100bn
51138,NM,4870.0,20221231,82233,93299,82233,FIRST SECURITY STATE BANK,13550,31128,8182,7973,18508,69887,0.0,18508_20221231,1,1,0.09695620979412158,0.19645397832986758,<1bn
149113,NM,1914.0,20221231,225341,261120,225341,FIRST NEW MEXICO BANK,88507,76234,0,25678,18514,107834,0.0,18514_20221231,1,1,0.1139517442453881,0.1139517442453881,<1bn
121730,NM,1074.0,20221231,149667,175807,149667,WESTSIDE STATE BANK,20226,30618,7622,10909,18518,135353,0.0,18518_20221231,1,1,0.07288847909024701,0.12381486900920043,<1bn
264491,NM,304.0,20221231,489090,552555,489090,FIRST SERVICE BANK,41399,224860,0,14086,18519,452434,62996.0,18519_20221231,1,1,0.028800425279600892,0.028800425279600892,<1bn
1583681,N,502790.0,20221231,1885935,2099142,1885935,SUNRISE BANKS NATIONAL ASSN,685187,302399,37601,96030,18561,1215323,0.0,18561_20221231,1,1,0.05091904015779971,0.07085663079586518,1-10bn
192765,N,16.0,20221231,252378,331446,252378,FIRST NB OF BROOKFIELD,19207,59666,12926,17710,18564,286443,0.0,18564_20221231,1,1,0.07017251899927886,0.12138934455459667,<1bn
261459,NM,44977.0,20221231,300150,346254,300150,PEOPLES BK OF KANKAKEE CNTY,129481,38777,0,61484,18566,140600,0.0,18566_20221231,1,1,0.20484424454439448,0.20484424454439448,<1bn
17016,NM,0.0,20221231,32309,42230,32309,COMMUNITY BANK OF EASTON,499,15312,499,21558,18568,19671,0.0,18568_20221231,1,1,0.6672444210591476,0.6826890340152899,<1bn
791531,NM,150779.0,20221231,1165640,1337361,1165640,PEOPLES STATE BANK,280013,374432,0,29345,18569,961864,84547.0,18569_20221231,1,1,0.025175011152671494,0.025175011152671494,1-10bn
112178,SM,0.0,20221231,463869,582298,463869,BANK OF TEXAS,22261,351861,21860,71724,18576,477991,0.0,18576_20221231,1,1,0.1546212400483757,0.2017466138069153,<1bn
384120,NM,4943.0,20221231,544541,613249,544541,COMMERCIAL BANK,95554,160592,27497,72457,18584,407140,29891.0,18584_20221231,1,1,0.13306068780863148,0.18355642642151832,<1bn
260947,NM,25316.0,20221231,485376,552382,485376,FIRST BANK OF OWASSO,78571,224481,0,4733,18592,396939,0.0,18592_20221231,1,1,0.00975120319092827,0.00975120319092827,<1bn
75991,NM,22630.0,20221231,94373,115764,94373,SUNSOUTH BANK,65083,18428,0,966,18600,43647,0.0,18600_20221231,1,1,0.010235978510802877,0.010235978510802877,<1bn
575398,NM,256807.0,20221231,1268701,1521301,1268701,AMERICAN BANK OF COMMERCE,494920,693692,29023,35957,18609,910164,3474.0,18609_20221231,1,1,0.028341587182480348,0.05121774161130164,1-10bn
288411,SM,7755.0,20221231,372961,422409,372961,UNION STATE BANK OF EVEREST,117962,84695,17281,7434,18610,278340,0.0,18610_20221231,1,1,0.019932378988687827,0.06626698233863594,<1bn
1371951,NM,39310.0,20221231,3118431,4147962,3118431,MANUFACTURERS BANK,703340,1747623,24169,501158,18618,2755338,402579.0,18618_20221231,1,1,0.1607083818753726,0.16845875377713984,1-10bn
137786,NM,0.0,20221231,165940,183611,165940,CITIZENS B&T CO OF JACKSON,20333,28174,13129,14601,18620,134201,0.0,18620_20221231,1,1,0.08798963480776184,0.16710859346751838,<1bn
154713,NM,0.0,20221231,178572,203893,178572,FIRST B&T CO OF ILLINOIS,1801,23910,0,43113,18641,154358,748.0,18641_20221231,1,1,0.24143202741751227,0.24143202741751227,<1bn
165949,NM,0.0,20221231,276739,347761,276739,CHARTER BANK,137955,110857,39566,5957,18660,196278,0.0,18660_20221231,1,1,0.021525697498364884,0.1644979565583456,<1bn
56678,NM,809.0,20221231,69203,76519,69203,SECURITY STATE BANK,16954,12532,4128,8855,18677,27216,0.0,18677_20221231,1,1,0.12795688048206003,0.1876074736644365,<1bn
253210,NM,10066.0,20221231,374206,406530,374206,TEXAS STATE BANK,156032,121014,9653,19162,18698,211384,0.0,18698_20221231,1,1,0.05120708914341299,0.07700304110570114,<1bn
154885,NM,4.0,20221231,198461,236572,198461,NORTH VALLEY BANK,2971,43678,2967,20421,18710,208454,0.0,18710_20221231,1,1,0.10289679080524637,0.11784683136737192,<1bn
17244344,SM,6786401.0,20221231,25595157,27775362,25595157,FIRSTBANK,9969144,8355625,571173,383672,18714,16159768,0.0,18714_20221231,1,1,0.014990023307925012,0.03730569029133129,10-100bn
45697,NM,1832.0,20221231,49266,57023,49266,GRAND TIMBER BANK,6361,3590,1408,2599,18719,43341,0.0,18719_20221231,1,1,0.052754435107376284,0.08133398286850972,<1bn
21314,NM,0.0,20221231,22706,28782,22706,CITIZENS STATE BANK,70,1404,0,4113,18724,23449,1243.0,18724_20221231,1,1,0.18114154848938607,0.18114154848938607,<1bn
131956,N,0.0,20221231,141641,208029,141641,NATIONAL BANK OF NY CITY,5004,9730,244,35163,18734,164619,31780.0,18734_20221231,1,1,0.24825438961882507,0.24997705466637485,<1bn
503998,NM,92784.0,20221231,619711,803622,619711,HEARTLAND BANK,260035,115853,0,14461,18740,459178,6102.0,18740_20221231,1,1,0.02333507070231124,0.02333507070231124,<1bn
325578,NM,79519.0,20221231,423378,538097,423378,BRUNING BANK,200682,98021,22397,12683,18748,293789,18214.0,18748_20221231,1,1,0.029956681735942823,0.08285739929802682,<1bn
87565,NM,692.0,20221231,123140,163549,123140,FOUNDATION ONE BANK,19899,35685,14792,2250,18761,133714,0.0,18761_20221231,1,1,0.018271885658599968,0.1383953223972714,<1bn
144738,NM,0.0,20221231,205828,228338,205828,SUNDOWN STATE BANK,19117,61171,0,9983,18780,179440,0.0,18780_20221231,1,1,0.048501661581514664,0.048501661581514664,<1bn
61351,NM,231.0,20221231,84440,105126,84440,CEDAR RAPIDS STATE BANK,7539,23136,2994,1751,18820,89697,22260.0,18820_20221231,1,1,0.020736617716721934,0.05619374703931786,<1bn
29303,SM,0.0,20221231,39090,44154,39090,EXCHANGE STATE BANK,13078,9805,8345,12716,18838,16369,0.0,18838_20221231,1,1,0.3253005883857764,0.5387822972627271,<1bn
352830,NM,91207.0,20221231,457877,498067,457877,PHELPS COUNTY BANK,126320,105104,19060,77488,18841,286261,0.0,18841_20221231,1,1,0.16923322202250823,0.2108601218231097,<1bn
47610,NM,25358.0,20221231,67861,77113,67861,COLCHESTER STATE BANK,45018,20292,0,4320,18855,25802,0.0,18855_20221231,1,1,0.06365953935249996,0.06365953935249996,<1bn
63949,SM,1773.0,20221231,91586,121213,91586,OKLAHOMA CAPITAL BANK,13855,27691,9293,2065,18856,95005,2401.0,18856_20221231,1,1,0.022547114187757955,0.12401458738235101,<1bn
238232,SM,10171.0,20221231,295787,326719,295787,HOCKING VALLEY BANK,118799,57591,54062,20281,18858,170352,0.0,18858_20221231,1,1,0.06856623178165369,0.2513396464347656,<1bn
89071,NM,13978.0,20221231,123410,136877,123410,KENNETT TRUST BANK,40491,34443,5697,3705,18879,80164,17000.0,18879_20221231,1,1,0.030021878291872618,0.07618507414310023,<1bn
356789,N,279147.0,20221231,582503,622165,582503,FIRST NB OF GILLETTE,473098,225973,19267,29992,18880,114653,0.0,18880_20221231,1,1,0.051488146842162186,0.08456437134229351,<1bn
232581,N,43930.0,20221231,285229,315796,285229,NEIGHBORHOOD NATIONAL BANK,116907,52875,5859,3121,18885,178210,9390.0,18885_20221231,1,1,0.010942085131596016,0.03148347468174695,<1bn
86045,NM,3415.0,20221231,93355,108240,93355,COMMUNITY BANK OF TRENTON,15684,8273,3252,6534,18889,79137,0.0,18889_20221231,1,1,0.06999089497081035,0.10482566547051578,<1bn
38120,N,1727.0,20221231,52024,56392,52024,KRESS NATIONAL BANK,21895,13936,9235,21214,18892,12608,0.0,18892_20221231,1,1,0.40777333538366906,0.5852875595878825,<1bn
96917,N,152361.0,20221231,234353,235652,234353,FIRST NB OF LAKE JACKSON,180110,137477,23436,30966,18895,22146,0.0,18895_20221231,1,1,0.1321340029784129,0.23213698992545434,<1bn
1337930,N,489854.0,20221231,1894749,2041413,1894749,TRI CITY NATIONAL BANK,690207,556850,0,53969,18922,1165612,0.0,18922_20221231,1,1,0.028483456120045453,0.028483456120045453,1-10bn
10214,NM,0.0,20221231,10515,25813,10515,OLD GLORY BANK,849,971,99,2739,18924,7638,0.0,18924_20221231,1,1,0.26048502139800284,0.2699001426533523,<1bn
70650,NM,33028.0,20221231,133828,142070,133828,BANK OF BELLE GLADE,40567,63183,960,55722,18930,43757,0.0,18930_20221231,1,1,0.41637026631198254,0.42354365304719493,<1bn
29357,N,4515.0,20221231,29350,31760,29350,ST MARTIN NATIONAL BANK,15067,0,8772,3798,18937,11571,0.0,18937_20221231,1,1,0.1294037478705281,0.4282793867120954,<1bn
38527,NM,17805.0,20221231,42148,46475,42148,BK SAN JACINTO CNTY COLDSPRI,18005,3640,0,16703,18942,11199,0.0,18942_20221231,1,1,0.39629401157824806,0.39629401157824806,<1bn
1405252,NM,101944.0,20221231,3442317,4041345,3442317,RIVER CITY BANK,619736,2038059,331284,146591,18983,3043841,0.0,18983_20221231,1,1,0.04258497982608807,0.1388236469796361,1-10bn
300813,NM,9893.0,20221231,454511,501127,454511,FIRST MIDWEST BANK OF DEXTER,31497,163516,3777,25420,19001,421883,19050.0,19001_20221231,1,1,0.05592823936054353,0.06423826926080997,<1bn
2261098,NM,24656.0,20221231,2630207,3251543,2630207,PARKWAY BANK&TRUST CO,254554,375196,0,402096,19008,2502059,595369.0,19008_20221231,1,1,0.15287618046792514,0.15287618046792514,1-10bn
195464,SM,28845.0,20221231,264684,320069,264684,LEGACY BANK,108569,69284,0,39630,19011,145148,0.0,19011_20221231,1,1,0.1497257106587478,0.1497257106587478,<1bn
189518,N,73720.0,20221231,274258,305800,274258,COMMERCIAL NB OF TEXARKANA,73720,84794,0,10488,19024,212193,0.0,19024_20221231,1,1,0.03824136397115125,0.03824136397115125,<1bn
232411,N,21592.0,20221231,359127,394357,359127,FIRST NB OF CLARKSDALE,122547,126913,0,16561,19070,226680,0.0,19070_20221231,1,1,0.046114605696592016,0.046114605696592016,<1bn
1524219,N,1197614.0,20221231,3576360,4352084,3576360,INWOOD NATIONAL BANK,1833839,2052389,71082,182552,19080,2237341,0.0,19080_20221231,1,1,0.05104407833663278,0.0709195942242951,1-10bn
48162,NM,2625.0,20221231,62049,89746,62049,BANK OF LINDSAY,3394,13934,0,5539,19087,74272,13815.0,19087_20221231,1,1,0.0892681590356009,0.0892681590356009,<1bn
362536,NM,46856.0,20221231,538521,595469,538521,HARFORD BANK,120091,176074,20897,30990,19101,423920,0.0,19101_20221231,1,1,0.057546502364810286,0.09635093153284645,<1bn
19834,NM,0.0,20221231,22956,26586,22956,PEOPLES BANK OF MACON,12163,3128,6036,7812,19105,6392,0.0,19105_20221231,1,1,0.3403031887088343,0.6032409827496079,<1bn
1597481,SM,123761.0,20221231,1738748,2022880,1738748,FIRST WESTERN BANK&TRUST,262574,143578,2514,42349,19123,1575937,37376.0,19123_20221231,1,1,0.024356030891192974,0.025801898837554377,1-10bn
413907,NM,13766.0,20221231,558928,658112,558928,UNITED COMMUNITY BANK,44037,145185,14255,105096,19143,464483,0.0,19143_20221231,1,1,0.18803137434517506,0.2135355537743681,<1bn
264198,NM,34056.0,20221231,319071,350306,319071,FIRST STATE BANK,61243,55107,0,11458,19163,264113,606.0,19163_20221231,1,1,0.03591050267808732,0.03591050267808732,<1bn
640260,N,170125.0,20221231,916703,960547,916703,HILLTOP NATIONAL BANK,482333,276511,36937,34541,19184,423037,0.0,19184_20221231,1,1,0.03767959742686563,0.07797290943740776,<1bn
194879,NM,46175.0,20221231,242644,269460,242644,FIRST MINNETONKA CITY BANK,128598,47812,40640,9356,19188,120887,0.0,19188_20221231,1,1,0.038558546677436904,0.20604671864954419,<1bn
434374,NM,28138.0,20221231,608365,715014,608365,FIRST MW BANK OF THE OZARKS,38720,174376,1617,36704,19212,608327,10583.0,19212_20221231,1,1,0.06033220188538131,0.06299014571844205,<1bn
582088,N,194773.0,20221231,1207768,1398477,1207768,SECURITY NB OF OMAHA,276563,625764,63694,209133,19213,846438,0.0,19213_20221231,1,1,0.17315659961184598,0.22589354909220977,1-10bn
530338,NM,1721.0,20221231,1108407,1224531,1108407,BENCHMARK BANK,156380,587945,150659,318056,19215,686633,0.0,19215_20221231,1,1,0.28694874716597785,0.4228726451565174,1-10bn
1458513,SM,723120.0,20221231,2899452,3198052,2899452,ANB BANK,1283138,1442950,313862,39154,19220,1683621,0.0,19220_20221231,1,1,0.013503931087667601,0.12175266222720707,1-10bn
2249348,NM,278926.0,20221231,4906788,5446634,4906788,FREMONT BANK,567428,2658097,493,106942,19222,4482296,0.0,19222_20221231,1,1,0.021794705620051244,0.021895178679005492,1-10bn
299590,N,50332.0,20221231,346020,373893,346020,FIRST AMERICAN NATIONAL BANK,118830,46430,5486,15525,19226,218378,0.0,19226_20221231,1,1,0.04486734870816716,0.06072192358823189,<1bn
40458,N,388.0,20221231,48372,55546,48372,COMMUNITY NB IN MONMOUTH,15045,7944,0,9019,19230,30659,1507.0,19230_20221231,1,1,0.18645083932853718,0.18645083932853718,<1bn
154245,NM,0.0,20221231,224680,251511,224680,AMERICAN BANK,130,70504,0,53553,19234,186265,7903.0,19234_20221231,1,1,0.23835232330425493,0.23835232330425493,<1bn
291225,N,17477.0,20221231,375170,457589,375170,HERITAGE BANK NATIONAL ASSN,40742,84229,0,17799,19254,378375,7612.0,19254_20221231,1,1,0.04744249273662606,0.04744249273662606,<1bn
193572,N,309.0,20221231,246492,296437,246492,FIRST NB&T CO OF WEATHERFORD,2025,57530,0,36247,19263,225591,0.0,19263_20221231,1,1,0.1470514256040764,0.1470514256040764,<1bn
196528,NM,1918.0,20221231,219475,244695,219475,BANNER CAPITAL BANK,21126,23065,7136,14390,19274,198686,20373.0,19274_20221231,1,1,0.06556555416334435,0.09807950791661921,<1bn
81589,NM,0.0,20221231,113841,118215,113841,CARMINE STATE BANK,39649,32325,0,44672,19278,28345,0.0,19278_20221231,1,1,0.3924069535580327,0.3924069535580327,<1bn
239552,NM,57315.0,20221231,304945,322312,304945,LOGAN BANK&TRUST CO,148338,65418,2420,12142,19285,147575,0.0,19285_20221231,1,1,0.03981701618324616,0.04775287346898621,<1bn
509274,NM,29340.0,20221231,827911,920605,827911,FIRSTAR BANK,58478,318866,0,46570,19288,758147,1172.0,19288_20221231,1,1,0.056250007549120615,0.056250007549120615,<1bn
2160506,N,444568.0,20221231,3901097,4920698,3901097,AMERICAN NATIONAL BANK,916257,1741559,16705,61566,19300,3794292,203012.0,19300_20221231,1,1,0.015781714733060982,0.02006384358040828,1-10bn
1235892,NM,222112.0,20221231,2343428,2703177,2343428,REPUBLIC BANK OF CHICAGO,681405,1036672,227385,342826,19333,1573133,22295.0,19333_20221231,1,1,0.14629252530907713,0.24332345606521727,1-10bn
135994,NM,92.0,20221231,190209,210377,190209,FIRST MISSOURI BANK OF SEMO,4856,54242,0,43281,19349,152327,0.0,19349_20221231,1,1,0.22754443796034887,0.22754443796034887,<1bn
115263,NM,26200.0,20221231,142503,155646,142503,BANK OF ESTES PARK,42575,27243,1435,18548,19351,74545,0.0,19351_20221231,1,1,0.13015866332638612,0.1402286267657523,<1bn
55744,NM,1632.0,20221231,67671,81626,67671,HODGE BANK&TRUST CO,25081,11984,7514,4265,19354,49782,250.0,19354_20221231,1,1,0.06302552053316783,0.17406274475033617,<1bn
612951,NM,187796.0,20221231,790558,854876,790558,ROUND TOP STATE BANK,286566,178181,16052,22508,19358,507271,0.0,19358_20221231,1,1,0.02847102932359169,0.048775674903043166,<1bn
796415,SM,42393.0,20221231,1015237,1190663,1015237,RELYANCE BANK,138720,219148,0,22337,19371,921200,0.0,19371_20221231,1,1,0.0220017591951436,0.0220017591951436,1-10bn
118608,NM,15325.0,20221231,126838,139606,126838,PARK STATE BANK&TRUST,15325,8236,0,2534,19381,82090,0.0,19381_20221231,1,1,0.019978239959633548,0.019978239959633548,<1bn
325149,NM,6784.0,20221231,492118,554503,492118,UNISON BANK,125129,167600,0,14054,19396,382306,33394.0,19396_20221231,1,1,0.028558191328096106,0.028558191328096106,<1bn
353326,NM,50184.0,20221231,517204,585086,517204,CAPITAL BANK,63787,164004,0,47500,19401,459000,740.0,19401_20221231,1,1,0.09183997030185381,0.09183997030185381,<1bn
1501767,NM,220663.0,20221231,4246528,4942746,4246528,CTBC BANK CORP USA,285956,2747236,11996,308532,19416,4130439,172587.0,19416_20221231,1,1,0.07265511966481794,0.07548001567398119,1-10bn
190881,NM,0.0,20221231,292998,327443,292998,CITIZENS BANK OF THE SOUTH,45648,102132,0,69531,19420,198114,0.0,19420_20221231,1,1,0.23730878709069686,0.23730878709069686,<1bn
463839,NM,131970.0,20221231,767707,828225,767707,BAC COMMUNITY BANK,340729,303879,4783,48916,19434,403302,0.0,19434_20221231,1,1,0.06371701703905266,0.069947258524411,<1bn
170336,NM,1301.0,20221231,221133,221006,221133,FIRST FINANCIAL BANK,70583,50798,0,22617,19440,105587,0.0,19440_20221231,1,1,0.10227781470879516,0.10227781470879516,<1bn
422878,NM,86242.0,20221231,621619,744567,621619,BNA BANK,275285,199092,9972,17787,19448,401191,0.0,19448_20221231,1,1,0.028613990241611018,0.044655970940399185,<1bn
1927082,NM,469523.0,20221231,3070912,3460034,3070912,UNITED COMMUNITY BANK,1086724,1174162,68718,327942,19459,1898988,10173.0,19459_20221231,1,1,0.10678977450346998,0.12916684033928683,1-10bn
670938,N,150940.0,20221231,906303,1012629,906303,CONSUMERS NATIONAL BANK,294481,235492,8321,16568,19482,657402,10.0,19482_20221231,1,1,0.018280861919247757,0.027462118077508296,1-10bn
853429,N,0.0,20221231,1152106,1282477,1152106,FIRST NB OF TENNESSEE,560415,299282,476345,100535,19502,598679,0.0,19502_20221231,1,1,0.08726193596769742,0.5007178158954124,1-10bn
936542,NM,44401.0,20221231,1231890,1441880,1231890,BANK OF SPRINGFIELD,177865,295481,89980,66750,19506,1125779,16812.0,19506_20221231,1,1,0.05418503275454789,0.12722726866846878,1-10bn
574026,NM,28835.0,20221231,890482,1028537,890482,ROYAL BANKS OF MISSOURI,142278,316954,92254,73980,19512,710706,0.0,19512_20221231,1,1,0.0830786023748936,0.1866786751444723,1-10bn
391898,SI,54452.0,20221231,571920,657243,571920,MT MCKINLEY BANK,329924,180130,33829,48277,19525,226089,0.0,19525_20221231,1,1,0.08441215554623024,0.1435620366484823,<1bn
1683416,SI,201793.0,20221231,1966979,2360784,1966979,MACHIAS SAVINGS BANK,364818,286365,47865,34329,19531,1862223,135494.0,19531_20221231,1,1,0.01745265201102808,0.04178692299206041,1-10bn
518552,SI,130957.0,20221231,673912,774373,673912,SKOWHEGAN SAVINGS BANK,170027,155366,6458,24915,19532,538421,0.0,19532_20221231,1,1,0.03697070240624889,0.04655355595389309,<1bn
153713,NM,0.0,20221231,218054,245181,218054,PIONEER BANK,47102,64546,3114,9374,19540,179183,4281.0,19540_20221231,1,1,0.042989351261614094,0.0572702174690673,<1bn
194011,NM,28758.0,20221231,240038,265130,240038,MADISON VALLEY BANK,103039,46050,0,9125,19544,145198,0.0,19544_20221231,1,1,0.038014814321065835,0.038014814321065835,<1bn
786464,NM,27060.0,20221231,1469162,1715530,1469162,TEXASBANK,81383,683840,4791,190647,19559,1405536,120258.0,19559_20221231,1,1,0.129765812075183,0.13302685476482512,1-10bn
912818,NM,52040.0,20221231,1814332,2268039,1814332,LAKESIDE BANK,283388,902209,123842,83491,19573,1783776,76613.0,19573_20221231,1,1,0.04601748742787979,0.11427511613089555,1-10bn
8752935,NM,55118.0,20221231,11095036,12493973,11095036,BELL BANK,282693,2353456,574,171851,19581,11417135,1684501.0,19581_20221231,1,1,0.015488998863996475,0.015540733711905036,10-100bn
65674,NM,7222.0,20221231,85054,92793,85054,NORTHERN STB OF VIRGINIA,24328,19428,7936,6618,19589,56492,1500.0,19589_20221231,1,1,0.07780939168057939,0.17111482117243162,<1bn
176256,NM,18082.0,20221231,247198,265886,247198,ALTAMAHA BANK&TRUST CO,56016,71004,0,10906,19590,187746,5045.0,19590_20221231,1,1,0.044118479922976725,0.044118479922976725,<1bn
64273,NM,951.0,20221231,91716,100495,91716,COMMERCIAL BANK,47585,27490,5430,11484,19595,38005,0.0,19595_20221231,1,1,0.12521261284835797,0.18441711369880937,<1bn
1430887,N,282179.0,20221231,1987980,2441289,1987980,ACADEMY BANK NATIONAL ASSN,290039,560100,0,185012,19600,1865544,145000.0,19600_20221231,1,1,0.09306532258875844,0.09306532258875844,1-10bn
478082,N,246694.0,20221231,858487,927490,858487,HOMETOWN BANK NATIONAL ASSN,376459,380525,0,41304,19603,480668,0.0,19603_20221231,1,1,0.04811255150048865,0.04811255150048865,<1bn
748369,NM,121705.0,20221231,1179044,1398059,1179044,PARK BANK,127069,430781,4564,38862,19608,1180748,0.0,19608_20221231,1,1,0.03296060197923063,0.036831534700995046,1-10bn
3865380,NM,1523504.0,20221231,6915078,8748621,6915078,INTERNATIONAL BK OF COM,1735213,3051745,49393,840298,19629,5231452,0.0,19629_20221231,1,1,0.1215167782633833,0.12865957549575002,1-10bn
196646,NM,0.0,20221231,321076,361928,321076,GUARANTY B&T CO OF DELHI LA,22286,124971,9442,61463,19638,266573,0.0,19638_20221231,1,1,0.19142819768528324,0.2208355654113045,<1bn
278275,SM,88473.0,20221231,494902,536478,494902,FIDELITY BANK,265822,216750,11547,8197,19644,245489,0.0,19644_20221231,1,1,0.016562875074257126,0.039894767044788663,<1bn
164183,NM,1143.0,20221231,216497,243370,216497,CITIZENS BANK OF WESTON,76025,52374,1974,25235,19674,137905,0.0,19674_20221231,1,1,0.11656050661210086,0.12567841586719447,<1bn
202753,NM,3469.0,20221231,260981,301630,260981,CITIZENS BANK OF ADA,96366,58260,23137,17400,19679,140499,0.0,19679_20221231,1,1,0.06667152014897636,0.1553254834643135,<1bn
41063,NM,4911.0,20221231,52812,59786,52812,SECURITY STATE BANK,11091,11753,0,11932,19680,33039,0.0,19680_20221231,1,1,0.22593349996212983,0.22593349996212983,<1bn
219173,NM,20426.0,20221231,239717,292019,239717,COMMUNITY BK OF PARKERSBURG,22088,20612,0,8833,19681,249249,0.0,19681_20221231,1,1,0.03684761614737378,0.03684761614737378,<1bn
95332,NM,1554.0,20221231,126206,142467,126206,GARDEN PLAIN STATE BANK,42774,30925,0,15750,19687,43608,0.0,19687_20221231,1,1,0.12479596849595107,0.12479596849595107,<1bn
131907,NM,14405.0,20221231,157797,169675,157797,STATE BANK OF WHITTINGTON,55628,25913,4106,12793,19689,90359,2007.0,19689_20221231,1,1,0.08107251722149343,0.10709329074697238,<1bn
1192336,NM,3746.0,20221231,2251472,2809418,2251472,NORTHEAST BANK,58679,1059148,11713,164315,19690,2498346,890391.0,19690_20221231,1,1,0.07298114300333293,0.07818351727225566,1-10bn
214259,NM,18289.0,20221231,274805,307066,274805,VALUEBANK TEXAS,81325,60593,23988,57069,19700,151800,0.0,19700_20221231,1,1,0.2076708939065883,0.29496188206182566,<1bn
385110,NM,29983.0,20221231,533494,689190,533494,FIRST CENTRAL STATE BANK,220280,148642,46390,21651,19716,416501,79.0,19716_20221231,1,1,0.04058339925097564,0.12753845404072023,<1bn
107133,NM,8798.0,20221231,144433,159790,144433,FARMERS STATE BANK,23575,36464,0,31246,19720,102673,0.0,19720_20221231,1,1,0.21633560197461799,0.21633560197461799,<1bn
173700,SM,24692.0,20221231,292163,341078,292163,FIRST WESTROADS BANK INC,108580,118483,72809,7801,19742,219328,0.0,19742_20221231,1,1,0.02670084849895435,0.27590762690689785,<1bn
113530,NM,48235.0,20221231,149184,159390,149184,CITIZENS B&T CO OF VIVIAN LA,79239,35672,0,10403,19744,58936,0.0,19744_20221231,1,1,0.06973267910767911,0.06973267910767911,<1bn
94473,NM,47272.0,20221231,161436,178079,161436,COMMUNITY STATE BANK,86763,66983,4508,8870,19749,73375,0.0,19749_20221231,1,1,0.05494437424118536,0.08286875294234247,<1bn
123195,NM,11791.0,20221231,146725,161974,146725,SOUTH LAFOURCHE B&T CO,32631,24006,494,9322,19755,110481,0.0,19755_20221231,1,1,0.06353382177543022,0.06690066450843414,<1bn
1115561,NM,161599.0,20221231,1588197,1895358,1588197,INCREDIBLEBANK,345671,473179,7478,43477,19772,1375602,78042.0,19772_20221231,1,1,0.027375067450700386,0.03208355134784917,1-10bn
52880,NM,0.0,20221231,55540,63035,55540,KAHOKA STATE BANK,22981,2710,0,3310,19774,34708,0.0,19774_20221231,1,1,0.059596687072380264,0.059596687072380264,<1bn
691266,SM,116974.0,20221231,974863,1053393,974863,PEOPLES BANK,307671,283791,93864,51674,19788,621214,0.0,19788_20221231,1,1,0.053006422440896823,0.1492907208500066,1-10bn
399888,NM,85741.0,20221231,536130,618334,536130,ABBYBANK,167055,136512,9930,28590,19795,377728,253.0,19795_20221231,1,1,0.05332661854400985,0.07184824576128925,<1bn
60297,NM,22723.0,20221231,70257,78004,70257,MIDLAND COMMUNITY BANK,24577,9997,977,2825,19796,48753,0.0,19796_20221231,1,1,0.040209516489460126,0.05411560413908934,<1bn
105605,NM,14749.0,20221231,183987,203421,183987,PLAQUEMINE BANK&TRUST CO,76946,78554,36690,49416,19800,70098,0.0,19800_20221231,1,1,0.26858419344845014,0.46800045655399564,<1bn
69157,NM,0.0,20221231,94684,110335,94684,HERSHEY STATE BANK,24735,27675,20187,6968,19809,73847,11774.0,19809_20221231,1,1,0.07359215918212159,0.2867960795910608,<1bn
30793,N,893.0,20221231,53176,60275,53176,SOUTHEAST FIRST NB,37255,22399,5331,5272,19819,16112,1.0,19819_20221231,1,1,0.09914247028734767,0.19939446366782007,<1bn
393451,N,0.0,20221231,642777,727001,642777,PIONEER TRUST BANK NA,171327,249421,81872,62585,19827,486056,0.0,19827_20221231,1,1,0.09736658281176831,0.2247389063392125,<1bn
349803,SM,47710.0,20221231,445845,578817,445845,FRANKLIN SAVINGS BANK,58202,96051,5737,6563,19836,478823,12.0,19836_20221231,1,1,0.014720362457804842,0.02758806311610537,<1bn
588672,NM,10119.0,20221231,882700,1121085,882700,WEST GATE BANK,145858,294551,0,16966,19850,845140,0.0,19850_20221231,1,1,0.019220573241191797,0.019220573241191797,1-10bn
1738194,NM,7322.0,20221231,2106265,2460850,2106265,KS STATEBANK,402764,370521,7104,139629,19899,1881293,141664.0,19899_20221231,1,1,0.06629222818591203,0.06966502315710511,1-10bn
226809,NM,55516.0,20221231,368763,388302,368763,CENTINEL BANK OF TAOS,220010,142022,31321,23174,19904,133618,0.0,19904_20221231,1,1,0.06284253029723698,0.14777784105238323,<1bn
4479392,NM,867212.0,20221231,8616517,10777878,8616517,LAKELAND BANK,1994903,4355585,162438,235800,19953,7796322,33103.0,19953_20221231,1,1,0.027366045932480605,0.046217978795840595,10-100bn
5118804,NM,1974848.0,20221231,10487604,12512286,10487604,ISRAEL DISCOUNT BANK OF NY,2432114,5658838,0,1012378,19977,8153566,2168864.0,19977_20221231,1,1,0.0965309140200183,0.0965309140200183,10-100bn
198712,N,1096.0,20221231,260705,274535,260705,PENNSVILLE NATIONAL BANK,175216,62000,29049,14946,19978,75373,0.0,19978_20221231,1,1,0.05732916514834775,0.16875395562033715,<1bn
122962,NM,0.0,20221231,738846,855988,738846,BESSEMER TRUST CO,172922,630328,45536,358260,20015,307870,0.0,20015_20221231,1,1,0.4848913034651335,0.5465225500307236,<1bn
155863,N,1099.0,20221231,200939,226508,201196,EASTERN NATIONAL BANK,1589,45076,0,76327,20026,134741,0.0,20026_20221231,1,1,0.37985159675324354,0.37985159675324354,<1bn
211252,NM,6093.0,20221231,342171,416733,342171,MERCHANTS&MANUFACTURERS BANK,6542,131596,0,29286,20040,368551,17168.0,20040_20221231,1,1,0.08558878455509088,0.08558878455509088,<1bn
398372,NM,38634.0,20221231,477210,523723,477210,ALL AMERICA BANK,42701,79153,0,8825,20093,452511,21000.0,20093_20221231,1,1,0.018492906686783595,0.018492906686783595,<1bn
2319998,NM,4.0,20221231,2326227,2681992,2326227,TEXAS EXCHANGE BANK,1338728,7686,134736,110329,20099,1131675,2041410.0,20099_20221231,1,1,0.04742830342868516,0.10534870414624196,1-10bn
252034,NM,13572.0,20221231,322895,364587,322895,TOWER COMMUNITY BANK,39797,71048,21503,17299,20100,282829,16527.0,20100_20221231,1,1,0.05357469146316914,0.12016909521671132,<1bn
419041,NM,6010.0,20221231,587044,987221,587044,BANKFIRST,335010,168220,0,12021,20130,571299,23880.0,20130_20221231,1,1,0.02047717036542406,0.02047717036542406,<1bn
437267,NM,217336.0,20221231,956015,1035891,956015,KIRKPATRICK BANK,341770,518985,2341,60632,20156,613730,10632.0,20156_20221231,1,1,0.06342159903348797,0.06587030538223773,1-10bn
521036,NM,0.0,20221231,867189,971089,867189,CITIZENS BANK OF LAS CRUCES,320809,346366,174205,14066,20161,594979,0.0,20161_20221231,1,1,0.01622022419564824,0.21710492176445964,<1bn
70346,NM,9121.0,20221231,79952,87471,79952,ASCENT BANK,17033,9623,3571,9439,20162,56674,0.0,20162_20221231,1,1,0.1180583350010006,0.1627226335801481,<1bn
621927,NM,47595.0,20221231,2098428,2522199,2098428,SUNWEST BANK,586029,1476599,526778,73153,20164,1739274,81800.0,20164_20221231,1,1,0.034860857746846684,0.28589544173066694,1-10bn
145962,NM,29809.0,20221231,358084,468425,358084,FIRST INDEPENDENCE BANK,95994,212283,8808,16233,20179,266142,0.0,20179_20221231,1,1,0.04533293864009562,0.06993051909607802,<1bn
408612,NM,47698.0,20221231,584862,644790,584862,SOUTH GEORGIA BANKING CO,111291,176350,0,87261,20198,318115,0.0,20198_20221231,1,1,0.14919929829600828,0.14919929829600828,<1bn
143550,NM,6327.0,20221231,172388,197040,172388,BCBANK INC,27108,28927,0,6690,20215,150659,2746.0,20215_20221231,1,1,0.0388078056477249,0.0388078056477249,<1bn
217612,NM,34940.0,20221231,284818,390603,284818,BRUNSWICK BANK&TRUST CO,41527,67818,0,18772,20220,313838,10001.0,20220_20221231,1,1,0.06590875576684058,0.06590875576684058,<1bn
1537159,NM,381849.0,20221231,2340712,2624622,2340712,PINNACLE BANK,717885,803707,228956,50666,20231,1639546,0.0,20231_20221231,1,1,0.021645550584608444,0.11946023261298272,1-10bn
7922065,N,6313142.0,20221231,20252877,25260713,20252877,CITY NB OF FLORIDA,6722544,12348422,26897,435113,20234,16556370,2583943.0,20234_20221231,1,1,0.02148400940765107,0.02281206763858784,10-100bn
115972,SM,48837.0,20221231,133435,135192,133435,BANK OF CADIZ&TRUST CO,59860,17548,0,7052,20239,61971,0.0,20239_20221231,1,1,0.052849702102147116,0.052849702102147116,<1bn
1271383,N,388723.0,20221231,2136328,2376539,2136328,AMERICAN BANK NATIONAL ASSN,576319,865161,0,133228,20241,1515917,0.0,20241_20221231,1,1,0.06236308282248793,0.06236308282248793,1-10bn
514032,NM,18954.0,20221231,596714,687271,596714,MARINE BANK,154126,82810,85168,24962,20250,486421,0.0,20250_20221231,1,1,0.04183243563918393,0.18456077786008038,<1bn
206913,NM,19181.0,20221231,547198,656371,547198,FIDELITY BANK,49102,340303,12219,224364,20268,340207,1.0,20268_20221231,1,1,0.4100234284482034,0.4323535539238082,<1bn
221148,SM,11716.0,20221231,280040,316641,280040,COMMUNITY STATE BANK,66131,59223,16098,7943,20279,226892,0.0,20279_20221231,1,1,0.028363805170689902,0.08584845022139695,<1bn
2673835,SM,694860.0,20221231,5044657,6057275,5044657,JOHNSON BANK,994363,2371907,20618,239959,20296,4383580,0.0,20296_20221231,1,1,0.04756696044944186,0.05165405695570581,1-10bn
469040,NM,166359.0,20221231,646636,721362,646636,ROCKY MOUNTAIN BANK,229867,177741,0,14536,20310,429681,69539.0,20310_20221231,1,1,0.02247941654965081,0.02247941654965081,<1bn
371315,NM,115944.0,20221231,574764,617677,574764,AMERICAN BANK,191110,203498,14356,34854,20311,358711,0.0,20311_20221231,1,1,0.06064054116124183,0.08561774919793168,<1bn
385303,NM,104644.0,20221231,466809,521070,466809,GULF COAST BANK,120179,81605,0,82753,20353,281087,0.0,20353_20221231,1,1,0.17727378863732277,0.17727378863732277,<1bn
2872550,NM,673817.0,20221231,3611302,4281261,3611302,HEARTLAND BANK&TRUST CO,1387718,739007,154515,114159,20369,2595535,0.0,20369_20221231,1,1,0.03161159050115443,0.07439809797131339,1-10bn
525933,SM,16247.0,20221231,687885,845747,688557,BANK OF THE ORIENT,30216,163243,0,118537,20387,660427,0.0,20387_20221231,1,1,0.1723209548107605,0.1723209548107605,<1bn
143148,NM,409.0,20221231,164447,183521,164447,LIBERTY BANK,46454,21358,3895,7490,20429,111561,0.0,20429_20221231,1,1,0.04554658947867702,0.06923203220490493,<1bn
21694,NM,4100.0,20221231,28441,30993,28441,CITIZENS BANK OF EDINBURG,10285,6756,482,7952,20454,11690,0.0,20454_20221231,1,1,0.27959635737140043,0.296543722091347,<1bn
227148,NM,3635.0,20221231,282274,296399,282274,FIRSTSTATE BANK,116696,55405,0,17592,20468,142217,0.0,20468_20221231,1,1,0.06232242431113032,0.06232242431113032,<1bn
61711,NM,0.0,20221231,80668,91578,80668,FIRST SECURITY BK OF ROUNDUP,45065,23067,16512,19163,20479,23427,0.0,20479_20221231,1,1,0.23755392472851689,0.4422447562850201,<1bn
769642,SM,150.0,20221231,1031444,1124658,1031444,BENCHMARK COMMUNITY BANK,159845,261971,91987,97307,20484,809248,0.0,20484_20221231,1,1,0.09434055557063689,0.1835232935573817,1-10bn
1190986,SM,145836.0,20221231,1747022,2018808,1747022,FIVE POINTS BANK,627615,556818,0,237538,20488,1064695,0.0,20488_20221231,1,1,0.1359673776289022,0.1359673776289022,1-10bn
10319306,NM,763641.0,20221231,19616796,24967889,19616796,AMERIS BANK,1635305,9302724,759534,1117294,20504,20041654,280473.0,20504_20221231,1,1,0.056955988123646696,0.09567454338618804,10-100bn
118040,NM,0.0,20221231,240890,291618,240890,AMERICAN BANK&TRUST CO,116118,123126,54861,11936,20537,143147,0.0,20537_20221231,1,1,0.049549586948399685,0.27729254016356014,<1bn
312270,NM,83780.0,20221231,441523,484339,441523,LUMBEE GUARANTY BANK,236499,129304,0,35465,20568,183352,0.0,20568_20221231,1,1,0.08032424131925177,0.08032424131925177,<1bn
4115201,NM,829001.0,20221231,5720396,7347241,5720396,BYLINE BANK,1185125,1608740,40723,179353,20624,5387157,552015.0,20624_20221231,1,1,0.03135324897087544,0.0384721617174755,1-10bn
51523,NM,0.0,20221231,77987,85593,77987,FIRST SECURITY BK DEER LODGE,0,26509,0,10239,20657,74224,0.0,20657_20221231,1,1,0.13129111262133433,0.13129111262133433,<1bn
257742,NM,35759.0,20221231,325180,361181,325180,NORTHWEST BANK OF ROCKFORD,76283,67620,1355,8192,20666,254552,0.0,20666_20221231,1,1,0.025192201242388832,0.02935912417737868,<1bn
254771,NM,0.0,20221231,338566,369168,338566,SOUTHERN HERITAGE BANK,94029,83995,25435,18524,20698,243684,0.0,20698_20221231,1,1,0.054713113543592685,0.1298387906641541,<1bn
730044,SM,22384.0,20221231,965734,1035492,965734,TENNESSEE STATE BANK,375263,235966,138848,59353,20720,551785,0.0,20720_20221231,1,1,0.06145895246517157,0.2052335322148749,1-10bn
261036,N,132797.0,20221231,824733,1094760,824733,DALLAS CAPITAL BANK NA,139219,564529,1922,117626,20727,778437,19690.0,20727_20221231,1,1,0.14262312772739782,0.14495357891584307,1-10bn
886967,SI,483.0,20221231,1588662,1834148,1588662,PIONEER BANK,534174,701735,391920,141254,20741,1048110,0.0,20741_20221231,1,1,0.08891381552526592,0.33561198039608175,1-10bn
37138,NM,0.0,20221231,44320,46727,44320,BANK OF MONTGOMERY,33098,7199,27025,5083,20769,7502,0.0,20769_20221231,1,1,0.11468862815884477,0.7244584837545126,<1bn
611522,NM,59362.0,20221231,770815,885269,770815,BORDER BANK,103310,159638,1004,18979,20776,716698,49252.0,20776_20221231,1,1,0.0246219910095159,0.025924508474796156,<1bn
839026,NM,139317.0,20221231,1142427,1249213,1142427,CITIZENS TRI-COUNTY BANK,283522,308933,0,136114,20818,783645,0.0,20818_20221231,1,1,0.11914459304620777,0.11914459304620777,1-10bn
436820,NM,5374.0,20221231,900179,1062134,900179,WALLIS BANK,8097,463971,0,114330,20845,885106,0.0,20845_20221231,1,1,0.1270080728388465,0.1270080728388465,1-10bn
455503,NM,86024.0,20221231,961258,1086631,961258,LIBERTY BANK&TRUST CO,414225,505914,253505,70539,20856,527448,5410.0,20856_20221231,1,1,0.07338196405127448,0.33710408651995616,1-10bn
199238,NM,8194.0,20221231,233587,280725,233587,CITIZENS GUARANTY BANK,15078,34725,0,7455,20872,243648,0.0,20872_20221231,1,1,0.03191530350576017,0.03191530350576017,<1bn
884167,NM,382535.0,20221231,1838704,2537646,2348449,BANK OF GUAM,820558,1464312,0,189599,20884,1379783,0.0,20884_20221231,1,1,0.10311556400595202,0.10311556400595202,1-10bn
809041,N,307636.0,20221231,1397644,1543207,1397644,CITIZENS NATIONAL BANK,421138,588974,57801,55040,20954,985073,0.0,20954_20221231,1,1,0.03938055756687683,0.08073658242012988,1-10bn
745524,NM,116044.0,20221231,1059640,1181012,1059640,INDEPENDENCE BANK,216107,314387,1734,125892,20989,795139,83699.0,20989_20221231,1,1,0.11880638707485561,0.12044279189158583,1-10bn
421275,SM,14610.0,20221231,540714,599950,540714,HARDIN COUNTY BANK,66658,120047,0,12898,20993,483699,24630.0,20993_20221231,1,1,0.023853645365202306,0.023853645365202306,<1bn
1277276,NM,567743.0,20221231,2853206,3066490,2853206,BANK OF TAMPA,1127035,1576012,171041,228401,21031,1562878,0.0,21031_20221231,1,1,0.08005065179310572,0.13999760269675585,1-10bn
85670,NM,4066.0,20221231,101048,122319,101048,FIRST STB OF THE SOUTH INC,41638,15553,2795,4259,21050,59620,0.0,21050_20221231,1,1,0.042148285963106644,0.06980840788536141,<1bn
497356,NM,1504.0,20221231,715835,808228,715835,TEXAS BANK,124508,219158,0,41197,21074,604365,31819.0,21074_20221231,1,1,0.05755097194185811,0.05755097194185811,<1bn
331279,NM,59148.0,20221231,380232,458882,380232,UNITED MISSISSIPPI BANK,134035,49165,467,22902,21083,289020,0.0,21083_20221231,1,1,0.060231648046455845,0.06145984556796903,<1bn
55514,NM,353.0,20221231,62711,78283,62711,BANK OF ONTARIO,5222,9242,0,675,21085,67341,7400.0,21085_20221231,1,1,0.010763661877501555,0.010763661877501555,<1bn
367764,NM,64358.0,20221231,583295,636480,583295,WESTERN STATE BANK,192297,215792,969,35709,21121,395165,0.0,21121_20221231,1,1,0.061219451563959915,0.06288070358909299,<1bn
205850,NM,43285.0,20221231,283810,330099,283810,BANK OF THE BLUEGRASS&TR CO,63577,78155,0,7904,21161,247989,6880.0,21161_20221231,1,1,0.02784961770198372,0.02784961770198372,<1bn
135981,NM,20138.0,20221231,208472,226132,208472,CREWS BANK&TRUST,66716,72494,2944,66629,21163,88134,0.0,21163_20221231,1,1,0.3196064699336122,0.3337282704631797,<1bn
69584,NM,0.0,20221231,81120,90986,81120,BANK OF THE MOUNTAINS INC,13526,11593,2451,7386,21219,52430,0.0,21219_20221231,1,1,0.09105029585798817,0.12126479289940828,<1bn
331940,NM,51298.0,20221231,414666,463867,414666,CBBC BANK,167532,91006,1939,30302,21227,220988,0.0,21227_20221231,1,1,0.07307568018598101,0.07775173271982752,<1bn
407882,NM,95974.0,20221231,518623,565435,518623,FIRST KENTUCKY BANK INC,185895,111120,14365,35245,21247,321328,3993.0,21247_20221231,1,1,0.06795880630053044,0.09565715365496709,<1bn
39514,SM,0.0,20221231,52208,58584,52208,LAKESIDE BANK OF SALINA,5872,12707,0,2801,21255,38519,0.0,21255_20221231,1,1,0.05365078148942691,0.05365078148942691,<1bn
1452694,NM,38933.0,20221231,3095142,3489838,3095142,BRADESCO BAC FLORIDA BANK,283187,1646472,0,387922,21265,2651931,667758.0,21265_20221231,1,1,0.12533253724707946,0.12533253724707946,1-10bn
97119,NM,0.0,20221231,132196,144675,132196,BANK OF PENSACOLA,77706,36134,77706,9970,21284,55302,0.0,21284_20221231,1,1,0.0754183182547127,0.6632273291173711,<1bn
824936,NM,97670.0,20221231,1020498,1059217,1020498,PEOPLESSOUTH BANK,281618,196283,0,68730,21292,652724,0.0,21292_20221231,1,1,0.06734947055261255,0.06734947055261255,1-10bn
232066,NM,0.0,20221231,396316,439310,396316,NBT FINANCIAL BANK,11693,163804,8823,45625,21329,368739,0.0,21329_20221231,1,1,0.11512278081127181,0.13738531878601923,<1bn
20725,NM,691.0,20221231,23843,40265,23843,SONATA BANK,934,3133,0,6874,21342,20590,0.0,21342_20221231,1,1,0.28830264647905046,0.28830264647905046,<1bn
59041,SM,6289.0,20221231,75967,83950,75967,FIRST NATURALSTATE BANK,15600,16967,0,2335,21379,60800,0.0,21379_20221231,1,1,0.030737030552740005,0.030737030552740005,<1bn
43949,NM,0.0,20221231,56449,68063,56449,HOLLADAY BANK&TRUST,1754,12539,0,18779,21448,45087,0.0,21448_20221231,1,1,0.3326719693882974,0.3326719693882974,<1bn
81490,NM,0.0,20221231,99413,113229,99413,FIDELITY BANK OF TEXAS,465,17947,0,63125,21455,48468,0.0,21455_20221231,1,1,0.634977316849909,0.634977316849909,<1bn
169751,NM,9621.0,20221231,189170,214866,189170,CROSSROADS BANK,57845,19770,475,12524,21486,134698,0.0,21486_20221231,1,1,0.06620500079293756,0.06871596976264735,<1bn
185722,NM,57572.0,20221231,215084,227336,215084,CORNERSTONE STATE BANK,82866,29451,5563,6322,21525,120994,0.0,21525_20221231,1,1,0.029393167320674714,0.055257480798199775,<1bn
101686,NM,12680.0,20221231,113673,147612,113673,WEST CENTRAL GEORGIA BANK,61485,12019,2266,22015,21526,55972,0.0,21526_20221231,1,1,0.19366956093355503,0.21360393409164885,<1bn
47009,NM,490.0,20221231,68637,82934,68637,BANK OF OAK RIDGE,4504,21647,0,9583,21529,65813,0.0,21529_20221231,1,1,0.13961857307283243,0.13961857307283243,<1bn
195841,NM,30242.0,20221231,270086,295324,270086,THREE RIVERS BANK OF MONTANA,58960,76693,4771,18079,21557,201183,5000.0,21557_20221231,1,1,0.06693793828632362,0.08460268210866169,<1bn
155487,N,10843.0,20221231,304977,372209,304977,AMERICAN BANK NATIONAL ASSN,39319,149936,13116,36431,21567,271675,59805.0,21567_20221231,1,1,0.11945490971450307,0.16246143151778658,<1bn
922163,NM,143026.0,20221231,1600996,1788405,1600996,BANK OF TENNESSEE,226032,678929,12902,60057,21573,1371901,0.0,21573_20221231,1,1,0.037512273609677974,0.04557100704811255,1-10bn
1050137,SB,297957.0,20221231,2282568,2611099,2282568,BANK OF GREENE COUNTY,1077333,329008,49234,59285,21591,1368090,68639.0,21591_20221231,1,1,0.025972939250878836,0.04754250475779911,1-10bn
408415,NM,77429.0,20221231,878532,970584,878532,HCN BANK,142084,470123,25437,116203,21606,684697,0.0,21606_20221231,1,1,0.1322695132334394,0.16122349555849985,<1bn
52060,NM,1.0,20221231,79974,93218,79974,BANK OF BOURBONNAIS,32433,28002,8844,7243,21635,44042,10.0,21635_20221231,1,1,0.09056693425363244,0.2011528746842724,<1bn
90612,NM,22924.0,20221231,110797,115513,110797,PEOPLES BANK OF GRACEVILLE,69805,20288,0,6325,21692,38266,0.0,21692_20221231,1,1,0.057086383205321445,0.057086383205321445,<1bn
84529,NM,0.0,20221231,189944,273359,189944,LAKESIDE BANK,0,105601,0,125362,21693,138472,0.0,21693_20221231,1,1,0.6599945247020175,0.6599945247020175,<1bn
585737,NM,26184.0,20221231,922865,1037682,922865,PREMIER BANK,176147,337552,118238,78294,21714,736549,0.0,21714_20221231,1,1,0.08483797738564146,0.21295855840236655,1-10bn
4466167,NM,4762587.0,20221231,12875276,16474239,12875276,CITIZENS BUSINESS BANK,5823192,8409287,0,212760,21716,8994275,0.0,21716_20221231,1,1,0.016524694305582264,0.016524694305582264,10-100bn
124671,NM,7737.0,20221231,138916,156902,138916,HERITAGE BANK OF SCHAUMBURG,64536,14273,46954,13078,21721,68823,0.0,21721_20221231,1,1,0.094143223242823,0.43214604509199805,<1bn
73855,NM,12927.0,20221231,121531,143550,121531,FARMERS&MERCHANTS STATE BANK,71437,47759,4945,4358,21728,64559,0.0,21728_20221231,1,1,0.035859163505607625,0.07654837037463692,<1bn
62631,NM,16698.0,20221231,79594,86064,79594,FIRST STATE BANK,28699,17001,0,9965,21752,42830,0.0,21752_20221231,1,1,0.12519787923712844,0.12519787923712844,<1bn
250,SM,0.0,20221231,500,62920,500,JPMORGAN CHASE BANK DEARBORN,0,250,0,61037,21761,0,0.0,21761_20221231,1,1,122.074,122.074,<1bn
250293,NM,16778.0,20221231,386329,427188,386329,FIRST PORT CITY BANK,48122,136257,9131,31648,21784,326965,0.0,21784_20221231,1,1,0.08191981445866088,0.10555510976395767,<1bn
209837,SM,2373.0,20221231,281873,310778,281873,FIRST STATE BANK OF DEQUEEN,54134,72182,0,15568,21805,222170,63019.0,21805_20221231,1,1,0.0552305470903563,0.0552305470903563,<1bn
42651,NM,1.0,20221231,50020,55113,50020,LOVELADY STATE BANK,11391,7458,971,19778,21807,20849,0.0,21807_20221231,1,1,0.3954018392642943,0.4148140743702519,<1bn
2107107,SM,513.0,20221231,4538897,7003100,4539845,MIZUHO BANK USA,22395,2599100,0,2116438,21843,4645599,1747000.0,21843_20221231,1,1,0.4662890565703518,0.4662890565703518,1-10bn
468341,NM,17862.0,20221231,706401,778498,706401,QUAIL CREEK BANK,185992,238270,0,73030,21848,509782,0.0,21848_20221231,1,1,0.10338320585616385,0.10338320585616385,<1bn
449591,N,0.0,20221231,2368540,3244415,2368540,BESSEMER TRUST CO NA,1336080,2023000,1145511,453462,21868,814453,0.0,21868_20221231,1,1,0.19145211818250907,0.6750880289123258,1-10bn
138365,NM,0.0,20221231,176902,200929,176902,FIRST PEOPLES BANK OF TN,59226,38576,5087,4724,21874,125472,0.0,21874_20221231,1,1,0.026704050830403274,0.055460085244937875,<1bn
359317,SM,151746.0,20221231,503462,564898,503462,TRUPOINT BANK,165638,153929,0,30725,21883,333030,0.0,21883_20221231,1,1,0.061027445964144264,0.061027445964144264,<1bn
120665,NM,2436.0,20221231,164018,185380,164018,BANK STAR,24812,43472,722,6803,21897,145227,15133.0,21897_20221231,1,1,0.04147715494640832,0.04587911082929922,<1bn
627721,SM,54388.0,20221231,833185,987478,833185,PRIORITYONE BANK,167404,206177,0,18510,21906,739191,25000.0,21906_20221231,1,1,0.0222159544398903,0.0222159544398903,<1bn
197131,NM,21793.0,20221231,282343,319073,282343,KIRKWOOD BANK&TRUST CO,83729,85406,16904,26293,21928,189235,0.0,21928_20221231,1,1,0.09312432041878141,0.15299476169056786,<1bn
5633878,NM,1751794.0,20221231,8334487,9926655,8334487,TRI COUNTIES BANK,2616019,2700876,0,104718,21943,6346613,0.0,21943_20221231,1,1,0.012564420581614682,0.012564420581614682,1-10bn
117539,SM,8817.0,20221231,159810,183771,159810,STRYV BANK,24073,42725,853,13693,21955,140184,24052.0,21955_20221231,1,1,0.08568299856079094,0.09102058694699956,<1bn
1132613,NM,439137.0,20221231,2112120,2285315,2112120,MONTECITO BANK&TRUST,805636,979616,66307,152809,21956,1180373,0.0,21956_20221231,1,1,0.0723486354941954,0.1037422116167642,1-10bn
337855,NM,3004.0,20221231,415794,487966,415794,FRONTIER STATE BANK,54203,78267,0,50412,21978,364045,0.0,21978_20221231,1,1,0.12124273077533586,0.12124273077533586,<1bn
244856,NM,40258.0,20221231,286448,310948,286448,COMMUNITY STB OF ROCK FALLS,91587,41809,12592,9991,21988,191585,0.0,21988_20221231,1,1,0.03487893090543484,0.07883804390325644,<1bn
66277,NM,6111.0,20221231,78000,85526,78000,COVINGTON COUNTY BANK,18320,11803,0,5099,21998,55250,0.0,21998_20221231,1,1,0.06537179487179487,0.06537179487179487,<1bn
368667,NM,44033.0,20221231,462167,510700,462167,ANDREW JOHNSON BANK,125988,93636,20265,11228,22015,346063,0.0,22015_20221231,1,1,0.024294248615760104,0.06814203523834458,<1bn
325598,SM,36270.0,20221231,428314,472434,428314,INSOUTH BANK,57210,102955,1931,10204,22020,372917,0.0,22020_20221231,1,1,0.02382364340180335,0.028332018098871387,<1bn
124359,NM,33569.0,20221231,151212,160112,151212,FIRST STB OF BLOOMINGTON,49794,26857,11343,44161,22034,62999,0.0,22034_20221231,1,1,0.29204692749252703,0.36706081527921064,<1bn
123101,N,14310.0,20221231,190630,212468,190630,FIRST NATIONAL BANK USA,74930,67613,33707,27204,22046,100607,0.0,22046_20221231,1,1,0.14270576509468605,0.3195247337774747,<1bn
30426,NM,4091.0,20221231,45490,66450,45490,WESTERN BANK OF CLOVIS,8003,15076,1965,2719,22059,52343,0.0,22059_20221231,1,1,0.059771378324906574,0.10296768520553969,<1bn
266609,SM,33156.0,20221231,460031,554293,460031,GRAND BANK,73288,193634,0,9864,22065,436012,29604.0,22065_20221231,1,1,0.02144203325428069,0.02144203325428069,<1bn
109536,NM,33748.0,20221231,125893,148665,125893,JOHNSON COUNTY BANK,53456,16396,0,762,22070,80706,0.0,22070_20221231,1,1,0.006052759089067701,0.006052759089067701,<1bn
277834,NM,29494.0,20221231,377873,420883,377873,MAGNOLIA STATE BANK,80256,100284,9250,10411,22081,305238,0.0,22081_20221231,1,1,0.027551584791715735,0.052030708730181834,<1bn
122882,NM,0.0,20221231,219904,244530,219904,MAIN BANK,45100,97037,45100,7716,22086,182189,0.0,22086_20221231,1,1,0.03508803841676368,0.24017753201396974,<1bn
190471,NM,6807.0,20221231,282575,340039,282575,COFFEE COUNTY BANK,17823,92333,0,29217,22090,285282,10000.0,22090_20221231,1,1,0.10339555870122977,0.10339555870122977,<1bn
412514,N,16906.0,20221231,514713,582751,514713,FIRST NATIONAL CMTY BANK,17523,102216,0,161481,22092,380694,0.0,22092_20221231,1,1,0.3137301758455683,0.3137301758455683,<1bn
1086900,NM,26391.0,20221231,2515099,2931809,2515099,CACHE VALLEY BANK,818748,1428793,776334,81081,22134,1919132,66435.0,22134_20221231,1,1,0.03223769720396692,0.34090705773410906,1-10bn
197984,NM,4160.0,20221231,260968,289962,260968,RABUN COUNTY BANK,7588,63039,0,123331,22138,147734,0.0,22138_20221231,1,1,0.47259050918120227,0.47259050918120227,<1bn
407214,NM,31055.0,20221231,694777,768894,694777,PROGRESSIVE BANK,121617,287678,68784,78820,22139,523394,0.0,22139_20221231,1,1,0.11344647275312798,0.21244802289079806,<1bn
470173,SM,75596.0,20221231,724248,1239412,724248,UNITED BANKERS BANK,189324,254635,42127,114533,22180,717132,330975.0,22180_20221231,1,1,0.1581405816792038,0.21630712131755972,1-10bn
199606,NM,14859.0,20221231,307766,336954,307766,BARWICK BANKING CO,17393,108328,2534,35276,22205,269957,0.0,22205_20221231,1,1,0.11461954861810596,0.1228530766881332,<1bn
40392,N,7439.0,20221231,56689,61332,56689,COMMONWEALTH NATIONAL BANK,28149,16307,7104,7929,22229,23632,0.0,22229_20221231,1,1,0.13986840480516502,0.26518372170967913,<1bn
61843,NM,18775.0,20221231,201863,216216,201863,UNION BANK&TRUST CO,53547,139968,28732,68240,22242,91352,0.0,22242_20221231,1,1,0.33805105442800315,0.48038521175252524,<1bn
1525251,NM,463715.0,20221231,2532026,2927951,2532026,COLONY BANK,902950,882240,91615,78193,22257,1738721,50770.0,22257_20221231,1,1,0.030881594422806084,0.06706408228035574,1-10bn
56423,SM,10416.0,20221231,67564,72317,67564,AMERICAN STB OF GRYGLA,21090,11149,4469,13520,22263,36136,0.0,22263_20221231,1,1,0.2001065656266651,0.2662512580664259,<1bn
252578,N,104182.0,20221231,339675,383633,339675,FIRST NATIONAL BANK,147709,87432,18206,39810,22271,129166,0.0,22271_20221231,1,1,0.11720026495915213,0.17079855744461617,<1bn
107076,NM,0.0,20221231,113030,137405,113030,BANK OF MINGO,6670,6070,0,3924,22273,111576,18044.0,22273_20221231,1,1,0.03471644696098381,0.03471644696098381,<1bn
244127,NM,4.0,20221231,416603,488345,416603,FIRST NATIONS BANK,9440,172890,0,68470,22282,403225,10.0,22282_20221231,1,1,0.16435311315569018,0.16435311315569018,<1bn
444875,SM,47962.0,20221231,762689,903424,762689,WEST MICHIGAN COMMUNITY BANK,62445,317876,0,38668,22308,755954,26906.0,22308_20221231,1,1,0.0506995643047166,0.0506995643047166,<1bn
686690,SM,136.0,20221231,1180638,1370768,1180638,LEGACY BANK&TRUST CO,9343,495281,0,286908,22319,1020727,268284.0,22319_20221231,1,1,0.24301098219776088,0.24301098219776088,1-10bn
1110894,SM,106008.0,20221231,1459519,1844102,1459519,ONE COMMUNITY BANK,159319,350024,9538,28938,22334,1570919,187918.0,22334_20221231,1,1,0.019827080017457806,0.02636210970874651,1-10bn
136735,NM,42092.0,20221231,184356,219074,184356,BANK OF THE PANHANDLE,65996,47914,0,13020,22340,135901,0.0,22340_20221231,1,1,0.07062422703898978,0.07062422703898978,<1bn
1175548,SM,34269.0,20221231,1420929,1734819,1420929,COMMERCIAL BANK,215913,245939,124155,57873,22354,1317600,59442.0,22354_20221231,1,1,0.04072898786638882,0.12810492290607062,1-10bn
36759,NM,0.0,20221231,40936,54524,40936,PINNACLE BANK INC,14852,4200,971,1926,22355,32316,0.0,22355_20221231,1,1,0.04704905217901114,0.07076900527652921,<1bn
83227,NM,44247.0,20221231,103706,112755,103706,CITIZENS BANK,58318,20535,0,10312,22358,38714,0.0,22358_20221231,1,1,0.09943494108344744,0.09943494108344744,<1bn
330968,NM,22537.0,20221231,502820,627723,502820,GBC INTERNATIONAL BANK,64849,172119,3849,61544,22366,481360,32846.0,22366_20221231,1,1,0.12239767710114952,0.13005250387812736,<1bn
835278,N,22892.0,20221231,1503548,1710167,1503548,AMERICAN NATIONAL BANK&TRUST,100837,670362,0,153648,22373,1365981,235572.0,22373_20221231,1,1,0.10219028591039328,0.10219028591039328,1-10bn
141391,N,58459.0,20221231,281642,311968,281642,ANAHUAC NATIONAL BANK,182615,140337,41074,24919,22381,91678,0.0,22381_20221231,1,1,0.0884775708168526,0.23431519446673438,<1bn
384345,NM,31.0,20221231,535820,650597,535820,PEOPLES COMMUNITY BANK,149431,162014,3347,27067,22394,439904,0.0,22394_20221231,1,1,0.05051509835392483,0.05676159904445523,<1bn
490757,N,111325.0,20221231,1046882,1241477,1046882,CENTRAL NATIONAL BANK,140861,556323,5372,162184,22396,921935,0.0,22396_20221231,1,1,0.154920993961115,0.1600524223360417,1-10bn
386544,N,93931.0,20221231,604810,787974,604810,MODERN BANK NATIONAL ASSN,95725,218772,0,52280,22398,615216,32725.0,22398_20221231,1,1,0.0864403697028819,0.0864403697028819,<1bn
24223,NM,2878.0,20221231,37891,44090,37891,WASHITA STATE BANK,10163,13672,0,6889,22430,24788,0.0,22430_20221231,1,1,0.1818109841387137,0.1818109841387137,<1bn
145475,N,14204.0,20221231,174127,215141,174127,BANKCHAMPAIGN NATIONAL ASSN,23341,28684,9137,10915,22434,171900,0.0,22434_20221231,1,1,0.06268413284556675,0.11515732769760002,<1bn
728854,NM,161194.0,20221231,1002788,1235452,1002788,INLAND BANK&TRUST,270125,274149,0,28463,22444,884753,0.0,22444_20221231,1,1,0.02838386578219923,0.02838386578219923,1-10bn
129151,NM,23120.0,20221231,176279,201286,176279,WRAY STATE BANK,31365,47175,0,4853,22447,152455,0.0,22447_20221231,1,1,0.027530221977660415,0.027530221977660415,<1bn
56542,NM,9336.0,20221231,62353,68463,62353,FIRST STATE BANK,22067,5833,0,1593,22448,36586,3286.0,22448_20221231,1,1,0.025548089105576315,0.025548089105576315,<1bn
622601,NM,105409.0,20221231,935846,1084578,935846,VOLUNTEER STATE BANK,152271,313464,0,41102,22451,683434,0.0,22451_20221231,1,1,0.043919619253595145,0.043919619253595145,1-10bn
130833,NM,0.0,20221231,196681,204418,196681,MONTEREY COUNTY BANK,85420,65942,0,15811,22460,71534,0.0,22460_20221231,1,1,0.08038905639080542,0.08038905639080542,<1bn
47025,SM,4694.0,20221231,70457,86463,70457,FIRST CITIZENS BANK OF BUTTE,16573,23438,8083,38157,22502,30420,0.0,22502_20221231,1,1,0.5415643584029975,0.6562868132336035,<1bn
98525,SM,9141.0,20221231,119032,135611,119032,UTAH INDEPENDENT BANK,24803,20515,0,6027,22514,72616,0.0,22514_20221231,1,1,0.05063344310773574,0.05063344310773574,<1bn
146192,NM,0.0,20221231,202267,234273,202267,SPRING HILL STATE BANK,19019,56199,13438,35735,22526,174331,0.0,22526_20221231,1,1,0.17667241814037882,0.24310935545590728,<1bn
231470,NM,6932.0,20221231,306594,349267,306594,FIRST SECURE BANK&TRUST CO,33011,75424,1838,40044,22536,263620,0.0,22536_20221231,1,1,0.13060920957357286,0.13660410836480819,<1bn
534318,NM,138981.0,20221231,1146650,1247359,1146650,PEOPLES BANK OF ALABAMA,199776,612455,5666,153753,22537,769009,0.0,22537_20221231,1,1,0.1340888675707496,0.13903021846247765,1-10bn
11131,SM,0.0,20221231,25068,33557,25068,FIRST PROGRESSIVE BANK,17295,13940,0,5267,22549,9176,0.0,22549_20221231,1,1,0.2101085048667624,0.2101085048667624,<1bn
267900,NM,0.0,20221231,393094,436054,393094,FIRST TEXAS BANK,203983,125205,0,40352,22551,175298,0.0,22551_20221231,1,1,0.10265229181824195,0.10265229181824195,<1bn
1608604,NM,208172.0,20221231,2107854,2398640,2107854,BRAVERA BANK,679477,507456,152599,55883,22559,1515245,4513.0,22559_20221231,1,1,0.026511798255476896,0.09890722981762494,1-10bn
61365,NM,0.0,20221231,93137,110745,93137,COMMUNITY STATE BANK,22403,32793,0,13927,22567,61629,1004.0,22567_20221231,1,1,0.14953240924659372,0.14953240924659372,<1bn
162081,NM,26671.0,20221231,272048,299715,272048,BRIGHTON BANK,63441,110049,0,21772,22578,198411,0.0,22578_20221231,1,1,0.08002999470681645,0.08002999470681645,<1bn
1954232,NM,283261.0,20221231,2872262,3607850,2872262,BANK OF THE SIERRA,1271804,919467,0,77131,22597,2029757,120000.0,22597_20221231,1,1,0.02685374802159413,0.02685374802159413,1-10bn
56708,SM,16644.0,20221231,101483,112567,101483,FLORA BANK&TRUST,39977,44840,0,11240,22598,51805,0.0,22598_20221231,1,1,0.11075746676783303,0.11075746676783303,<1bn
101558,NM,0.0,20221231,298808,326318,298808,VALLEY BANK OF COMMERCE,5922,197371,5870,181640,22600,131249,0.0,22600_20221231,1,1,0.6078819844180878,0.6275267061122861,<1bn
144953,NM,756.0,20221231,177293,197309,177293,CITIZENS BANK,33420,32379,8316,10815,22601,139757,0.0,22601_20221231,1,1,0.06100071632833784,0.10790612150507917,<1bn
93772,NM,22059.0,20221231,105169,130113,105169,TOWN COUNTRY UNITED BANK,39123,11444,0,4155,22621,66907,0.0,22621_20221231,1,1,0.03950783976266771,0.03950783976266771,<1bn
172193,NM,39083.0,20221231,205635,221653,205635,COMMUNITY BANK OF MARSHALL,100989,33635,7571,13860,22636,95404,0.0,22636_20221231,1,1,0.06740097746006274,0.10421863982298733,<1bn
115999,SM,27221.0,20221231,176400,189914,176400,BANK OF COMMERCE,74387,60483,6706,6610,22639,89882,0.0,22639_20221231,1,1,0.03747165532879818,0.0754875283446712,<1bn
3711457,SM,1879557.0,20221231,3794924,3959561,3794924,GREEN DOT BK DBA BONNEVILLE,2368519,83471,0,876538,22653,53102,0.0,22653_20221231,1,1,0.2309764306215355,0.2309764306215355,1-10bn
64042,NM,12255.0,20221231,77280,86106,77280,CITIZENS STATE BANK,25119,13276,0,9305,22657,45230,0.0,22657_20221231,1,1,0.12040631469979296,0.12040631469979296,<1bn
141366,NM,69616.0,20221231,232629,245413,232629,NEVADA BANK&TRUST CO,118184,91264,12064,9825,22669,72359,0.0,22669_20221231,1,1,0.042234631107901426,0.09409402954919636,<1bn
176047,SM,33703.0,20221231,246260,301954,246260,CITIZENS B&T CO OF ARDMORE,105248,70277,8784,18760,22717,166040,0.0,22717_20221231,1,1,0.07617964752700399,0.11184926500446682,<1bn
400234,NM,109288.0,20221231,600022,714278,600022,FIRST UTAH BANK,109288,200003,0,80763,22738,488749,5912.0,22738_20221231,1,1,0.13460006466429564,0.13460006466429564,<1bn
135375,NM,6813.0,20221231,234361,259413,234361,BANK OF ST FRANCISVILLE,31183,99182,9621,11299,22739,185495,0.0,22739_20221231,1,1,0.048211946526939206,0.08926399870285585,<1bn
179431,NM,8943.0,20221231,204311,228529,204311,PEOPLES B&T CO PICKETT CNTY,25065,25740,0,5482,22756,170224,1.0,22756_20221231,1,1,0.026831643915403477,0.026831643915403477,<1bn
94560,NM,6861.0,20221231,150335,169491,150335,BRICKYARD BANK,21799,55831,0,27471,22811,116903,0.0,22811_20221231,1,1,0.18273189875943727,0.18273189875943727,<1bn
38800812,N,3441916.0,20221231,81993225,104445496,81993225,MUFG UNION BANK NA,10508379,43739502,1092885,23374039,22826,52517536,3698219.0,22826_20221231,1,1,0.2850728093693107,0.29840177648824034,>=100bn
47021,NM,12469.0,20221231,58641,63740,58641,LAUDERDALE COUNTY BANK,20842,11644,0,6591,22835,25579,0.0,22835_20221231,1,1,0.11239576405586535,0.11239576405586535,<1bn
90576,NM,1504.0,20221231,104059,135977,104059,BANK OF GIBSON CITY,31185,13552,16979,4654,22838,91410,0.0,22838_20221231,1,1,0.04472462737485465,0.2078916768371789,<1bn
36161,NM,0.0,20221231,55782,68918,55782,LATIMER STATE BANK,26389,19651,0,11853,22839,11158,0.0,22839_20221231,1,1,0.21248789932236206,0.21248789932236206,<1bn
70908,NM,879.0,20221231,92758,111484,92758,OKLAHOMA HERITAGE BANK,9779,21979,0,3729,22855,89236,4500.0,22855_20221231,1,1,0.04020138424718084,0.04020138424718084,<1bn
13153216,SM,1383215.0,20221231,22557697,29430409,22557697,UNITED BANK,4529985,9462200,459126,1174896,22858,20380299,5702.0,22858_20221231,1,1,0.052084040316704314,0.0724374478476238,10-100bn
235413,NM,125899.0,20221231,360998,357797,360998,COMMUNITY BANK OF RAYMORE,224036,125711,0,5079,22867,94225,0.0,22867_20221231,1,1,0.014069330023989052,0.014069330023989052,<1bn
486269,NM,19677.0,20221231,661674,733423,661674,HICKORY POINT BANK&TRUST,228016,175666,151613,31742,22874,425815,0.0,22874_20221231,1,1,0.04797226428724719,0.27710776001475046,<1bn
665040,NM,161955.0,20221231,990277,1087807,990277,SOUTHWEST MISSOURI BANK,452473,325754,11645,58549,22876,511467,0.0,22876_20221231,1,1,0.05912386130345348,0.07088319732761642,1-10bn
138109,SM,2.0,20221231,155386,175199,155386,FARMERS&MINERS BANK,51458,17324,11673,40215,22888,77435,0.0,22888_20221231,1,1,0.2588070997387152,0.3339296976561595,<1bn
150077,NM,0.0,20221231,207434,246627,207434,PUTNAM COUNTY STATE BANK,5735,57514,500,31548,22895,204522,2039.0,22895_20221231,1,1,0.15208692885447903,0.15449733409180752,<1bn
2240481,SM,3936.0,20221231,2771609,3140875,2771609,FIRST BANK&TRUST CO,103423,531474,95799,500595,22918,2400249,0.0,22918_20221231,1,1,0.1806153032408251,0.21517970247607077,1-10bn
76268,NM,7159.0,20221231,148447,173327,148447,INDEPENDENCE BANK,31363,74415,3378,26692,22925,109487,0.0,22925_20221231,1,1,0.17980828174365263,0.20256387801707007,<1bn
432824,NM,108288.0,20221231,637557,716176,637557,WHEATLAND BANK,222378,204784,0,33377,22939,416496,0.0,22939_20221231,1,1,0.05235139760052827,0.05235139760052827,<1bn
95295,N,23243.0,20221231,118091,124938,118091,AMERICAN NB OF MT PLEASANT,49913,22838,0,3301,22942,68881,0.0,22942_20221231,1,1,0.027953019281740352,0.027953019281740352,<1bn
4508581,N,989543.0,20221231,7103749,9101588,7109156,AMERANT BANK NATIONAL ASSN,1297726,3329105,0,290601,22953,6836132,629280.0,22953_20221231,1,1,0.04090811767138732,0.04090811767138732,1-10bn
35017,NM,965.0,20221231,39240,53851,39240,CITIZENS BK MORGANTOWN INC,11281,4240,906,922,22954,38955,506.0,22954_20221231,1,1,0.02349643221202854,0.04658511722731906,<1bn
621122,N,205092.0,20221231,1922995,2108227,1922995,WEST TEXAS NATIONAL BANK,691957,1302106,241058,321283,22957,1003529,0.0,22957_20221231,1,1,0.1670742773642157,0.29242977750852184,1-10bn
529337,NM,124649.0,20221231,646143,701415,646143,FIRST COMMUNITY BANK,261992,116625,19241,21042,22964,384500,0.0,22964_20221231,1,1,0.03256554663596139,0.062343784580193545,<1bn
203947,NM,23487.0,20221231,231705,277737,231705,STATE BANK,70180,27837,22174,29967,22971,158087,0.0,22971_20221231,1,1,0.12933255648345957,0.22503182926566107,<1bn
103716,NM,0.0,20221231,134180,147269,134180,TWIN RIVER BANK,2892,30479,0,53800,22993,88432,0.0,22993_20221231,1,1,0.40095394246534505,0.40095394246534505,<1bn
476833,SM,93039.0,20221231,684531,754054,684531,OREGON PACIFIC BK DBA OR PAC,195882,207714,29596,50520,23007,476313,0.0,23007_20221231,1,1,0.07380235518917332,0.11703779668123138,<1bn
1202840,NM,480502.0,20221231,2102851,2421530,2102851,CENTRAL VALLEY CMTY BANK,960490,900123,8707,31159,23030,1245456,0.0,23030_20221231,1,1,0.014817502523954383,0.018958071684584403,1-10bn
710090,NM,135873.0,20221231,1180954,1305491,1180954,BANK OF THE PACIFIC,286296,470894,72558,318485,23041,631722,0.0,23041_20221231,1,1,0.2696845093034953,0.3311246670065049,1-10bn
266215,N,1950.0,20221231,401793,549989,401793,NEW OMNI BANK NATIONAL ASSN,1950,136453,0,141359,23086,389125,0.0,23086_20221231,1,1,0.3518204647666833,0.3518204647666833,<1bn
201828,NM,0.0,20221231,273140,336954,273140,PEOPLES B&T POINTE COUPEE PA,15441,71673,486,50846,23090,254817,0.0,23090_20221231,1,1,0.18615362085377463,0.1879329281687047,<1bn
3213453,NM,402441.0,20221231,5538449,6312363,5538449,ALPINE BANK,1968637,2326633,28078,171646,23091,3854355,74603.0,23091_20221231,1,1,0.030991709050674655,0.03606135941668868,1-10bn
54474,NM,12224.0,20221231,71220,83905,71220,BANK OF PROTECTION,28093,16799,0,4470,23099,43324,1000.0,23099_20221231,1,1,0.06276326874473462,0.06276326874473462,<1bn
359260,SM,112867.0,20221231,454161,525943,454161,BANK OF BARTLETT,189148,95004,0,12681,23123,286004,0.0,23123_20221231,1,1,0.02792181627220303,0.02792181627220303,<1bn
57019,SM,2307.0,20221231,69319,78725,69319,HURON STATE BANK,15981,12310,3859,10877,23126,47074,0.0,23126_20221231,1,1,0.15691224628168324,0.2125824088633708,<1bn
407309,NM,2454.0,20221231,617168,697664,617168,SOUTH LOUISIANA BANK,324542,213984,258088,59286,23144,285002,0.0,23144_20221231,1,1,0.09606136416664507,0.5142424753065615,<1bn
206719,NM,67079.0,20221231,282981,327664,282981,FIRST CITIZENS BANK,115901,76465,0,5055,23152,182213,5000.0,23152_20221231,1,1,0.01786339012159827,0.01786339012159827,<1bn
205107,NM,36866.0,20221231,260685,274344,260685,COMMUNITY BANK&TRUST CO,91267,55801,4529,14862,23189,147443,8050.0,23189_20221231,1,1,0.057011335519880316,0.07438479390835682,<1bn
152778,SM,14808.0,20221231,263605,420737,263605,BANKERS BANK OF THE WEST,23185,110995,5130,34605,23210,296112,55545.0,23210_20221231,1,1,0.13127596214032358,0.15073689801028053,<1bn
5553335,N,621632.0,20221231,8296042,9145613,8296042,WOODFOREST NATIONAL BANK,1913046,2749062,0,478216,23220,6105400,0.0,23220_20221231,1,1,0.057643874030531665,0.057643874030531665,1-10bn
71089,NM,1578.0,20221231,112889,128608,112889,MISSISSIPPI RIVER BANK,23840,41804,19362,63768,23222,39664,0.0,23222_20221231,1,1,0.5648734597702167,0.7363870704851668,<1bn
24097,NM,0.0,20221231,43994,82288,43994,CALIFORNIA PACIFIC BANK,0,19936,0,10716,23242,59535,722.0,23242_20221231,1,1,0.24357866981861162,0.24357866981861162,<1bn
36455,NM,4640.0,20221231,38494,44512,38494,NORTH ADAMS STATE BANK,12029,2059,0,5389,23244,25173,0.0,23244_20221231,1,1,0.13999584350807917,0.13999584350807917,<1bn
240518,NM,0.0,20221231,282545,321482,282545,COMMUNITY STATE BANK,76242,42338,0,8973,23257,225916,3510.0,23257_20221231,1,1,0.031757773098090566,0.031757773098090566,<1bn
58135,SM,0.0,20221231,77576,85110,77576,SIOUXLAND BANK,34019,19472,28883,13569,23270,32541,0.0,23270_20221231,1,1,0.17491234402392491,0.547231102402805,<1bn
1000663,SM,302632.0,20221231,1458773,1618881,1458773,PLUMAS BANK,444703,458166,9707,183426,23275,906269,0.0,23275_20221231,1,1,0.12573991978189888,0.13239414220032864,1-10bn
997543,SM,70333.0,20221231,1322199,1705192,1322199,FALL RIVER FIVE CENTS SB,251474,325313,1867,35399,23286,1335607,93578.0,23286_20221231,1,1,0.02677282315294445,0.028184864759389472,1-10bn
3190044,NM,261122.0,20221231,4168916,5272127,4168916,CAPE COD FIVE CENTS SB,495382,945967,35620,37472,23287,4476129,125000.0,23287_20221231,1,1,0.008988427687197343,0.017532615193014203,1-10bn
1320047,SI,113302.0,20221231,1684224,1864517,1684224,FLORENCE BANK,641082,364829,21761,32220,23293,1097763,0.0,23293_20221231,1,1,0.01913047195622435,0.03205096234230126,1-10bn
3324645,NM,390622.0,20221231,4960738,6619741,4960738,SALEM FIVE CENTS SB,1552954,1732892,18741,39229,23296,4701609,0.0,23296_20221231,1,1,0.007907895962254004,0.011685761271810768,1-10bn
1014975,SM,418639.0,20221231,1308946,1448597,1308946,WATERTOWN SAVINGS BANK,689992,293972,10926,74566,23298,610682,0.0,23298_20221231,1,1,0.056966444757843335,0.06531361874363037,1-10bn
56745,NM,5.0,20221231,70462,105857,70462,UNITED ORIENT BANK,3647,13759,0,3191,23373,89658,0.0,23373_20221231,1,1,0.04528682126536289,0.04528682126536289,<1bn
232643,NM,2573.0,20221231,329538,403414,329538,FIRST JACKSON BANK INC,87824,97527,0,7912,23376,277773,10111.0,23376_20221231,1,1,0.0240093706947302,0.0240093706947302,<1bn
118205,N,0.0,20221231,137161,147497,137161,EVERGREEN NATIONAL BANK,31442,18956,31442,4453,23404,62321,0.0,23404_20221231,1,1,0.03246549675199219,0.261699754303337,<1bn
155581,N,17756.0,20221231,225507,251393,225507,FIRST NB OF BURLESON,78551,69933,0,74256,23430,89891,0.0,23430_20221231,1,1,0.3292846785243917,0.3292846785243917,<1bn
1843,N,0.0,20221231,2093,1502758,2093,BANK OF NY MELLON TR CO NA,515,250,515,516347,23472,0,0.0,23472_20221231,1,1,246.70186335403727,246.9479216435738,1-10bn
1818027,SM,684523.0,20221231,2296136,2733258,2296136,FIRST FIDELITY BANK,795143,478505,5666,65098,23473,1713777,4209.0,23473_20221231,1,1,0.02835110812251539,0.030818731991484823,1-10bn
2335669,N,1246128.0,20221231,4783454,5539254,4783454,AMERICAN NB OF TEXAS,2252726,2448617,54641,293135,23474,2679431,3183.0,23474_20221231,1,1,0.06128103249242075,0.07270394990732638,1-10bn
2256062,SI,50633.0,20221231,4263868,5331967,4263868,TBK BANK SSB,259695,2009246,0,408182,23498,4083125,110555.0,23498_20221231,1,1,0.09573044944168065,0.09573044944168065,1-10bn
107116,NM,19335.0,20221231,138994,148793,138994,CITIZENS BANK INC,56940,31877,0,17387,23523,68853,1726.0,23523_20221231,1,1,0.12509173057829834,0.12509173057829834,<1bn
382438,SM,138054.0,20221231,802385,1382388,802385,BANKERS BANK,306019,423420,67677,37556,23537,918337,176888.0,23537_20221231,1,1,0.04680546121874163,0.1311502582924656,1-10bn
228760,NM,53555.0,20221231,286151,343382,286151,MUNICIPAL TRUST&SAVINGS BANK,89629,57446,0,18593,23546,228338,6097.0,23546_20221231,1,1,0.06497618390290441,0.06497618390290441,<1bn
84584,NM,8090.0,20221231,101941,119453,101941,COMMUNITY BK EL DORADO SPRIN,41049,17402,13083,15181,23551,52974,0.0,23551_20221231,1,1,0.1489194730285165,0.2772584141807516,<1bn
211328,N,62666.0,20221231,335655,371832,335655,LAMAR NATIONAL BANK,108688,124356,1929,16966,23597,211766,29930.0,23597_20221231,1,1,0.05054594747583084,0.05629291981349898,<1bn
1225440,SI,92826.0,20221231,1672273,2099129,1672273,DEDHAM INST FOR SVG,409858,447089,13378,12478,23620,1611026,112552.0,23620_20221231,1,1,0.007461700332421799,0.015461590302540315,1-10bn
6858790,NM,1608105.0,20221231,10421742,11656860,10421742,BERKSHIRE BANK,2019418,3837972,11973,682634,23621,8243351,120933.0,23621_20221231,1,1,0.06550094984120697,0.06664979808557916,10-100bn
1332188,SI,209400.0,20221231,2417279,3093991,2417279,BRISTOL COUNTY SAVINGS BANK,660361,1086566,45705,32752,23622,2284533,0.0,23622_20221231,1,1,0.013549118657796639,0.03245674165042595,1-10bn
3721268,NM,774103.0,20221231,5034902,6659837,5034902,WASHINGTON TR CO OF WESTERLY,996858,1514900,0,116964,23623,5081366,358197.0,23623_20221231,1,1,0.02323064083471734,0.02323064083471734,1-10bn
2801097,NM,202667.0,20221231,4574246,5825549,4574246,REPUBLIC BANK&TRUST CO,702275,1773324,191651,311090,23627,4464744,328655.0,23627_20221231,1,1,0.06800902268920386,0.10990685678033058,1-10bn
181060,N,301887.0,20221231,2046893,2550980,2046893,TIB NATIONAL ASSN,305029,1865891,0,795668,23647,1169670,0.0,23647_20221231,1,1,0.3887198793488473,0.3887198793488473,1-10bn
461832,N,23712.0,20221231,751684,866056,751684,VAST BANK NATIONAL ASSN,51046,290457,0,40114,23737,617324,64225.0,23737_20221231,1,1,0.053365509974936276,0.053365509974936276,<1bn
69714,N,0.0,20221231,131807,186374,131807,MISSION NATIONAL BANK,0,62154,0,39852,23749,134105,2009.0,23749_20221231,1,1,0.30235116496088976,0.30235116496088976,<1bn
166852,SM,17573.0,20221231,234326,271349,234326,FMS BANK,37688,67522,5684,7617,23764,193767,0.0,23764_20221231,1,1,0.03250599592021372,0.05676280054283349,<1bn
391952,NM,312306.0,20221231,574544,644949,574544,COMMERCE BANK,429953,182969,114859,10655,23772,156180,0.0,23772_20221231,1,1,0.018545141886435156,0.21845846445180875,<1bn
177172,N,9003.0,20221231,316133,358349,316133,MCCURTAIN COUNTY NB,59130,139071,12641,88518,23798,162405,0.0,23798_20221231,1,1,0.2800024040514594,0.3199887389168483,<1bn
1006806,SM,387795.0,20221231,1878889,2146224,1878889,TEXAS FIRST BANK,951238,872208,95037,60700,23799,1038352,0.0,23799_20221231,1,1,0.032306325706308356,0.08288781295755097,1-10bn
97127,NM,89.0,20221231,116636,148675,116636,UNITED PACIFIC BANK,2005,19589,0,29366,23805,108047,0.0,23805_20221231,1,1,0.2517747522205837,0.2517747522205837,<1bn
547492,NM,197.0,20221231,714909,903260,714909,TRAILWEST BANK,66141,168123,29212,132077,23806,664623,3349.0,23806_20221231,1,1,0.18474659012545652,0.22560773469070888,<1bn
205748,NM,35134.0,20221231,303860,327701,303860,FIRST STB OF DEKALB COUNTY,106850,98303,22216,20516,23815,162394,0.0,23815_20221231,1,1,0.06751793589152899,0.14063055354439544,<1bn
267,SM,0.0,20221231,1000,39252,1000,BANK OF JACKSON HOLE TRUST,0,750,0,27809,23826,0,0.0,23826_20221231,1,1,27.809,27.809,<1bn
143673,NM,0.0,20221231,312237,361045,312237,SUMMIT BANK,1395,170036,1395,150391,23864,192775,0.0,23864_20221231,1,1,0.48165656216271613,0.4861243222295884,<1bn
322085,N,21566.0,20221231,561188,623090,561188,AMERICAN BANK NATIONAL ASSN,135363,239287,81641,23377,23886,442414,0.0,23886_20221231,1,1,0.04165627205143375,0.1871351490053244,<1bn
471295,NM,72060.0,20221231,534276,743590,534276,ONEUNITED BANK,85779,63334,2904,159774,23966,464358,77303.0,23966_20221231,1,1,0.2990476832199088,0.3044830761628821,<1bn
103962,SM,2043.0,20221231,133642,145583,133642,MINNESOTA LAKES BANK,54721,29697,39682,11905,23986,71373,0.0,23986_20221231,1,1,0.0890812768441059,0.38600888942099043,<1bn
74521,SM,7081.0,20221231,85930,96392,85930,MINERS EXCHANGE BANK,21672,11445,0,9488,23989,49547,0.0,23989_20221231,1,1,0.1104154544396602,0.1104154544396602,<1bn
1031133,SI,117288.0,20221231,1340598,1659376,1340598,COUNTRY BANK FOR SAVINGS,322050,311075,0,24537,23992,1266881,0.0,23992_20221231,1,1,0.018303025963040374,0.018303025963040374,1-10bn
570237,NM,58598.0,20221231,923299,1087572,923299,STATE BANK OF INDIA CA,110533,354502,46743,74546,23998,882501,83715.0,23998_20221231,1,1,0.08073874227092198,0.131364812482197,1-10bn
186359,NM,0.0,20221231,320037,362596,320037,HARBOR BANK OF MARYLAND,62095,134335,0,71703,24015,203031,0.0,24015_20221231,1,1,0.2240459696847552,0.2240459696847552,<1bn
13603,N,0.0,20221231,14305,29132,14305,BRAZOS NATIONAL BANK,0,704,0,7915,24038,16345,0.0,24038_20221231,1,1,0.553303040894792,0.553303040894792,<1bn
17090024,NM,3560266.0,20221231,34285463,41183756,34285463,PACIFIC WESTERN BANK,7112622,17218563,854232,2235886,24045,28473455,4488578.0,24045_20221231,1,1,0.0652138196296197,0.09012910223787848,10-100bn
60518,NM,32374.0,20221231,90517,95957,90517,ATASCOSA BANK,53182,30050,0,24513,24064,15940,0.0,24064_20221231,1,1,0.2708110078769734,0.2708110078769734,<1bn
75367,N,1787.0,20221231,97949,107508,97949,CITIZENS NATIONAL BANK,36118,22587,15295,29704,24085,34959,0.0,24085_20221231,1,1,0.303259859722917,0.45941255142982573,<1bn
2785671,NM,112796.0,20221231,4791325,5916905,4791325,OCEAN BANK,808071,2009451,488121,78016,24156,4722361,52762.0,24156_20221231,1,1,0.01628276103165617,0.11815875566779545,1-10bn
3533387,NM,597859.0,20221231,6178629,7348419,6178629,HANMI BANK,836178,2653009,30366,352421,24170,5903653,83306.0,24170_20221231,1,1,0.05703870551217754,0.06195338804126287,1-10bn
97835,N,2711.0,20221231,156443,182860,156443,CAPITOL NATIONAL BANK,3745,58627,0,60082,24199,110486,0.0,24199_20221231,1,1,0.3840504209200795,0.3840504209200795,<1bn
113766,N,0.0,20221231,158394,181729,158394,BANK OF WHITTIER NA,0,44694,0,118816,24211,57763,0.0,24211_20221231,1,1,0.750129424094347,0.750129424094347,<1bn
67107,NM,7492.0,20221231,102916,115890,102916,CHASEWOOD BANK,7492,35829,0,44341,24272,60176,0.0,24272_20221231,1,1,0.4308465156049594,0.4308465156049594,<1bn
43009,NM,0.0,20221231,70780,83120,70780,PAVILLION BANK,10275,27787,9015,14896,24303,55690,0.0,24303_20221231,1,1,0.21045493077140434,0.3378214184797966,<1bn
203639,N,51559.0,20221231,262835,299543,262835,LLANO NATIONAL BANK,121849,59258,573,10876,24305,148827,0.0,24305_20221231,1,1,0.04137957273574676,0.043559647687712824,<1bn
270713,NM,0.0,20221231,359791,581115,359791,FIRST CREDIT BANK,9450,91406,0,78928,24332,451647,189638.0,24332_20221231,1,1,0.21937180196280617,0.21937180196280617,<1bn
1162452,N,26652.0,20221231,2810920,3061875,2810920,LONE STAR NATIONAL BANK,968237,1657480,122289,673942,24347,1210026,0.0,24347_20221231,1,1,0.2397585132269862,0.2832634866876325,1-10bn
337456,NM,19789.0,20221231,563722,630697,563722,FIRST COMMUNITY BANK,160545,226476,22444,26414,24353,415686,0.0,24353_20221231,1,1,0.046856429232848815,0.0866703800809619,<1bn
47437,N,483.0,20221231,53792,67694,53792,CITY NATIONAL BANK,8888,6395,2023,11696,24367,44049,0.0,24367_20221231,1,1,0.2174301011302796,0.2550379238548483,<1bn
1532164,N,9036.0,20221231,2146619,2894890,2146619,INDUSTRIAL&COMMERCIAL BK CHI,9036,612498,0,169188,24387,2599575,609287.0,24387_20221231,1,1,0.07881603582191343,0.07881603582191343,1-10bn
72568,N,244.0,20221231,113276,124521,113276,PROGRESSIVE NATIONAL BANK,25982,40750,18814,18400,24443,70487,0.0,24443_20221231,1,1,0.1624351142342597,0.32852501853879024,<1bn
418886,SM,38704.0,20221231,525022,602346,525022,AMERICAN NATION BANK,158537,106644,9330,17012,24472,406245,12901.0,24472_20221231,1,1,0.03240245170678562,0.05017313560193668,<1bn
174869,NM,4525.0,20221231,230293,253832,230293,FIRST STATE BANK,54641,55465,11086,66942,24498,122917,2327.0,24498_20221231,1,1,0.2906818704867278,0.33882054600009553,<1bn
988494,NM,211138.0,20221231,2163909,2485002,2163909,INTERAUDI BANK,680915,1177549,107345,580857,24516,1164285,63881.0,24516_20221231,1,1,0.26842949495565666,0.3180364793528748,1-10bn
688139,NM,495.0,20221231,1017970,1260196,1017970,BANK OF NEW ENGLAND,11343,330036,0,147987,24540,1073926,249014.0,24540_20221231,1,1,0.14537461811251806,0.14537461811251806,1-10bn
721720,SM,48546.0,20221231,1981058,2184597,1981058,TEXAS COMMUNITY BANK,551448,1260056,500370,627109,24563,945336,0.0,24563_20221231,1,1,0.31655256938464194,0.5691297276505787,1-10bn
295773,N,60733.0,20221231,505197,547475,505197,FIRST COMMERCIAL BANK NA,121040,209485,1954,80774,24603,322047,0.0,24603_20221231,1,1,0.15988614342523808,0.16375394153171932,<1bn
79695,N,0.0,20221231,175547,199666,175547,TRIAD BANK NATIONAL ASSN,0,95912,0,8102,24677,137856,10169.0,24677_20221231,1,1,0.046152882134129325,0.046152882134129325,<1bn
9990000,SM,91460000.0,20221231,161479000,209026000,175378000,SILICON VALLEY BANK,117297000,151592000,16043000,12511000,24735,73613000,0.0,24735_20221231,1,1,0.07747756674242472,0.1768279466679878,>=100bn
495706,NM,10088.0,20221231,850654,944447,850654,INTERNATIONAL FINANCE BANK,77129,355203,40461,16293,24823,814921,781.0,24823_20221231,1,1,0.019153498367138696,0.06671807809050448,<1bn
188110,SM,140633.0,20221231,425340,785072,425340,ATLANTIC CMTY BANKERS BANK,181482,237450,0,128713,24829,408833,0.0,24829_20221231,1,1,0.3026120280246391,0.3026120280246391,<1bn
100101,NM,1700.0,20221231,124300,143406,124300,FIRST NM BANK OF SILVER CITY,51574,24203,0,5092,24865,57967,0.0,24865_20221231,1,1,0.04096540627514079,0.04096540627514079,<1bn
3704,NM,0.0,20221231,101815,192197,101815,BNY MELLON TRUST OF DELAWARE,0,98111,0,117339,24867,10571,0.0,24867_20221231,1,1,1.1524726219122918,1.1524726219122918,<1bn
560593,N,111019.0,20221231,1855272,2057791,1855272,COMMUNITY NATIONAL BANK,323821,1294828,2692,409984,24897,1220664,0.0,24897_20221231,1,1,0.22098323049127028,0.22243423066806375,1-10bn
55766,N,112.0,20221231,83283,90593,83283,FIRST NB OF S PADRE ISL,16509,27519,7914,44931,24902,27050,0.0,24902_20221231,1,1,0.5394978567054501,0.6345232520442348,<1bn
622748,SM,118332.0,20221231,945656,1017597,945656,UWHARRIE BANK,354989,322959,50630,114581,24919,498373,0.0,24919_20221231,1,1,0.12116562470919658,0.17470517820433645,1-10bn
1237847,NM,82074.0,20221231,2612800,3104798,2612800,WOORI AMERICA BANK,212337,1381168,0,389339,24920,2390417,182145.0,24920_20221231,1,1,0.14901217085119411,0.14901217085119411,1-10bn
417691,NM,116451.0,20221231,564274,597227,564274,GRAND VALLEY BANK,293406,146648,44996,17729,24922,262430,0.0,24922_20221231,1,1,0.03141913325795624,0.11116053548453411,<1bn
320153,NM,236425.0,20221231,389680,449571,389680,INTERNATIONAL BK OF COM,269005,69718,29963,13551,24961,118476,0.0,24961_20221231,1,1,0.03477468692260316,0.11166598234448778,<1bn
134126,SM,12307.0,20221231,157306,172174,157306,VALLEY BANK OF RONAN,24143,23182,0,39717,24966,102117,0.0,24966_20221231,1,1,0.25248242279379046,0.25248242279379046,<1bn
16351248,SM,5520034.0,20221231,26425638,31679817,26425638,COMMERCE BANK,12229176,10168277,1035405,854095,24998,16157959,0.0,24998_20221231,1,1,0.03232069553060554,0.07150253098903421,10-100bn
56524,N,0.0,20221231,73038,81987,73038,SUMMIT NATIONAL BANK,15267,16522,15244,14875,25054,47246,0.0,25054_20221231,1,1,0.20366110791642705,0.4123743804594868,<1bn
45783,N,213.0,20221231,67216,82877,67216,FIRST NB OF BENTON,15792,21463,15579,13101,25065,52887,0.0,25065_20221231,1,1,0.19490895024994048,0.42668412282789814,<1bn
929280,NM,156032.0,20221231,1399092,2187455,1840381,HABIB AMERICAN BANK,236071,477017,24641,473058,25093,1380481,80092.0,25093_20221231,1,1,0.33811786501530994,0.35573000202988797,1-10bn
2472197,NM,446450.0,20221231,3505476,3942106,3505476,CITY BANK,701711,1037635,0,234883,25103,2739196,55500.0,25103_20221231,1,1,0.06700459509635781,0.06700459509635781,1-10bn
89039,N,2436.0,20221231,166876,189617,166876,FIRST NB NORTHWEST FLORIDA,13443,77845,1977,113811,25122,60185,0.0,25122_20221231,1,1,0.6820093961983749,0.6938565162156332,<1bn
426481,NM,62180.0,20221231,459912,596976,459912,FINANCE FACTORS LTD,83353,33670,4338,17739,25158,407291,0.0,25158_20221231,1,1,0.03857042216771904,0.04800266137869853,<1bn
71994,N,0.0,20221231,112768,136081,112768,COMMUNITY NB OF OKARCHE,81015,40913,20165,7101,25161,45834,0.0,25161_20221231,1,1,0.06296999148694665,0.24178845062429058,<1bn
191459,NM,30683.0,20221231,262918,343097,262918,MEADE COUNTY BANK,47230,71651,0,7958,25173,272303,5000.0,25173_20221231,1,1,0.030267992301782305,0.030267992301782305,<1bn
13625000,N,0.0,20221231,13984000,18204000,13984000,BANK OF AMERICA CA NA,0,360000,0,5042000,25178,13039000,0.0,25178_20221231,1,1,0.36055491990846683,0.36055491990846683,10-100bn
100467,N,91821.0,20221231,390193,982653,390193,FIRST NATIONAL BANKERS BANK,93370,289726,692,26441,25247,587529,0.0,25247_20221231,1,1,0.0677639014538959,0.06953738278236668,<1bn
209430,N,27985.0,20221231,656318,731074,656318,C3BANK NATIONAL ASSN,66267,447084,35882,90642,25249,554703,0.0,25249_20221231,1,1,0.13810683235870416,0.19277850066583577,<1bn
351115,N,74953.0,20221231,457089,535219,457089,INTERCREDIT BANK NA,105089,106309,0,7587,25258,410784,49150.0,25258_20221231,1,1,0.016598518012903397,0.016598518012903397,<1bn
19603,NM,404.0,20221231,21196,23537,21196,STATE BANK OF BROOKS,11716,1604,258,6076,25260,5587,0.0,25260_20221231,1,1,0.2866578599735799,0.29882996791847516,<1bn
246726,NM,7694.0,20221231,326560,415445,326560,TRUBANK,131353,80100,83076,8900,25267,248277,0.0,25267_20221231,1,1,0.027253797158255755,0.2816511513963743,<1bn
359531,NM,3644.0,20221231,421499,477602,421499,BANK OF THE VALLEY,35823,62216,0,12213,25291,400645,76279.0,25291_20221231,1,1,0.028975157710931697,0.028975157710931697,<1bn
60226,SM,3766.0,20221231,169708,190177,169708,BOC BANK,50825,109522,39621,42513,25328,93572,0.0,25328_20221231,1,1,0.25050675277535533,0.4839724703608551,<1bn
37850,NM,22.0,20221231,47554,58203,47554,CEDAR SECURITY BANK,19920,9718,6375,11159,25591,21287,235.0,25591_20221231,1,1,0.23465954493838584,0.3687176683349455,<1bn
413254,N,0.0,20221231,425974,1251146,425974,CREDIT ONE BANK NA,33702,14461,24046,233742,25620,686619,0.0,25620_20221231,1,1,0.5487236310197336,0.6051730856812857,1-10bn
388368,NM,19422.0,20221231,593784,654463,593784,SAGE CAPITAL BANK,121312,205589,57512,105944,25621,353366,0.0,25621_20221231,1,1,0.1784217830052679,0.27527855247025856,<1bn
55061,N,14645.0,20221231,116233,148117,116233,BEACON BUSINESS BANK NA,48595,61187,11803,6843,25644,82924,0.0,25644_20221231,1,1,0.05887312553233591,0.1604191580704275,<1bn
609142,N,233299.0,20221231,752451,863439,752451,COMMUNITY NATIONAL BANK,448574,143560,5342,10309,25665,353525,0.0,25665_20221231,1,1,0.013700559903568471,0.02080002551661171,<1bn
2539435,NM,1571858.0,20221231,3610827,3892731,3610827,INTERNATIONAL BK OF COM,2421012,1072607,849054,75667,25679,1202866,0.0,25679_20221231,1,1,0.020955587182659264,0.2560967335183879,1-10bn
124086,NM,0.0,20221231,138564,160099,138564,BANK OF WEST,0,14553,0,10773,25703,128449,0.0,25703_20221231,1,1,0.07774746687451287,0.07774746687451287,<1bn
255364,NM,0.0,20221231,310739,359341,310739,MURPHY BANK,0,55434,0,37463,25726,313323,42323.0,25726_20221231,1,1,0.12056098526416059,0.12056098526416059,<1bn
285426,N,16349.0,20221231,679739,814463,679739,FIRST NATIONAL BANK&TRUST CO,161178,394427,116341,22971,25738,579766,1000.0,25738_20221231,1,1,0.03379385322895994,0.20494925258076996,<1bn
78878,SM,0.0,20221231,88480,99454,88480,SMALL BUSINESS BANK,0,9637,0,5663,25744,83072,0.0,25744_20221231,1,1,0.06400316455696202,0.06400316455696202,<1bn
97076,N,190.0,20221231,113311,151014,113311,EASTBANK NATIONAL ASSN,31923,16738,0,17463,25749,90255,0.0,25749_20221231,1,1,0.15411566396907625,0.15411566396907625,<1bn
76013,NM,20970.0,20221231,104080,114688,104080,COMMUNITY BANK,67807,28293,0,1659,25750,41371,0.0,25750_20221231,1,1,0.015939661798616448,0.015939661798616448,<1bn
167321,NM,0.0,20221231,271531,299488,271531,COMMUNITY BANK,5000,104230,0,77444,25752,210365,0.0,25752_20221231,1,1,0.2852123698583219,0.2852123698583219,<1bn
279991,NM,109186.0,20221231,473453,504548,473453,PEOPLES BANK&TRUST,266545,193973,23345,44283,25795,170654,0.0,25795_20221231,1,1,0.09353198733559615,0.14283994398599228,<1bn
74880,NM,843.0,20221231,85144,88392,85144,COMMUNITY B&T WEST GEORGIA,16179,10274,4943,27916,25796,37808,0.0,25796_20221231,1,1,0.32786808230762005,0.3859226721788969,<1bn
147277,NM,7485.0,20221231,147904,177865,147904,HATCH BANK,37110,627,0,19479,25803,118942,145688.0,25803_20221231,1,1,0.13170029208135006,0.13170029208135006,<1bn
110841,SM,2449.0,20221231,188950,331815,188950,MIDWEST IND BANKERSBANK,23460,78165,0,16988,25849,180060,47048.0,25849_20221231,1,1,0.08990738290553056,0.08990738290553056,<1bn
93135,SM,28061.0,20221231,129968,139199,129968,HEARTLAND TRI-STATE BANK,52554,36932,0,7728,25851,53889,0.0,25851_20221231,1,1,0.05946079034839345,0.05946079034839345,<1bn
3250167,SM,550437.0,20221231,4257562,4976744,4257562,EQUITY BANK,1186907,1009629,232159,105263,25858,3266050,252001.0,25858_20221231,1,1,0.024723773840521875,0.07925239843835509,1-10bn
163330,NM,2516.0,20221231,185299,228142,185299,METROPOLITAN BANK,4134,22128,0,36171,25869,180568,0.0,25869_20221231,1,1,0.1952034279731677,0.1952034279731677,<1bn
296946,SM,7302.0,20221231,429705,573144,429705,FIRST EAGLE BANK,169410,133034,0,10802,25883,368263,0.0,25883_20221231,1,1,0.025138176190642417,0.025138176190642417,<1bn
467395,NM,129246.0,20221231,758935,820297,758935,RIO BANK,266615,291627,51675,81095,25886,383333,0.0,25886_20221231,1,1,0.10685368312174297,0.17494251813396405,<1bn
282406,N,45622.0,20221231,353532,421466,353532,FIRST NATIONAL BANK,74577,71574,14484,8436,25894,317816,12749.0,25894_20221231,1,1,0.023862054920063814,0.06483147211567836,<1bn
79780,NM,2637.0,20221231,123966,145654,123966,VALLEY STATE BANK,54921,44241,0,8778,26021,77598,0.0,26021_20221231,1,1,0.07080973815400997,0.07080973815400997,<1bn
526384,N,21279.0,20221231,677697,756138,677697,TEXAS NB OF JACKSONVILLE,27933,151888,0,78570,26181,627233,10004.0,26181_20221231,1,1,0.11593676820171847,0.11593676820171847,<1bn
223634,SM,9925.0,20221231,361715,415343,361715,CHARTER WEST BANK,32050,138292,11909,29980,26185,326290,14077.0,26185_20221231,1,1,0.08288293269563053,0.11580664335181012,<1bn
73797,SM,0.0,20221231,116085,169266,116085,HAVERFORD TRUST CO,21125,42807,100,38539,26189,91630,0.0,26189_20221231,1,1,0.33198949045957704,0.3328509281991644,<1bn
270369,SM,7677.0,20221231,359875,406872,359875,BANK OF COMMERCE,104024,89897,7728,30634,26217,254717,0.0,26217_20221231,1,1,0.0851240013893713,0.1065981243487322,<1bn
162822,N,69.0,20221231,234064,264042,234064,FIRST NATIONAL BANK,48065,71361,0,17414,26219,185513,0.0,26219_20221231,1,1,0.07439845512338505,0.07439845512338505,<1bn
877433,N,21967.0,20221231,1274358,1530912,1274358,GOLDEN BANK NATIONAL ASSN,67583,401155,0,167965,26223,1243938,71374.0,26223_20221231,1,1,0.13180362190216563,0.13180362190216563,1-10bn
102048,N,5.0,20221231,122831,135095,122831,FIRST NB OF DUBLIN,446,20793,0,47360,26228,82977,0.0,26228_20221231,1,1,0.38557041789124896,0.38557041789124896,<1bn
50831,N,5636.0,20221231,55821,70783,55821,FIRST NB IN MARLOW,21114,5022,2070,4399,26260,40752,0.0,26260_20221231,1,1,0.07880546747639777,0.11588828577058813,<1bn
145053,NM,3.0,20221231,172326,239807,172326,HOME BANK OF CALIFORNIA,3,27273,0,14643,26271,221243,0.0,26271_20221231,1,1,0.08497266808258766,0.08497266808258766,<1bn
488132,N,128157.0,20221231,956604,1164741,956604,PACIFIC NATIONAL BANK,245762,468760,0,141568,26299,727450,41998.0,26299_20221231,1,1,0.14799018193526267,0.14799018193526267,1-10bn
2137012,SB,3756110.0,20221231,6639061,6685012,6639061,FIRST AMERICAN TRUST FSB,5694310,4502049,81637,690460,26312,0,0.0,26312_20221231,1,1,0.10399964693802331,0.11629611476683224,1-10bn
139765,N,14755.0,20221231,375995,444412,375995,FLORIDA CAPITAL BANK NA,14755,236246,0,67220,26323,338505,37555.0,26323_20221231,1,1,0.1787789731246426,0.1787789731246426,<1bn
534568,NM,123751.0,20221231,886560,1116398,886560,GENESEE REGIONAL BANK,240474,352651,6782,73038,26333,741618,117890.0,26333_20221231,1,1,0.08238359501894965,0.09003338747518498,1-10bn
857028,SI,110055.0,20221231,1659349,1866085,1659349,VILLAGE BANK,293077,802411,43021,10021,26336,1495269,0.0,26336_20221231,1,1,0.006039115339810974,0.03196554793476237,1-10bn
118677,NM,45316.0,20221231,138569,153244,138569,FLINT HILLS BANK,73106,19972,10445,4993,26340,70289,0.0,26340_20221231,1,1,0.036032590261891186,0.11141019997257684,<1bn
5050473,N,2038252.0,20221231,5539701,6097782,5539701,RBC BANK GEORGIA NA,3439088,490334,0,111522,26342,2464719,0.0,26342_20221231,1,1,0.020131411424551614,0.020131411424551614,1-10bn
164494,N,35103.0,20221231,182774,206417,182774,UNITY NB OF HOUSTON,50723,18428,0,7236,26351,116179,14440.0,26351_20221231,1,1,0.039589876021753644,0.039589876021753644,<1bn
116454,NM,6650.0,20221231,157221,176889,157221,STATE BANK OF SOUTHWEST MO,45459,40790,38809,16832,26358,111044,0.0,26358_20221231,1,1,0.10705948950839901,0.3539031045471025,<1bn
222408,NM,5280.0,20221231,239870,330579,239870,COMMUNITY COMMERCE BANK,5280,17539,0,44141,26363,246751,61451.0,26363_20221231,1,1,0.1840205111101847,0.1840205111101847,<1bn
210850,N,41612.0,20221231,316102,348663,316102,PIKE NATIONAL BANK,141479,105778,18554,19256,26379,163596,4000.0,26379_20221231,1,1,0.06091704576370918,0.11961328938127566,<1bn
643293,N,268321.0,20221231,1351939,1466260,1351939,CITIZENS NATIONAL BANK N A,372140,708900,21011,69449,26381,946208,55286.0,26381_20221231,1,1,0.0513699212760339,0.06691130295079882,1-10bn
250,NM,0.0,20221231,3000,122878,3000,DEUTSCHE BANK TR CO DELAWARE,0,2773,0,119738,26392,0,0.0,26392_20221231,1,1,39.91266666666667,39.91266666666667,<1bn
234225,SI,39364.0,20221231,331888,392259,331888,PITTSFIELD COOP BANK,94476,97674,15807,3810,26393,257922,5000.0,26393_20221231,1,1,0.011479776310080509,0.059107289205997206,<1bn
622499,SI,35410.0,20221231,822960,1214701,822960,MUTUALONE BANK,98170,200625,0,41296,26395,1026992,167757.0,26395_20221231,1,1,0.0501798386312822,0.0501798386312822,1-10bn
550337,SM,101733.0,20221231,679871,765250,679871,GREENFIELD COOP BANK,146494,125287,6205,120878,26397,459467,0.0,26397_20221231,1,1,0.17779549355686594,0.18692222495149816,<1bn
215773,N,78905.0,20221231,412554,469233,412554,AMERICAN NATIONAL BANK,79247,196798,0,10435,26398,298527,0.0,26398_20221231,1,1,0.025293658527126145,0.025293658527126145,<1bn
568001,NM,101674.0,20221231,849970,978255,849970,BANK OF IDAHO,199070,282030,24262,48562,26403,693557,0.0,26403_20221231,1,1,0.057133781192277376,0.08567831805828441,<1bn
363800,SI,74057.0,20221231,492569,557992,492569,HAVERHILL BANK,113045,128779,0,14068,26411,405600,0.0,26411_20221231,1,1,0.028560465640346835,0.028560465640346835,<1bn
48386,NM,295.0,20221231,57102,63493,57102,COMMUNITY STB OF CANTON,13051,8732,8591,3313,26416,42488,0.0,26416_20221231,1,1,0.05801898357325488,0.20846905537459284,<1bn
329623,N,59612.0,20221231,612050,705339,612050,TERRABANK NATIONAL ASSN,231855,282443,60429,28102,26442,412136,10190.0,26442_20221231,1,1,0.045914549464912996,0.1446466791928764,<1bn
509002,SI,51864.0,20221231,742570,1063625,742570,EVERETT COOP BANK,82592,234023,2902,62350,26444,885679,100842.0,26444_20221231,1,1,0.08396514806684892,0.0878731971396636,1-10bn
93599,SM,16553.0,20221231,135422,153836,135422,CANTON COOP BANK,42785,42020,0,18268,26450,85674,0.0,26450_20221231,1,1,0.134896840985955,0.134896840985955,<1bn
920837,SI,60373.0,20221231,1218266,1392664,1218266,FIDELITY COOP BANK,221856,300855,34205,40140,26451,1062497,129676.0,26451_20221231,1,1,0.03294846938189197,0.06102526049319278,1-10bn
432774,SI,108042.0,20221231,562937,689291,562937,SAVERS COOP BANK,125072,130172,0,22005,26455,503753,0.0,26455_20221231,1,1,0.03908963169946193,0.03908963169946193,<1bn
1977527,SM,15214.0,20221231,2890939,3592881,2890939,NEEDHAM BANK,234480,915237,106801,131073,26483,2990463,250000.0,26483_20221231,1,1,0.04533924790526538,0.08228260783088125,1-10bn
987640,SI,152880.0,20221231,1399989,1616227,1399989,NORTH SHORE BANK A COOP BANK,276202,412364,9945,37598,26484,1231959,0.0,26484_20221231,1,1,0.0268559252965559,0.03395955253934138,1-10bn
331688,SM,0.0,20221231,436790,566973,436790,WALPOLE COOP BANK,68495,105209,0,12665,26487,471433,0.0,26487_20221231,1,1,0.028995627189267154,0.028995627189267154,<1bn
320144,N,9073.0,20221231,373094,451321,373094,AMERICAN NB OF MINNESOTA,11952,53151,0,14600,26499,380837,81604.0,26499_20221231,1,1,0.03913222941135478,0.03913222941135478,<1bn
97017,SI,3195.0,20221231,114449,126126,114449,METHUEN COOP BANK,16927,18297,0,15327,26512,84745,0.0,26512_20221231,1,1,0.13391991192583597,0.13391991192583597,<1bn
97548,SM,9902.0,20221231,107669,118073,107669,STOUGHTON COOP BANK,14236,10121,0,990,26513,97884,0.0,26513_20221231,1,1,0.009194847170494756,0.009194847170494756,<1bn
210910,SI,14684.0,20221231,254125,300926,254125,WAKEFIELD COOP BANK,46586,43351,997,4631,26516,237102,20187.0,26516_20221231,1,1,0.01822331529758977,0.022146581406787998,<1bn
781636,SI,61193.0,20221231,1239307,1465307,1239307,CAPE COD COOP BANK,129434,457704,0,15630,26517,1238828,0.0,26517_20221231,1,1,0.012611887127241274,0.012611887127241274,1-10bn
41664,NM,0.0,20221231,44403,52276,44403,FROST STATE BANK,2098,2826,237,6511,26519,40014,4921.0,26519_20221231,1,1,0.14663423642546675,0.1519717136229534,<1bn
83906,NM,0.0,20221231,94953,107356,94953,SECURITY BANK OF SW MO,15193,11101,6681,1917,26520,88598,0.0,26520_20221231,1,1,0.020188935578654702,0.09055006160942783,<1bn
282369,NM,1688.0,20221231,401719,448111,401719,THE BANK,141519,119525,0,58726,26522,201544,0.0,26522_20221231,1,1,0.14618676238863484,0.14618676238863484,<1bn
849999,SM,126149.0,20221231,1197769,1350307,1197769,HOMETOWN BANK,178423,347781,24180,234924,26523,869599,0.0,26523_20221231,1,1,0.1961346469978769,0.21632217898442854,1-10bn
287368,NM,57574.0,20221231,434695,505325,434695,DENALI STATE BANK,114734,147395,0,5288,26530,356422,8181.0,26530_20221231,1,1,0.01216485121752033,0.01216485121752033,<1bn
229678,SI,3993.0,20221231,302028,359522,302028,BANKGLOUCESTER,27884,72476,7173,4419,26536,315537,10168.0,26536_20221231,1,1,0.014631093805872302,0.03838054749890739,<1bn
74252,NM,0.0,20221231,201345,225251,201345,MICRONESIA,61622,127100,44487,100487,26539,60191,0.0,26539_20221231,1,1,0.49907869577094044,0.7200278129578584,<1bn
176694,N,0.0,20221231,212060,236986,212060,BANK OF DESOTO NATIONAL ASSN,25212,60367,14452,50460,26542,154009,0.0,26542_20221231,1,1,0.2379515231538244,0.3061020465905876,<1bn
641382,N,12789.0,20221231,912045,1154848,912045,FIRST NATIONAL BANK,63655,271256,0,102293,26543,940605,20000.0,26543_20221231,1,1,0.11215784308888267,0.11215784308888267,1-10bn
131106,SM,21339.0,20221231,167392,186150,167392,BANK OF EASTON,57163,36286,0,20862,26554,98802,0.0,26554_20221231,1,1,0.12462961192888548,0.12462961192888548,<1bn
557702,SI,21127.0,20221231,731027,860247,731027,NORWOOD COOP BANK,100768,178078,0,20196,26555,690963,0.0,26555_20221231,1,1,0.02762688655822562,0.02762688655822562,<1bn
458062,SI,73858.0,20221231,587940,722191,587940,STONEHAMBANK A COOP BANK,105876,129895,0,11794,26559,579876,25981.0,26559_20221231,1,1,0.020059870054767493,0.020059870054767493,<1bn
304619,NM,39553.0,20221231,473016,525921,473016,DELTA BANK,154217,168604,23444,25294,26564,327801,0.0,26564_20221231,1,1,0.0534738782620461,0.10303668374854127,<1bn
56699,SI,8.0,20221231,66372,88912,66372,NORTH CAMBRIDGE COOP BANK,18465,9716,0,17897,26567,51852,0.0,26567_20221231,1,1,0.269646839028506,0.269646839028506,<1bn
117190,SI,66.0,20221231,136465,154430,136465,WRENTHAM COOP BANK,12383,19307,0,47172,26576,87345,0.0,26576_20221231,1,1,0.3456710511852856,0.3456710511852856,<1bn
68754,NM,5957.0,20221231,90063,97323,90063,DEDICATED COMMUNITY BANK,14377,21318,0,12401,26588,65564,0.0,26588_20221231,1,1,0.13769250413599368,0.13769250413599368,<1bn
747124,SM,40810.0,20221231,1050648,1355003,1050648,ABINGTON BANK,69643,303525,0,18124,26590,1089202,63388.0,26590_20221231,1,1,0.01725030647752625,0.01725030647752625,1-10bn
568256,SM,35322.0,20221231,718834,932279,718834,COASTAL HERITAGE BANK,122665,150578,64936,13498,26591,749522,0.0,26591_20221231,1,1,0.018777631553321072,0.1091128132503471,<1bn
218344,SM,48908.0,20221231,284512,307961,284512,CHARLES RIVER BANK,65105,66054,0,6488,26602,213772,0.0,26602_20221231,1,1,0.022803959059723315,0.022803959059723315,<1bn
9346892,NM,1877770.0,20221231,15801893,19159409,15801893,BANK OF HOPE,2247498,6477272,3886,519699,26610,15290427,1179906.0,26610_20221231,1,1,0.03288840140861604,0.0331343213120099,10-100bn
462896,SM,110184.0,20221231,657322,795668,657322,READING COOP BANK,136139,194436,0,8725,26620,598663,0.0,26620_20221231,1,1,0.013273555426412018,0.013273555426412018,<1bn
391338,SM,179820.0,20221231,784566,1132317,784566,UNITED TEXAS BANK,370752,394652,0,106922,26626,613654,100240.0,26626_20221231,1,1,0.13628171498637462,0.13628171498637462,1-10bn
370379,NM,33720.0,20221231,694285,751976,694285,BANK OF THE WEST,65920,326774,7686,251953,26627,404682,0.0,26627_20221231,1,1,0.36289564083913667,0.3739660225987887,<1bn
109848,N,0.0,20221231,310560,388440,310560,DELTA NATIONAL BANK&TRUST CO,86112,200968,0,226031,26633,67215,53358.0,26633_20221231,1,1,0.7278174909840288,0.7278174909840288,<1bn
432663,SI,52076.0,20221231,522688,639977,522688,MECHANICS COOP BANK,75959,90039,0,7995,26634,519518,7036.0,26634_20221231,1,1,0.015295931798702095,0.015295931798702095,<1bn
2106419,SI,135748.0,20221231,4211723,5175518,4211723,FIRSTRUST SAVINGS BANK,475135,2038513,56644,495654,26647,4064534,148355.0,26647_20221231,1,1,0.11768437762882317,0.13113350521864806,1-10bn
78839,NM,9320.0,20221231,93301,101175,93301,BANDERA BANK,21583,14466,5525,32777,26653,45598,0.0,26653_20221231,1,1,0.3513038445461463,0.4105207875585471,<1bn
34205,NM,0.0,20221231,45886,52313,45886,AMISTAD BANK,16033,11683,14909,949,26658,28688,0.0,26658_20221231,1,1,0.020681689404175564,0.3455956065030728,<1bn
84425,SM,298.0,20221231,163331,239870,163331,BANKERS BANK,8637,78921,6920,6725,26677,170859,25821.0,26677_20221231,1,1,0.0411740575885778,0.08354200978381324,<1bn
95921,NM,13969.0,20221231,133901,146810,133901,PNB COMMUNITY BANK,25405,37982,1950,8785,26687,103397,0.0,26687_20221231,1,1,0.06560817320258998,0.08017117123845229,<1bn
125042,NM,1043.0,20221231,160861,298115,160861,BANK OF ALMA,64289,35936,0,43127,26689,187394,0.0,26689_20221231,1,1,0.26810103132518137,0.26810103132518137,<1bn
290500,NM,38433.0,20221231,346888,411957,346888,RIVER CITY BANK INC,85952,56585,0,11866,26703,280257,2000.0,26703_20221231,1,1,0.03420700629598026,0.03420700629598026,<1bn
233221,NM,0.0,20221231,308706,363166,308706,BALBOA THRIFT&LOAN ASSN,0,75535,0,22602,26704,330698,47773.0,26704_20221231,1,1,0.07321529221978193,0.07321529221978193,<1bn
53703,NM,0.0,20221231,79040,83043,79040,SPECTRA BANK,18524,25376,16275,20912,26708,41804,0.0,26708_20221231,1,1,0.2645748987854251,0.4704832995951417,<1bn
1226947,NM,246621.0,20221231,1912222,2058437,1912222,BANCO DO BRASIL AMERICAS,294371,685456,43496,916386,26725,810614,6333.0,26725_20221231,1,1,0.4792257384341358,0.5019720513622372,1-10bn
110702,NM,2282.0,20221231,131612,155610,131612,BANK OF SOUTH TEXAS,5464,21002,976,18705,26727,116056,0.0,26727_20221231,1,1,0.1421222988785217,0.1495380360453454,<1bn
69094,NM,3214.0,20221231,111266,123019,111266,TEXAS FINANCIAL BANK,81342,42173,44030,1751,26738,32453,0.0,26738_20221231,1,1,0.015737062534826454,0.4114554311290062,<1bn
20537,NM,0.0,20221231,20495,25199,20495,MINNESOTA 1ST CREDIT&SVG INC,0,0,0,1789,26755,22433,647.0,26755_20221231,1,1,0.08728958282507929,0.08728958282507929,<1bn
349974,NM,12907.0,20221231,564625,643520,564625,GREEN BELT BANK&TRUST,73380,215490,30111,16200,26760,519396,5866.0,26760_20221231,1,1,0.028691609475315474,0.08202081027230462,<1bn
102923,N,27948.0,20221231,270733,385677,270733,KEB HANA BANK USA NA,37630,168233,9682,109991,26790,213845,0.0,26790_20221231,1,1,0.40627112320995223,0.4420332947959798,<1bn
66108,NM,0.0,20221231,75263,111569,75263,HOME SAVINGS BANK,0,9261,0,5093,26798,95337,9512.0,26798_20221231,1,1,0.06766937273294979,0.06766937273294979,<1bn
239380,NM,1383.0,20221231,269891,405902,269891,EVABANK,69964,31151,0,4362,26799,321839,12450.0,26799_20221231,1,1,0.01616208024721091,0.01616208024721091,<1bn
8848,NM,535.0,20221231,9408,10835,9408,LIBERTY BANK INC,638,588,0,1953,26816,7997,0.0,26816_20221231,1,1,0.20758928571428573,0.20758928571428573,<1bn
147161,N,47454.0,20221231,248618,285077,248618,FIRST NATIONAL BANK OF PASCO,79405,101516,0,8858,26829,174005,8.0,26829_20221231,1,1,0.035628956873597246,0.035628956873597246,<1bn
80478,NM,0.0,20221231,115936,134921,115936,CHESAPEAKE BANK&TRUST CO,29600,35471,26230,20462,26847,79685,0.0,26847_20221231,1,1,0.17649392768423958,0.40273944245100746,<1bn
1074714,NM,307925.0,20221231,1737565,1920444,1737565,FALCON INTERNATIONAL BANK,407053,663521,33751,303908,26856,1105267,0.0,26856_20221231,1,1,0.17490453594541788,0.1943288452518323,1-10bn
73700,SM,9497.0,20221231,114565,162064,114565,COMMUNITY BANKERS BANK,23733,40962,956,9011,26871,104303,20735.0,26871_20221231,1,1,0.07865403919172523,0.08699864705625628,<1bn
4768136,N,998413.0,20221231,7678203,9768688,8320307,SAFRA NB OF NEW YORK,2581306,2936168,383125,3288050,26876,3023512,3518779.0,26876_20221231,1,1,0.4282317099456735,0.4781294529462167,1-10bn
6731036,N,4272.0,20221231,7368547,9123708,7368547,SOFI BANK NATIONAL ASSN,300223,641673,285598,960627,26881,7652778,1026400.0,26881_20221231,1,1,0.1303685787713643,0.16912764483961357,1-10bn
250510,SM,76875.0,20221231,271780,290367,271780,LIBERTY BANK MINNESOTA,113338,21288,0,17842,26891,113878,0.0,26891_20221231,1,1,0.06564868643755979,0.06564868643755979,<1bn
1143306,SM,318905.0,20221231,2252440,2627954,2252440,TEXAS REGIONAL BANK,929250,1109780,157888,73630,26906,1401724,0.0,26906_20221231,1,1,0.032688995045373016,0.10278542380707144,1-10bn
338656,NM,0.0,20221231,600071,653333,600071,BANK OF SOUTH CAROLINA,271172,261785,168187,27772,26912,327558,0.0,26912_20221231,1,1,0.04628119005917633,0.3265596904366317,<1bn
296226,SI,11031.0,20221231,438481,560585,438481,COOP BANK,44221,142263,4296,6141,26922,480634,10245.0,26922_20221231,1,1,0.014005167840795838,0.023802627707928053,<1bn
33009,NM,3814.0,20221231,40122,43463,40122,PEOPLES BANK OF DEER LODGE,5610,7115,0,1462,26941,31719,0.0,26941_20221231,1,1,0.03643886147250885,0.03643886147250885,<1bn
184863,SM,9024.0,20221231,234677,296189,234677,AMERICAN STATE BANK,74109,49961,7251,11457,26944,197494,3848.0,26944_20221231,1,1,0.04882029342457932,0.07971808059588285,<1bn
220712,NM,24646.0,20221231,305535,369148,305535,BANK OF CLEVELAND,55037,84958,13631,47461,26955,248392,0.0,26955_20221231,1,1,0.1553373590587003,0.19995090578820757,<1bn
245067,NM,25.0,20221231,458922,537950,458922,FIRST BANK OF THE LAKE,15653,113047,8717,18247,26960,476709,14724.0,26960_20221231,1,1,0.039760569334222375,0.05875508256304993,<1bn
2697200,NM,398650.0,20221231,3886193,4267402,3886193,WILSON BANK&TRUST,822811,1192102,6498,86120,26962,3117151,35024.0,26962_20221231,1,1,0.02216050515247184,0.023832578567250778,1-10bn
17915,NM,0.0,20221231,20023,21946,20023,YOUNG AMERICANS BANK,100,2108,0,19295,27010,17,0.0,27010_20221231,1,1,0.9636418119162963,0.9636418119162963,<1bn
126468,SB,0.0,20221231,163297,221472,163297,42 NORTH PRIVATE BANK,0,36862,0,22966,27015,184811,0.0,27015_20221231,1,1,0.14063944836708575,0.14063944836708575,<1bn
77503,N,25248.0,20221231,194167,227206,194167,NATIVE AMERICAN BANK NA,31135,116709,0,60496,27026,119994,8571.0,27026_20221231,1,1,0.31156684709554144,0.31156684709554144,<1bn
127706,SM,7075.0,20221231,173633,202453,173633,SANGER BANK,35620,46010,3613,28440,27043,113310,0.0,27043_20221231,1,1,0.1637937488841407,0.1846020053791618,<1bn
1503458,N,195615.0,20221231,1692931,1942679,1692931,COMMUNITY NB&T,542338,189956,83503,48043,27046,1198504,0.0,27046_20221231,1,1,0.0283785931027313,0.07770310780533879,1-10bn
1157534,N,139278.0,20221231,1756036,2130380,1756036,ST CHARLES B&T CO NA,212486,598982,0,64348,27052,1639610,181490.0,27052_20221231,1,1,0.03664389568323201,0.03664389568323201,1-10bn
40011,NM,0.0,20221231,41684,47553,41684,COMMUNITY FINANCIAL BANK,0,1687,0,12813,27053,33784,0.0,27053_20221231,1,1,0.3073841282026677,0.3073841282026677,<1bn
248671,NM,0.0,20221231,2943528,3376883,2943528,SUMITOMO MITSUI TR BK U SA,14,2694885,0,3307341,27054,3701,0.0,27054_20221231,1,1,1.123597601245852,1.123597601245852,1-10bn
1113220,NM,15647.0,20221231,1713760,2054921,1713760,STATE BANK OF TEXAS,104965,606394,0,290075,27074,1578500,112685.0,27074_20221231,1,1,0.16926232377929232,0.16926232377929232,1-10bn
517669,NM,70949.0,20221231,621540,670405,621540,CHARLOTTE STATE BANK&TRUST,198035,103876,5964,240710,27086,223163,0.0,27086_20221231,1,1,0.3872799819802426,0.39687550278340894,<1bn
201876,NM,0.0,20221231,299434,321531,299434,PREMIER BANK OF THE SOUTH,55191,97653,4809,84565,27118,170984,0.0,27118_20221231,1,1,0.2824161584856763,0.2984764589191608,<1bn
462919,SM,99932.0,20221231,1169025,1300337,1169025,UNITED SECURITY BANK,210861,706183,29225,38595,27132,969998,0.0,27132_20221231,1,1,0.03301469173028806,0.0580141570967259,1-10bn
108096,SB,15611.0,20221231,118720,131130,118720,CITIZENS BANK&TRUST INC,35598,10698,476,14245,27153,68917,0.0,27153_20221231,1,1,0.11998820754716981,0.12399764150943396,<1bn
65505,NM,49277.0,20221231,81492,87826,81492,COMMUNITY STATE BANK,55368,15987,1004,4855,27201,24277,0.0,27201_20221231,1,1,0.05957640013743681,0.07189662788985422,<1bn
452730,NM,58986.0,20221231,550960,593503,550960,ENGLEWOOD BANK&TRUST,163949,98231,6931,233599,27205,185775,0.0,27205_20221231,1,1,0.4239854072890954,0.436565267896036,<1bn
2013702,SM,0.0,20221231,3588084,4075196,3588084,INTERBANK,0,1574761,0,324215,27210,3549586,0.0,27210_20221231,1,1,0.09035880988293474,0.09035880988293474,1-10bn
395221,NM,28205.0,20221231,594364,783711,594364,FIRST COMMUNITY BANK OF TN,88591,199543,0,21400,27211,566118,138459.0,27211_20221231,1,1,0.03600487243507346,0.03600487243507346,<1bn
38030,SM,0.0,20221231,47119,146469,47119,INDEPENDENT CORRESPONDENT BA,962,9098,962,79238,27219,64230,5015.0,27219_20221231,1,1,1.6816570810076614,1.7020734735457035,<1bn
299256,NM,55857.0,20221231,377224,405962,377224,PEOPLES INDEPENDENT BANK,182799,78036,41149,15518,27233,181018,4278.0,27233_20221231,1,1,0.04113736135558713,0.1502210887960469,<1bn
1439542,NM,757747.0,20221231,2543268,2993588,2543268,STAR FINANCIAL BANK,1146665,1103789,94793,89875,27235,1600462,0.0,27235_20221231,1,1,0.03533839139249186,0.07261051528977677,1-10bn
5041788,NM,757827.0,20221231,10938534,13020948,10938534,ENTERPRISE BANK&TRUST,2248389,5897439,208534,294073,27237,9601434,377400.0,27237_20221231,1,1,0.026884132736617175,0.04594829617936005,10-100bn
510506,SI,9435.0,20221231,668931,773352,668931,WINCHESTER COOP BANK,145738,158425,75843,81521,27238,528529,0.0,27238_20221231,1,1,0.12186757677548207,0.23524698362013421,<1bn
128008,NM,37330.0,20221231,209001,220634,209001,WAYCROSS BANK&TRUST,87171,81062,2868,23198,27254,105447,1741.0,27254_20221231,1,1,0.1109946842359606,0.12471710661671476,<1bn
503867,NM,358.0,20221231,651079,778489,651079,AMERASIA BANK,54844,148673,2915,27284,27267,672872,18172.0,27267_20221231,1,1,0.04190582095260329,0.04638300421300641,<1bn
332166,SI,63058.0,20221231,396988,439231,396988,DEAN COOP BANK,114502,64822,0,4377,27269,297625,0.0,27269_20221231,1,1,0.01102552218203069,0.01102552218203069,<1bn
482092,N,95349.0,20221231,707098,895584,707098,SARATOGA NATIONAL BANK&TRUST,172306,225137,0,16030,27290,670943,0.0,27290_20221231,1,1,0.02267012493317758,0.02267012493317758,<1bn
66113000,SB,358000.0,20221231,74271000,96300000,74271000,SYNCHRONY BANK,4849000,8227000,3865000,9076000,27314,78002000,13702000.0,27314_20221231,1,1,0.12220112830041335,0.17424028220974538,10-100bn
2624137,SM,3922410.0,20221231,6343796,11353376,6343796,SILVERGATE BANK,5732539,3735103,609797,4574584,27330,590174,2431865.0,27330_20221231,1,1,0.721111460709014,0.8172363991528101,10-100bn
1809648,NM,2172712.0,20221231,5013842,5972192,5013842,REPUBLIC BANK,2533354,3204783,0,49167,27332,3114734,1029.0,27332_20221231,1,1,0.0098062523709363,0.0098062523709363,1-10bn
50619,SM,669.0,20221231,116570,169842,116570,BANKERS BANK OF KANSAS,4166,65951,0,7790,27351,124789,20314.0,27351_20221231,1,1,0.06682679934803122,0.06682679934803122,<1bn
534190,NM,0.0,20221231,748352,843382,748352,PRAIRIE STATE BANK&TRUST,309528,214218,203219,31329,27362,481128,2.0,27362_20221231,1,1,0.04186398913880099,0.31341935345933464,<1bn
461740,NM,89175.0,20221231,823182,886967,823182,FIRST METRO BANK,308740,361994,79036,37296,27381,504961,0.0,27381_20221231,1,1,0.04530711312929583,0.1413199025245936,<1bn
45520,SI,0.0,20221231,65422,103572,65422,PORT RICHMOND SAVINGS,12818,19940,12818,5634,27385,83042,0.0,27385_20221231,1,1,0.08611781969368103,0.28204579499251015,<1bn
12578383,N,0.0,20221231,13745873,17664869,13745873,WELLS FARGO NB WEST,3148380,1281006,3148380,503814,27389,12845451,678966.0,27389_20221231,1,1,0.03665201911875659,0.26569385589405636,10-100bn
395242,NM,726.0,20221231,715699,824264,715699,FIRST BANK&TRUST CO,112674,318515,96372,21314,27394,655938,0.0,27394_20221231,1,1,0.029780675954556315,0.16443504881241974,<1bn
114612,NM,21106.0,20221231,138007,160983,138007,PEOPLES BANK,27351,23428,0,5088,27398,120537,518.0,27398_20221231,1,1,0.03686769511691436,0.03686769511691436,<1bn
2417813,NM,428004.0,20221231,4037735,4438333,4037735,ENTERPRISE BANK&TRUST CO,820371,1623897,43251,267589,27408,3127878,0.0,27408_20221231,1,1,0.06627205599178747,0.07698375450592969,1-10bn
179810,NM,80062.0,20221231,254894,293261,254894,COMMERCIAL BANK,100277,75208,0,11540,27409,165982,3560.0,27409_20221231,1,1,0.04527372162545999,0.04527372162545999,<1bn
295232,SB,559.0,20221231,324741,379838,324741,HOME LN INV BANK FSB,11386,29614,0,29700,27417,324272,65786.0,27417_20221231,1,1,0.09145749997690467,0.09145749997690467,<1bn
98489767,N,12839.0,20221231,119923682,155378079,119923682,AMERICAN EXPRESS NB,2119762,24829838,1928564,25241490,27471,124994474,29628743.0,27471_20221231,1,1,0.21047961152493633,0.22656120581754652,>=100bn
6783411,NM,13216.0,20221231,9310103,10406351,9310103,BANCFIRST,1272424,2532139,1216056,2851365,27476,5648056,0.0,27476_20221231,1,1,0.3062656771896079,0.43688249206265495,10-100bn
184674,NM,22860.0,20221231,257314,275716,257314,BANK OF THE LOWCOUNTRY,75636,72696,6754,8950,27496,178113,0.0,27496_20221231,1,1,0.03478240593205189,0.06103049192815004,<1bn
4644561,NM,84682.0,20221231,4638683,9120524,4638683,COMENITY BANK,103311,1592,0,1355367,27499,7101255,2808988.0,27499_20221231,1,1,0.2921878903990637,0.2921878903990637,1-10bn
308413,NM,20946.0,20221231,494741,619701,494741,BERKSHIRE BANK,272930,186713,199170,60982,27503,272355,0.0,27503_20221231,1,1,0.12326045344938058,0.5258347296868463,<1bn
652295,NM,0.0,20221231,880045,1014728,880045,METRO BANK,390689,228145,25145,99865,27510,454916,0.0,27510_20221231,1,1,0.11347715173655892,0.14204955428415592,1-10bn
69100,NM,545.0,20221231,157797,196692,157797,BURLING BANK,35539,88712,0,6853,27556,148979,0.0,27556_20221231,1,1,0.04342921601804851,0.04342921601804851,<1bn
114744,NM,3880.0,20221231,136302,151645,136302,NORTH ALABAMA BANK,12534,21676,0,10543,27560,114491,0.0,27560_20221231,1,1,0.07735029566697481,0.07735029566697481,<1bn
95501,SI,0.0,20221231,100439,109576,100439,GLEN BURNIE MUTUAL SB,1500,5564,0,10804,27567,86577,0.0,27567_20221231,1,1,0.10756777745696393,0.10756777745696393,<1bn
543126,N,10441.0,20221231,875151,1091378,875151,COMMUNITY WEST BANK NA,29470,332137,9970,64690,27572,944577,180831.0,27572_20221231,1,1,0.0739186723205481,0.08531099204594407,1-10bn
3456085,N,806608.0,20221231,5699287,7602722,5842965,LAKE FOREST B&T CO NA,971750,2476609,4893,458087,27589,5417400,706271.0,27589_20221231,1,1,0.08037619442572377,0.08123472286972037,1-10bn
674491,SL,208804.0,20221231,793733,1151256,793733,PIEDMONT FSB,338526,119249,22217,41118,27619,695532,18304.0,27619_20221231,1,1,0.05180331421271385,0.0797938349545754,1-10bn
207313,SB,102462.0,20221231,228314,271788,228314,FIRST FEDERAL BANK OF OHIO,111812,21856,0,25768,27643,116348,0.0,27643_20221231,1,1,0.11286211095246021,0.11286211095246021,<1bn
378234,SB,104407.0,20221231,518607,576756,518607,HOME FEDERAL BANK,106806,140410,0,18109,27654,421447,3000.0,27654_20221231,1,1,0.034918541400328185,0.034918541400328185,<1bn
379244,SB,115754.0,20221231,410195,468066,410195,STERLING FEDERAL BANK FSB,134624,31008,0,12381,27664,274471,0.0,27664_20221231,1,1,0.030183205548580554,0.030183205548580554,<1bn
2436362,SM,51781.0,20221231,3053751,3646842,3053751,HOMETRUST BANK,147942,621524,0,194276,27677,3020059,50407.0,27677_20221231,1,1,0.06361880847521621,0.06361880847521621,1-10bn
393643,SI,17825.0,20221231,469276,536877,469276,FIRST FEDERAL CMTY BANK SSB,28554,75879,8372,55974,27678,424320,0.0,27678_20221231,1,1,0.11927735490415023,0.13711760243438828,<1bn
166856,SB,74361.0,20221231,203348,264519,203348,NORTH SHORE TRUST&SAVINGS,121205,36517,7287,17624,27683,103359,0.0,27683_20221231,1,1,0.08666915829022169,0.12250427837992013,<1bn
396559,SI,1556.0,20221231,490740,577080,490740,SLOVENIAN S&LA OF CANONSBURG,337401,94235,0,15448,27686,217555,0.0,27686_20221231,1,1,0.03147899091168439,0.03147899091168439,<1bn
377506,SB,73886.0,20221231,393264,473367,393264,FIFTH DISTRICT SAVINGS BANK,76690,16158,0,20285,27697,349969,0.0,27697_20221231,1,1,0.051581126164612065,0.051581126164612065,<1bn
64559,SB,0.0,20221231,82129,109335,82129,WAKE FOREST FS&LA,4216,17580,0,35991,27704,66091,0.0,27704_20221231,1,1,0.43822523103897526,0.43822523103897526,<1bn
254946,SI,59234.0,20221231,275689,323074,275689,ALTOONA FIRST SAVINGS BANK,100418,20761,0,25726,27711,180692,0.0,27711_20221231,1,1,0.09331529368237398,0.09331529368237398,<1bn
21881,SB,0.0,20221231,25040,39141,25040,MUTUAL SAVINGS&LOAN ASSN,0,3229,0,3622,27716,33499,0.0,27716_20221231,1,1,0.1446485623003195,0.1446485623003195,<1bn
127237,SI,30338.0,20221231,209011,221589,209011,SECURITY BANK S B,47413,82001,6949,41401,27723,96828,0.0,27723_20221231,1,1,0.1980804838022879,0.23132753778509266,<1bn
98707,SB,488.0,20221231,137128,160450,137128,LYONS FEDERAL BANK,29230,38435,0,12799,27727,97114,5000.0,27727_20221231,1,1,0.09333615308325069,0.09333615308325069,<1bn
163069,SI,25369.0,20221231,241001,280296,241001,MUTUAL SAVINGS BANK,88571,81546,0,3741,27742,169638,12409.0,27742_20221231,1,1,0.015522757166982709,0.015522757166982709,<1bn
185590,SL,720.0,20221231,214293,258851,214293,HIBERNIA BANK,720,28998,0,28053,27752,207952,0.0,27752_20221231,1,1,0.13090954907533145,0.13090954907533145,<1bn
136848,SI,165317.0,20221231,151800,374189,151800,WEST VIEW SAVINGS BANK,277478,15003,0,4358,27760,76957,0.0,27760_20221231,1,1,0.028708827404479578,0.028708827404479578,<1bn
377027,SI,15335.0,20221231,449893,506725,449893,INFIRST BANK,20755,73029,0,12588,27763,447155,0.0,27763_20221231,1,1,0.02797998635231044,0.02797998635231044,<1bn
124908,SB,1.0,20221231,130341,153193,130341,UNION FS&LA,9060,5461,0,16252,27767,119774,0.0,27767_20221231,1,1,0.12468831756699733,0.12468831756699733,<1bn
2685239,SB,199041.0,20221231,2914261,3392287,2914261,GATE CITY BANK,444398,229900,213499,105406,27774,2686319,0.0,27774_20221231,1,1,0.03616903221777322,0.10942911427631224,1-10bn
493106,SI,220626.0,20221231,649807,868598,649807,WILLIAM PENN BANK,274981,156711,4968,19883,27799,492163,0.0,27799_20221231,1,1,0.03059831611540042,0.03824366311843363,<1bn
234748,SB,0.0,20221231,247225,281273,247225,FAIRFIELD FS&LA OF LANCASTER,17999,12484,0,13582,27806,242185,0.0,27806_20221231,1,1,0.0549378096875316,0.0549378096875316,<1bn
3416131,SM,327446.0,20221231,4445539,4995759,4445539,INDEPENDENT BANK,1154165,1031160,0,74371,27811,3462964,211935.0,27811_20221231,1,1,0.016729354978102767,0.016729354978102767,1-10bn
318970,SL,41675.0,20221231,385881,487232,385881,SALEM COOP BANK,51859,66919,0,3975,27824,400511,12551.0,27824_20221231,1,1,0.010301103189843501,0.010301103189843501,<1bn
23655,SB,0.0,20221231,24889,39204,24889,CITIZENS FS&LA,7613,1235,0,3957,27841,26678,0.0,27841_20221231,1,1,0.15898589738438668,0.15898589738438668,<1bn
25615,NM,9918.0,20221231,26495,42459,26495,PIONEER SAVINGS BANK,12879,881,0,484,27847,23500,0.0,27847_20221231,1,1,0.01826759765993584,0.01826759765993584,<1bn
550118,N,10107.0,20221231,743982,1017629,743982,MALVERN BANK N A,109909,194217,1446,34953,27861,812094,9080.0,27861_20221231,1,1,0.046980975346177734,0.04892457075574409,1-10bn
565362,SB,323071.0,20221231,797170,999867,797170,PIONEER BANK,363487,231813,13376,15207,27872,560948,0.0,27872_20221231,1,1,0.019076232171305996,0.035855589146606116,<1bn
419429,SB,199811.0,20221231,450859,570363,450859,HUNTINGTON FSB,267719,34075,0,22058,27884,270276,0.0,27884_20221231,1,1,0.04892438655987792,0.04892438655987792,<1bn
35631,SI,0.0,20221231,38588,44872,38588,BLACK MOUNTAIN SB SSB,0,2957,0,12881,27897,30854,0.0,27897_20221231,1,1,0.3338084378563284,0.3338084378563284,<1bn
85538,SL,0.0,20221231,90995,119893,90995,HOME S&LA OF CARROLL CNTY FA,25945,5629,13574,9067,27898,78371,0.0,27898_20221231,1,1,0.09964283751854497,0.2488158690037914,<1bn
73195,SB,0.0,20221231,77456,106408,77456,CENTRAL SAVINGS FSB,0,4396,0,11316,27910,91638,11506.0,27910_20221231,1,1,0.14609584796529643,0.14609584796529643,<1bn
414981,SB,46540.0,20221231,525027,587264,525027,RIVERWOOD BANK,87451,110183,13615,17313,27932,442955,15868.0,27932_20221231,1,1,0.03297544697701261,0.05890744666464772,<1bn
604929,SI,88490.0,20221231,727004,906837,727004,BRENTWOOD BANK,149974,122317,9032,29904,27943,694255,42881.0,27943_20221231,1,1,0.0411331987169259,0.053556789233621824,<1bn
177447,SB,21104.0,20221231,219009,241881,219009,GREENVILLE FEDERAL,23163,41609,0,14430,27965,188315,0.0,27965_20221231,1,1,0.06588770324507212,0.06588770324507212,<1bn
48599,SB,1827.0,20221231,94998,116242,94998,COMMUNITY SAVINGS,9204,46399,0,6460,27969,46023,602.0,27969_20221231,1,1,0.0680014316090865,0.0680014316090865,<1bn
5627378,SB,1052255.0,20221231,6186788,9950802,6186788,CAPITOL FEDERAL SAVINGS BANK,1528686,694432,0,69797,27981,7786512,0.0,27981_20221231,1,1,0.01128162141647653,0.01128162141647653,1-10bn
214025,NM,16488.0,20221231,290952,357790,290952,OSB COMMUNITY BANK,20898,77016,0,11079,27989,307750,27446.0,27989_20221231,1,1,0.03807844592922544,0.03807844592922544,<1bn
859907,SI,0.0,20221231,910672,1060078,910672,GUARDIAN SAVINGS BANK,0,50844,0,174969,27998,833640,0.0,27998_20221231,1,1,0.19213174447001774,0.19213174447001774,1-10bn
67206,SI,0.0,20221231,90669,109668,90669,BELMONT SAVINGS BANK SSB,10824,23217,976,4595,28035,89022,0.0,28035_20221231,1,1,0.05067884282389792,0.06144327168050822,<1bn
134320,SB,9418.0,20221231,160717,178287,160717,CITIZENS FS&LA,24091,26397,0,10384,28060,137022,0.0,28060_20221231,1,1,0.06461046435660198,0.06461046435660198,<1bn
68192,SB,3440.0,20221231,76435,89056,76435,COVINGTON SAVINGS&LOAN ASSN,17628,8243,1996,21987,28063,47860,0.0,28063_20221231,1,1,0.2876561784522797,0.3137698698240335,<1bn
185386,SL,21773.0,20221231,204189,250231,204189,HARRISON BUILDING&LOAN ASSN,113135,18814,0,5750,28080,113778,0.0,28080_20221231,1,1,0.028160184926710057,0.028160184926710057,<1bn
30906,NM,1.0,20221231,31046,35587,31046,NELSONVILLE HOME&SAVINGS,3001,158,0,10676,28085,20777,0.0,28085_20221231,1,1,0.34387682793274493,0.34387682793274493,<1bn
10525124,NM,1365279.0,20221231,16203172,21645013,16203172,WASHINGTON FEDERAL BANK,2513281,5679190,0,645862,28088,16996833,505100.0,28088_20221231,1,1,0.0398602199618692,0.0398602199618692,10-100bn
1810577,N,362631.0,20221231,2641329,3221051,2641329,HOME BANK NATIONAL ASSN,487593,830932,0,87789,28094,2401549,41095.0,28094_20221231,1,1,0.0332366774453315,0.0332366774453315,1-10bn
88942,SB,6521.0,20221231,95322,129578,95322,COLLINSVILLE BLDG&LA,29323,6386,22802,4996,28103,93730,0.0,28103_20221231,1,1,0.05241182518201464,0.29162208094668596,<1bn
274297,N,47924.0,20221231,375619,484908,375619,FIRST ROBINSON SB NA,189837,101643,43709,42533,28105,230156,0.0,28105_20221231,1,1,0.11323442104898847,0.22959967413788973,<1bn
1063153,SI,910888.0,20221231,1502272,2019897,1502272,YAKIMA FS&LA,1089421,439138,9960,98752,28116,691304,0.0,28116_20221231,1,1,0.06573509990201508,0.07236505772589784,1-10bn
250055,NM,17529.0,20221231,316877,403579,316877,WEST TOWN BANK&TRUST,17712,67320,0,34784,28151,328357,79670.0,28151_20221231,1,1,0.10977129927385074,0.10977129927385074,<1bn
205523,SM,1367.0,20221231,258019,297675,258019,PROFILE BANK,96871,52498,0,24530,28155,157171,0.0,28155_20221231,1,1,0.0950705180626233,0.0950705180626233,<1bn
85825,SL,265.0,20221231,102814,128699,102814,CINCINNATUS SAVINGS&LOAN CO,6503,17002,335,7758,28157,105175,9455.0,28157_20221231,1,1,0.07545664987258545,0.07871496099752952,<1bn
193033,SM,87.0,20221231,233525,270820,233525,EASTERN CONNECTICUT SB,87,40495,0,10484,28167,244008,6028.0,28167_20221231,1,1,0.04489455090461407,0.04489455090461407,<1bn
9299017,SI,1748854.0,20221231,11750592,14213677,11750592,NORTHWEST BANK,2099357,2863469,0,246182,28178,10804922,4247.0,28178_20221231,1,1,0.02095060402063147,0.02095060402063147,10-100bn
149989,SI,7319.0,20221231,158937,189253,158937,MCS BANK,18604,8958,2175,10762,28186,145165,6903.0,28186_20221231,1,1,0.06771236401844756,0.08139703152821558,<1bn
274938,SB,91906.0,20221231,353447,405558,353447,SAN LUIS VALLEY FEDERAL BANK,91938,78515,0,45168,28208,243537,0.0,28208_20221231,1,1,0.12779285154492753,0.12779285154492753,<1bn
276248,SB,56152.0,20221231,340621,418054,340621,WINTER HILL BANK FSB,101867,64422,15989,16217,28213,290157,37394.0,28213_20221231,1,1,0.04761010037549065,0.0945508350923754,<1bn
51639,SB,4995.0,20221231,58519,71681,58519,WARSAW FS&LA,9566,6910,0,3322,28217,53047,9490.0,28217_20221231,1,1,0.05676788735282558,0.05676788735282558,<1bn
306140,SI,147980.0,20221231,325606,376834,325606,HADDON SAVINGS BANK,173930,19692,0,5703,28222,177203,72887.0,28222_20221231,1,1,0.017515033506753562,0.017515033506753562,<1bn
63778,SB,8388.0,20221231,78798,102704,78798,HOME SAVINGS BANK,17228,15074,889,3663,28246,72733,12632.0,28246_20221231,1,1,0.0464859514200868,0.05776796365389984,<1bn
913163,SI,161334.0,20221231,1382561,1921729,1382561,ESSA BANK&TRUST,261213,472220,0,23681,28262,1504400,0.0,28262_20221231,1,1,0.01712835817009159,0.01712835817009159,1-10bn
1048685,N,17.0,20221231,1531478,1812804,1531478,CFBANK NATIONAL ASSN,10442,483706,2925,151482,28263,1572835,291827.0,28263_20221231,1,1,0.09891229256966147,0.1008222122681488,1-10bn
53492,SI,10442.0,20221231,57826,66091,57826,RAYMOND FEDERAL BANK,10442,4335,0,1361,28266,53348,0.0,28266_20221231,1,1,0.023536125618234014,0.023536125618234014,<1bn
178244,SB,17450.0,20221231,185874,229576,185874,OZARKS FS&LA,21470,7682,3820,4293,28277,180582,0.0,28277_20221231,1,1,0.023096291035863005,0.04364784746656337,<1bn
67331,SB,15214.0,20221231,81268,101567,81268,AUBURN SAVINGS BANK FSB,15733,13941,0,3716,28288,77866,3986.0,28288_20221231,1,1,0.04572525471280209,0.04572525471280209,<1bn
66418,SB,51.0,20221231,70541,116920,70541,MUTUAL FEDERAL BANK,51,4316,0,11826,28302,100459,0.0,28302_20221231,1,1,0.16764718390723127,0.16764718390723127,<1bn
61478,SI,14033.0,20221231,68299,95798,68299,RIVERSIDE SAVINGS BANK SSB,33359,6823,0,1923,28314,50902,0.0,28314_20221231,1,1,0.028155609891799296,0.028155609891799296,<1bn
111049,SL,9690.0,20221231,127679,140107,127679,RG BANK A SAVINGS&LOAN ASSN,20572,16630,0,10051,28315,101921,0.0,28315_20221231,1,1,0.07872085464328511,0.07872085464328511,<1bn
717016,SI,74857.0,20221231,805876,1004612,805876,FIDELITY BANK,270118,96204,0,60723,28316,566314,32455.0,28316_20221231,1,1,0.07535030203157805,0.07535030203157805,1-10bn
2491522,SM,162594.0,20221231,3017801,3423751,3017801,SOUTHERN BANK,229404,528328,0,57103,28332,2957535,109226.0,28332_20221231,1,1,0.018922056159435298,0.018922056159435298,1-10bn
190518,SB,6367.0,20221231,233949,303419,233949,CINCINNATI FEDERAL,6367,43432,0,15081,28346,259147,0.0,28346_20221231,1,1,0.06446276752625572,0.06446276752625572,<1bn
270357,NM,80860.0,20221231,335363,419610,335363,BELMONT SAVINGS BANK,173584,65020,0,6598,28348,195645,0.0,28348_20221231,1,1,0.019674203773224833,0.019674203773224833,<1bn
65646,SB,7249.0,20221231,84014,133822,84014,HOME FS&LA OF NILES,17851,18408,0,7512,28349,97825,0.0,28349_20221231,1,1,0.0894136691503797,0.0894136691503797,<1bn
5561336,N,971443.0,20221231,9737295,12963839,9737295,OCEANFIRST BANK NA,1683307,5618849,39976,157536,28359,9869407,873438.0,28359_20221231,1,1,0.016178620448492113,0.020284072732725054,10-100bn
807850,NM,81371.0,20221231,1152176,1342486,1152176,CENTURY BANK,389546,344944,28941,25250,28362,865182,18949.0,28362_20221231,1,1,0.021915054644429322,0.0470336129202483,1-10bn
453149,SB,65567.0,20221231,561542,606558,561542,MIDDLESEX FEDERAL SAVINGS FA,102761,110602,8822,16137,28368,465441,202.0,28368_20221231,1,1,0.028736942205569663,0.044447254167987435,<1bn
72582,SB,1838.0,20221231,76209,86156,76209,ROCKLAND SAVINGS BANK FSB,2838,3628,0,6900,28369,72816,0.0,28369_20221231,1,1,0.09054048734401449,0.09054048734401449,<1bn
475754,SM,136453.0,20221231,823642,954358,823642,ADIRONDACK BANK,298367,348008,0,21884,28380,577443,9975.0,28380_20221231,1,1,0.026569796100733085,0.026569796100733085,<1bn
250,SB,0.0,20221231,500,118056,500,EDWARD JONES TRUST CO,68026,250,99,39954,28390,0,0.0,28390_20221231,1,1,79.908,80.106,<1bn
617060,NM,3370.0,20221231,797021,881470,797021,FIRST PALMETTO BANK,116590,180235,113220,81639,28396,653374,0.0,28396_20221231,1,1,0.10243017436177967,0.24448414784553982,<1bn
643808,NM,89354.0,20221231,847808,939278,847808,WESTBURY BANK,152926,204004,1793,23396,28400,712323,6.0,28400_20221231,1,1,0.027595870763191668,0.029710736393145618,<1bn
282839,SI,34743.0,20221231,309716,402961,309716,EUREKA SAVINGS BANK,145353,26982,8544,29181,28401,214138,0.0,28401_20221231,1,1,0.09421857443593486,0.12180513760993943,<1bn
1418692,NM,167020.0,20221231,1575227,2019046,1575227,FIRST FED BANK,326569,157301,2364,45597,28405,1525341,133861.0,28405_20221231,1,1,0.028946304246943458,0.030447040331330024,1-10bn
147483,SB,9491.0,20221231,157114,184656,157114,CENTRAL FS&LA,48882,9632,10850,14548,28425,113106,0.0,28425_20221231,1,1,0.0925951856613669,0.16165332179181996,<1bn
177890,SB,26.0,20221231,196555,218746,196555,FIRST FSB CHAMPAIGN URBANA,89116,22787,89090,30369,28445,92147,0.0,28445_20221231,1,1,0.1545063722622167,0.6077637302536186,<1bn
1451273,SI,138986.0,20221231,1603646,1835032,1603646,TIMBERLAND BANK,334763,153118,170913,157182,28453,1172559,14657.0,28453_20221231,1,1,0.0980153974131448,0.20459315834043174,1-10bn
44822,SL,2089.0,20221231,51665,59159,51665,LIBERTY BANK,22968,6874,0,3289,28463,27617,0.0,28463_20221231,1,1,0.06366011806832478,0.06366011806832478,<1bn
202664,SI,61155.0,20221231,241698,292760,241698,ROXBORO SAVINGS BANK SSB,131966,39461,2625,9461,28471,131991,0.0,28471_20221231,1,1,0.039143890309394365,0.05000455113405986,<1bn
77994,SI,17869.0,20221231,95028,121151,95028,FARMERS&MECHANICS FSB,46107,17042,4617,8106,28478,58894,0.0,28478_20221231,1,1,0.08530117439070589,0.1338868544008082,<1bn
21307,SL,0.0,20221231,22289,24537,22289,COLUMBIA SAVINGS&LOAN ASSN,7,1027,0,887,28480,19275,26.0,28480_20221231,1,1,0.03979541477859034,0.03979541477859034,<1bn
250737,SB,49875.0,20221231,286909,356248,286909,COLONIAL FSB,149641,36182,994,10574,28481,178569,0.0,28481_20221231,1,1,0.03685489127214552,0.04031940441045767,<1bn
8859311,NM,2691968.0,20221231,13697516,15821645,13697516,BANNER BANK,3907172,4844697,0,243062,28489,10062116,0.0,28489_20221231,1,1,0.017744969233837726,0.017744969233837726,10-100bn
39085,SB,16601.0,20221231,48377,60590,48377,ARGENTINE FEDERAL SAVINGS,23616,9338,0,1765,28507,32716,0.0,28507_20221231,1,1,0.03648427971970151,0.03648427971970151,<1bn
1008127,SI,146185.0,20221231,1275459,2027068,1275459,WATERSTONE BANK SSB,198847,267826,0,44382,28513,1623609,21.0,28513_20221231,1,1,0.03479688488614687,0.03479688488614687,1-10bn
257069,SI,36952.0,20221231,367750,378875,367750,TRUSTTEXAS BANK SSB,143880,110722,0,23841,28515,179284,0.0,28515_20221231,1,1,0.06482936777702243,0.06482936777702243,<1bn
595465,SI,89245.0,20221231,817509,935505,817509,FORWARD BANK,186669,222313,15570,27051,28530,637751,3999.0,28530_20221231,1,1,0.03308954396832328,0.05213520585094476,<1bn
813427,NM,119321.0,20221231,1033051,1324581,1033051,FIRST BANK RICHMOND,290599,220832,2488,16209,28533,962775,257889.0,28533_20221231,1,1,0.015690416058839304,0.01809881603134792,1-10bn
90874,NM,11559.0,20221231,98736,123635,98736,CUSTER FEDERAL STATE BANK,44114,7941,0,4400,28543,66496,1.0,28543_20221231,1,1,0.044563279857397504,0.044563279857397504,<1bn
97044,SL,2768.0,20221231,114528,153786,114528,VALLEY CENTRAL BANK,13749,17505,7443,3128,28555,120864,5899.0,28555_20221231,1,1,0.02731209835149483,0.09230057278569433,<1bn
94829,SB,18.0,20221231,101182,111354,101182,MAPLE CITY SAVINGS BANK FSB,15678,7165,0,4525,28585,82521,13867.0,28585_20221231,1,1,0.044721393133165976,0.044721393133165976,<1bn
495903,NM,59375.0,20221231,719885,864750,719885,STURGIS BANK&TRUST CO,85228,318991,0,14985,28593,700106,59577.0,28593_20221231,1,1,0.020815824749786424,0.020815824749786424,<1bn
649250,SI,26914.0,20221231,752405,914024,752405,OLYMPIA FS&LA,53792,103208,6332,49128,28599,757714,21649.0,28599_20221231,1,1,0.0652946219124009,0.0737103022973,<1bn
41399,SI,113.0,20221231,42806,52631,42806,PULASKI SAVINGS BANK,581,1442,0,6159,28611,43203,0.0,28611_20221231,1,1,0.1438816988272672,0.1438816988272672,<1bn
281863,SI,0.0,20221231,306866,336426,306866,EQUITABLE BANK SSB,30063,25132,0,5352,28614,288794,0.0,28614_20221231,1,1,0.01744083736875379,0.01744083736875379,<1bn
65528,NM,0.0,20221231,76980,95700,76980,FIRST FEDERAL S&L BANK,0,11498,0,756,28635,87861,37578.0,28635_20221231,1,1,0.009820732657833203,0.009820732657833203,<1bn
56719,SB,12110.0,20221231,58995,75563,58995,MILTON SAVINGS BANK,25500,2276,0,6797,28637,39731,0.0,28637_20221231,1,1,0.11521315365708959,0.11521315365708959,<1bn
36956,SB,21.0,20221231,42410,53576,42410,FAIRVIEW SAVINGS&LOAN ASSN,472,5466,0,14364,28652,37856,0.0,28652_20221231,1,1,0.33869370431502005,0.33869370431502005,<1bn
32753,NM,4785.0,20221231,35360,44181,35360,BROOKVILLE BLDG&SVG ASSN,8492,2608,0,6119,28663,28228,0.0,28663_20221231,1,1,0.17304864253393665,0.17304864253393665,<1bn
62585,SB,5763.0,20221231,73633,78697,73633,HOMESTEAD SAVINGS BANK,7082,11939,0,14755,28667,52111,0.0,28667_20221231,1,1,0.20038569663058683,0.20038569663058683,<1bn
66923,SL,12478.0,20221231,70149,82582,70149,CONNEAUT SAVINGS BANK,21787,3226,0,3388,28677,52726,0.0,28677_20221231,1,1,0.04829719596858116,0.04829719596858116,<1bn
1864067,SI,310054.0,20221231,2076589,2582111,2076589,NORTH SHORE BANK,370552,212529,24548,384007,28679,1712694,0.0,28679_20221231,1,1,0.18492200430610006,0.19674331319293323,1-10bn
315201,SI,56630.0,20221231,436185,503452,436185,AMBLER SAVINGS BANK,122871,123005,0,52759,28701,301510,0.0,28701_20221231,1,1,0.12095555784816076,0.12095555784816076,<1bn
43698,SL,1953.0,20221231,46752,61742,46752,VERSAILLES SAVINGS&LOAN CO,6190,3060,3942,10372,28703,38627,0.0,28703_20221231,1,1,0.2218514715947981,0.30616872005475704,<1bn
780043,SB,160129.0,20221231,915025,1056311,915025,FIRST FS&LA OF GREENE CO,190438,134986,0,165940,28706,655882,0.0,28706_20221231,1,1,0.18135023633234065,0.18135023633234065,1-10bn
71066,SI,2164.0,20221231,106005,128545,106005,GSL SAVINGS BANK,14146,34940,3878,13931,28708,93532,0.0,28708_20221231,1,1,0.13141832932408848,0.1680015093627659,<1bn
2679817,SB,708101.0,20221231,4216668,5623771,4216668,NORTHFIELD BANK,963294,1539330,0,45799,28710,4201077,390035.0,28710_20221231,1,1,0.01086141949046024,0.01086141949046024,1-10bn
79551,SL,729.0,20221231,106729,170869,106729,FIRST FS OF MIDDLETOWN,22376,27178,0,25984,28712,115303,0.0,28712_20221231,1,1,0.2434577293893881,0.2434577293893881,<1bn
2277,SB,29.0,20221231,2272,3081,2272,KENTLAND FS&LA,29,0,0,199,28722,2762,0.0,28722_20221231,1,1,0.08758802816901408,0.08758802816901408,<1bn
22651,SI,10506.0,20221231,23507,34343,23507,FIRST SAVINGS BANK,17910,860,0,2383,28723,12345,0.0,28723_20221231,1,1,0.10137405879099842,0.10137405879099842,<1bn
241445,SI,40270.0,20221231,276770,338458,276770,ASCENDIA BANK,42290,35470,0,14863,28729,261786,0.0,28729_20221231,1,1,0.05370162951186906,0.05370162951186906,<1bn
202899,SB,28305.0,20221231,246515,300445,246515,GOLDEN BELT BANK FSA,70709,45136,15429,6088,28735,202236,0.0,28735_20221231,1,1,0.024696265947305437,0.08728474940672981,<1bn
361505,SI,142633.0,20221231,391100,468264,391100,HOYNE SAVINGS BANK,200288,29597,17387,56228,28747,180986,0.0,28747_20221231,1,1,0.1437688570698031,0.1882255177703912,<1bn
4240862,SI,733697.0,20221231,6051779,8283971,6051779,KEARNY BANK,1440140,1815854,0,71129,28765,5948196,739334.0,28765_20221231,1,1,0.01175340342071315,0.01175340342071315,1-10bn
106077,SB,0.0,20221231,120472,150155,120472,FIRST FSB OF ANGOLA,29759,14419,0,30628,28769,85758,0.0,28769_20221231,1,1,0.2542333488279434,0.2542333488279434,<1bn
498271,SL,217065.0,20221231,527163,649513,527163,SOMERSET SAVINGS BANK SLA,224837,29108,0,27135,28778,358464,0.0,28778_20221231,1,1,0.05147364287706079,0.05147364287706079,<1bn
342418,SB,55926.0,20221231,358328,429911,358328,ARUNDEL FEDERAL SAVINGS BANK,64990,15921,0,10404,28780,343170,0.0,28780_20221231,1,1,0.029034850751266994,0.029034850751266994,<1bn
661759,SI,255769.0,20221231,1074944,1210083,1074944,STURDY SAVINGS BANK,556671,413189,36511,14543,28788,546214,0.0,28788_20221231,1,1,0.013529076863538938,0.047494567158847346,1-10bn
58750,SI,0.0,20221231,66651,81451,66651,SUPERIOR SAVINGS BANK,0,7907,0,14395,28790,63906,0.0,28790_20221231,1,1,0.21597575430226104,0.21597575430226104,<1bn
117708,SI,2066.0,20221231,130514,163306,130514,SHARON BANK,27533,12807,0,2760,28793,117785,0.0,28793_20221231,1,1,0.021147156626875278,0.021147156626875278,<1bn
69317,SB,22132.0,20221231,75594,92050,75594,SUNNYSIDE FS&LA OF IRVINGTON,34151,6277,1867,13640,28805,28563,0.0,28805_20221231,1,1,0.18043760086779373,0.20513532820065083,<1bn
1087747,N,5079.0,20221231,1392331,1574423,1392331,BANKFINANCIAL NATIONAL ASSN,208105,304602,163102,69004,28808,1226743,0.0,28808_20221231,1,1,0.04956005432616239,0.16670317618439867,1-10bn
267669,SM,40867.0,20221231,367327,398578,367327,ARMOR BANK,50848,99851,0,16497,28812,287801,15100.0,28812_20221231,1,1,0.04491093766589442,0.04491093766589442,<1bn
328610,SI,74477.0,20221231,514366,597039,514366,CREST SAVINGS BANK,119818,185779,44341,20778,28818,432629,0.0,28818_20221231,1,1,0.04039536050205496,0.12660051403086517,<1bn
4769751,SB,1500287.0,20221231,7889191,10094596,7889191,COLUMBIA BANK,1664549,6428533,55178,171845,28834,7455094,0.0,28834_20221231,1,1,0.021782334842698065,0.028776461363402155,10-100bn
271889,SI,74.0,20221231,357799,465342,357799,UNITED SAVINGS BANK,174922,85914,5990,90995,28836,165039,0.0,28836_20221231,1,1,0.254318765563906,0.27106000855228773,<1bn
208868,SM,75.0,20221231,282476,309393,282476,BRATTLEBORO S&LA,69731,73635,69656,38762,28837,186207,0.0,28837_20221231,1,1,0.1372222772908141,0.3838131381073082,<1bn
353997,SI,64369.0,20221231,373437,430502,373437,COMMUNITY SAVINGS BANK,166520,20391,24845,16978,28841,222645,0.0,28841_20221231,1,1,0.04546416129092725,0.11199479430265347,<1bn
860635,SB,157827.0,20221231,1081008,1369956,1081008,FIRST FSB OF TWIN FALLS,353259,257650,0,46058,28845,908192,0.0,28845_20221231,1,1,0.04260653020144162,0.04260653020144162,1-10bn
373198,SB,0.0,20221231,420777,563653,420777,FIRST PIEDMONT FS&LA GAFFNEY,40103,47681,40091,95339,28859,413146,0.0,28859_20221231,1,1,0.22657844891712237,0.32185694560301537,<1bn
63914,SL,27612.0,20221231,74570,90962,74570,CENTURY SAVINGS&LOAN ASSN,45203,10658,0,6300,28860,33683,0.0,28860_20221231,1,1,0.08448437709534666,0.08448437709534666,<1bn
794636,SB,8677.0,20221231,919831,1102209,919831,MIDCOUNTRY BANK,125463,126159,32294,39461,28865,878510,223316.0,28865_20221231,1,1,0.04290027189777253,0.07800889511225431,1-10bn
255566,SI,99819.0,20221231,309371,416983,309371,MINEOLA COMMUNITY BANK SSB,134980,54021,14555,8952,28868,251338,12000.0,28868_20221231,1,1,0.02893613169948056,0.07598320463133261,<1bn
334601,SB,43705.0,20221231,376853,444366,376853,WALLKILL VALLEY FS&LA,89238,42261,1995,6367,28870,298514,1517.0,28870_20221231,1,1,0.016895181940969024,0.02218902330616978,<1bn
247448,SB,10085.0,20221231,312567,358106,312567,SECURITY FSB,56378,65174,10022,5860,28894,270541,0.0,28894_20221231,1,1,0.018747980432995165,0.05081150601311079,<1bn
947629,SM,55753.0,20221231,1200590,1436326,1200590,FIRST FINANCIAL BANK,167466,253486,29821,53061,28905,1099327,19545.0,28905_20221231,1,1,0.044195770412880336,0.06903439142421643,1-10bn
158872,SI,13054.0,20221231,177873,213663,177873,IRON WORKERS SAVINGS BANK,28205,19004,0,8428,28908,165998,0.0,28908_20221231,1,1,0.04738212095146537,0.04738212095146537,<1bn
456493,SB,0.0,20221231,567001,633943,567001,EVERGREEN FEDERAL BANK,105185,110530,101867,41484,28914,440873,0.0,28914_20221231,1,1,0.07316389212717438,0.25282318726069264,<1bn
293299,SB,14024.0,20221231,320579,363836,320579,FIRST FEDERAL SAVINGS BANK,77129,29648,0,12488,28924,249673,0.0,28924_20221231,1,1,0.03895451667139769,0.03895451667139769,<1bn
180594,SI,27575.0,20221231,230529,254022,230529,SECURITY SAVINGS BANK,95871,50013,3641,12592,28925,132330,0.0,28925_20221231,1,1,0.05462219503836827,0.07041630337181005,<1bn
223305,SM,518.0,20221231,408288,452884,408288,VERIMORE BANK,30637,185096,0,9562,28930,343218,0.0,28930_20221231,1,1,0.023419742926561644,0.023419742926561644,<1bn
192324,N,17348.0,20221231,261283,308118,261283,CARTHAGE S&L NA,46925,68969,15615,22246,28942,212038,10835.0,28942_20221231,1,1,0.08514139840709116,0.14490418435183308,<1bn
57430,SB,0.0,20221231,61358,71883,61358,AMORY FS&LA,17047,3931,1210,12030,28949,41594,0.0,28949_20221231,1,1,0.19606245314384432,0.21578278301118028,<1bn
65855,SB,3888.0,20221231,70418,77616,70418,LADYSMITH FS&LA,16431,4564,457,6867,28983,51569,0.0,28983_20221231,1,1,0.09751768013860093,0.10400749808287654,<1bn
95232,NM,5420.0,20221231,119144,159472,119144,WCF FINANCIAL BANK,24606,24084,424,5456,28989,118319,10467.0,28989_20221231,1,1,0.04579332572349426,0.04935204458470422,<1bn
19190,SB,6114.0,20221231,19515,26306,19515,FIRST FS&LA,6114,325,0,2723,29005,15725,0.0,29005_20221231,1,1,0.13953369203177043,0.13953369203177043,<1bn
624770,SI,120891.0,20221231,676366,881478,676366,LIBERTY BANK FOR SAVINGS,336288,56059,37023,3677,29009,507988,0.0,29009_20221231,1,1,0.005436405732990718,0.060174520895491496,<1bn
642840,NM,36098.0,20221231,719169,774703,719169,MECHANICS BANK,113561,76355,15312,42842,29011,594280,1.0,29011_20221231,1,1,0.05957153325574378,0.08086277356226422,<1bn
3575828,NM,1555145.0,20221231,5937767,6977262,5937767,HERITAGE BANK,2097839,2362009,19780,103590,29012,4007872,0.0,29012_20221231,1,1,0.01744595232517544,0.020777170946586487,1-10bn
122140,SI,8730.0,20221231,160080,180715,160080,BEDFORD FEDERAL SAVINGS BANK,13501,37940,4771,24950,29024,128403,0.0,29024_20221231,1,1,0.15585957021489255,0.18566341829085456,<1bn
314294,SB,1918.0,20221231,347110,450320,347110,HANCOCK COUNTY SB FSB,25203,32820,964,28305,29035,387994,247.0,29035_20221231,1,1,0.08154475526490161,0.08432197286162887,<1bn
747525,SB,192689.0,20221231,1009408,1096108,1009408,HOME FEDERAL SAVINGS BANK,246244,262181,0,36866,29042,778363,55057.0,29042_20221231,1,1,0.03652239728633021,0.03652239728633021,1-10bn
559694,SI,59168.0,20221231,608205,934570,608205,FIRST FEDERAL BANK OF KS CTY,94944,48566,7980,13107,29047,740833,0.0,29047_20221231,1,1,0.021550299652255408,0.03467087577379337,<1bn
63727,SB,4747.0,20221231,71512,82149,71512,LAKE CITY FEDERAL BANK,13448,7785,3893,22673,29049,42835,0.0,29049_20221231,1,1,0.31705168363351605,0.3714900995637096,<1bn
313868,NM,16574.0,20221231,448703,573940,448703,FIRST FEDERAL SAVINGS BANK,113047,137997,8679,15695,29056,400295,25416.0,29056_20221231,1,1,0.034978593858298254,0.05432100966563629,<1bn
798401,NM,93941.0,20221231,1187800,1502767,1187800,FIRST FINANCIAL NW BANK,220222,389587,38450,24320,29058,1167083,124887.0,29058_20221231,1,1,0.020474827412022226,0.05284559690183532,1-10bn
20610,SB,4567.0,20221231,23373,38262,23373,TUCUMCARI FS&LA,4603,2777,36,3186,29059,28857,0.0,29059_20221231,1,1,0.13631112822487484,0.13785136696187908,<1bn
42964,SI,0.0,20221231,45279,52480,45279,TARBORO SAVINGS BANK SSB,0,2316,0,7845,29061,38671,0.0,29061_20221231,1,1,0.17325912674749885,0.17325912674749885,<1bn
18567,SB,518.0,20221231,20601,27884,20601,ELBERTON FS&LA,2239,2035,0,1722,29065,23247,0.0,29065_20221231,1,1,0.0835881753312946,0.0835881753312946,<1bn
85197,SL,6597.0,20221231,109277,124440,109277,DEL NORTE BANK,10128,24098,243,6894,29066,100340,5041.0,29066_20221231,1,1,0.06308738343841797,0.06531109016535959,<1bn
294498,SB,34902.0,20221231,505600,574029,505600,BANK 34,64414,211199,2717,16112,29087,458582,4968.0,29087_20221231,1,1,0.031867088607594934,0.03724090189873418,<1bn
172143,SB,31615.0,20221231,234089,251030,234089,NEWPORT FEDERAL BANK,119762,61956,0,9247,29089,108987,0.0,29089_20221231,1,1,0.03950206972561718,0.03950206972561718,<1bn
174047,SB,27871.0,20221231,211893,251837,211893,FIRST FS&LA,56062,37858,0,12136,29090,167555,2009.0,29090_20221231,1,1,0.05727419027528045,0.05727419027528045,<1bn
60448,SM,0.0,20221231,91099,99401,91099,INVESTORS COMMUNITY BANK,49282,30659,0,16163,29093,28492,0.0,29093_20221231,1,1,0.1774223646801831,0.1774223646801831,<1bn
300794,SB,60438.0,20221231,401302,541100,401302,PYRAMAX BANK FSB,116292,100679,26627,27468,29120,359677,0.0,29120_20221231,1,1,0.06844720434984126,0.13479873013341573,<1bn
163710,SI,11293.0,20221231,174883,191921,174883,UNION SAVINGS BANK,55486,11291,0,13951,29121,113093,0.0,29121_20221231,1,1,0.07977333417198927,0.07977333417198927,<1bn
105736,SB,17901.0,20221231,118911,142139,118911,FIRST FS&LA OF VAN WERT,36405,13176,0,7969,29135,86013,0.0,29135_20221231,1,1,0.06701650814474691,0.06701650814474691,<1bn
467492,SB,59435.0,20221231,645213,711527,645213,AMERICAN FEDERAL BANK,83580,180483,18039,26299,29140,574402,14327.0,29140_20221231,1,1,0.04076018307132683,0.0687183922208635,<1bn
36604,NM,2286.0,20221231,42715,56317,42715,SYSTEMATIC SAVINGS BANK,6561,6110,0,3910,29143,44698,5301.0,29143_20221231,1,1,0.09153693082055483,0.09153693082055483,<1bn
650145,SI,6836.0,20221231,1135644,1402231,1135644,NORTHEAST COMMUNITY BANK,44437,485500,10014,85451,29147,1198530,114228.0,29147_20221231,1,1,0.0752445308565008,0.08406243505887408,1-10bn
138076,SB,116.0,20221231,157190,200083,157190,FIRST FS&LA OF VALDOSTA,7009,18647,2465,9378,29164,170819,0.0,29164_20221231,1,1,0.0596602837330619,0.07534194287168396,<1bn
119739,SI,3948.0,20221231,225116,249504,225116,UNITED ROOSEVELT SB,33588,105390,0,27151,29170,175746,21649.0,29170_20221231,1,1,0.12060893050693865,0.12060893050693865,<1bn
126551,SB,0.0,20221231,153704,222073,153704,NEW CARLISLE FSB,5700,27155,0,24355,29173,180945,0.0,29173_20221231,1,1,0.15845391141414666,0.15845391141414666,<1bn
334279,SM,1398.0,20221231,468292,545520,468292,BANKTENNESSEE,21671,134725,0,14181,29177,471534,0.0,29177_20221231,1,1,0.030282387911815704,0.030282387911815704,<1bn
52864,SI,0.0,20221231,54800,75053,54800,LAWRENCEBURG FEDERAL BANK,0,1979,0,6144,29186,65376,0.0,29186_20221231,1,1,0.11211678832116788,0.11211678832116788,<1bn
280702,SI,34119.0,20221231,305912,394538,305912,FOX VALLEY SAVINGS BANK,149610,25419,1944,7050,29188,212484,250.0,29188_20221231,1,1,0.02304584324903894,0.029400611940688826,<1bn
119640,SI,8608.0,20221231,127350,156268,127350,GRAHAM SAVINGS&LOAN SSB,21276,7729,458,11218,29206,120330,0.0,29206_20221231,1,1,0.08808794660384767,0.09168433451118964,<1bn
83862,SI,10381.0,20221231,178240,210690,178240,DALHART FS&LA SSB,33214,94396,0,83099,29208,87179,0.0,29208_20221231,1,1,0.4662197037701975,0.4662197037701975,<1bn
5939960,NM,2621326.0,20221231,9925543,14304653,9925543,NEXBANK,3737088,3994138,0,348469,29209,9173310,1684162.0,29209_20221231,1,1,0.035108305913338946,0.035108305913338946,10-100bn
422114,SI,78566.0,20221231,518008,588604,518008,WASHINGTON SAVINGS BANK,190054,96154,0,24354,29227,318369,0.0,29227_20221231,1,1,0.04701471791941437,0.04701471791941437,<1bn
68328,SB,4084.0,20221231,93991,101135,93991,COUNTY SAVINGS BANK,22856,25667,249,27716,29231,47264,0.0,29231_20221231,1,1,0.2948792969539637,0.29752848677000987,<1bn
55153,SB,12420.0,20221231,59234,93674,59234,WOODRUFF FS&LA,12420,4091,0,15118,29238,56574,0.0,29238_20221231,1,1,0.2552250396731607,0.2552250396731607,<1bn
82291,SB,5514.0,20221231,88103,114073,88103,HENDERSON FSB,13012,5826,4848,25824,29241,73435,0.0,29241_20221231,1,1,0.2931114718000522,0.3481379748703222,<1bn
62847,SB,2167.0,20221231,63887,103299,63887,EUREKA HOMESTEAD,5319,1045,0,4900,29268,85844,5563.0,29268_20221231,1,1,0.07669791976458434,0.07669791976458434,<1bn
173721,SB,116163.0,20221231,200293,238651,200293,CUMBERLAND FEDERAL BANK FSB,126165,26715,0,6506,29293,99461,73855.0,29293_20221231,1,1,0.03248241326456741,0.03248241326456741,<1bn
599960,SB,76333.0,20221231,734406,931741,734406,PREVAIL BANK,225076,134883,8222,28661,29294,583626,5503.0,29294_20221231,1,1,0.039026097281340294,0.05022153958437159,<1bn
254700,SL,23576.0,20221231,347584,429543,347584,TC FEDERAL BANK,43097,92982,9325,27285,29331,336224,15876.0,29331_20221231,1,1,0.07849901031117658,0.10532705763211195,<1bn
284327,NM,5519.0,20221231,512481,558320,512481,FIRST SOUTHERN BANK,16706,228542,0,80564,29332,447013,20207.0,29332_20221231,1,1,0.1572038768266531,0.1572038768266531,<1bn
191287,SB,26810.0,20221231,204590,232834,204590,FIRST FS&LA,96300,13303,30392,27291,29345,94702,0.0,29345_20221231,1,1,0.13339361650129528,0.28194437655799404,<1bn
109116,SB,710.0,20221231,120243,140621,120243,FAMILY BANK,16619,11169,6851,13100,29357,105091,0.0,29357_20221231,1,1,0.1089460509135667,0.16592234059363123,<1bn
14496,SB,624.0,20221231,14750,15823,14750,SIDNEY FS&LA,2094,254,1470,4008,29379,9051,0.0,29379_20221231,1,1,0.27172881355932205,0.37138983050847457,<1bn
135639,SB,38634.0,20221231,152723,174030,152723,PERU FEDERAL SAVINGS BANK,64240,17176,1523,14784,29384,84910,0.0,29384_20221231,1,1,0.09680270817100241,0.10677501096756874,<1bn
58124,SB,1920.0,20221231,61443,70889,61443,GN BANK,3473,3324,0,8978,29399,55274,0.0,29399_20221231,1,1,0.14611916735836467,0.14611916735836467,<1bn
77800,SB,56.0,20221231,81621,99709,81621,WORTHINGTON FSB FSB,20554,3826,7157,10778,29426,64899,0.0,29426_20221231,1,1,0.13204935004471888,0.21973511718797858,<1bn
43829,SI,1803.0,20221231,46443,58319,46443,COMPASS SAVINGS BANK,2766,2615,0,790,29430,52081,0.0,29430_20221231,1,1,0.01701009840018948,0.01701009840018948,<1bn
38735,SB,5160.0,20221231,41469,44750,41469,NORTH SIDE FS&LA OF CHICAGO,8463,2734,1920,8499,29449,25803,0.0,29449_20221231,1,1,0.20494827461477247,0.2512479201331115,<1bn
74722,SI,19430.0,20221231,78213,93126,78213,ARMSTRONG COUNTY BLDG&LA,37900,3493,502,1937,29471,50795,0.0,29471_20221231,1,1,0.02476570391111452,0.031184074258754937,<1bn
297534,SB,52428.0,20221231,368291,426464,368291,HOME FS&LA OF GRAND ISLAND,60125,72531,0,7594,29476,343821,0.0,29476_20221231,1,1,0.02061956442052616,0.02061956442052616,<1bn
28135,SB,0.0,20221231,30550,36100,30550,KINGSTREE FS&LA,6593,2431,0,3487,29486,23483,0.0,29486_20221231,1,1,0.11414075286415712,0.11414075286415712,<1bn
1530627,SB,123600.0,20221231,1869801,2548129,1869801,FIRST FS&LA OF LAKEWOOD,241922,341663,49604,55007,29488,2089842,81719.0,29488_20221231,1,1,0.0294186386679652,0.05594766501889773,1-10bn
21080,SB,4.0,20221231,21378,24050,21378,FIRST FS&LA OF RAVENSWOOD,4,298,0,3966,29490,19527,0.0,29490_20221231,1,1,0.18551782206006173,0.18551782206006173,<1bn
95155,SB,29153.0,20221231,114453,147130,114453,VAN WERT FSB,39418,19298,0,19449,29495,79881,0.0,29495_20221231,1,1,0.16993001494063065,0.16993001494063065,<1bn
147153,SB,7358.0,20221231,188474,235191,188474,SENECA SAVINGS,39066,41330,2675,4428,29496,172846,8419.0,29496_20221231,1,1,0.02349395672612668,0.037686895805256956,<1bn
5046,SB,1.0,20221231,5067,6855,5067,INTERSTATE FS&LA OF MCGREGOR,1,22,0,1500,29501,5190,0.0,29501_20221231,1,1,0.2960331557134399,0.2960331557134399,<1bn
504319,SB,18326.0,20221231,668973,791958,668973,AFFINITY BANK,72450,164856,6307,15972,29510,636913,34864.0,29510_20221231,1,1,0.023875403043172146,0.03330328727766293,<1bn
79953,SL,9180.0,20221231,85443,103385,85443,PIONEER FS&LA,17162,5494,0,5205,29517,77489,0.0,29517_20221231,1,1,0.06091780485235771,0.06091780485235771,<1bn
1168354,SI,158952.0,20221231,1468046,1654591,1468046,WASHINGTON FINANCIAL BANK,493751,299941,118339,52081,29520,1022454,0.0,29520_20221231,1,1,0.03547640877738163,0.1160862806751287,1-10bn
102036,SB,29034.0,20221231,109301,125761,109301,FIDELITY FS&LA OF DELAWARE,55018,7566,490,6395,29521,58510,0.0,29521_20221231,1,1,0.05850815637551349,0.06299118946761695,<1bn
1261308,NM,134116.0,20221231,1777078,2066734,1777078,PEOPLES BANK,370507,516086,0,30646,29523,1502277,60178.0,29523_20221231,1,1,0.017245163127335997,0.017245163127335997,1-10bn
20745,SI,2996.0,20221231,21257,28389,21257,NOKOMIS SAVINGS BANK,13799,517,0,684,29532,11951,0.0,29532_20221231,1,1,0.0321776356023898,0.0321776356023898,<1bn
96078,SI,14974.0,20221231,112552,143749,112552,DEWITT SAVINGS BANK,55037,16487,0,7650,29535,73847,4037.0,29535_20221231,1,1,0.06796858341033478,0.06796858341033478,<1bn
303952,SB,47503.0,20221231,484640,543770,484640,FIRST FEDERAL BANK&TRUST,73046,180993,0,11545,29537,422521,29985.0,29537_20221231,1,1,0.023821805876526908,0.023821805876526908,<1bn
4692698,NM,561224.0,20221231,4720488,5684000,4720488,GREAT SOUTHERN BANK,693087,933650,0,172448,29546,4511647,261491.0,29546_20221231,1,1,0.03653181620205369,0.03653181620205369,1-10bn
190529,NM,30457.0,20221231,325257,331946,325257,PINNACLE BANK,170581,134800,13498,13618,29548,115956,11756.0,29548_20221231,1,1,0.04186843019519949,0.0833679213667961,<1bn
3649972,SB,1035147.0,20221231,4348113,5651849,4724702,UNITED FIDELITY BANK FSB,1198634,1079269,17927,117037,29566,3501976,1998280.0,29566_20221231,1,1,0.026916733764738864,0.031039671692065042,1-10bn
127719,NM,7942.0,20221231,141517,183227,141517,HOME S&L CO OF KENTON OHIO,20625,13881,3759,15017,29571,134596,19351.0,29571_20221231,1,1,0.10611445974688553,0.13267663955567174,<1bn
119884,SL,15160.0,20221231,137156,179596,137156,HERITAGE BANK OF ST TAMMANY,24508,17279,0,6776,29577,135510,0.0,29577_20221231,1,1,0.04940359882177958,0.04940359882177958,<1bn
104974,SB,12622.0,20221231,135064,149358,135064,MONROE FS&LA,26236,30096,0,5154,29578,106646,2222.0,29578_20221231,1,1,0.03815968725937333,0.03815968725937333,<1bn
27600,SB,19328.0,20221231,32216,38586,32216,PEE DEE FEDERAL SAVINGS BANK,19328,4616,0,8857,29582,9975,0.0,29582_20221231,1,1,0.27492550285572387,0.27492550285572387,<1bn
928865,SB,117632.0,20221231,945720,1212712,945720,ROSEDALE FS&LA,182916,16872,10885,46622,29613,898193,0.0,29613_20221231,1,1,0.04929788943873451,0.060807638624540035,1-10bn
85079,SB,9643.0,20221231,96838,109906,96838,FIRST MUTUAL BANK FSB,27241,11810,744,9887,29617,62448,0.0,29617_20221231,1,1,0.10209834982135112,0.10978128420661311,<1bn
464866,SL,106137.0,20221231,557358,624594,557358,FIRST FS&LA OF MCMINNVILLE,223525,92502,27763,20740,29624,341423,0.0,29624_20221231,1,1,0.037211271749934514,0.08702306237642593,<1bn
16870,SB,52.0,20221231,18474,34460,18474,SECOND FS&LA OF PHILADELPHIA,4602,1604,0,4135,29627,24832,0.0,29627_20221231,1,1,0.22382808271083685,0.22382808271083685,<1bn
472727,SL,112388.0,20221231,655929,749050,655929,WINDSOR FS&LA,169575,183223,14227,9130,29632,529777,0.0,29632_20221231,1,1,0.013919189424465147,0.03560903695369468,<1bn
136516,SB,1290.0,20221231,149099,181529,149099,FIRST FS&LA OF BATH,28988,12583,26651,16739,29636,123566,0.0,29636_20221231,1,1,0.11226768791205843,0.2910146949342383,<1bn
260095,SB,67686.0,20221231,302177,348545,302177,BIG HORN FSB,173181,50865,0,37036,29637,117053,0.0,29637_20221231,1,1,0.12256392776419119,0.12256392776419119,<1bn
134979,SI,17900.0,20221231,161120,194112,161120,FIRST FS&LA OF CNTL IL S B,43401,26146,1987,8445,29645,132736,0.0,29645_20221231,1,1,0.052414349553128105,0.064746772591857,<1bn
39163,SB,271.0,20221231,40978,48082,40978,FIRST FS&LA,3378,1826,0,6303,29646,38020,1029.0,29646_20221231,1,1,0.15381424178827663,0.15381424178827663,<1bn
494724,SI,33782.0,20221231,560884,908733,560884,GREAT MIDWEST BANK SSB,53476,67023,0,37744,29657,780120,121218.0,29657_20221231,1,1,0.06729377197424066,0.06729377197424066,<1bn
403102,SB,90116.0,20221231,522760,603775,522760,CFSBANK,174905,120016,6663,12633,29672,369307,6457.0,29672_20221231,1,1,0.024165965261305378,0.03691177595837478,<1bn
489365,SB,180078.0,20221231,674144,823727,674144,IROQUOIS FS&LA,208098,185269,1922,9693,29675,561275,17620.0,29675_20221231,1,1,0.014378233730478949,0.01722925665733137,<1bn
150113,SL,3473.0,20221231,159282,196989,159282,PAPER CITY SAVINGS ASSN,14066,10007,5660,13681,29676,165853,0.0,29676_20221231,1,1,0.0858916889541819,0.12142614984744039,<1bn
55537,SI,166.0,20221231,76754,86053,76754,NASHVILLE SAVINGS BANK,18713,21240,10,2275,29677,52359,0.0,29677_20221231,1,1,0.02964014904760664,0.02977043541704667,<1bn
94133,SB,7592.0,20221231,145679,171864,145679,ANTHEM BANK&TRUST,33971,51598,24219,5850,29679,108159,0.0,29679_20221231,1,1,0.04015678306413416,0.20640586494964958,<1bn
1750758,SB,0.0,20221231,2169657,2812950,2169657,HOME FEDERAL BANK OF TN,1558084,426230,89600,33506,29683,1155245,0.0,29683_20221231,1,1,0.01544299398476349,0.05673984413204484,1-10bn
27132,SB,3566.0,20221231,28762,35065,28762,MARTINSVILLE FIRST SB,11456,1630,5961,5979,29685,15415,0.0,29685_20221231,1,1,0.20787845073360683,0.4151310757249148,<1bn
248142,NM,27617.0,20221231,367423,445408,367423,FIRST FEDERAL SAVINGS BANK,90335,119424,2017,5120,29690,320946,24200.0,29690_20221231,1,1,0.013934892480873543,0.01942447805390517,<1bn
66906,SI,28129.0,20221231,72405,86387,72405,KEYSAVINGS BANK,29580,5508,0,7704,29691,44425,0.0,29691_20221231,1,1,0.10640149160969546,0.10640149160969546,<1bn
262764,SB,14274.0,20221231,274729,371482,274729,LINCOLN FSB OF NEBRASKA,76496,12872,8268,2891,29692,267633,0.0,29692_20221231,1,1,0.01052309730680052,0.040618209217083014,<1bn
197726,SL,0.0,20221231,218752,273279,218752,HOME LOAN SAVINGS BANK,14410,21226,4670,4708,29695,241285,0.0,29695_20221231,1,1,0.021522088940901112,0.042870465184318314,<1bn
118792,SM,48.0,20221231,151815,174190,151815,BUFFALO FEDERAL BANK,21950,33039,0,3642,29696,137622,0.0,29696_20221231,1,1,0.023989724335539968,0.023989724335539968,<1bn
336996,SB,16885.0,20221231,561684,642730,561684,CENTURY NEXT BANK,26140,224709,4103,40485,29700,537932,26315.0,29700_20221231,1,1,0.07207789433204435,0.07938271341181162,<1bn
171180,SB,4399.0,20221231,195759,253548,195759,FIRST FED CMTY BK OF BUCYRUS,28166,24878,10753,12619,29705,195615,0.0,29705_20221231,1,1,0.06446191490557267,0.1193917010201319,<1bn
1436543,SB,70760.0,20221231,1659371,2517837,1659371,NORTH AMERICAN SB FSB,209884,222974,42906,65125,29708,2141557,41666.0,29708_20221231,1,1,0.039246798937669754,0.06510358443048601,1-10bn
49755,SI,836.0,20221231,64380,75295,64380,FIRST FSB OF WASHINGTON,8050,14907,4257,7071,29710,55529,0.0,29710_20221231,1,1,0.10983224603914259,0.17595526561043803,<1bn
72708,NM,19773.0,20221231,88066,110616,88066,SOUTHERN BANK CO,41893,15364,476,6001,29731,58601,0.0,29731_20221231,1,1,0.06814207526173552,0.073547112392978,<1bn
137528,SB,488.0,20221231,165554,185569,165554,AROOSTOOK COUNTY FS&LA,52349,28026,34967,7154,29743,123469,0.0,29743_20221231,1,1,0.0432124865602764,0.2544245382171376,<1bn
301225,SB,28045.0,20221231,393417,537395,393417,FIRST SEACOAST BANK,106100,91180,0,8997,29744,398423,18127.0,29744_20221231,1,1,0.022868864334789803,0.022868864334789803,<1bn
177797,SI,2709.0,20221231,206431,236600,206431,MARATHON BANK,9935,28644,0,11579,29745,192673,24340.0,29745_20221231,1,1,0.05609138162388401,0.05609138162388401,<1bn
135484,SB,0.0,20221231,155581,180975,155581,SOUTHERN HILLS CMTY BANK,45034,20151,1979,17001,29749,105831,0.0,29749_20221231,1,1,0.10927426870890404,0.12199433092729832,<1bn
111046,NM,2474.0,20221231,137882,153139,137882,CLAY COUNTY SAVINGS BANK,36574,26836,8673,9885,29764,96216,0.0,29764_20221231,1,1,0.07169173641229457,0.13459334793519095,<1bn
333444,SI,44414.0,20221231,482208,547269,482208,KS BANK INC,99936,148853,0,12820,29771,413741,4093.0,29771_20221231,1,1,0.026586037560554783,0.026586037560554783,<1bn
164389,SB,4378.0,20221231,181445,212693,181445,VIDALIA FEDERAL SAVINGS BANK,103198,17164,0,22003,29772,76347,0.0,29772_20221231,1,1,0.12126539722781007,0.12126539722781007,<1bn
27267,SB,3572.0,20221231,33622,38670,33622,CARROLLTON FEDERAL BANK,7589,6363,0,3999,29774,24784,0.0,29774_20221231,1,1,0.11893997977514723,0.11893997977514723,<1bn
628977,SI,100108.0,20221231,918473,1022264,918473,FIRST FEDERAL BANK,362160,290401,57419,92569,29782,519578,0.0,29782_20221231,1,1,0.10078576071370633,0.16330147973865317,1-10bn
339348,SM,27734.0,20221231,398004,440094,398004,HIGH COUNTRY BANK,69199,58702,5127,36178,29783,317823,0.0,29783_20221231,1,1,0.09089858393382981,0.10378036401644204,<1bn
404389,N,4560.0,20221231,605422,681500,605422,FIRST FEDERAL CMTY BANK NA,38687,201134,0,70068,29787,535555,17061.0,29787_20221231,1,1,0.11573414907287809,0.11573414907287809,<1bn
380901,SI,35358.0,20221231,416216,580200,416216,LISLE SAVINGS BANK,209546,35372,1304,31039,29800,279251,0.0,29800_20221231,1,1,0.07457425951909585,0.07770724815960943,<1bn
134573,SB,59628.0,20221231,171693,251998,171693,CATALYST BANK,82108,37152,0,13469,29804,131800,12460.0,29804_20221231,1,1,0.07844816037928162,0.07844816037928162,<1bn
645897,SI,204078.0,20221231,693544,812420,693544,FIRST SB OF HEGEWISCH,275101,47689,0,104399,29809,411514,0.0,29809_20221231,1,1,0.15052974288581547,0.15052974288581547,<1bn
115563,NM,1349.0,20221231,122837,151706,122837,PEOPLES SAVINGS&LOAN CO,66553,7275,3247,15251,29813,59461,0.0,29813_20221231,1,1,0.12415640238690297,0.15058980600307725,<1bn
353232,SB,22726.0,20221231,383712,487689,383712,MILFORD FEDERAL BANK,29027,30485,2494,13023,29835,417424,0.0,29835_20221231,1,1,0.03393951713785339,0.04043918355433242,<1bn
391942,SB,59220.0,20221231,413190,526440,413190,FIRST FS&LA OF LORAIN,136287,21250,39019,22103,29838,334273,0.0,29838_20221231,1,1,0.053493550182724656,0.14792710375372106,<1bn
323498,NM,27083.0,20221231,492977,538484,492977,CROSSROADS BANK,117750,169503,10484,18355,29839,374271,0.0,29839_20221231,1,1,0.03723297435783008,0.058499686597954875,<1bn
88745,SM,43734.0,20221231,147618,207975,147618,COMMONWEALTH COOP BANK,59044,58879,0,3094,29842,133879,12861.0,29842_20221231,1,1,0.02095950358357382,0.02095950358357382,<1bn
4506947,NM,460166.0,20221231,6965168,8408012,6965168,PREMIER BANK,1040082,2459400,48198,121156,29845,6500465,143708.0,29845_20221231,1,1,0.01739455530720867,0.02431441711097277,1-10bn
302824,SB,91259.0,20221231,345870,459614,345870,EATON COMMUNITY BANK,202580,43065,4779,8354,29846,206274,660.0,29846_20221231,1,1,0.024153583716425245,0.03797091392719808,<1bn
460283,NM,51246.0,20221231,609556,731510,609556,WAYNE SAVINGS COMMUNITY BANK,91770,149464,0,14279,29847,596212,35000.0,29847_20221231,1,1,0.02342524722913071,0.02342524722913071,<1bn
24721,SB,9886.0,20221231,24980,31487,24980,LIBERTY SAVINGS ASSN FSA,17848,273,1498,3453,29857,9865,0.0,29857_20221231,1,1,0.13823058446757405,0.19819855884707765,<1bn
143094,NM,0.0,20221231,177668,204152,177668,SSB COMMUNITY BANK,0,34622,0,23438,29858,171164,0.0,29858_20221231,1,1,0.13192021073012586,0.13192021073012586,<1bn
152180,SB,0.0,20221231,182858,271748,182858,DEARBORN FSB,32154,30751,0,40320,29874,190017,0.0,29874_20221231,1,1,0.22049896641109495,0.22049896641109495,<1bn
434188,SI,142790.0,20221231,500334,700384,500334,NVE BANK,255366,73145,33403,11144,29875,392838,0.0,29875_20221231,1,1,0.022273121554801392,0.08903452493734186,<1bn
168941,NM,11488.0,20221231,294821,324668,294821,AMERICAN CMTY BANK OF IN,14425,125921,0,28117,29878,263712,0.0,29878_20221231,1,1,0.09536973282093203,0.09536973282093203,<1bn
262704,SB,52516.0,20221231,349133,410444,349133,HOME BANK SB,168823,91163,14294,9868,29881,195261,0.0,29881_20221231,1,1,0.028264300424193645,0.06920571816471087,<1bn
178356,SB,0.0,20221231,195941,328286,195941,ELIZABETHTON FSB,138228,17590,37089,36891,29904,143819,0.0,29904_20221231,1,1,0.18827606269234107,0.3775626336499252,<1bn
120478,NM,8528.0,20221231,217308,254999,217308,LOGANSPORT SAVINGS BANK,71923,97789,914,9728,29907,159181,0.0,29907_20221231,1,1,0.044765954313693006,0.04897196605739319,<1bn
56957,SL,20619.0,20221231,63167,78247,63167,SCOTTSBURG BLDG&LA,28174,6210,0,1506,29910,38711,3876.0,29910_20221231,1,1,0.023841562841357036,0.023841562841357036,<1bn
1127437,NM,260664.0,20221231,1374114,1597455,1374114,RIVERVIEW BANK,458853,247821,2842,24586,29922,1001955,0.0,29922_20221231,1,1,0.01789225639211885,0.019960498182829082,1-10bn
179931,SB,1633.0,20221231,196782,227923,196782,UNION SAVINGS&LOAN ASSN,22321,16852,1596,17177,29933,175036,0.0,29933_20221231,1,1,0.08728948785966197,0.0953999857710563,<1bn
159206,SB,9051.0,20221231,165862,254739,165862,FIRST FSB OF KENTUCKY,9051,6667,0,6146,29937,226485,0.0,29937_20221231,1,1,0.03705490106232892,0.03705490106232892,<1bn
582657,SI,90575.0,20221231,715777,951277,715777,BOGOTA SAVINGS BANK,162528,133526,4928,16840,29941,719172,58618.0,29941_20221231,1,1,0.023526880578727732,0.030411706439296037,<1bn
50146084,N,14886916.0,20221231,76009038,99105686,76009038,SANTANDER BANK N A,15699431,27873261,0,9452855,29950,57081461,6103164.0,29950_20221231,1,1,0.12436488145001914,0.12436488145001914,10-100bn
1072371,SM,40105.0,20221231,1555012,2192809,1555012,FIRST SAVINGS BANK,328432,483898,25540,37848,29961,1627220,326200.0,29961_20221231,1,1,0.024339362011354254,0.04076367256329855,1-10bn
7565,NM,10.0,20221231,7885,11213,7885,EQUITABLE SAVINGS&LOAN CO,90,321,0,3958,29966,6652,0.0,29966_20221231,1,1,0.5019657577679137,0.5019657577679137,<1bn
105035,SL,6321.0,20221231,128135,147491,128135,PEOPLES SAVINGS BANK,9853,23118,0,13614,29975,120026,0.0,29975_20221231,1,1,0.10624731728255356,0.10624731728255356,<1bn
108431,SB,8786.0,20221231,112584,122548,112584,MIDLAND FS&LA,63482,4608,46603,29212,29980,26046,0.0,29980_20221231,1,1,0.2594684857528601,0.6734082995807574,<1bn
25494,SI,10062.0,20221231,25829,34814,25829,GUARDIAN SAVINGS BANK,14582,362,0,3680,29986,14686,0.0,29986_20221231,1,1,0.14247551202137132,0.14247551202137132,<1bn
203634,SL,70415.0,20221231,219898,327504,219898,MUTUAL SAVINGS ASSN,106128,18544,0,8618,29988,184918,19673.0,29988_20221231,1,1,0.039190897597977246,0.039190897597977246,<1bn
452183,SI,68154.0,20221231,523717,602280,523717,PHOENIXVILLE FEDERAL B&T,86903,71557,0,20081,29995,462219,1708.0,29995_20221231,1,1,0.038343227353704386,0.038343227353704386,<1bn
31365,SB,8308.0,20221231,34944,48353,34944,MUTUAL SAVINGS BANK,8308,3836,0,5412,29999,32654,0.0,29999_20221231,1,1,0.15487637362637363,0.15487637362637363,<1bn
8846736,SB,469480.0,20221231,9199012,16117865,9199012,THIRD FS&LA OF CLEVELAND,469480,357111,0,441842,30012,14486044,648560.0,30012_20221231,1,1,0.048031462509234686,0.048031462509234686,10-100bn
11901,SI,0.0,20221231,11941,15829,11941,HUNTINGDON SAVINGS BANK,0,42,0,1305,30031,13941,0.0,30031_20221231,1,1,0.10928732936939954,0.10928732936939954,<1bn
766250,SI,76263.0,20221231,878986,1092301,878986,HAVEN SAVINGS BANK,130920,113636,0,16087,30039,883775,66880.0,30039_20221231,1,1,0.018301770449131158,0.018301770449131158,1-10bn
47740,SI,7430.0,20221231,51500,63851,51500,BEARDSTOWN SAVINGS S B,20890,3764,0,1258,30043,38477,0.0,30043_20221231,1,1,0.02442718446601942,0.02442718446601942,<1bn
1075165,SI,158344.0,20221231,1394637,2040012,1394637,BLUE FOUNDRY BANK,347953,319627,43759,41544,30052,1531727,75000.0,30052_20221231,1,1,0.029788396550500237,0.061165020001620496,1-10bn
112261,SB,29799.0,20221231,174892,189900,174892,FIRST FS&LA OF GREENSBURG,67852,62696,1954,24178,30058,86824,0.0,30058_20221231,1,1,0.1382453171099879,0.1494179264917778,<1bn
19117,SL,0.0,20221231,19303,34385,19303,PEOPLES CMTY BK SB MONTICELL,0,186,0,1233,30065,32418,0.0,30065_20221231,1,1,0.06387608143811843,0.06387608143811843,<1bn
34778,SM,0.0,20221231,39890,47322,39890,CORNERSTONE BANK,9084,5148,5397,8389,30067,26736,0.0,30067_20221231,1,1,0.21030333416896466,0.34560040110303336,<1bn
92585,SI,1051.0,20221231,103704,128944,103704,SCHUYLER SAVINGS BANK,10320,11136,937,9888,30072,103066,5102.0,30072_20221231,1,1,0.09534829900485998,0.10438363033248477,<1bn
1807916,SL,222708.0,20221231,2924702,3812457,2924702,SPENCER SAVINGS BANK SLA,407071,1116936,60445,31084,30076,3125688,0.0,30076_20221231,1,1,0.010628091340587861,0.03129515417297215,1-10bn
120727,SL,3884.0,20221231,128537,146987,128537,MERCER SAVINGS BANK,13533,7810,1929,7821,30084,118940,0.0,30084_20221231,1,1,0.06084629328520193,0.07585364525389576,<1bn
232950,SI,3111.0,20221231,289495,378977,289495,PRESENCE BANK,52809,56784,29819,8591,30085,300855,7905.0,30085_20221231,1,1,0.029675814780911587,0.1326793208863711,<1bn
68749,SI,7292.0,20221231,76908,101588,76908,MONROE SAVINGS BANK,8292,8163,0,5858,30103,84767,0.0,30103_20221231,1,1,0.07616892911010557,0.07616892911010557,<1bn
392606,SB,116267.0,20221231,457850,566560,457850,OCONEE FS&LA,138212,65451,2559,7782,30111,377555,0.0,30111_20221231,1,1,0.01699683302391613,0.022585999781587856,<1bn
353646,SI,91241.0,20221231,491208,621206,491208,RELIANCE SAVINGS BANK,175338,137654,1708,9868,30117,406560,0.0,30117_20221231,1,1,0.020089249360759596,0.023566391426849725,<1bn
180892,SI,22725.0,20221231,190597,221830,190597,PENNCREST BANK,52959,9733,6292,14130,30119,142059,0.0,30119_20221231,1,1,0.07413547957208141,0.10714754167169473,<1bn
78660,SI,29320.0,20221231,81988,107687,81988,INVESTMENT SAVINGS BANK,45291,3329,0,4494,30121,46242,0.0,30121_20221231,1,1,0.05481289944869981,0.05481289944869981,<1bn
33655,SI,5602.0,20221231,43272,62640,43272,BOONVILLE FSB,8372,9629,0,9577,30128,41908,4062.0,30128_20221231,1,1,0.22132094657053059,0.22132094657053059,<1bn
173079,SB,30400.0,20221231,207132,268858,207132,MID-SOUTHERN SB FSB,105368,35316,9439,5684,30133,144379,5000.0,30133_20221231,1,1,0.027441438309870034,0.07301141301199235,<1bn
131058,SB,14415.0,20221231,137472,180572,137472,CITIZENS FSB,45697,6614,0,7767,30150,114403,0.0,30150_20221231,1,1,0.056498777932960896,0.056498777932960896,<1bn
24042,SI,5.0,20221231,26250,30012,26250,MILFORD BUILDING&LOAN ASSN,5,2254,0,9490,30152,20016,0.0,30152_20221231,1,1,0.3615238095238095,0.3615238095238095,<1bn
203474,SI,28504.0,20221231,218536,285811,218536,SEWICKLEY SAVINGS BANK,199222,15603,0,21867,30154,42717,0.0,30154_20221231,1,1,0.10006131712852802,0.10006131712852802,<1bn
387732,SB,33687.0,20221231,420933,555565,420933,HATBORO FEDERAL SAVINGS FA,72944,33217,0,81264,30155,359202,0.0,30155_20221231,1,1,0.19305685227815353,0.19305685227815353,<1bn
74124,NM,1456.0,20221231,94055,121198,94055,FIRST CMTY BANK OF CULLMAN,8124,19990,6657,15847,30166,88357,0.0,30166_20221231,1,1,0.16848652384243262,0.23926426027324438,<1bn
200322,SB,10142.0,20221231,317366,421805,317366,CULLMAN SAVINGS BANK,30276,117070,0,37020,30167,328391,5500.0,30167_20221231,1,1,0.11664765601860312,0.11664765601860312,<1bn
32094,NM,4613.0,20221231,33867,39365,33867,HOME SB OF WAPAKONETA,7980,1783,0,2230,30176,28195,0.0,30176_20221231,1,1,0.06584580860424602,0.06584580860424602,<1bn
1298343,SM,105173.0,20221231,1646324,1941231,1646324,OPPORTUNITY BANK OF MONTANA,343644,348952,46960,21801,30182,1347928,5272.0,30182_20221231,1,1,0.013242229354610635,0.04176638377378936,1-10bn
135618,SI,25967.0,20221231,144355,159056,144355,MILLVILLE SAVINGS BANK,81451,8764,11384,18796,30183,54402,4313.0,30183_20221231,1,1,0.1302067818918638,0.2090679228291365,<1bn
188097,NM,5738.0,20221231,230011,272593,230011,HOMETOWN BANK,43416,42247,13932,8490,30219,202972,512.0,30219_20221231,1,1,0.03691127815626209,0.09748229432505402,<1bn
47591,N,0.0,20221231,56285,62270,56285,CHESTER NATIONAL BANK,7253,8705,0,5191,30220,41421,0.0,30220_20221231,1,1,0.09222705871901928,0.09222705871901928,<1bn
406375,SI,11280.0,20221231,469916,539043,469916,CROSS COUNTY SAVINGS BANK,32529,61751,5740,58648,30260,404234,0.0,30260_20221231,1,1,0.1248052843486921,0.1370202334034168,<1bn
211684,SI,6218.0,20221231,237916,278738,237916,CITIZENS SAVINGS BANK,47891,26330,5745,14490,30270,201478,0.0,30270_20221231,1,1,0.06090384841708838,0.08505102641268347,<1bn
40973,SI,0.0,20221231,46630,57457,46630,FIRST FED BK LITTLEFIELD TX,7293,5705,6351,5037,30291,41745,0.0,30291_20221231,1,1,0.10802058760454643,0.24422045893201802,<1bn
1216075,SB,0.0,20221231,1393367,2127713,1393367,MASPETH FS&LA,66197,177292,24925,126090,30303,1883143,0.0,30303_20221231,1,1,0.09049302875696066,0.10838135250798964,1-10bn
223823,SI,10003.0,20221231,250587,270873,250587,EAST WISCONSIN SAVINGS BANK,72608,27012,11410,7839,30313,172427,0.0,30313_20221231,1,1,0.03128254857594368,0.07681563688459497,<1bn
297661,SB,38166.0,20221231,360659,431413,360659,FIRST FSB OF LINCOLNTON,92847,63042,11727,28396,30315,293039,0.0,30315_20221231,1,1,0.07873365145469821,0.11124913006468715,<1bn
32979,SI,0.0,20221231,38870,58961,38870,ABBEVILLE BLDG&L STATE-CHART,1226,5905,1226,11066,30332,39101,0.0,30332_20221231,1,1,0.28469256496012346,0.316233599176743,<1bn
48065,SB,2.0,20221231,65829,78335,65829,BEAUREGARD FSB,18495,17779,13184,10845,30339,47916,0.0,30339_20221231,1,1,0.1647450211912683,0.3650214950857525,<1bn
398091,SB,68736.0,20221231,463644,551789,463644,BANK OF BENNINGTON,127712,65589,4794,9419,30350,387605,0.0,30350_20221231,1,1,0.020315155593515714,0.030654985290438353,<1bn
105968,SI,5037.0,20221231,117250,166716,117250,STREATOR HOME SAVINGS BANK,113774,11293,995,10302,30357,36703,0.0,30357_20221231,1,1,0.087863539445629,0.0963496801705757,<1bn
39427,SB,6139.0,20221231,42434,56413,42434,FIRST SAVINGS&LOAN ASSN,13303,3027,0,3430,30358,32896,0.0,30358_20221231,1,1,0.08083140877598152,0.08083140877598152,<1bn
188685,SI,3687.0,20221231,293002,331161,293002,1ST BANK OF SEA ISLE CITY,35874,104321,0,73901,30367,204626,0.0,30367_20221231,1,1,0.2522201213643593,0.2522201213643593,<1bn
8838937,NM,3378619.0,20221231,15980677,18626645,16186544,FIRSTBANK PUERTO RICO,6033632,7348010,138875,479778,30387,11304667,105826.0,30387_20221231,1,1,0.030022382656254176,0.03871256518106211,10-100bn
84090,SL,6066.0,20221231,93567,108280,93567,GUNNISON SAVINGS&LOAN ASSN,43181,9477,10812,10138,30388,50623,0.0,30388_20221231,1,1,0.10835016619107164,0.22390372674126563,<1bn
501884,SB,36144.0,20221231,619972,712939,619972,CARVER FEDERAL SAVINGS BANK,55850,118184,0,43908,30394,581595,88859.0,30394_20221231,1,1,0.07082255327659959,0.07082255327659959,<1bn
34956,SB,4611.0,20221231,35330,49795,35330,TECUMSEH FEDERAL BANK,14836,2434,5534,5829,30395,25024,0.0,30395_20221231,1,1,0.16498726294933486,0.32162468157373336,<1bn
392039,SB,386.0,20221231,435921,616636,435921,GEDDES FS&LA,60822,43883,0,22300,30397,518525,0.0,30397_20221231,1,1,0.05115605809309485,0.05115605809309485,<1bn
1373105,SI,312005.0,20221231,2115356,2660709,2115356,PENN COMMUNITY BANK,684451,753479,0,81752,30401,1717766,41796.0,30401_20221231,1,1,0.038646922787464615,0.038646922787464615,1-10bn
264138,SI,51751.0,20221231,308947,332383,308947,FRANKLIN BANK,78425,44813,0,58088,30402,180035,0.0,30402_20221231,1,1,0.18801930428196423,0.18801930428196423,<1bn
178502,SB,22465.0,20221231,240287,322879,240287,FIRST FEDERAL BANK OF WI,46841,61804,0,11377,30422,242018,9000.0,30422_20221231,1,1,0.04734754689184184,0.04734754689184184,<1bn
428283,SI,193275.0,20221231,586817,627019,586817,CENTURY SAVINGS BANK,276875,156820,0,27529,30428,268612,1000.0,30428_20221231,1,1,0.04691241051298786,0.04691241051298786,<1bn
113486,SB,0.0,20221231,123805,172281,123805,MASSENA SAVINGS&LOAN,0,10325,0,5150,30429,157814,0.0,30429_20221231,1,1,0.04159767376115666,0.04159767376115666,<1bn
132055,SI,2832.0,20221231,207926,251122,207926,SSB BANK,5933,77102,0,16509,30431,209993,10556.0,30431_20221231,1,1,0.07939843982955475,0.07939843982955475,<1bn
63205,SI,255.0,20221231,85808,121849,85808,MORGANTON SAVINGS BANK SSB,11180,22604,0,22788,30434,71742,0.0,30434_20221231,1,1,0.2655696438560507,0.2655696438560507,<1bn
123421,NM,0.0,20221231,134504,173686,134504,EAGLE BANK,10100,11086,10100,15134,30439,132205,0.0,30439_20221231,1,1,0.11251709986320109,0.1876078034853982,<1bn
685150,SL,345180.0,20221231,1064870,1196746,1064870,FIRST FEDERAL BANK OF LA,373980,379893,21314,167838,30441,591533,0.0,30441_20221231,1,1,0.15761360541662361,0.17762919417393672,1-10bn
41677,SL,8440.0,20221231,43571,57302,43571,RAYNE BUILDING&LOAN ASSN,19722,1896,0,3189,30447,27346,3000.0,30447_20221231,1,1,0.07319088384475912,0.07319088384475912,<1bn
371675,SI,16136.0,20221231,528952,616578,528952,HUNTINGDON VALLEY BANK,85189,157507,38556,17787,30464,483973,40888.0,30464_20221231,1,1,0.03362686973487197,0.10651817178118242,<1bn
1327741,SI,71632.0,20221231,2494749,2778051,2494749,MANASQUAN BANK,270176,1167084,39215,319646,30470,2072346,0.0,30470_20221231,1,1,0.1281275190409937,0.1438465352626657,1-10bn
21950,SB,7217.0,20221231,23522,35612,23522,JACKSON FS&LA,15305,1575,0,620,30492,14789,0.0,30492_20221231,1,1,0.0263583028654026,0.0263583028654026,<1bn
159474,SI,26344.0,20221231,176419,199267,176419,CROSSBRIDGE COMMUNITY BANK,32805,16953,1927,11609,30516,140306,0.0,30516_20221231,1,1,0.06580356991027043,0.07672642969294691,<1bn
171289,SB,55545.0,20221231,217436,293064,217436,FREEHOLD BANK,88659,46158,0,7255,30519,170579,0.0,30519_20221231,1,1,0.033366139921632114,0.033366139921632114,<1bn
493049,SB,28692.0,20221231,575602,699568,575602,LAKE SHORE SAVINGS BANK,73047,82573,0,9408,30530,573565,1680.0,30530_20221231,1,1,0.016344627016584377,0.016344627016584377,<1bn
693866,SI,161243.0,20221231,919086,1126810,919086,MARQUETTE SAVINGS BANK,310662,225256,0,11487,30544,704200,0.0,30544_20221231,1,1,0.012498286340995294,0.012498286340995294,1-10bn
118813,SB,22890.0,20221231,124343,166960,124343,WESTMORELAND FS&LA,65789,5531,0,24988,30551,75395,0.0,30551_20221231,1,1,0.20096024705853968,0.20096024705853968,<1bn
55679,SI,35.0,20221231,67019,74934,67019,MAYVILLE SAVINGS BANK,6910,11372,0,16977,30585,42863,0.0,30585_20221231,1,1,0.2533162237574419,0.2533162237574419,<1bn
124332,SM,18887.0,20221231,155011,165840,155011,F&M BANK&TRUST CO,54313,30751,917,4246,30595,98369,0.0,30595_20221231,1,1,0.027391604466779778,0.03330731367451342,<1bn
8789,SI,24.0,20221231,8954,9554,8954,WABASH SAVINGS BANK,748,166,0,5884,30618,2800,0.0,30618_20221231,1,1,0.6571364753182934,0.6571364753182934,<1bn
75677,SI,11046.0,20221231,104152,117074,104152,ABBEVILLE FIRST BANK SSB,29367,28476,437,19733,30619,62442,0.0,30619_20221231,1,1,0.1894634764574852,0.19365926722482527,<1bn
230940,SI,19.0,20221231,249268,317862,249268,GREENVILLE SAVINGS BANK,51886,18332,0,12176,30637,238972,0.0,30637_20221231,1,1,0.048847024086525345,0.048847024086525345,<1bn
56202,SI,0.0,20221231,59807,65541,59807,NORTH COUNTY SAVINGS BANK,27118,3626,2857,9728,30656,26777,500.0,30656_20221231,1,1,0.16265654522045914,0.210426873108499,<1bn
257373,SB,8522.0,20221231,290447,344147,290447,FIRST SHORE FS&LA,27566,33075,481,37785,30680,257179,0.0,30680_20221231,1,1,0.13009258143482288,0.1317486494954329,<1bn
51286,NM,0.0,20221231,68820,87898,68820,PEOPLES FIRST SAVINGS BANK,202,17553,0,3004,30688,79522,5030.0,30688_20221231,1,1,0.04365010171461784,0.04365010171461784,<1bn
97441,SL,42.0,20221231,159701,204607,183587,BANKPACIFIC LTD,10004,61283,9962,87053,30692,95048,0.0,30692_20221231,1,1,0.5450999054483066,0.6074789763370299,<1bn
399395,SI,62917.0,20221231,687694,821617,687694,MAGYAR BANK,99837,288414,0,7878,30704,666080,11413.0,30704_20221231,1,1,0.011455676507283763,0.011455676507283763,<1bn
130703,SL,4357.0,20221231,135762,162793,135762,EQUITABLE SAVINGS&LOAN ASSN,4532,5060,0,15062,30707,139375,0.0,30707_20221231,1,1,0.11094415226646631,0.11094415226646631,<1bn
176849,SB,1714.0,20221231,225059,334499,225059,UNIVERSAL BANK,3152,48307,0,41683,30722,259892,0.0,30722_20221231,1,1,0.18520921180668182,0.18520921180668182,<1bn
5591945,N,1337455.0,20221231,5791108,6649091,5791108,PATHWARD NATIONAL ASSN,1893773,199178,0,369191,30776,3457472,75553.0,30776_20221231,1,1,0.06375135811661603,0.06375135811661603,1-10bn
13455910,NM,5518143.0,20221231,20682239,26612483,20682239,GLACIER BANK,9022801,7233763,1271534,401995,30788,15076843,31999.0,30788_20221231,1,1,0.019436725395156684,0.0809162392911135,10-100bn
196064,SB,24360.0,20221231,221139,342021,221139,FIRST FS&LA,43550,25076,0,7302,30812,274754,0.0,30812_20221231,1,1,0.03301995577442242,0.03301995577442242,<1bn
168773,SI,50268.0,20221231,207703,238339,207703,COMMUNITY PARTNERS SB,86063,38957,4972,16688,30819,118310,6599.0,30819_20221231,1,1,0.08034549332460292,0.10428352021877392,<1bn
1307479,SM,738594.0,20221231,1759336,2170062,1759336,TERRITORIAL SAVINGS BANK,738594,452598,0,40556,30836,1294793,0.0,30836_20221231,1,1,0.023051878663313888,0.023051878663313888,1-10bn
1024867,NM,147991.0,20221231,1394470,1578620,1394470,HERITAGE SOUTHEAST BANK,171423,370300,0,106973,30846,1176034,0.0,30846_20221231,1,1,0.07671229929650691,0.07671229929650691,1-10bn
225759,SI,24168.0,20221231,266555,328083,266555,MCHENRY SAVINGS BANK,74459,40928,0,11533,30864,226857,28037.0,30864_20221231,1,1,0.04326686800097541,0.04326686800097541,<1bn
69008,SL,27.0,20221231,73524,101068,73524,BAR HARBOR SAVINGS&LOAN ASSN,5437,4530,2739,8136,30878,80805,2592.0,30878_20221231,1,1,0.11065774440998857,0.14791088624122736,<1bn
747783,SB,170609.0,20221231,957770,1271037,957770,PROVIDENT SAVINGS BANK FSB,170609,210275,0,24874,30879,1040337,31237.0,30879_20221231,1,1,0.025970744542009042,0.025970744542009042,1-10bn
56084,SL,0.0,20221231,64270,93220,64270,PEOPLES SAVINGS&LOAN CO,1983,8232,0,10006,30889,77940,0.0,30889_20221231,1,1,0.15568694569783725,0.15568694569783725,<1bn
1698161,N,70177.0,20221231,2643178,3078918,2643178,FIDELITY BANK NATIONAL ASSN,325829,950909,241056,114149,30895,2328766,266170.0,30895_20221231,1,1,0.04318627046683954,0.13438557675646515,1-10bn
1692959,NM,238882.0,20221231,2090895,2408423,2090895,COMMUNITY BK CHESAPEAKE,467030,398269,33767,23332,30903,1798575,138347.0,30903_20221231,1,1,0.011158857809693935,0.027308401426183525,1-10bn
108074,N,4.0,20221231,111130,133242,111130,MID-CENTRAL NATIONAL BANK,32699,3087,14414,13469,30943,78753,0.0,30943_20221231,1,1,0.12120039593269144,0.2509043462611356,<1bn
2135324,SB,1091462.0,20221231,2440673,2730489,2440673,EL DORADO SAVINGS BANK FSB,1742162,308890,0,353774,30953,570058,0.0,30953_20221231,1,1,0.14494936437613723,0.14494936437613723,1-10bn
131380,SM,12074.0,20221231,144250,167609,144250,FIRST FSB OF MASCOUTAH,31394,12885,0,6155,30969,126283,0.0,30969_20221231,1,1,0.04266897746967071,0.04266897746967071,<1bn
144957,SL,9166.0,20221231,171617,204781,171617,GOUVERNEUR SAVINGS&LOAN ASSN,50068,26662,4147,6715,30976,124550,0.0,30976_20221231,1,1,0.039127825331989254,0.06329209810216936,<1bn
103375,SL,63580.0,20221231,123654,153881,123654,SPRATT SAVINGS BANK,82231,20334,0,25039,30987,40439,0.0,30987_20221231,1,1,0.20249243857861451,0.20249243857861451,<1bn
711341,SB,632721.0,20221231,794833,1111332,794833,CENLAR FSB,637764,86229,0,14117,30996,300877,50250.0,30996_20221231,1,1,0.01776096362380525,0.01776096362380525,1-10bn
383364,NM,70517.0,20221231,486803,539421,486803,HOMETOWN BANK,169288,103589,23905,28224,31028,302304,0.0,31028_20221231,1,1,0.0579782786876827,0.10708438526467585,<1bn
83981,NM,22085.0,20221231,262088,273336,262088,INTERSTATE BANK,80431,178166,0,24942,31043,159666,0.0,31043_20221231,1,1,0.09516650895882299,0.09516650895882299,<1bn
175662,SB,17392.0,20221231,228902,254944,228902,FIRST FEDERAL BANK,52089,53266,0,9652,31077,180484,0.0,31077_20221231,1,1,0.042166516675258406,0.042166516675258406,<1bn
115888,SL,9631.0,20221231,128828,146660,128828,JARRETTSVILLE FS&LA,20216,12955,2423,11867,31083,89649,0.0,31083_20221231,1,1,0.09211506815288602,0.11092309125345422,<1bn
99256,SB,11972.0,20221231,108522,123411,108522,PICKENS SAVINGS&LOAN ASSN FA,40793,9275,2792,10459,31089,66447,1840.0,31089_20221231,1,1,0.09637677153019664,0.12210427378780339,<1bn
30807,SB,4427.0,20221231,34872,45930,34872,BLUE GRASS FS&LA,4427,4076,0,2084,31090,36209,1167.0,31090_20221231,1,1,0.059761413168157834,0.059761413168157834,<1bn
786172,NM,415422.0,20221231,1136130,1316994,1136130,SECURITY FEDERAL BANK,656767,350149,0,26576,31100,549917,11013.0,31100_20221231,1,1,0.023391689331326522,0.023391689331326522,1-10bn
193223,SM,12465.0,20221231,207769,237620,207769,CECIL BANK,13776,15921,0,17661,31121,184099,26270.0,31121_20221231,1,1,0.08500305627884815,0.08500305627884815,<1bn
77220,SB,756.0,20221231,95957,139570,95957,FIRST FEDERAL BANK A FSB,756,18830,0,13350,31127,111117,0.0,31127_20221231,1,1,0.13912481632397844,0.13912481632397844,<1bn
194383,NM,13447.0,20221231,271689,301633,271689,SECURITY FSB OF MCMINNVILLE,54309,77417,8204,19231,31146,217526,0.0,31146_20221231,1,1,0.07078313807331177,0.10097942868500381,<1bn
175349,NM,26459.0,20221231,219214,240011,219214,FIRST SOUTHERN BANK,69952,43909,8401,14717,31158,137567,0.0,31158_20221231,1,1,0.06713531070095888,0.10545859297307654,<1bn
312375,SB,8092.0,20221231,336759,387454,336759,CITIZENS SAVINGS BANK,72387,24389,917,9562,31184,288470,0.0,31184_20221231,1,1,0.028394192879774557,0.03111720844877197,<1bn
1040001,SB,474973.0,20221231,1290454,2300787,1290454,PONCE BANK,640325,250712,2690,55855,31189,1495105,130800.0,31189_20221231,1,1,0.043283216604388844,0.045367754294225134,1-10bn
43792,SB,4793.0,20221231,45043,81201,45043,FIRST FS&LA,4793,1255,0,1496,31197,72413,0.0,31197_20221231,1,1,0.0332127078569367,0.0332127078569367,<1bn
116611,SB,280.0,20221231,132798,164514,132798,GREENEVILLE FEDERAL BANK FSB,1586,16193,0,18091,31198,133308,0.0,31198_20221231,1,1,0.1362294612870676,0.1362294612870676,<1bn
290961,SM,906.0,20221231,352281,420575,352281,LIFESTORE BANK,110483,61423,7773,28180,31217,254431,0.0,31217_20221231,1,1,0.07999296016532256,0.10205773232164096,<1bn
670007,NM,93216.0,20221231,1063628,1146163,1063628,FIRST HARRISON BANK,466798,393744,77711,63784,31223,558752,0.0,31223_20221231,1,1,0.05996833479374368,0.13303053323154335,1-10bn
56056,SB,4105.0,20221231,59962,76465,59962,HIGHLAND FS&LA,17068,3954,10951,24257,31232,28547,0.0,31232_20221231,1,1,0.4045395417097495,0.5871718755211635,<1bn
340131,NM,40206.0,20221231,417738,496449,417738,HEARTHSIDE BANK CORP,101553,77632,8903,15989,31236,349689,1000.0,31236_20221231,1,1,0.038275186839598026,0.05958758839272463,<1bn
145008,NM,16142.0,20221231,171334,193576,171334,1ST UNITED BANK,101557,26380,9893,4057,31249,74961,0.0,31249_20221231,1,1,0.023678896191065404,0.0814199166540208,<1bn
22594,SI,0.0,20221231,24988,32044,24988,JACKSON SAVINGS BANK SSB,0,2402,0,13369,31266,18127,0.0,31266_20221231,1,1,0.5350168080678726,0.5350168080678726,<1bn
41611,SB,257.0,20221231,43326,59741,43326,HOMEWOOD FSB,1992,1716,0,7141,31267,49560,0.0,31267_20221231,1,1,0.16482020034159628,0.16482020034159628,<1bn
223598,SM,1282.0,20221231,249480,272901,249480,COMMUNITY BANK,6982,26529,0,5290,31272,227515,21791.0,31272_20221231,1,1,0.02120410453743787,0.02120410453743787,<1bn
1973360,SB,1318138.0,20221231,3388881,3765448,3388881,FIRST FEDERAL BANK,2176302,1418231,125771,113383,31313,1046375,639685.0,31313_20221231,1,1,0.03345735657286284,0.07057019706504891,1-10bn
65979,SL,2.0,20221231,67205,92179,67205,WEST PLAINS S&LA,10619,1228,992,11298,31329,68031,0.0,31329_20221231,1,1,0.16811249163008704,0.1828732981176996,<1bn
12859,SI,941.0,20221231,12858,15227,12858,HERTFORD SAVINGS BANK SSB,1932,0,0,1531,31345,10919,0.0,31345_20221231,1,1,0.11906983978845855,0.11906983978845855,<1bn
542441,SB,36319.0,20221231,577516,1099887,577516,COLONIAL SAVINGS FA,41760,35395,0,34909,31361,721396,104280.0,31361_20221231,1,1,0.06044681013166735,0.06044681013166735,1-10bn
291172,N,3259.0,20221231,563549,659945,563549,AXIOM BANK NATIONAL ASSN,67456,272598,64197,113755,31390,437652,36542.0,31390_20221231,1,1,0.20185467457133274,0.31577023470896054,<1bn
150694,SB,0.0,20221231,181426,226073,181426,FIRST FS&LA OF SAN RAFAEL,0,30742,0,16327,31406,198052,1.0,31406_20221231,1,1,0.08999261406854585,0.08999261406854585,<1bn
23197,SB,0.0,20221231,25068,35412,25068,FIRST FS&LA,0,1872,0,4540,31409,29468,0.0,31409_20221231,1,1,0.18110738790489866,0.18110738790489866,<1bn
110492,SL,4926.0,20221231,130637,143309,130637,1ST FSB OF SC INC,31685,20155,0,15028,31410,92905,0.0,31410_20221231,1,1,0.11503632202209176,0.11503632202209176,<1bn
635492,SI,163968.0,20221231,739286,877861,739286,HARLEYSVILLE BANK,179971,103795,0,78202,31461,584154,0.0,31461_20221231,1,1,0.10578044221045711,0.10578044221045711,<1bn
5083387,NM,1439936.0,20221231,8580409,9709667,8580409,ORIENTAL BANK,1947696,3497761,506768,430655,31469,6723236,11366.0,31469_20221231,1,1,0.050190497912162464,0.10925155199478254,1-10bn
110207,NM,5977.0,20221231,133575,142529,133575,FIRST FIDELITY BANK,46372,23369,939,12522,31479,69263,0.0,31479_20221231,1,1,0.09374508702975856,0.10077484559236384,<1bn
333694,SM,1581.0,20221231,419566,494217,419566,EQUITABLE BANK,31265,86040,27005,7800,31485,431296,17002.0,31485_20221231,1,1,0.018590638898290136,0.08295476754551132,<1bn
128214,SM,1460.0,20221231,145572,161439,145572,PROGRESSIVE OZARK BANK,7041,14494,0,4205,31488,142071,0.0,31488_20221231,1,1,0.028886049515016624,0.028886049515016624,<1bn
373494,SB,2469.0,20221231,436726,584189,436726,FIRST FEDERAL SAVINGS BANK,38850,67522,11613,31749,31516,473384,0.0,31516_20221231,1,1,0.07269775557214363,0.09928879892655806,<1bn
116943,NM,12849.0,20221231,158393,203025,158393,WILMINGTON SAVINGS BANK,12849,40157,0,10937,31539,170116,0.0,31539_20221231,1,1,0.06904976861351196,0.06904976861351196,<1bn
103009,NM,10643.0,20221231,114126,125356,114126,CENTRAL BANK,34691,11179,874,7328,31545,76186,0.0,31545_20221231,1,1,0.06420973310201006,0.07186793543977708,<1bn
22330470,SM,4663897.0,20221231,53225764,64087895,56273031,EAST WEST BANK,9060815,31036308,1130284,3611407,31628,47664621,3582029.0,31628_20221231,1,1,0.06785073108579522,0.0890863868107182,10-100bn
238605,SI,4399.0,20221231,288516,322477,288516,VOLUNTEER FSB,88536,49923,9445,46119,31694,170139,0.0,31694_20221231,1,1,0.15984902050492866,0.1925855065230351,<1bn
66366,NM,0.0,20221231,76495,91962,76495,RIVERBANK,5592,10198,0,2859,31711,74239,1600.0,31711_20221231,1,1,0.03737499182953134,0.03737499182953134,<1bn
17290,SB,52.0,20221231,17904,25674,17904,HOME SAVINGS BANK FSB,52,614,0,7914,31723,16866,0.0,31723_20221231,1,1,0.44202412868632707,0.44202412868632707,<1bn
80796,NM,102.0,20221231,127058,138484,127058,GREATER STATE BANK,24415,46310,24313,11983,31762,97118,0.0,31762_20221231,1,1,0.09431125942482961,0.28566481449416803,<1bn
30672,SB,0.0,20221231,33308,39751,33308,HOME FS&LA,1695,2637,0,3001,31774,32409,0.0,31774_20221231,1,1,0.09009847484087907,0.09009847484087907,<1bn
171718,SB,2.0,20221231,226671,262016,226671,INTERAMERICAN BANK A FSB,2,54955,0,85393,31823,170942,0.0,31823_20221231,1,1,0.37672662140282615,0.37672662140282615,<1bn
492674,SM,0.0,20221231,647691,891834,647691,FINANCIAL FEDERAL BANK,0,156108,0,25620,31840,849883,45103.0,31840_20221231,1,1,0.039555899340889406,0.039555899340889406,<1bn
64521,SB,0.0,20221231,87659,116006,87659,GRAND BANK FOR SAVINGS FSB,0,23128,0,12547,31864,94315,21666.0,31864_20221231,1,1,0.1431341904425102,0.1431341904425102,<1bn
93612,SI,8063.0,20221231,107615,142999,107615,CITIZENS BUILDING&LOAN SSB,18231,14212,0,12949,31900,98131,0.0,31900_20221231,1,1,0.12032709194814849,0.12032709194814849,<1bn
151624,SI,21882.0,20221231,175430,221395,175430,CYPRESS BANK SSB,51824,23871,0,11411,31905,146651,1195.0,31905_20221231,1,1,0.06504588724847518,0.06504588724847518,<1bn
232554,SM,887.0,20221231,317323,362870,317323,FIRST SENTINEL BANK,2426,84913,0,38472,31928,305925,24277.0,31928_20221231,1,1,0.12123924203414187,0.12123924203414187,<1bn
229824,SI,37432.0,20221231,341614,370405,341614,FAYETTE SAVINGS BANK SSB,44189,112396,0,31468,31936,286422,0.0,31936_20221231,1,1,0.09211566270703192,0.09211566270703192,<1bn
4224834,SB,268023.0,20221231,5192823,5999551,5192823,TRUSTCO BANK,489184,968646,0,650943,31945,4687169,0.0,31945_20221231,1,1,0.12535435927625493,0.12535435927625493,1-10bn
23868,SB,3.0,20221231,43537,68688,43537,FIRST WESTERN FSB,3,19782,0,4145,31972,63302,9030.0,31972_20221231,1,1,0.09520637618577302,0.09520637618577302,<1bn
145172,SB,16457.0,20221231,152274,162317,152274,SLOVENIAN S&LA FRANKLIN-CONE,48933,7327,960,4364,31994,100835,0.0,31994_20221231,1,1,0.028658864940830347,0.03496328985906984,<1bn
336925,SM,0.0,20221231,493772,596220,493772,MADISON COUNTY BANK,111403,156913,1836,24627,31999,424329,0.0,31999_20221231,1,1,0.04987524606498546,0.05359356140080847,<1bn
65288,SI,0.0,20221231,69871,76685,69871,ANGELINA SAVINGS BANK SSB,0,4598,0,28584,32018,46950,0.0,32018_20221231,1,1,0.4090967640365817,0.4090967640365817,<1bn
165120,SM,2935.0,20221231,207204,273211,207204,UNITED BANK,2935,42307,0,27138,32025,230771,21847.0,32025_20221231,1,1,0.1309723750506747,0.1309723750506747,<1bn
168760,N,4880.0,20221231,215611,253474,215611,VIKING BANK NATIONAL ASSN,14482,47107,292,29906,32082,185806,0.0,32082_20221231,1,1,0.13870349843004298,0.1400577892593606,<1bn
595179,NM,4728.0,20221231,750088,848960,750088,GRAND SAVINGS BANK,66255,155352,27522,72638,32084,678038,3626.0,32084_20221231,1,1,0.09683930418830858,0.1335309990294472,<1bn
239297,SI,16496.0,20221231,321924,410056,321924,SHELBY SAVINGS BANK SSB,38939,82636,5018,54684,32135,292450,0.0,32135_20221231,1,1,0.16986617959518396,0.18545370957120313,<1bn
11628137,SM,1537467.0,20221231,17389848,21691786,17389848,PACIFIC PREMIER BANK,3990041,5773948,47017,1102983,32172,14485206,1417870.0,32172_20221231,1,1,0.06342683386306769,0.06613053777123297,10-100bn
5085439,NM,536040.0,20221231,5877284,7971940,5877284,LUTHER BURBANK SAVINGS,620796,1319208,0,185895,32178,6976062,455837.0,32178_20221231,1,1,0.031629405691472455,0.031629405691472455,1-10bn
94489000,SB,51855000.0,20221231,102056000,110900000,102056000,USAA FEDERAL SAVINGS BANK,58490000,7431000,4840000,8494000,32188,40190000,0.0,32188_20221231,1,1,0.08322881555224583,0.13065375872070237,>=100bn
643283,NM,8261.0,20221231,962655,1115484,962655,SUMMIT STATE BANK,83785,319573,0,77567,32203,913707,55116.0,32203_20221231,1,1,0.0805761150152443,0.0805761150152443,1-10bn
1573723,SB,174974.0,20221231,1978688,2444260,1978688,STERLING BANK&TRUST FSB,347954,406292,116355,378122,32232,1620462,0.0,32232_20221231,1,1,0.19109733318239155,0.2499014498495973,1-10bn
687382,SB,154302.0,20221231,973017,1191714,973017,LIBERTY SAVINGS BANK FSB,326798,285793,0,37449,32242,789811,63822.0,32242_20221231,1,1,0.03848750844024308,0.03848750844024308,1-10bn
6682554,SB,1321226.0,20221231,9179508,11417843,9179508,DOLLAR BANK FSB,2087556,2527342,0,297474,32245,8409487,135652.0,32245_20221231,1,1,0.032406311972275635,0.032406311972275635,10-100bn
224873,SB,0.0,20221231,255412,310557,255412,ABACUS FEDERAL SAVINGS BANK,6572,30558,0,41294,32257,248050,30025.0,32257_20221231,1,1,0.16167603714782391,0.16167603714782391,<1bn
78396,NM,6613.0,20221231,100846,122046,100846,EASTERN INTERNATIONAL BANK,11482,22469,0,11820,32277,95060,0.0,32277_20221231,1,1,0.11720841679392341,0.11720841679392341,<1bn
727982,SB,0.0,20221231,1015071,1508627,1015071,MALAGA BANK FSB,0,287545,0,227472,32282,1250470,108571.0,32282_20221231,1,1,0.2240946692398857,0.2240946692398857,1-10bn
68264,NM,1590.0,20221231,71024,87221,71024,COMMUNITY SAVINGS BANK,6088,2761,0,3366,32286,72986,0.0,32286_20221231,1,1,0.04739243072764136,0.04739243072764136,<1bn
81311,NM,2392.0,20221231,90447,98153,90447,WOODSFIELD SAVINGS BANK,20009,9191,457,9509,32292,64871,0.0,32292_20221231,1,1,0.10513339303680609,0.11018607582341039,<1bn
96202,NM,205.0,20221231,113164,139225,113164,MIAMI SAVINGS BANK,11736,16964,499,28341,32293,91952,0.0,32293_20221231,1,1,0.250441836626489,0.2548513661588491,<1bn
2433103,SL,0.0,20221231,2831513,3307068,2831513,UNION SAVINGS BANK,7134,398574,0,264374,32296,2784726,0.0,32296_20221231,1,1,0.09336845707577539,0.09336845707577539,1-10bn
17307,SL,628.0,20221231,18957,25850,18957,NEW FOUNDATION SAVINGS BANK,1162,2596,0,929,32306,20354,0.0,32306_20221231,1,1,0.04900564435300944,0.04900564435300944,<1bn
63004,NM,16115.0,20221231,66218,74748,66218,GALION BUILDING&LOAN BANK,18813,3215,0,1738,32307,51107,0.0,32307_20221231,1,1,0.02624663988643571,0.02624663988643571,<1bn
109207,SI,4923.0,20221231,125920,137523,125920,TAYLORSVILLE SB SSB,19140,16719,720,10916,32348,98611,0.0,32348_20221231,1,1,0.08668996188055908,0.09240787801778907,<1bn
193051,SB,10998.0,20221231,229563,347273,229563,EASTERN SAVINGS BANK FSB,33255,36538,13748,78546,32360,216133,0.0,32360_20221231,1,1,0.34215444126448946,0.4020421409373462,<1bn
586552,SB,50315.0,20221231,695951,800304,695951,PRESIDENTIAL BANK FSB,67886,155691,0,84508,32363,606966,0.0,32363_20221231,1,1,0.12142808904649896,0.12142808904649896,<1bn
370365,N,1353.0,20221231,406909,471573,406909,UNITED MIDWEST SB NA,1752,37414,0,98836,32441,343878,0.0,32441_20221231,1,1,0.24289460297019727,0.24289460297019727,<1bn
296071,SB,326.0,20221231,424361,483178,424361,HOMELAND FSB,12215,128647,0,17463,32459,424753,0.0,32459_20221231,1,1,0.04115128393042716,0.04115128393042716,<1bn
6296243,NM,675263.0,20221231,7456921,9335429,7456921,HOMESTREET BANK,1376955,1163759,19532,66672,32489,7409065,1446528.0,32489_20221231,1,1,0.008940955657167349,0.011560267300672758,1-10bn
7035478,SB,2222282.0,20221231,8224461,9545970,8224461,AMERICAN SAVINGS BANK FSB,2681414,1190410,121899,156149,32526,5907514,0.0,32526_20221231,1,1,0.018985925035087406,0.03380744343003146,1-10bn
518119,SI,21430.0,20221231,687759,836968,687759,BAYVANGUARD BANK,43495,169713,0,68923,32527,658858,0.0,32527_20221231,1,1,0.10021388306078147,0.10021388306078147,<1bn
140453,NM,13360.0,20221231,200768,221965,200768,SOUTH GEORGIA BANK,51106,62046,3848,48575,32532,115475,0.0,32532_20221231,1,1,0.24194592763787057,0.2611123286579535,<1bn
42296346,N,4788161.0,20221231,58842231,90036656,58842231,FLAGSTAR BANK NATIONAL ASSN,9073554,19594836,1486709,1237942,32541,69723354,5906583.0,32541_20221231,1,1,0.02103832534833698,0.04630434559831696,10-100bn
4970780,N,236048.0,20221231,6420827,7589906,6420827,LENDINGCLUB BANK NA,329287,1454369,0,1020874,32551,5722413,1234656.0,32551_20221231,1,1,0.15899416072104108,0.15899416072104108,1-10bn
4411393,NM,414712.0,20221231,4504281,6665954,4504281,BEAL BANK,3033876,642295,2619164,2442642,32574,516978,3708837.0,32574_20221231,1,1,0.5422934315154849,1.1237766915518814,1-10bn
1013450,N,54821.0,20221231,2641252,3170695,2641252,NATIONAL COOP BANK N A,349442,1628106,0,225853,32612,2508762,53237.0,32612_20221231,1,1,0.08550982640051007,0.08550982640051007,1-10bn
675820,SB,163196.0,20221231,1110872,1371445,1110872,FIRST SAVINGS BANK,299516,454329,19983,22546,32629,993314,0.0,32629_20221231,1,1,0.020295767649198108,0.038284338789707544,1-10bn
1509068,NM,50811.0,20221231,2043907,2471026,2043907,NORTHWEST BANK,445644,536930,237999,57853,32647,1824794,111926.0,32647_20221231,1,1,0.028305103901498454,0.14474826887916134,1-10bn
468778,NM,187500.0,20221231,1019302,1090690,1019302,HELM BANK USA,479982,550789,77758,122823,32718,463691,0.0,32718_20221231,1,1,0.12049716374538655,0.1967827003184532,1-10bn
11170651,NM,5921233.0,20221231,19122957,22629483,19122957,EASTERN BANK,7167425,9035877,93057,168229,32773,13424899,928648.0,32773_20221231,1,1,0.00879722733257205,0.01366347265226816,10-100bn
1995411,NM,1207018.0,20221231,3579313,4148631,3579313,BANK OF MARIN,1774303,1583977,10269,46847,32779,2069563,0.0,32779_20221231,1,1,0.013088265820843274,0.015957252131903524,1-10bn
478599,NM,46344.0,20221231,569375,660103,569375,COMMUNITY FIRST BANK INC,97005,91096,6490,40339,32838,479082,0.0,32838_20221231,1,1,0.07084785949506037,0.0822463227222832,<1bn
46146,NM,0.0,20221231,65536,77385,65536,TUSTIN COMMUNITY BANK,2000,19393,0,4634,32908,48128,0.0,32908_20221231,1,1,0.070709228515625,0.070709228515625,<1bn
1307846,SM,606760.0,20221231,1721253,2018525,1721253,WHITAKER BANK,943621,413594,23598,46836,32912,889161,0.0,32912_20221231,1,1,0.027210410090788513,0.0409201901173157,1-10bn
1051225,SM,510902.0,20221231,2298407,2790209,2298407,WESTSTAR BANK,736103,1262048,81550,39229,32941,1846096,0.0,32941_20221231,1,1,0.017067908338253408,0.05254900459318128,1-10bn
40583,NM,8339.0,20221231,48596,48131,48596,COMMUNITY BANK&TRUST ALABAMA,21171,8064,0,9671,32968,16361,0.0,32968_20221231,1,1,0.19900814881883283,0.19900814881883283,<1bn
2019471,NM,266341.0,20221231,2601581,3069873,2601581,GULF COAST BANK&TRUST CO,667206,606194,95914,184784,32974,2097130,14762.0,32974_20221231,1,1,0.07102757899907787,0.10789516067345203,1-10bn
124914000,N,32777000.0,20221231,177356000,201363000,177356000,MORGAN STANLEY BANK NA,73892000,54005000,37908000,28457000,32992,75201000,26392000.0,32992_20221231,1,1,0.16045129569904598,0.3741908928933896,>=100bn
1522671,NM,39097.0,20221231,1751770,2111560,1751770,FCB BANKS,467065,231818,86141,38604,33005,1564745,0.0,33005_20221231,1,1,0.022037139578825988,0.07121083247229945,1-10bn
413788,NM,52584.0,20221231,541394,601767,541394,COUNTY BANK,146249,127662,29647,42136,33009,380570,0.0,33009_20221231,1,1,0.07782871623992878,0.13258920490437648,<1bn
149265,NM,23126.0,20221231,253473,278621,253473,FIRST PEOPLES BANK,78687,104239,8574,16437,33010,172019,0.0,33010_20221231,1,1,0.0648471434827378,0.09867323146844043,<1bn
43860,N,0.0,20221231,47852,57366,47852,ASIAN PACIFIC NATIONAL BANK,13472,4144,0,15770,33013,23692,0.0,33013_20221231,1,1,0.3295578032266154,0.3295578032266154,<1bn
116232,NM,0.0,20221231,189298,216989,189298,SURETY BANK,31044,73084,0,101140,33026,76256,15005.0,33026_20221231,1,1,0.5342898498663483,0.5342898498663483,<1bn
145658,SB,14179.0,20221231,162450,181369,162450,GATEWAY BANK FSB,35073,16793,0,17790,33103,120526,0.0,33103_20221231,1,1,0.10951061865189289,0.10951061865189289,<1bn
727170,SB,242838.0,20221231,867861,2028684,867861,COLORADO FSB,270889,140754,0,101186,33111,1529109,57128.0,33111_20221231,1,1,0.11659240362223905,0.11659240362223905,1-10bn
785726,NM,239901.0,20221231,1463096,1580780,1463096,HERITAGE BANK INC,459350,677811,4695,81507,33119,959007,4464.0,33119_20221231,1,1,0.055708579614734785,0.05891752830983066,1-10bn
183503000,SM,0.0,20221231,352005000,485553000,362009000,GOLDMAN SACHS BANK USA,29588000,203154000,29588000,184470000,33124,158254000,76228000.0,33124_20221231,1,1,0.5240550560361359,0.6081106802460192,>=100bn
70346,N,0.0,20221231,107693,131978,107693,FIRST FARMERS&MERCHANTS NB,16413,37855,4120,7453,33131,105815,0.0,33131_20221231,1,1,0.06920598367581923,0.1074628805957676,<1bn
389748,SM,46207.0,20221231,567178,610796,567178,WOODLANDS BANK,130427,177487,19978,29382,33136,410200,0.0,33136_20221231,1,1,0.05180384288530232,0.08702735296503038,<1bn
131596,NM,0.0,20221231,211742,255860,211742,CORNERSTONE COMMUNITY BANK,75,80166,0,6647,33137,210531,99.0,33137_20221231,1,1,0.03139197702864807,0.03139197702864807,<1bn
31781,NM,0.0,20221231,67588,73314,67588,SOUND BANKING CO,0,35808,0,32965,33183,35598,0.0,33183_20221231,1,1,0.48773450908445287,0.48773450908445287,<1bn
846481,NM,139728.0,20221231,1623905,1910220,1623905,SHINHAN BANK AMERICA,139728,779756,0,219304,33188,1482691,10000.0,33188_20221231,1,1,0.13504730880193114,0.13504730880193114,1-10bn
412297,NM,8639.0,20221231,548109,634388,548109,PREMIER BANK MINNESOTA,100670,136254,82906,14870,33204,500608,0.0,33204_20221231,1,1,0.027129640272281607,0.17838787540434475,<1bn
1318882,NM,0.0,20221231,2417246,2656653,2417246,NORTHRIM BANK,713779,1098396,333193,258502,33216,1533202,0.0,33216_20221231,1,1,0.10694070855841731,0.24478063051919416,1-10bn
11007362,NM,2083921.0,20221231,40981678,50933929,40981678,CIBC BANK USA,7793048,29985744,5691450,6927362,33306,32295580,689848.0,33306_20221231,1,1,0.1690355870738138,0.3079135022240915,10-100bn
51238,NM,0.0,20221231,109765,150100,109765,ANZ GUAM INC,0,58529,0,142083,33316,3001,0.0,33316_20221231,1,1,1.2944290074249534,1.2944290074249534,<1bn
257233,SM,0.0,20221231,377941,435481,377941,ENTERPRISE BANK,18824,120900,3853,43188,33380,367646,56831.0,33380_20221231,1,1,0.11427180432924716,0.12446651726063063,<1bn
468304,N,48197.0,20221231,574586,742176,574586,LEDYARD NATIONAL BANK,303060,106302,0,17194,33418,358214,0.0,33418_20221231,1,1,0.02992415408659452,0.02992415408659452,<1bn
2394172,NM,289100.0,20221231,3244979,3828547,3244979,CITIZENS FIRST BANK,2403818,852342,0,49853,33440,1200455,0.0,33440_20221231,1,1,0.01536311945316133,0.01536311945316133,1-10bn
365689,NM,19390.0,20221231,477504,531826,477504,ARBOR BANK,66672,111993,27230,17830,33450,427400,242.0,33450_20221231,1,1,0.03734000134030291,0.09436570164857258,<1bn
891705,SM,31782.0,20221231,1814462,1968293,1814462,OAK VALLEY COMMUNITY BANK,530428,922778,0,415803,33457,905035,0.0,33457_20221231,1,1,0.22916048944535625,0.22916048944535625,1-10bn
785575,NM,36451.0,20221231,1038534,1241838,1038534,MONONA BANK,108936,253645,27120,33686,33458,978009,5686.0,33458_20221231,1,1,0.032436107050900595,0.05854984044817021,1-10bn
199652,NM,24772.0,20221231,245940,301149,245940,TODAYS BANK,46377,46514,0,16194,33470,222126,0.0,33470_20221231,1,1,0.0658453281288119,0.0658453281288119,<1bn
1132028,NM,103221.0,20221231,1220877,1413286,1220877,CRESCENT BANK,104929,91780,0,57948,33492,1184370,11498.0,33492_20221231,1,1,0.04746424086947334,0.04746424086947334,1-10bn
27418000,SM,22431000.0,20221231,28332000,31498000,28332000,CHARLES SCHWAB PREMIER BK SS,29030000,919000,2442000,1341000,33497,257000,0.0,33497_20221231,1,1,0.047331639135959336,0.13352393053790768,10-100bn
1187239,NM,22120.0,20221231,1789501,2431532,1789501,UNITY BANK,133328,647577,0,111214,33503,2084196,234100.0,33503_20221231,1,1,0.06214805132827531,0.06214805132827531,1-10bn
225824,N,25923.0,20221231,391067,429399,391067,FIRST NB OF COFFEE COUNTY,145362,165351,114616,62622,33506,197529,0.0,33506_20221231,1,1,0.1601311284255639,0.453216456515124,<1bn
1112185,NM,190017.0,20221231,5558803,6425969,5558803,PREFERRED BANK,450754,4449015,60132,747813,33539,5016382,418962.0,33539_20221231,1,1,0.13452770317638527,0.14534513995189252,1-10bn
94205,NM,3187.0,20221231,145557,158219,145557,BOONE BANK&TRUST CO,85412,51401,12843,3980,33552,63900,5687.0,33552_20221231,1,1,0.027343240105250865,0.11557671565091339,<1bn
21894254,N,5486159.0,20221231,36446864,43900126,36446864,SOUTHSTATE BANK NA,8010063,14557743,265638,1185901,33555,29850386,201264.0,33555_20221231,1,1,0.03253780627052028,0.03982616995525321,10-100bn
206770,N,25818.0,20221231,296988,352386,296988,DESJARDINS BANK NA,26540,90225,0,77363,33565,242641,0.0,33565_20221231,1,1,0.2604920064110334,0.2604920064110334,<1bn
42997,NM,1697.0,20221231,53223,59416,53223,UNITED BANK OF PHILADELPHIA,4301,10229,0,13867,33568,32616,0.0,33568_20221231,1,1,0.26054525299212744,0.26054525299212744,<1bn
341115,SI,44007.0,20221231,486779,529900,486779,LEE BANK,129464,145707,34762,25322,33645,350134,1.0,33645_20221231,1,1,0.05201949960865197,0.12343178321168333,<1bn
508997,NM,71679.0,20221231,854664,963828,854664,INTERNATIONAL BK OF CHICAGO,129874,346496,3600,102901,33708,711034,100078.0,33708_20221231,1,1,0.12039936162047307,0.12461154324974492,<1bn
189151,NM,59402.0,20221231,311075,344606,311075,CITIZENS COMMUNITY BANK,81570,121888,1922,70578,33739,174901,0.0,33739_20221231,1,1,0.226884191915133,0.23306276621393554,<1bn
274856,NM,63543.0,20221231,391435,483180,391435,CITIZENS COMMUNITY BANK,210383,117000,3022,2610,33753,249975,0.0,33753_20221231,1,1,0.00666777370444646,0.014388084867219333,<1bn
829929,NM,326457.0,20221231,1501115,1801604,1501115,STARION BANK,661134,672952,67391,29465,33758,1064779,50035.0,33758_20221231,1,1,0.019628742634641583,0.06452270478943985,1-10bn
271249,NM,72938.0,20221231,384411,407691,384411,VILLAGE BANK,133340,113251,25028,11500,33761,246893,0.0,33761_20221231,1,1,0.02991589730782938,0.09502329537916449,<1bn
1000,N,278232.0,20221231,806787,851810,806787,STIFEL TRUST CO NA,739729,805787,0,86225,33785,0,0.0,33785_20221231,1,1,0.10687455301089382,0.10687455301089382,<1bn
132333,NM,5162.0,20221231,180109,206677,180109,FIRST CMTY BANK OF E TN,17854,47809,6503,31161,33794,142748,0.0,33794_20221231,1,1,0.17301189835044334,0.2091178119916273,<1bn
51101,SI,455.0,20221231,55798,66257,55798,TIOGA-FRANKLIN SAVINGS BANK,994,4865,0,4853,33802,58126,447.0,33802_20221231,1,1,0.08697444352844189,0.08697444352844189,<1bn
1345850,N,558278.0,20221231,2595651,3032940,2595651,WHEATON B&T NA,648535,1250418,0,106274,33803,2049250,238861.0,33803_20221231,1,1,0.0409431005940321,0.0409431005940321,1-10bn
145081,SM,55047.0,20221231,174684,191932,174684,COMMUNITY BANK OF ELMHURST,74675,29608,0,5738,33805,108005,0.0,33805_20221231,1,1,0.032847885324357125,0.032847885324357125,<1bn
206861,N,52868.0,20221231,296005,352586,296005,AMERICAN NB FOX CITIES,73644,89286,0,7383,33812,251780,81293.0,33812_20221231,1,1,0.024942146247529603,0.024942146247529603,<1bn
50372,SB,0.0,20221231,61784,90642,61784,PRIORITY BANK,6967,11426,0,2341,33818,77197,1000.0,33818_20221231,1,1,0.037890068626181536,0.037890068626181536,<1bn
230212,NM,5191.0,20221231,498965,649242,498965,CAPITAL COMMUNITY BANK,8023,268846,2107,64579,33823,541500,75454.0,33823_20221231,1,1,0.12942591163708878,0.133648652711112,<1bn
9535603,NM,4481055.0,20221231,16726449,20258988,16726449,COLUMBIA STATE BANK,6621856,7191138,167663,293673,33826,11529378,0.0,33826_20221231,1,1,0.017557402650138113,0.027581227790788112,10-100bn
250,SB,0.0,20221231,25000,136536,25000,FDS BANK,0,24750,0,84373,33831,1567,0.0,33831_20221231,1,1,3.37492,3.37492,<1bn
96213,NM,11688.0,20221231,130175,151982,130175,FIRST CMTY BK OF THE OZARKS,32737,34018,0,6856,33832,100267,0.0,33832_20221231,1,1,0.0526675628961014,0.0526675628961014,<1bn
2661503,N,718917.0,20221231,3807444,4550164,3807444,HINSDALE B&T CO NA,780551,1147135,0,131008,33849,3254965,359461.0,33849_20221231,1,1,0.034408385257931565,0.034408385257931565,1-10bn
76096,NM,8993.0,20221231,88425,98180,88425,BANK OF MILAN,32877,12411,0,6582,33851,55072,0.0,33851_20221231,1,1,0.07443596268023749,0.07443596268023749,<1bn
251,N,0.0,20221231,500,38012,500,CREDIT FIRST NATIONAL ASSN,0,250,0,36171,33855,0,0.0,33855_20221231,1,1,72.342,72.342,<1bn
363540,NM,13804.0,20221231,529926,576539,529926,CATSKILL HUDSON BANK,129021,166455,74060,13992,33859,412262,0.0,33859_20221231,1,1,0.02640368655246204,0.16615904862188305,<1bn
1133548,N,377569.0,20221231,3223531,3514345,3223531,NATIONAL BANK OF INPOLIS,572798,2089251,61320,1137215,33860,1629599,0.0,33860_20221231,1,1,0.35278550136480774,0.37180811972957606,1-10bn
826882,SM,25193.0,20221231,1730193,2304453,1730193,QUAD CITY BANK&TRUST CO,274156,903817,0,51634,33867,1801650,15031.0,33867_20221231,1,1,0.029842913478438534,0.029842913478438534,1-10bn
122749,NM,2320.0,20221231,147138,172313,147138,WISCONSIN RIVER BANK,8576,24509,2900,15054,33880,141237,27755.0,33880_20221231,1,1,0.10231211515719936,0.12202150362244968,<1bn
36084625,SM,6699473.0,20221231,38461530,42076662,38461530,RAYMOND JAMES BANK,8104279,2378097,867572,1314585,33893,31691161,408438.0,33893_20221231,1,1,0.03417921751942785,0.05673609448194079,10-100bn
1579304,SM,748504.0,20221231,4410578,5152676,4410578,HERITAGE BANK OF COMMERCE,1204586,2831613,418474,306603,33905,3253494,0.0,33905_20221231,1,1,0.06951537871000127,0.16439500673154403,1-10bn
245494,SB,33034.0,20221231,292729,317842,292729,FRONTIER BANK,105495,47511,0,15494,33922,189643,30541.0,33922_20221231,1,1,0.052929501347662854,0.052929501347662854,<1bn
189685,NM,1255.0,20221231,262779,277065,262779,CHARLEVOIX STATE BANK,142411,73098,74763,13046,33926,111953,0.0,33926_20221231,1,1,0.04964628071497342,0.33415531682516486,<1bn
476438,N,48717.0,20221231,861490,1044183,861490,PATRIOT BANK NATIONAL ASSN,84520,385524,0,38494,33928,843217,48698.0,33928_20221231,1,1,0.0446830491357996,0.0446830491357996,1-10bn
3922494,N,468245.0,20221231,8366530,9659979,8366530,WINTRUST BANK NATIONAL ASSN,598646,4446005,10055,506142,33935,7765359,612740.0,33935_20221231,1,1,0.06049604794341262,0.06169786040329742,1-10bn
32208322,N,7795900.0,20221231,31661431,35996617,31661431,TD BANK USA NATIONAL ASSN,19077493,384455,3078438,6423732,33947,8987222,269249.0,33947_20221231,1,1,0.2028882396376841,0.3001181469024568,10-100bn
132926,N,2397.0,20221231,174198,210929,174198,NATBANK NATIONAL ASSN,2397,41316,0,43163,33959,160938,6095.0,33959_20221231,1,1,0.2477812604048267,0.2477812604048267,<1bn
319642,NM,60506.0,20221231,608354,839512,608354,EVERTRUST BANK,87933,289641,4436,59224,34010,596838,0.0,34010_20221231,1,1,0.09735121327385042,0.10464302034670603,<1bn
1282806,N,202162.0,20221231,2287128,2764711,2287128,VILLAGE B&T NA,228553,1004790,0,305796,34011,2029638,268316.0,34011_20221231,1,1,0.13370305466069235,0.13370305466069235,1-10bn
107203,N,33949.0,20221231,159761,164087,159761,TEXAS NATIONAL BANK,106744,52587,9173,17478,34014,32450,0.0,34014_20221231,1,1,0.10940091762069591,0.16681793428934472,<1bn
114102,SM,10.0,20221231,133516,164890,133516,COMMUNITY BANK,13776,19513,12180,20658,34020,119448,12937.0,34020_20221231,1,1,0.15472302944965396,0.24594805116989724,<1bn
185220,NM,17369.0,20221231,251309,286432,251309,TNBANK,59005,66184,5749,7111,34023,202086,5000.0,34023_20221231,1,1,0.028295842966228824,0.05117206307772503,<1bn
255468,NM,17232.0,20221231,372750,482468,372750,PARK RIDGE COMMUNITY BANK,93391,117388,32683,12448,34038,362946,8018.0,34038_20221231,1,1,0.03339503688799463,0.12107578806170355,<1bn
157426,SM,7674.0,20221231,228047,259382,228047,FIRST AMERICAN STATE BANK,50433,70806,0,3643,34040,202041,21757.0,34040_20221231,1,1,0.01597477712927598,0.01597477712927598,<1bn
983010,NM,314989.0,20221231,1389864,1672295,1389864,FIRST COMMUNITY BANK,560563,407044,55983,37409,34047,971300,0.0,34047_20221231,1,1,0.026915583107411947,0.06719506368968475,1-10bn
122166,NM,51275.0,20221231,194058,212280,194058,BAY BANK,84892,71934,3928,30689,34052,83772,0.0,34052_20221231,1,1,0.15814344165146502,0.1783848127879294,<1bn
300218,SI,89565.0,20221231,325823,383686,325823,LUSITANIA SAVINGS BANK,129526,25606,3961,58421,34058,175349,0.0,34058_20221231,1,1,0.17930287303229053,0.19145978031016841,<1bn
855921,N,0.0,20221231,1329010,1537741,1329010,THOMASVILLE NATIONAL BANK,181118,473357,162257,71240,34068,1234304,22000.0,34068_20221231,1,1,0.05360381035507634,0.17569243271307214,1-10bn
5909,N,0.0,20221231,9544,691947,9544,WILMINGTON TRUST NA,5603,3648,1097,530950,34069,59084,0.0,34069_20221231,1,1,55.63181056160939,55.746751886001675,<1bn
1378645,N,373295.0,20221231,1974730,2437042,1974730,LIBERTYVILLE B&T CO NA,449980,596448,0,68774,34073,1796828,219036.0,34073_20221231,1,1,0.03482703964592628,0.03482703964592628,1-10bn
291432,NM,37517.0,20221231,466124,551829,466124,CAPITOL BANK,75777,174883,1931,9742,34074,441366,16348.0,34074_20221231,1,1,0.020900018020955796,0.025042692502424246,<1bn
2235713,NM,113074.0,20221231,3180917,3890541,3180917,SUMMIT COMMUNITY BANK INC,505000,946188,0,44713,34102,3043919,32790.0,34102_20221231,1,1,0.014056638384465863,0.014056638384465863,1-10bn
186945,NM,11474.0,20221231,421005,460689,421005,PAN AMERICAN BANK&TRUST,45633,234102,0,15370,34108,367505,77086.0,34108_20221231,1,1,0.03650787995391979,0.03650787995391979,<1bn
317070,N,10759.0,20221231,591515,663593,591515,QUANTUM NATIONAL BANK,10759,274578,0,60361,34110,573575,24177.0,34110_20221231,1,1,0.10204474949916739,0.10204474949916739,<1bn
1359849,NM,106073.0,20221231,2569923,3016741,2569923,BANK OF ANN ARBOR,329227,1210593,98164,274667,34120,2214592,0.0,34120_20221231,1,1,0.10687752123312644,0.14507477461386975,1-10bn
185864,NM,4513.0,20221231,260552,301544,260552,GREATER COMMUNITY BANK,71351,74705,57165,5144,34138,210179,1.0,34138_20221231,1,1,0.01974270011360496,0.23914228253861033,<1bn
123114,NM,17996.0,20221231,326636,384036,326636,PEOPLES BANK OF SENECA,48622,203614,10979,6520,34146,305705,12395.0,34146_20221231,1,1,0.019961057568669713,0.05357339668621952,<1bn
1478483,SM,76924.0,20221231,2469401,3166822,2469401,BANK RHODE ISLAND,302377,991701,158825,115901,34147,2329523,105132.0,34147_20221231,1,1,0.046934863960936275,0.11125208097024339,1-10bn
244533,SM,28582.0,20221231,338405,376176,338405,BANK OF STAR VALLEY,157170,93954,4840,14062,34148,189551,0.0,34148_20221231,1,1,0.04155375954847003,0.05585614869756653,<1bn
372698,NM,85525.0,20221231,486894,514809,486894,FIRST UNITED BANK&TRUST CO,129542,114447,0,8099,34150,342619,8286.0,34150_20221231,1,1,0.016634010688157997,0.016634010688157997,<1bn
144554,NM,24824.0,20221231,234707,262130,234707,COMMUNITY BK CO FITZGERALD,30545,90205,3911,16533,34160,133736,0.0,34160_20221231,1,1,0.07044101795003983,0.08710434712215656,<1bn
198683,NM,0.0,20221231,243883,338539,243883,WEST POINTE BANK,30385,45401,3749,1901,34162,284313,16710.0,34162_20221231,1,1,0.007794721239282771,0.023166846397657894,<1bn
100587,NM,3839.0,20221231,143052,186877,143052,ONB BANK,15662,42518,923,10984,34171,149582,1500.0,34171_20221231,1,1,0.07678326762296228,0.08323546682325308,<1bn
82346,NM,0.0,20221231,190567,234875,190567,APPLIED BANK,0,108221,0,184770,34193,49378,0.0,34193_20221231,1,1,0.969580252614566,0.969580252614566,<1bn
776288,N,15176.0,20221231,1218701,1458130,1218701,GREAT PLAINS NATIONAL BANK,104003,442654,50996,84447,34207,1167306,30430.0,34207_20221231,1,1,0.06929263207300232,0.11113718623353883,1-10bn
283048,NM,2.0,20221231,442718,506960,442718,SURREY BANK&TRUST,21991,159739,4037,217566,34209,246685,0.0,34209_20221231,1,1,0.4914324694274911,0.5005511409068527,<1bn
299051,NM,31128.0,20221231,706853,975709,706853,COMMUNITY BANK OF THE BAY,241263,408047,141202,51153,34210,650790,27850.0,34210_20221231,1,1,0.0723672390157501,0.2721287170033939,<1bn
616526,SM,11371.0,20221231,804989,1020038,804989,PLATTE VALLEY BANK,170549,189292,28308,22571,34211,776614,39633.0,34211_20221231,1,1,0.02803889245691556,0.0632045903732846,1-10bn
3438543,SM,780117.0,20221231,5510339,6463617,5510339,FIRST BANK,1948585,2076146,233485,151311,34217,3739683,104762.0,34217_20221231,1,1,0.02745947209418513,0.0698316383075524,1-10bn
135752000,N,32209000.0,20221231,192265000,209664000,192265000,MORGAN STANLEY PRIVATE BK NA,49363000,57280000,16379000,26744000,34221,129708000,24458000.0,34221_20221231,1,1,0.13909968012898863,0.2242893922450784,>=100bn
335639,NM,144198.0,20221231,471536,506951,471536,CITIZENS BANK OF GEORGIA,187030,136022,13495,50488,34229,255939,0.0,34229_20221231,1,1,0.10707135828441519,0.1356905941433952,<1bn
381231,NM,56094.0,20221231,578220,636370,578220,MARINE BANK&TRUST CO,170173,197252,9197,19157,34233,418292,52329.0,34233_20221231,1,1,0.03313098820518142,0.04903669883435371,<1bn
185817,NM,0.0,20221231,257181,289499,257181,WOLF RIVER COMMUNITY BANK,43588,71428,0,7074,34240,195990,0.0,34240_20221231,1,1,0.027505919955206643,0.027505919955206643,<1bn
105516,SM,167720.0,20221231,536869,1332441,536869,PACIFIC COAST BANKERS BANK,167720,431373,0,653790,34252,260503,1.0,34252_20221231,1,1,1.2177831091011029,1.2177831091011029,1-10bn
675646,NM,144667.0,20221231,1313336,1587159,1313336,PLANTERS BANK INC,255448,638351,0,31363,34254,1245026,86851.0,34254_20221231,1,1,0.023880408364653067,0.023880408364653067,1-10bn
247612,NM,16456.0,20221231,302302,336115,302302,CITIZENS COMMERCE BANK,45203,54720,3873,15439,34256,263662,0.0,34256_20221231,1,1,0.05107144511118021,0.06388313673081886,<1bn
270162,NM,8951.0,20221231,390827,548324,390827,CROWN BANK,35672,120737,0,6371,34259,462973,17427.0,34259_20221231,1,1,0.016301330256097965,0.016301330256097965,<1bn
2497756,NM,480135.0,20221231,3798738,4255659,3798738,CFG BANK,480135,1310139,0,410435,34294,3229009,984140.0,34294_20221231,1,1,0.10804509287031641,0.10804509287031641,1-10bn
318832,NM,0.0,20221231,320080,422101,320080,EAGLEMARK SAVINGS BANK,28000,2020,0,21484,34313,367503,317375.0,34313_20221231,1,1,0.06712071982004499,0.06712071982004499,<1bn
588266,N,24898.0,20221231,846568,972145,846568,SOUTHWESTERN NATIONAL BANK,30016,258910,0,142229,34319,765485,34591.0,34319_20221231,1,1,0.16800658659434328,0.16800658659434328,<1bn
250,N,1.0,20221231,500,4106,500,DSRM NATIONAL BANK,3384,254,0,546,34331,0,0.0,34331_20221231,1,1,1.092,1.092,<1bn
43372,NM,0.0,20221231,61751,81947,61751,AMERICAN METRO BANK,0,18471,0,13217,34334,65287,0.0,34334_20221231,1,1,0.21403701964340657,0.21403701964340657,<1bn
139367,NM,199461.0,20221231,149921,2349497,149921,USAA SAVINGS BANK,736827,10584,494611,1020823,34351,0,0.0,34351_20221231,1,1,6.80907277832992,10.108216994283657,1-10bn
475454,N,108370.0,20221231,770931,1183734,770931,CITY FIRST BANK NA,328749,296000,160589,15673,34352,768045,43630.0,34352_20221231,1,1,0.02032996467906985,0.22863524751242328,1-10bn
549368,NM,35792.0,20221231,775594,974972,775594,CORE BANK,47429,226669,2842,18292,34363,850661,64476.0,34363_20221231,1,1,0.023584504263828757,0.027248792538364146,<1bn
10734537,NM,2756617.0,20221231,23102640,28398434,23102640,TEXAS CAPITAL BANK,3585114,12398099,670582,5012243,34383,19070228,1107012.0,34383_20221231,1,1,0.21695542154489703,0.24598162807367469,10-100bn
468445,NM,12603.0,20221231,472579,554781,472579,PREMIER BANK,22234,4697,0,28982,34384,461470,11010.0,34384_20221231,1,1,0.06132731247050758,0.06132731247050758,<1bn
35269,NM,0.0,20221231,45808,81949,45808,SPRING VALLEY BANK,0,10561,0,493,34386,80719,0.0,34386_20221231,1,1,0.010762312259867271,0.010762312259867271,<1bn
68894,NM,0.0,20221231,103047,134612,103047,1ST EQUITY BANK,151,34197,0,29762,34393,99854,0.0,34393_20221231,1,1,0.28881966481314353,0.28881966481314353,<1bn
159639,N,39387.0,20221231,201575,233294,201575,SECURITY NB OF SOUTH DAKOTA,71136,42037,17677,29368,34394,118786,0.0,34394_20221231,1,1,0.14569267022200175,0.23338707677043283,<1bn
2143113,N,258061.0,20221231,2825796,3765608,2825796,BARRINGTON B&T CO NA,304926,682684,0,94993,34395,2817330,335772.0,34395_20221231,1,1,0.03361636862675154,0.03361636862675154,1-10bn
496929,NM,101287.0,20221231,1126837,1296197,1126837,FORTIS PRIVATE BANK,233066,630313,22536,79523,34401,930095,254535.0,34401_20221231,1,1,0.07057187508042423,0.09057121837497349,1-10bn
2004788,SM,1087.0,20221231,2840478,3141703,2840478,COASTAL COMMUNITY BANK,98353,835827,97016,341436,34403,2553227,101546.0,34403_20221231,1,1,0.12020371219210288,0.1543585269803181,1-10bn
1399429,NM,1654.0,20221231,1568511,1961456,1568511,WEBBANK,177961,176064,0,106148,34404,1554993,1320372.0,34404_20221231,1,1,0.06767437397633806,0.06767437397633806,1-10bn
131413,NM,1360.0,20221231,187391,221594,187391,NORTHSTAR BANK,45130,56045,32143,33901,34407,125210,0.0,34407_20221231,1,1,0.1809105026388674,0.35243955152595374,<1bn
271150,NM,63.0,20221231,331314,408086,331314,THE BANK,41760,60356,2744,31376,34409,310539,2000.0,34409_20221231,1,1,0.09470170291626674,0.1029838763227633,<1bn
945473,SB,330650.0,20221231,1003460,1092763,1003460,FIRST COMMAND BANK,567880,57997,22700,107464,34415,396959,0.0,34415_20221231,1,1,0.10709345664002551,0.12971518545831423,1-10bn
140943,SM,0.0,20221231,194904,256364,194904,NORTHSIDE COMMUNITY BANK,4077,53989,2042,21297,34416,200507,0.0,34416_20221231,1,1,0.10926917867257727,0.11974613142880598,<1bn
462444,SM,18851.0,20221231,668002,926473,668002,AMERICAN BANK,200453,205783,143831,16465,34422,653809,0.0,34422_20221231,1,1,0.024648129796018575,0.23996335340313352,<1bn
30908,NM,5907.0,20221231,45267,52959,45267,STATE BANK,6608,14364,0,1508,34441,35233,4048.0,34441_20221231,1,1,0.033313451300064065,0.033313451300064065,<1bn
11920501,SM,1811633.0,20221231,18271501,20879065,18271501,CUSTOMERS BANK,3805089,6384884,0,464175,34444,15663746,4977283.0,34444_20221231,1,1,0.025404316810096774,0.025404316810096774,10-100bn
64973,N,14988.0,20221231,93358,98422,93358,FIRST NATIONAL BANK,67032,28391,0,1911,34455,28023,0.0,34455_20221231,1,1,0.020469590179738213,0.020469590179738213,<1bn
304447,SI,54843.0,20221231,655194,758627,655194,KEYSTONE BANK SSB,56811,351085,0,72827,34456,610542,35476.0,34456_20221231,1,1,0.1111533377900286,0.1111533377900286,<1bn
145172,SM,14113.0,20221231,211585,250523,211585,BANK OF JACKSON,152573,66762,11065,8328,34457,59315,0.0,34457_20221231,1,1,0.03936006805775457,0.09165583571614244,<1bn
84204,NM,8793.0,20221231,117478,131664,117478,MILLENNIAL BANK,15951,33373,0,13858,34460,88244,3000.0,34460_20221231,1,1,0.11796251212993071,0.11796251212993071,<1bn
250,N,0.0,20221231,2000,14574,2000,CEDAR HILL NATIONAL BANK,10201,1750,779,2351,34478,0,0.0,34478_20221231,1,1,1.1755,1.565,<1bn
94929,NM,0.0,20221231,132554,146254,132554,HIAWATHA BANK&TRUST CO,34931,37659,0,5665,34488,95786,1.0,34488_20221231,1,1,0.04273729951566908,0.04273729951566908,<1bn
299805,N,10315.0,20221231,468111,513567,468111,EDISON NATIONAL BANK,79201,168312,68886,263828,34489,155558,0.0,34489_20221231,1,1,0.5636013680515946,0.7107587730260558,<1bn
328420,NM,9497.0,20221231,623165,852776,623165,FIRST COMMERCIAL BANK USA,42255,295490,0,84076,34496,705498,58017.0,34496_20221231,1,1,0.1349177184212849,0.1349177184212849,<1bn
4496463,SB,2916291.0,20221231,8100092,8389661,8100092,PRINCIPAL BANK,5283810,3603843,210848,464353,34507,2374884,1326.0,34507_20221231,1,1,0.05732687974408192,0.08335720137499673,1-10bn
271515,NM,31331.0,20221231,338051,369605,338051,PEOPLES BANK OF EAST TN,96949,66609,11356,49680,34517,201121,0.0,34517_20221231,1,1,0.14696007407166375,0.18055263850720749,<1bn
4246618,NM,86153.0,20221231,4584061,5904023,4584061,MERRICK BANK,151770,341232,0,1161853,34519,3999713,2379820.0,34519_20221231,1,1,0.2534549605688057,0.2534549605688057,1-10bn
122783,NM,13660.0,20221231,149935,164930,149935,PRAIRIE COMMUNITY BANK,32466,27199,10976,15205,34526,94716,0.0,34526_20221231,1,1,0.10141061126488145,0.1746156667889419,<1bn
1464575,NM,113140.0,20221231,1898764,2427913,1898764,FIRST COMMUNITY BANK,242601,434827,0,73410,34533,1983016,0.0,34533_20221231,1,1,0.03866199274896722,0.03866199274896722,1-10bn
81266,N,2248.0,20221231,252168,332493,252168,TCM BANK NATIONAL ASSN,2248,171423,0,32739,34535,275821,151752.0,34535_20221231,1,1,0.12983011325782812,0.12983011325782812,<1bn
66194,N,980.0,20221231,96013,113791,96013,NEIGHBORHOOD NATIONAL BANK,6415,29830,5435,7959,34548,78159,0.0,34548_20221231,1,1,0.08289502463208107,0.13950194244529387,<1bn
2217436,SM,193754.0,20221231,2655457,3552312,2655457,ENCORE BANK,591802,439374,0,71471,34562,2522025,684805.0,34562_20221231,1,1,0.026914764577246026,0.026914764577246026,1-10bn
252348,NM,13459.0,20221231,295662,351364,295662,ALLIANCE BANK,23308,43514,1699,25540,34566,273810,5000.0,34566_20221231,1,1,0.08638242317240633,0.09212884983528488,<1bn
174391,SI,0.0,20221231,224052,279061,224052,PACIFIC CREST SAVINGS BANK,25567,49661,0,37712,34585,212140,12768.0,34585_20221231,1,1,0.16831806901969185,0.16831806901969185,<1bn
9800277,SM,1780294.0,20221231,15955788,20342081,15955788,ATLANTIC UNION BANK,3587886,6250829,56606,318491,34589,14342310,7430.0,34589_20221231,1,1,0.019960844303020323,0.02350852242458975,10-100bn
1874084,NM,31953.0,20221231,3731443,4853001,3731443,MERCANTILE BANK,604372,1858370,0,96772,34598,3877937,7779.0,34598_20221231,1,1,0.025934202934360783,0.025934202934360783,1-10bn
384244,NM,121401.0,20221231,657351,789920,657351,PITNEY BOWES BANK INC,229824,273113,8621,229440,34599,276571,1000.0,34599_20221231,1,1,0.349037272324831,0.3621520314109205,<1bn
2458377,NM,56571.0,20221231,2601568,3029565,2601568,MVB BANK INC,379499,145309,120909,40280,34603,2358705,239175.0,34603_20221231,1,1,0.015482970270237026,0.06195840354739911,1-10bn
226726,NM,5432.0,20221231,285324,353552,285324,AMERICAN BANK OF OKLAHOMA,24055,58676,1937,17793,34606,282203,0.0,34606_20221231,1,1,0.062360684695293774,0.06914945815984636,<1bn
2319347,NM,369058.0,20221231,3463504,4534480,3463504,FIRST INTERNET BANK OF IN,582144,1145687,0,256552,34607,3489175,592411.0,34607_20221231,1,1,0.07407296194836212,0.07407296194836212,1-10bn
174881,NM,37247.0,20221231,226823,258240,226823,COMMUNITY FIRST BANKING CO,53643,51982,0,18244,34610,173475,0.0,34610_20221231,1,1,0.08043276034617301,0.08043276034617301,<1bn
1411593,NM,113818.0,20221231,2623234,2906669,2623234,MACATAWA BANK,849326,1211726,279966,752594,34618,1162678,0.0,34618_20221231,1,1,0.28689548854581787,0.39362100369238884,1-10bn
350,NM,2201.0,20221231,500,9572,500,ITS BANK,2955,154,663,6538,34619,0,0.0,34619_20221231,1,1,13.076,14.402,<1bn
360383,NM,55448.0,20221231,572726,609770,572726,COMMUNITY FIRST BANK,199230,212356,24234,75481,34627,309527,0.0,34627_20221231,1,1,0.13179251509447798,0.1741059424576499,<1bn
240336,NM,0.0,20221231,387132,466339,387132,SUNSTATE BANK,116275,146901,197,30940,34643,220249,0.0,34643_20221231,1,1,0.0799210605168263,0.08042993087629026,<1bn
53275,NM,0.0,20221231,74851,95359,74851,KEY COMMUNITY BANK,9554,21669,8623,14280,34644,69351,5000.0,34644_20221231,1,1,0.1907790143084261,0.30598121601581807,<1bn
1657088,N,31920.0,20221231,2183059,2489041,2183059,AMERICAN FIRST NATIONAL BANK,61583,534178,4826,221504,34656,2153829,0.0,34656_20221231,1,1,0.10146496269683962,0.10367562214305706,1-10bn
125642,N,43367.0,20221231,200653,210323,200653,NORTH GEORGIA NATIONAL BANK,74039,75077,3187,16333,34662,106843,0.0,34662_20221231,1,1,0.08139923150912272,0.09728237305198527,<1bn
107248,NM,45089.0,20221231,148030,161934,148030,COMMUNITY BANK,69117,40830,8234,7392,34666,77037,0.0,34666_20221231,1,1,0.049935823819496045,0.10555968384786868,<1bn
809536,N,146988.0,20221231,1251133,1531794,1251133,CRYSTAL LAKE B&T CO NA,163831,441976,0,48565,34681,1216569,127442.0,34681_20221231,1,1,0.038816816437580975,0.038816816437580975,1-10bn
463050,NM,125179.0,20221231,704567,804494,704567,PEOPLES BANK OF COMMERCE,236283,241531,5191,16382,34685,487179,0.0,34685_20221231,1,1,0.02325115993227046,0.03061880559265478,<1bn
156488,NM,1668.0,20221231,179946,206408,179946,CHARTER BANK,64554,23537,26229,3382,34686,132055,0.0,34686_20221231,1,1,0.018794527247063007,0.1645549220321652,<1bn
4010836,NM,297779.0,20221231,4654935,5302687,4664994,WEX BANK,1434271,650799,364053,704242,34697,2880331,1056820.0,34697_20221231,1,1,0.15128933057067392,0.22949729695473728,1-10bn
3136803,SM,838158.0,20221231,5302821,6265921,5302821,METROPOLITAN COMMERCIAL BANK,958220,2166223,29852,257418,34699,4794872,1580828.0,34699_20221231,1,1,0.04854359594638401,0.054173052418703176,1-10bn
250,SB,103677.0,20221231,500,151480,500,NATIONWIDE TRUST CO FSB,103771,250,94,13580,34710,0,0.0,34710_20221231,1,1,27.16,27.348,<1bn
88642,SI,47.0,20221231,97309,122317,97309,FARMERS BLDG&SVG BANK,27982,8668,0,42342,34711,45424,0.0,34711_20221231,1,1,0.43512933027777495,0.43512933027777495,<1bn
1832617,N,682555.0,20221231,3003770,3554665,3003770,TOWN BANK NATIONAL ASSN,745474,1171819,0,120864,34717,2351803,288472.0,34717_20221231,1,1,0.0402374349567377,0.0402374349567377,1-10bn
207877,NM,14557.0,20221231,274680,376504,274680,FARMERS&MERCHANTS BK COLBY,71760,67871,0,4063,34719,271226,107379.0,34719_20221231,1,1,0.014791757681665938,0.014791757681665938,<1bn
1172017,NM,790109.0,20221231,2392887,2686283,2392887,NEW MEXICO BANK&TRUST,1151677,1221075,23837,57739,34726,1332764,31527.0,34726_20221231,1,1,0.024129430265616387,0.034091037311832946,1-10bn
723971,NM,5211.0,20221231,1111693,1312940,1111693,INDEPENDENT BANK,5211,388885,0,34812,34728,1101211,53150.0,34728_20221231,1,1,0.031314400648380446,0.031314400648380446,1-10bn
4308161,SM,1704956.0,20221231,8705351,11097748,8705351,EAGLEBANK,2647398,4431809,46326,277754,34742,7567922,2512778.0,34742_20221231,1,1,0.03190612302708989,0.03722767755142785,10-100bn
99537,SB,39543.0,20221231,99927,109892,99927,CLEARPOINT FEDERAL B&T,100945,390,443,2075,34748,0,0.0,34748_20221231,1,1,0.020765158565753,0.025198394828224602,<1bn
85449,NM,975.0,20221231,121148,145201,121148,FIRST CMTY BANK OF HILLSBORO,69057,35716,4401,3537,34752,68680,0.0,34752_20221231,1,1,0.029195694522402352,0.0655231617525671,<1bn
1020648,N,156386.0,20221231,1479933,1621725,1479933,VIRGINIA NATIONAL BANK,538186,459433,242470,39556,34755,930863,0.0,34755_20221231,1,1,0.02672823702154084,0.19056673511571132,1-10bn
216116,SM,29826.0,20221231,326852,451784,326852,ASIAN BANK,53273,111100,0,64653,34759,318062,35076.0,34759_20221231,1,1,0.19780512280787635,0.19780512280787635,<1bn
346101,SM,33892.0,20221231,419973,476242,419973,PORTAGE COMMUNITY BANK,119466,74157,28455,9875,34760,320259,103.0,34760_20221231,1,1,0.02351341633866939,0.0912677719758175,<1bn
22083303,SB,2775729.0,20221231,26396062,39416491,26396062,TIAA FSB,4056509,4576412,236151,3889395,34775,30431499,2216226.0,34775_20221231,1,1,0.14734754752432389,0.1562939956725363,10-100bn
245395,NM,94814.0,20221231,300583,362955,300583,FIRST TRUST BANK OF ILLINOIS,179616,55310,9640,17176,34778,141276,0.0,34778_20221231,1,1,0.057142286822608065,0.08921329549575326,<1bn
748148,NM,76604.0,20221231,961217,1170585,961217,TRANSPORTATION ALLIANCE BK D,90516,213815,0,101640,34781,879504,382429.0,34781_20221231,1,1,0.10574095131484358,0.10574095131484358,1-10bn
139866,NM,6300.0,20221231,233156,263221,233156,COMMERCIAL CAPITAL BANK,17076,94301,1467,58734,34784,174295,0.0,34784_20221231,1,1,0.25190859338811783,0.25820051810804784,<1bn
187529,NM,0.0,20221231,284178,375051,284178,ENTERPRISE BANK,0,98678,0,68809,34786,285546,81042.0,34786_20221231,1,1,0.24213345156908697,0.24213345156908697,<1bn
738203,NM,629901.0,20221231,3390794,3840762,3390794,AMERICAN BUSINESS BANK,1264093,2652651,0,36575,34788,2410567,0.0,34788_20221231,1,1,0.01078655913629669,0.01078655913629669,1-10bn
250,SB,9457.0,20221231,2000,13490,2000,THRIVENT TRUST CO,9547,1750,90,2683,34799,0,0.0,34799_20221231,1,1,1.3415,1.3865,<1bn
469717,NM,61731.0,20221231,788998,954107,788998,RESOURCE BANK,247480,319411,116639,11937,34803,657674,0.0,34803_20221231,1,1,0.015129315917150613,0.162961122841883,<1bn
708138,SM,94314.0,20221231,1344637,1492501,1344637,MISSION BANK,249325,636525,28205,131289,34805,1054419,0.0,34805_20221231,1,1,0.09763899104367944,0.11861491242617896,1-10bn
429799,SM,14345.0,20221231,766866,934997,766866,NEBRASKALAND BANK,194291,337394,93183,63602,34811,610154,54414.0,34811_20221231,1,1,0.08293756666744907,0.20444901716857966,<1bn
627254,NM,31167.0,20221231,1054000,1196164,1054000,GRANDSOUTH BANK,113389,426937,31358,22631,34812,1005308,17540.0,34812_20221231,1,1,0.021471537001897533,0.05122296015180266,1-10bn
275392,SM,15724.0,20221231,1111602,1222521,1111602,NORTH AMERICAN BANKING CO,465553,837220,111119,90541,34836,605996,8000.0,34836_20221231,1,1,0.08145091498575929,0.18141385136046895,1-10bn
212099,SM,2128.0,20221231,328890,372312,328890,SOUTHERN BANK OF TENNESSEE,65427,117200,46955,25805,34847,261668,0.0,34847_20221231,1,1,0.07846088357809602,0.22122898233451915,<1bn
187617,SM,55808.0,20221231,300958,378266,300958,PREMIER BANK,89984,113454,6629,8867,34849,261531,5020.0,34849_20221231,1,1,0.02946258281886509,0.05148891207411001,<1bn
70246,NM,4296.0,20221231,88683,102776,88683,COMMUNITY BANK OF OELWEIN,31469,18513,450,6066,34857,60131,7221.0,34857_20221231,1,1,0.06840093366259599,0.07347518690166097,<1bn
33720,NM,4698.0,20221231,112900,136875,112900,NEW REPUBLIC BANK,6288,79184,0,11533,34860,86869,5690.0,34860_20221231,1,1,0.10215234720992028,0.10215234720992028,<1bn
289520,N,791.0,20221231,511574,584582,511574,CONNECTICUT CMTY BANK NA,11972,222054,0,230968,34876,318259,0.0,34876_20221231,1,1,0.4514850246494153,0.4514850246494153,<1bn
1073146,SM,69698.0,20221231,1710897,1920139,1710897,SUSSER BANK,199146,638315,97677,306495,34885,1336108,12901.0,34885_20221231,1,1,0.1791428706695961,0.23623397551109154,1-10bn
142706,SM,661.0,20221231,199070,242130,199070,PREMIER BANK OF ARKANSAS,2003,56534,0,81078,34887,137328,0.0,34887_20221231,1,1,0.407283869995479,0.407283869995479,<1bn
958626,NM,14422.0,20221231,1580040,1984512,1580040,PARKE BANK,18744,622966,0,182149,34888,1719614,140769.0,34888_20221231,1,1,0.11528125870231133,0.11528125870231133,1-10bn
601068,SM,55041.0,20221231,693892,775153,693892,NEW PEOPLES BANK INC,96076,93073,11684,60726,34890,577886,0.0,34890_20221231,1,1,0.0875150599805157,0.10435341522888288,<1bn
46357,NM,8569.0,20221231,57663,62761,57663,PREFERRED BANK,9825,11329,0,6260,34900,41587,0.0,34900_20221231,1,1,0.10856181606922984,0.10856181606922984,<1bn
496631,NM,189235.0,20221231,1262196,1476523,1262196,COGENT BANK,195510,765695,0,45190,34908,1210310,0.0,34908_20221231,1,1,0.0358026804077972,0.0358026804077972,1-10bn
142225,N,13044.0,20221231,201296,232703,201296,FIRST NB OF HEREFORD,28582,59565,0,9822,34918,174862,0.0,34918_20221231,1,1,0.04879381607185438,0.04879381607185438,<1bn
88042,NM,90.0,20221231,151290,170912,151290,ALLIANCE BANK,19644,63301,15306,13188,34930,91707,0.0,34930_20221231,1,1,0.08717033511798533,0.1883402736466389,<1bn
417770,NM,64908.0,20221231,749509,826846,749509,LEGENDS BANK,194174,333032,19528,44763,34936,536447,32532.0,34936_20221231,1,1,0.05972309872196331,0.08577748899612947,<1bn
125445,SM,33635.0,20221231,140169,152983,140169,COMMERCE BANK,44117,14721,0,4562,34938,92831,0.0,34938_20221231,1,1,0.032546426099922234,0.032546426099922234,<1bn
2625593,NM,0.0,20221231,2928368,4401730,2928368,NORTHPOINTE BANK,16202,306045,0,274233,34953,3814732,1783408.0,34953_20221231,1,1,0.09364704162864776,0.09364704162864776,1-10bn
238855,N,68606.0,20221231,448442,495574,448442,AMERICAN B&T CO NA,117378,209710,1880,9742,34955,332297,0.0,34955_20221231,1,1,0.02172410255952832,0.025916394985304677,<1bn
321736,NM,49459.0,20221231,477762,566692,477762,FIRST CAPITAL BANK,53970,156600,0,13756,34966,476177,40208.0,34966_20221231,1,1,0.028792578731669745,0.028792578731669745,<1bn
5241590,SM,595158.0,20221231,8666170,11556290,8666170,POPULAR BANK,733588,3484646,132151,470223,34967,9426106,321280.0,34967_20221231,1,1,0.05425960949300556,0.06950867568949144,10-100bn
24847000,SM,5998000.0,20221231,52802000,56050000,53228000,BANCO POPULAR DE PUERTO RICO,25691000,28091000,19444000,6024000,34968,21714000,117000.0,34968_20221231,1,1,0.11408658762925647,0.48233021476459226,10-100bn
616659,SI,30851.0,20221231,798011,903989,798011,FIRST CENTRAL SAVINGS BANK,47328,181430,4855,76351,34969,739510,53135.0,34969_20221231,1,1,0.09567662601142089,0.10176050204821738,<1bn
285069,NM,64269.0,20221231,442807,494712,442807,PEOPLES SAVINGS BANK,185926,157950,0,13006,34973,254074,10730.0,34973_20221231,1,1,0.02937171273263521,0.02937171273263521,<1bn
547853,NM,132055.0,20221231,727292,811027,727292,SYNERGY BANK,334330,179568,101663,16812,34978,429536,0.0,34978_20221231,1,1,0.023115887428983132,0.1628988081815832,<1bn
1825719,NM,391752.0,20221231,2809450,3082034,2809450,RED RIVER BANK,776069,985319,170478,278110,34980,1896157,0.0,34980_20221231,1,1,0.09899090569328517,0.15967111000373738,1-10bn
93726,NM,0.0,20221231,130397,149509,130397,FIRST CENTRAL BANK MCCOOK,14047,36766,1887,5329,34995,108172,29656.0,34995_20221231,1,1,0.04086750462050507,0.055338696442402815,<1bn
487914,N,21661.0,20221231,795628,938661,795628,BAYFIRST NATIONAL BANK,47351,308398,0,70927,34997,720020,746.0,34997_20221231,1,1,0.08914593252122852,0.08914593252122852,<1bn
604052,NM,22502.0,20221231,875578,1028049,875578,FIRST IC BANK,39206,273472,0,101307,34998,858340,0.0,34998_20221231,1,1,0.11570299847643499,0.11570299847643499,1-10bn
719513,NM,140300.0,20221231,833453,1052701,833453,NBKC BANK,150071,113969,0,218109,35014,557912,32910.0,35014_20221231,1,1,0.26169322085348545,0.26169322085348545,1-10bn
265800,N,71729.0,20221231,422908,477356,422908,LONE STAR CAPITAL BANK NA,151788,157370,0,13217,35015,282377,42761.0,35015_20221231,1,1,0.03125266015303565,0.03125266015303565,<1bn
76598,NM,2509.0,20221231,105587,132970,105587,CURRENCY BANK,15037,29035,9763,21571,35019,88152,0.0,35019_20221231,1,1,0.20429598340704822,0.2967600178052222,<1bn
375348,NM,42364.0,20221231,598458,646301,598458,COMMUNITY FIRST BANK,162545,223141,87901,25143,35020,432974,0.0,35020_20221231,1,1,0.042012973341487625,0.18889211941355952,<1bn
1014997,N,45564.0,20221231,1802324,2160944,1802324,FIRSTCAPITAL BANK OF TX NA,255153,788301,157861,114627,35028,1616669,21083.0,35028_20221231,1,1,0.06359955257767194,0.15118702297700082,1-10bn
140853,NM,157.0,20221231,226632,256601,226632,AB&T,20674,85789,4970,21651,35029,177112,0.0,35029_20221231,1,1,0.09553372868791697,0.11746355324932048,<1bn
122318,SM,1454.0,20221231,179287,234670,179287,FREEDOM FINANCIAL BANK,14123,57053,0,13273,35031,192226,35999.0,35031_20221231,1,1,0.07403213841494363,0.07403213841494363,<1bn
138581,NM,10810.0,20221231,219984,261900,219984,AMERICAN COMMUNITY BANK,27492,81412,0,36077,35033,181433,0.0,35033_20221231,1,1,0.16399829078478434,0.16399829078478434,<1bn
475966,N,92486.0,20221231,689328,738123,689328,HEARTLAND NATIONAL BANK,313055,213471,16395,251958,35052,152540,0.0,35052_20221231,1,1,0.36551249912958705,0.38929653227491123,<1bn
125964,NM,31867.0,20221231,171108,179410,171108,MADISON CNTY CMTY BANK,72693,45167,2906,17790,35056,76611,0.0,35056_20221231,1,1,0.10396942282067466,0.12095284849334922,<1bn
97305,SM,3536.0,20221231,119810,137992,119810,SETTLERS BANK,23037,22530,9230,36244,35060,71830,0.0,35060_20221231,1,1,0.30251231115933563,0.3795509556798264,<1bn
5033,NM,0.0,20221231,5008,23822,5008,PHILADELPHIA TRUST CO,9361,0,9361,3840,35075,6760,0.0,35075_20221231,1,1,0.7667731629392971,2.635982428115016,<1bn
155166,SM,0.0,20221231,191665,233736,191665,PETIT JEAN STATE BANK,81554,36423,995,36099,35084,105688,0.0,35084_20221231,1,1,0.18834424647170844,0.19353559596170403,<1bn
40460,NM,0.0,20221231,46662,52948,46662,COMMUNITY BANK OF MEMPHIS,15623,6223,6130,9469,35094,25682,0.0,35094_20221231,1,1,0.20292743560070292,0.3342977154858343,<1bn
6633788,NM,1017779.0,20221231,13388748,15845722,13388748,TOWNEBANK,2389294,6922567,460558,1152829,35095,10786579,138950.0,35095_20221231,1,1,0.08610431684874494,0.12050320164364883,10-100bn
130851,SM,15198.0,20221231,183084,211140,183084,BUCKEYE COMMUNITY BANK,36899,52248,9198,8922,35101,156714,26.0,35101_20221231,1,1,0.04873172969784361,0.09897096414760438,<1bn
87611,NM,130.0,20221231,162393,185315,162393,IDAHO TRUST BANK,37664,74791,37534,32139,35103,104756,0.0,35103_20221231,1,1,0.19790877685614527,0.42903942903942904,<1bn
219346,NM,13771.0,20221231,274045,337371,274045,SENB BANK,70071,54735,3868,21688,35109,228480,0.0,35109_20221231,1,1,0.07914028717911292,0.09325475743034903,<1bn
430021,NM,61490.0,20221231,626611,723014,626611,VILLAGE BANK,133853,196606,59973,13194,35111,537325,15.0,35111_20221231,1,1,0.021056125730317534,0.11676622338260899,<1bn
323904,SB,133200.0,20221231,371153,528198,371153,AUTO CLUB TRUST FSB,197671,47249,6636,20010,35115,291213,114534.0,35115_20221231,1,1,0.05391307627851587,0.07179249527822758,<1bn
152565,NM,8678.0,20221231,213672,290619,213672,CENTERBANK,24773,61226,3702,3781,35117,236953,16392.0,35117_20221231,1,1,0.017695346138005916,0.0350209667153394,<1bn
66059,NM,9140.0,20221231,91595,109902,91595,COMMUNITY BK OF WICHITA INC,11792,25561,0,2559,35118,89847,0.0,35118_20221231,1,1,0.027938206233964737,0.027938206233964737,<1bn
367749,NM,77364.0,20221231,534799,619074,534799,SAUK VALLEY BANK&TRUST CO,178763,167142,13558,13358,35131,396344,27800.0,35131_20221231,1,1,0.024977608409888576,0.05032918909721222,<1bn
283141,NM,7773.0,20221231,449756,501086,449756,MILLENNIUM BANK,74377,166903,47457,29335,35138,376514,7619.0,35138_20221231,1,1,0.06522425492933946,0.17074146870747695,<1bn
397152,SI,10196.0,20221231,623880,780659,623880,SEATTLE BANK,27396,227599,0,40047,35139,683567,55088.0,35139_20221231,1,1,0.06419022889017119,0.06419022889017119,<1bn
7158808,NM,295823.0,20221231,7561649,11886358,7561649,BMW BANK OF NORTH AMERICA,2273286,423639,0,559464,35141,9007333,5663807.0,35141_20221231,1,1,0.07398703642552042,0.07398703642552042,10-100bn
471584,NM,920.0,20221231,705190,774320,705190,NEW MILLENNIUM BANK,21812,234210,19700,88727,35151,646098,56360.0,35151_20221231,1,1,0.12581999177526623,0.15375572540733703,<1bn
172823,SB,7125.0,20221231,289213,354791,289213,M Y SAFRA BANK FSB,74632,116907,0,39745,35154,236508,44146.0,35154_20221231,1,1,0.13742466624944244,0.13742466624944244,<1bn
809732,SB,118091.0,20221231,920893,1068094,920893,FARM BUREAU BANK FSB,153925,111864,0,57974,35157,824907,61230.0,35157_20221231,1,1,0.06295411084675419,0.06295411084675419,1-10bn
326768,SB,62768.0,20221231,403775,433272,403775,MURRAY BANK,134490,77221,12526,14986,35161,263756,1.0,35161_20221231,1,1,0.037114729738096715,0.06813695746393413,<1bn
250,SB,70250.0,20221231,500,127407,500,CAPITAL BANK&TRUST CO,71442,250,692,15823,35164,0,0.0,35164_20221231,1,1,31.646,33.03,<1bn
207214,NM,32486.0,20221231,290815,352016,290815,STATE BANK,82925,83819,1634,13792,35169,243512,5037.0,35169_20221231,1,1,0.04742533913312587,0.05304403142891529,<1bn
76227,NM,1671.0,20221231,87390,105252,87390,BOUNDARY WATERS BANK,4751,11255,0,2563,35172,93050,0.0,35172_20221231,1,1,0.02932829843231491,0.02932829843231491,<1bn
250,SB,0.0,20221231,500,65008,500,FIDELITY PERSONAL TR CO FSB,58844,255,0,187,35206,0,0.0,35206_20221231,1,1,0.374,0.374,<1bn
665967,SM,67841.0,20221231,851917,918549,851917,BANK OF THE JAMES,189426,185870,4741,55853,35207,607789,7238.0,35207_20221231,1,1,0.06556155118397684,0.07112664731423367,<1bn
89691,NM,63558.0,20221231,258862,277045,258862,COMMUNITY BANK OF THE SOUTH,87383,169174,0,113215,35212,66638,0.0,35212_20221231,1,1,0.43735658381685993,0.43735658381685993,<1bn
501475,NM,67213.0,20221231,802042,934534,802042,FIRST RELIANCE BANK,162097,300721,30808,34443,35214,661454,25483.0,35214_20221231,1,1,0.04294413509516958,0.08135608858388962,<1bn
214586,SM,18182.0,20221231,372797,482522,372797,FLAGLER BANK,99665,158260,32585,7669,35218,357474,2435.0,35218_20221231,1,1,0.02057151747465779,0.1079783367355424,<1bn
149624,SM,40242.0,20221231,195642,219946,195642,WYOMING COMMUNITY BANK,83394,46154,2243,4463,35220,120764,0.0,35220_20221231,1,1,0.022812075116794964,0.03427689350957361,<1bn
327571,NM,5958.0,20221231,469241,555103,469241,FREEDOM BANK,62175,141911,13252,15223,35221,458401,0.0,35221_20221231,1,1,0.032441751679840425,0.06068310313889878,<1bn
305374,NM,4335.0,20221231,408789,502227,408789,FIRST SECURE COMMUNITY BANK,153521,103781,61212,45921,35223,276318,0.0,35223_20221231,1,1,0.11233423599950096,0.26207407733574045,<1bn
92511,NM,12403.0,20221231,130381,146078,130381,SOUTHERN ILLINOIS BANK,41541,37893,0,14232,35229,84004,0.0,35229_20221231,1,1,0.10915700907340793,0.10915700907340793,<1bn
1008552,NM,41854.0,20221231,1229157,1421875,1229157,EVERGREEN BANK GROUP,99368,222709,0,120149,35230,1160787,207428.0,35230_20221231,1,1,0.09774910772179632,0.09774910772179632,1-10bn
215701,NM,56403.0,20221231,328635,348315,328635,CENTURY BANK OF GEORGIA,128154,112964,20030,84178,35236,113593,0.0,35236_20221231,1,1,0.2561443546792034,0.317093431922954,<1bn
250,SB,0.0,20221231,1385207,3060083,1385207,JOHN DEERE FINANCIAL FSB,0,1384957,0,5134,35237,3026804,0.0,35237_20221231,1,1,0.0037063052670106345,0.0037063052670106345,1-10bn
222043,NM,28304.0,20221231,329083,405324,329083,OPTUS BANK,40731,107222,0,43113,35241,228167,5263.0,35241_20221231,1,1,0.13100950216206853,0.13100950216206853,<1bn
46574,NM,6677.0,20221231,69448,74568,69448,TWIN CITY BANK,19508,22877,893,3855,35261,43543,2.0,35261_20221231,1,1,0.055509157931113925,0.06836769957378182,<1bn
1582765,N,190445.0,20221231,2505480,3098582,2505480,BLUE RIDGE BANK NA,354528,923225,0,76830,35274,2449853,45256.0,35274_20221231,1,1,0.030664782796110925,0.030664782796110925,1-10bn
400795,NM,50834.0,20221231,521776,574033,521776,FREEDOM BANK OF SOUTHERN MO,91998,121341,0,14085,35276,430431,3257.0,35276_20221231,1,1,0.026994342399803747,0.026994342399803747,<1bn
924609,N,34264.0,20221231,1758365,2069955,1758365,CAPITAL BANK NATIONAL ASSN,252481,834550,199449,80362,35278,1659776,131819.0,35278_20221231,1,1,0.04570268402749145,0.15913135213678617,1-10bn
197556,NM,9048.0,20221231,264435,295793,264435,CORNERSTONE BANK,16490,66889,7442,6539,35286,250439,0.0,35286_20221231,1,1,0.024728194074158112,0.05287121598880632,<1bn
211435,NM,3176.0,20221231,284526,378436,284526,GREAT AMERICAN BANK,4959,73205,1783,14319,35292,329239,0.0,35292_20221231,1,1,0.05032580502309104,0.05659236765708582,<1bn
1763529,NM,54842.0,20221231,3158817,3694134,3158817,SOUTHERN FIRST BANK,93347,1396820,871,149051,35295,3238641,236219.0,35295_20221231,1,1,0.04718570274884553,0.047461438886773115,1-10bn
91591,NM,5163.0,20221231,113148,126404,113148,OLD MISSION BANK,66054,21576,11423,1541,35303,49732,0.0,35303_20221231,1,1,0.013619330434475201,0.1145756000989854,<1bn
10648,NM,1041.0,20221231,11634,15784,11634,ALAMERICA BANK,1526,994,0,6605,35314,6760,0.0,35314_20221231,1,1,0.5677325081657212,0.5677325081657212,<1bn
249073,NM,15643.0,20221231,360996,402224,360996,GEORGIA COMMUNITY BANK,76529,112224,0,48807,35320,230153,0.0,35320_20221231,1,1,0.13520094405478178,0.13520094405478178,<1bn
124386,NM,14292.0,20221231,280812,396974,280812,FINWISE BANK,14292,156479,0,100567,35323,247806,72075.0,35323_20221231,1,1,0.3581292822244064,0.3581292822244064,<1bn
307617,N,0.0,20221231,463145,552488,463145,LIBERTY BANK NATIONAL ASSN,0,155835,0,56184,35331,465037,91747.0,35331_20221231,1,1,0.12130974100983494,0.12130974100983494,<1bn
211886,NM,26703.0,20221231,395001,462519,395001,OAK BANK,66003,183169,0,35946,35333,340778,2282.0,35333_20221231,1,1,0.09100230125999681,0.09100230125999681,<1bn
1587958,NM,66830.0,20221231,2790692,3224069,2790692,FIVE STAR BANK,119744,1204302,0,269840,35361,2772353,125000.0,35361_20221231,1,1,0.09669286327548866,0.09669286327548866,1-10bn
393460,SM,30556.0,20221231,485712,584845,485712,BANK OF OAK RIDGE,81249,92604,21018,42656,35365,432294,34926.0,35365_20221231,1,1,0.08782158974865764,0.13109414632539448,<1bn
193832,N,146528.0,20221231,343617,399524,343617,CHINO COMMERCIAL BANK N A,167160,149842,0,36436,35366,176555,3011.0,35366_20221231,1,1,0.10603666291248687,0.10603666291248687,<1bn
68114,NM,0.0,20221231,200122,263803,200122,ALPINE CAPITAL BANK,34052,134612,345,154138,35377,71490,2433.0,35377_20221231,1,1,0.7702201656989237,0.7719441140904049,<1bn
250,SB,117301.0,20221231,500,208316,500,SEI PRIVATE TRUST CO,146949,255,0,424,35388,0,0.0,35388_20221231,1,1,0.848,0.848,<1bn
67116,SB,38.0,20221231,93809,131848,93809,UNITED TRUST BANK,38,26837,0,19646,35393,106520,15285.0,35393_20221231,1,1,0.20942553486339263,0.20942553486339263,<1bn
1250,SB,36721.0,20221231,50500,87733,50500,MASSMUTUAL TRUST CO,67126,49250,0,11577,35394,0,0.0,35394_20221231,1,1,0.22924752475247526,0.22924752475247526,<1bn
234152,NM,309.0,20221231,371804,465755,371804,BANKVISTA,27489,137781,7293,24435,35406,400069,0.0,35406_20221231,1,1,0.06572011059590536,0.08533528418198837,<1bn
430311,NM,52380.0,20221231,546593,582302,546593,YAMPA VALLEY BANK,190620,116589,45452,11464,35407,369058,0.0,35407_20221231,1,1,0.020973558022148106,0.10412866611903189,<1bn
426351,NM,45918.0,20221231,824232,916141,824232,AMERICAN COMMUNITY B&T,248044,408599,95205,66781,35412,565711,0.0,35412_20221231,1,1,0.0810220908676198,0.196529617874579,<1bn
281032,NM,37905.0,20221231,404090,439557,404090,TRISTAR BANK,96318,123315,0,7766,35417,302417,0.0,35417_20221231,1,1,0.019218490930238315,0.019218490930238315,<1bn
221497,NM,381.0,20221231,284574,323353,284574,BRANSON BANK,14036,63118,3399,31893,35420,252684,552.0,35420_20221231,1,1,0.11207278247485715,0.12401695165405131,<1bn
174733,N,110.0,20221231,256972,306407,256972,UNITED NATIONAL BANK,62856,82545,61276,47340,35427,188900,15427.0,35427_20221231,1,1,0.18422240555391248,0.42267640054169325,<1bn
338205,NM,13205.0,20221231,508610,583694,508610,OPTIMUMBANK,25641,170539,0,26108,35430,477219,0.0,35430_20221231,1,1,0.051332061894182185,0.051332061894182185,<1bn
114934,NM,44282.0,20221231,195339,216751,195339,BANK OF BROOKHAVEN,83546,80533,0,13072,35439,107240,2.0,35439_20221231,1,1,0.06691956035405117,0.06691956035405117,<1bn
291682,NM,42193.0,20221231,399637,477336,399637,FOUR CORNERS COMMUNITY BANK,98108,108229,12583,77225,35441,287180,0.0,35441_20221231,1,1,0.1932378633610001,0.22472393697280282,<1bn
69729,NM,1616.0,20221231,78380,89545,78380,CITIZENS BK CUMBERLAND CNTY,13422,8718,0,7447,35442,60651,0.0,35442_20221231,1,1,0.0950114825210513,0.0950114825210513,<1bn
4662992,N,301625.0,20221231,7048823,7897432,7048823,BCORP BANK NATIONAL ASSN,766016,2387661,0,888187,35444,6053622,953874.0,35444_20221231,1,1,0.1260050082120093,0.1260050082120093,1-10bn
148475,NM,23114.0,20221231,161720,174862,161720,CENTURY BANK OF KENTUCKY INC,38600,13288,1435,13444,35450,117881,0.0,35450_20221231,1,1,0.08313133811526094,0.09200469948058372,<1bn
176677,NM,37997.0,20221231,246337,275269,246337,HOMETOWN BANK OF CORBIN INC,94041,69698,4830,17883,35455,147124,0.0,35455_20221231,1,1,0.07259567178296399,0.09220295773675899,<1bn
317273,NM,38003.0,20221231,672132,781503,672132,1ST COLONIAL COMMUNITY BANK,129131,354996,14732,20310,35456,601988,47000.0,35456_20221231,1,1,0.030217278748817196,0.052135592413394986,<1bn
173747,NM,22803.0,20221231,269636,303394,269636,CITIZENS FIRST BANK,67045,96075,5927,10195,35477,215412,5940.0,35477_20221231,1,1,0.03781023305493332,0.05979171920663413,<1bn
149340,NM,24460.0,20221231,308540,365645,308540,CROWN BANK,44755,159654,0,2461,35480,306424,54475.0,35480_20221231,1,1,0.0079762753613794,0.0079762753613794,<1bn
167499,NM,2515.0,20221231,288019,324032,288019,WESTERN HERITAGE BANK,40271,120679,24091,32883,35492,236822,0.0,35492_20221231,1,1,0.11416955131432302,0.19781333870334944,<1bn
345595,SI,2970.0,20221231,555766,793048,555766,QUAINT OAK BANK,2970,221493,0,9931,35497,755085,0.0,35497_20221231,1,1,0.01786903121097728,0.01786903121097728,<1bn
3963793,N,395199.0,20221231,7146819,9191646,7146819,BANC OF CALIFORNIA NA,1196939,3186212,0,228896,35498,7033425,614222.0,35498_20221231,1,1,0.03202767552949081,0.03202767552949081,1-10bn
62185,NM,7931.0,20221231,112979,132351,112979,CYPRESS BANK&TRUST,24078,50800,15646,37617,35506,51175,0.0,35506_20221231,1,1,0.3329556820294037,0.47144159534072705,<1bn
250,SB,4848.0,20221231,500,9742,500,DAVIDSON TRUST CO,8698,250,100,0,35510,0,0.0,35510_20221231,1,1,0.0,0.2,<1bn
388608,NM,339.0,20221231,466134,526405,466134,COMMUNITY BK OF PICKENS CNTY,79825,77695,21103,89958,35513,340177,0.0,35513_20221231,1,1,0.19298742421707063,0.23825981370163946,<1bn
287286,SB,4302.0,20221231,432501,780976,432501,FEDERAL SAVINGS BANK,103340,145583,99038,30135,35518,545755,2239.0,35518_20221231,1,1,0.06967613947713416,0.298665205398369,<1bn
967730,SM,3221.0,20221231,1190132,1303891,1190132,NORTH STATE BANK,56271,222655,0,134828,35519,1042095,0.0,35519_20221231,1,1,0.11328827390575164,0.11328827390575164,1-10bn
345239,SM,38208.0,20221231,576707,749305,576707,INSBANK,38280,232223,0,23543,35521,639604,86844.0,35521_20221231,1,1,0.040823156299472696,0.040823156299472696,<1bn
1171171,NM,47193.0,20221231,1687921,2112345,1687921,FIRST CAROLINA BANK,150274,518242,18944,130040,35530,1749165,622199.0,35530_20221231,1,1,0.07704152030811869,0.08826479438314945,1-10bn
8522,NM,0.0,20221231,127048,190809,127048,FIRST ELECTRONIC BANK,11,118527,0,115094,35533,68661,1235.0,35533_20221231,1,1,0.9059095774825263,0.9059095774825263,<1bn
1726650,NM,24398.0,20221231,2813095,3545894,2813095,BCB COMMUNITY BANK,109401,1087703,0,229889,35541,3045989,370105.0,35541_20221231,1,1,0.08172102257477974,0.08172102257477974,1-10bn
249090,NM,21001.0,20221231,297733,370781,297733,BANK OF FRANKLIN COUNTY,49222,51725,0,7723,35543,284381,0.0,35543_20221231,1,1,0.025939348342306698,0.025939348342306698,<1bn
13916726,SB,205509.0,20221231,15875758,17893084,15875758,AXOS BANK,255652,1961171,0,1660666,35546,15455865,2508792.0,35546_20221231,1,1,0.10460388726006027,0.10460388726006027,10-100bn
96996,N,1638.0,20221231,171940,197648,171940,CANYON COMMUNITY BANK NA,46372,74959,28953,31322,35547,114293,0.0,35547_20221231,1,1,0.18216819820867744,0.3505583343026637,<1bn
54188,SM,1087.0,20221231,81652,95338,81652,CENTURY BANK OF FLORIDA,12463,27485,0,14351,35558,59493,0.0,35558_20221231,1,1,0.17575809533140646,0.17575809533140646,<1bn
404669,NM,39360.0,20221231,585557,661211,585557,AMERICAN BANK&TRUST CO INC,107799,181395,11551,15663,35568,493983,38501.0,35568_20221231,1,1,0.026748890372756195,0.046475407176414935,<1bn
19771482,NM,1384697.0,20221231,35156173,41842515,35156173,PINNACLE BANK,6654057,15650273,284925,1177143,35583,28804270,2482375.0,35583_20221231,1,1,0.03348325200242928,0.04158780308653049,10-100bn
179354,N,0.0,20221231,262484,303261,262484,COMMUNITY FIRST NB,15759,83398,5213,43443,35585,235533,893.0,35585_20221231,1,1,0.1655072309169321,0.1853674890660002,<1bn
100139,SM,13470.0,20221231,123881,136092,123881,NEW FRONTIER BANK,24282,23817,0,3188,35597,99482,0.0,35597_20221231,1,1,0.025734374117096247,0.025734374117096247,<1bn
250,SB,6605.0,20221231,680,31224,680,COUNTRY TRUST BANK,22082,430,0,3,35602,0,0.0,35602_20221231,1,1,0.004411764705882353,0.004411764705882353,<1bn
133019,NM,34918.0,20221231,158322,177112,158322,PEOPLES BANK OF MIDDLE TN,49725,25374,486,4901,35604,108698,9546.0,35604_20221231,1,1,0.030955900001263248,0.03402559341089678,<1bn
100433,SI,13529.0,20221231,330196,389402,330196,"ALLIED FIRST BANK,SB",116548,229764,102742,193773,55130,64522,0.0,55130_20221231,1,1,0.5868423602950975,0.8979969472676834,<1bn
155310,NM,45994.0,20221231,231559,293789,231559,BANK OF CLOVIS,104535,76296,0,14128,57022,159992,0.0,57022_20221231,1,1,0.06101252812458164,0.06101252812458164,<1bn
87628,NM,5693.0,20221231,112839,122432,112839,AMERICAN HERITAGE BANK,49296,25266,12641,7852,57025,56209,0.0,57025_20221231,1,1,0.06958587013355312,0.1816127402759684,<1bn
29861,NM,8255.0,20221231,46938,63191,46938,CHAMPION BANK,13122,17084,4867,33124,57031,13553,0.0,57031_20221231,1,1,0.7056968767310069,0.8093868507392731,<1bn
200411,NM,14474.0,20221231,319371,401943,319371,WILLAMETTE VALLEY BANK,23453,118997,3627,17580,57033,281576,13417.0,57033_20221231,1,1,0.055045699202494906,0.06640239721201988,<1bn
134961,NM,11899.0,20221231,173363,217009,173363,OXFORD UNIVERSITY BANK,35182,38587,1356,3785,57034,163401,0.0,57034_20221231,1,1,0.021832801693556295,0.02965453989605625,<1bn
4958039,N,338794.0,20221231,7239847,8748360,7239847,NICOLET NATIONAL BANK,1596746,2283379,681478,162846,57038,6120152,410987.0,57038_20221231,1,1,0.022493016772315768,0.11662180153807118,1-10bn
743418,N,67718.0,20221231,1935082,2282934,1935082,BANK OF SOUTHERN CA N A,166525,1191851,5952,63927,57044,1889701,20750.0,57044_20221231,1,1,0.033035809335211636,0.03611164798184263,1-10bn
9520017,NM,20602502.0,20221231,88612911,110363650,88612911,SIGNATURE BANK,26152793,79458961,145647,6063510,57053,74388993,3804127.0,57053_20221231,1,1,0.06842693611543808,0.07007056793337937,>=100bn
1479244,NM,0.0,20221231,1506483,2136835,1506483,CELTIC BANK,287588,29188,0,163337,57056,1524903,1288315.0,57056_20221231,1,1,0.10842273029300696,0.10842273029300696,1-10bn
126410,SM,14596.0,20221231,178689,203697,178689,PEOPLES BANK,83109,52336,14563,20046,57058,91395,0.0,57058_20221231,1,1,0.11218373822675151,0.19368287919233976,<1bn
456229,N,31497.0,20221231,884252,988598,884252,CORNERSTONE NB&T CO,150465,428221,29466,220656,57061,601549,0.0,57061_20221231,1,1,0.24953972397008997,0.28286280381610673,<1bn
461086,NM,10977.0,20221231,740652,869275,740652,FIRST COMMERCIAL BANK,18942,279919,0,109500,57069,694818,84521.0,57069_20221231,1,1,0.1478427115568445,0.1478427115568445,<1bn
475169,NM,30942.0,20221231,1334566,1510194,1334566,GEORGIA BANKING CO,65330,860333,29827,69280,57071,1275140,192250.0,57071_20221231,1,1,0.05191200734920566,0.07426159515527894,1-10bn
260722,NM,85426.0,20221231,369288,398594,369288,COMMUNITY BK OF SANTA MARIA,143606,108571,960,16432,57073,218474,0.0,57073_20221231,1,1,0.044496436385693554,0.04709603344814887,<1bn
158563,NM,15338.0,20221231,223868,245975,223868,BANKCDA,110519,65325,6732,17112,57074,105345,0.0,57074_20221231,1,1,0.07643790090589098,0.10650919291725482,<1bn
885001,SB,223187.0,20221231,1627633,2032759,1627633,WESTFIELD BANK FSB,261118,742744,0,111140,57077,1529404,20042.0,57077_20221231,1,1,0.06828320634934289,0.06828320634934289,1-10bn
1705519,N,597453.0,20221231,3693195,4316352,3693195,NORTHBROOK B&T CO NA,648200,1988402,0,321815,57082,3028532,256302.0,57082_20221231,1,1,0.087137288986907,0.087137288986907,1-10bn
34436,NM,0.0,20221231,47029,62150,47029,PLUS INTERNATIONAL BANK,650,12635,0,8614,57083,35455,3565.0,57083_20221231,1,1,0.18316357991877352,0.18316357991877352,<1bn
160308,NM,17.0,20221231,231256,254627,231256,TRADITIONS FIRST BANK,70291,71072,14796,18838,57092,152358,0.0,57092_20221231,1,1,0.08145950807762825,0.14544055073165668,<1bn
500,SB,184410.0,20221231,50500,380554,50500,NORTHWESTERN MUTUAL WEALTH M,349490,50077,1691,99,57093,0,0.0,57093_20221231,1,1,0.0019603960396039604,0.03544554455445544,<1bn
458454,NM,83962.0,20221231,903917,1118256,903917,DOGWOOD STATE BANK,122807,445834,5246,39883,57095,885595,86805.0,57095_20221231,1,1,0.044122413894196036,0.04992604409475649,1-10bn
539944,SM,61802.0,20221231,796292,911313,796292,NORTHSTAR BANK,99854,256455,14541,17522,57097,738244,7242.0,57097_20221231,1,1,0.022004490814927186,0.04026538003646903,<1bn
200646,NM,33334.0,20221231,467344,552682,467344,MISSION VALLEY BANK,55274,267243,2953,38146,57101,431313,47904.0,57101_20221231,1,1,0.08162295867712006,0.08794164469855181,<1bn
427500,N,24285.0,20221231,651105,644903,651105,BANK OF BRENHAM NA,467913,226037,11833,37731,57102,107236,0.0,57102_20221231,1,1,0.05794917870389568,0.0761228987644082,<1bn
1029785,N,231068.0,20221231,1463809,1776640,1463809,SCHAUMBURG B&T CO NA,289769,434312,0,73308,57103,1290382,163932.0,57103_20221231,1,1,0.050080304192691806,0.050080304192691806,1-10bn
250,SB,7483.0,20221231,500,13111,500,EVERENCE TRUST CO,7539,250,0,1135,57109,0,0.0,57109_20221231,1,1,2.27,2.27,<1bn
503921,N,8142.0,20221231,645050,714519,645050,FIRST CENTURY BANK NA,271480,142489,190666,379315,57123,25732,325000.0,57123_20221231,1,1,0.588039686845981,0.8836229749631811,<1bn
357726,NM,142819.0,20221231,539106,563965,539106,FIRST CMTY BANK OF CNTL AL,189510,181768,8339,26422,57124,312285,0.0,57124_20221231,1,1,0.04901076968165815,0.06447897074044807,<1bn
315296,NM,62261.0,20221231,506271,537854,506271,GUARDIAN BANK,162343,191260,8997,32287,57127,328444,10005.0,57127_20221231,1,1,0.06377414467745536,0.08154525935714271,<1bn
74932,SB,19206.0,20221231,519908,593983,519908,COMMUNITY FSB,24584,445011,972,369781,57129,182456,0.0,57129_20221231,1,1,0.7112431430176108,0.7131127045554213,<1bn
1620459,N,2242.0,20221231,3336909,3907360,3336909,LEADER BANK NATIONAL ASSN,515226,1727438,432984,198105,57134,3077738,156111.0,57134_20221231,1,1,0.059367816143622736,0.18912382687091556,1-10bn
152106,NM,60488.0,20221231,198087,204365,198087,MISSION BANK,90496,46000,0,39006,57137,66010,0.0,57137_20221231,1,1,0.19691347741144044,0.19691347741144044,<1bn
61216,NM,0.0,20221231,73447,83217,73447,COMMUNITY BANK OF MISSOURI,2666,12236,0,26051,57141,50272,0.0,57141_20221231,1,1,0.3546911378272768,0.3546911378272768,<1bn
250,N,206.0,20221231,500,20738,500,NATIONAL ADVISORS TRUST CO,6150,250,5944,8396,57160,0,0.0,57160_20221231,1,1,16.792,28.68,<1bn
407329,NM,19119.0,20221231,521288,604276,521288,MAIN STREET BANK CORP,141612,114222,0,33273,57162,402017,0.0,57162_20221231,1,1,0.06382844032473411,0.06382844032473411,<1bn
57947,NM,25.0,20221231,77455,95133,77455,WASHINGTON BUSINESS BANK,25,19518,0,10137,57167,82670,500.0,57167_20221231,1,1,0.13087599251178103,0.13087599251178103,<1bn
200454,SM,51885.0,20221231,1306868,1436616,1306868,COMMERCE WEST BANK,176365,1106637,25284,439078,57176,783491,44814.0,57176_20221231,1,1,0.33597731369962386,0.3553243326793525,1-10bn
336621,SM,78178.0,20221231,849688,985123,849688,FREEDOM BANK OF VIRGINIA,198654,514138,0,34774,57184,697453,217813.0,57184_20221231,1,1,0.04092561034167836,0.04092561034167836,<1bn
119536,NM,0.0,20221231,142979,153523,142979,GOGEBIC RANGE BANK,82011,23456,1355,7681,57192,55255,4000.0,57192_20221231,1,1,0.05372117583701103,0.06319809202750054,<1bn
226547,N,117715.0,20221231,837788,942438,837788,BNC NATIONAL BANK,174876,611358,18036,73464,57197,645578,0.0,57197_20221231,1,1,0.08768805473461067,0.10921617402015785,<1bn
26881000,NM,133000.0,20221231,28424000,37462000,28424000,BARCLAYS BANK DELAWARE,133000,1662000,0,5375000,57203,27601000,8414000.0,57203_20221231,1,1,0.18910075992119335,0.18910075992119335,10-100bn
943906,NM,209053.0,20221231,1521699,1640563,1521699,EMBASSY BK LEHIGH VALLEY,316992,578778,16771,66680,57228,1196450,0.0,57228_20221231,1,1,0.04381944129555188,0.05484067479836682,1-10bn
151074,N,11343.0,20221231,226378,248781,226378,DOUGLAS NATIONAL BANK,39659,75321,10230,26739,57230,172900,0.0,57230_20221231,1,1,0.11811660143653535,0.1633065050490772,<1bn
850300,SM,23048.0,20221231,1686960,2170814,1686960,CEDAR RAPIDS BANK&TRUST CO,242274,837276,8347,25731,57244,1620535,10005.0,57244_20221231,1,1,0.015252880921895006,0.020200834637454354,1-10bn
210699,NM,7802.0,20221231,310806,398740,310806,CORNERSTONE BANK,24166,100300,6314,27066,57250,340072,36002.0,57250_20221231,1,1,0.08708326094090847,0.10739818407624048,<1bn
411060,NM,13586.0,20221231,534351,589930,534351,FIRST CHATHAM BANK,39062,123334,1190,193700,57252,314333,0.0,57252_20221231,1,1,0.36249581267743486,0.3647228132819065,<1bn
1220449,N,174389.0,20221231,1445024,1815328,1445024,CITIZENS CMTY FEDERAL NA,263218,227764,0,34514,57265,1393845,39841.0,57265_20221231,1,1,0.023884724405961424,0.023884724405961424,1-10bn
560106,N,0.0,20221231,1081431,1209386,1081431,SIGNATURE BANK NATIONAL ASSN,215964,521541,164941,89207,57269,881007,1340.0,57269_20221231,1,1,0.08248977512203737,0.23501083286867122,1-10bn
84855,NM,15506.0,20221231,116978,128250,116978,FIRST COMMERCE BANK,29839,32153,3797,8571,57273,86830,0.0,57273_20221231,1,1,0.07327018755663459,0.10572928242917472,<1bn
206748,NM,57575.0,20221231,306287,370251,306287,COMMERCE BANK OF ARIZONA,65496,99583,0,16693,57279,277304,0.0,57279_20221231,1,1,0.05450117047083291,0.05450117047083291,<1bn
180427,SM,11533.0,20221231,274902,323727,274902,FLATIRONS BANK,62949,94670,0,6532,57280,246380,24474.0,57280_20221231,1,1,0.023761194898545664,0.023761194898545664,<1bn
313354,N,0.0,20221231,660011,753516,660011,AMG NATIONAL TRUST BANK,273601,347497,14879,226299,57295,209915,0.0,57295_20221231,1,1,0.3428715582013027,0.36541512186918096,<1bn
323496,NM,856.0,20221231,513907,555631,513907,1ST BANK YUMA,187487,190419,134825,47982,57298,282965,0.0,57298_20221231,1,1,0.09336708781939144,0.35572000381391966,<1bn
271926,NM,69781.0,20221231,412809,454222,412809,UNITED CMTY BANK OF W KY INC,187812,141127,0,11165,57301,226188,18735.0,57301_20221231,1,1,0.027046406449471788,0.027046406449471788,<1bn
17688088,SM,88713.0,20221231,19212223,21228609,19212223,STIFEL BANK&TRUST,4500677,1526109,0,202714,57311,16207446,408009.0,57311_20221231,1,1,0.010551303719512312,0.010551303719512312,10-100bn
99660,SM,0.0,20221231,205243,233517,205243,TOWN&COUNTRY BANK,33895,105598,16910,67663,57312,119677,0.0,57312_20221231,1,1,0.3296726319533431,0.41206277436989325,<1bn
161451,SM,0.0,20221231,286253,299405,286253,FARMERS BANK,80884,124939,0,38360,57335,172643,0.0,57335_20221231,1,1,0.13400732918082955,0.13400732918082955,<1bn
105592,NM,13766.0,20221231,180567,205907,180567,DRAKE BANK,33835,75074,11957,10512,57336,159646,26695.0,57336_20221231,1,1,0.058216617654388673,0.12443580499205281,<1bn
1485622,NM,0.0,20221231,2057883,2303736,2057883,SOUTHEAST BANK,0,574570,0,71477,57348,2098575,223699.0,57348_20221231,1,1,0.03473326714881264,0.03473326714881264,1-10bn
5341226,SM,373179.0,20221231,6796805,7206882,6796805,STIFEL BANK,2093286,1457416,0,308367,57358,4414543,45581.0,57358_20221231,1,1,0.045369405183759134,0.045369405183759134,1-10bn
260040,NM,0.0,20221231,330803,395211,330803,AMERICAN EAGLE BANK,12779,71920,9688,25003,57359,344385,62632.0,57359_20221231,1,1,0.07558274864496392,0.10486906104237265,<1bn
32543,NM,1049.0,20221231,39787,46427,39787,CHEYENNE STATE BANK,2432,7250,0,1828,57363,37525,0.0,57363_20221231,1,1,0.04594465528941614,0.04594465528941614,<1bn
1884947,NM,36972.0,20221231,2810253,3249463,2810253,BANKWELL BANK,121634,930594,51489,344924,57368,2646384,1026673.0,57368_20221231,1,1,0.12273770368717692,0.14105954161422476,1-10bn
710439,NM,307228.0,20221231,1834365,2085834,1834365,U S CENTURY BANK,418839,1124064,9841,54168,57369,1489851,0.0,57369_20221231,1,1,0.029529564726758308,0.03489436398971851,1-10bn
272149,NM,74449.0,20221231,377509,404874,377509,OREGON COAST BANK,178832,105415,0,5624,57373,201999,0.0,57373_20221231,1,1,0.014897658069079148,0.014897658069079148,<1bn
498362,NM,83674.0,20221231,672670,776801,672670,TRADITIONS BANK,124152,174873,12854,7852,57377,601426,38666.0,57377_20221231,1,1,0.011672885664590365,0.030781809802726448,<1bn
17374,NM,0.0,20221231,18187,42094,18187,INDEPENDENCE BANK,0,816,0,41040,57379,0,0.0,57379_20221231,1,1,2.256556881288833,2.256556881288833,<1bn
87018,NM,4223.0,20221231,120091,129859,120091,UNITED BANK&TRUST CO,43828,33121,12943,6645,57391,68957,0.0,57391_20221231,1,1,0.05533303911200673,0.16310964185492668,<1bn
128399,NM,3898.0,20221231,161493,183267,161493,BANK OF LINCOLN COUNTY,20360,33264,0,19497,57396,132336,0.0,57396_20221231,1,1,0.12072969107020118,0.12072969107020118,<1bn
13302279,NM,3218818.0,20221231,13437184,15675667,13437184,OPTUM BANK INC,10246954,134923,1000490,821445,57408,3941060,0.0,57408_20221231,1,1,0.06113222830021528,0.13558904901503172,10-100bn
246990,NM,0.0,20221231,465994,508889,465994,WORTHINGTON BANK,88330,219122,88330,71977,57414,331571,0.0,57414_20221231,1,1,0.15445907028845865,0.34401086709270934,<1bn
949550,N,267121.0,20221231,1293609,1501392,1293609,FORCHT BANK NATIONAL ASSN,392192,344332,21304,40048,57415,950716,0.0,57415_20221231,1,1,0.03095834985687329,0.04742700460494632,1-10bn
285904,SM,7578.0,20221231,412265,474952,412265,PATRIOT BANK,174489,126974,13490,20346,57416,242977,17798.0,57416_20221231,1,1,0.0493517519071471,0.08207342364741126,<1bn
355580,NM,243084.0,20221231,1795290,2129693,1795290,COMMERCIAL BANK OF CA,433135,1440348,59666,160059,57417,1448743,100438.0,57417_20221231,1,1,0.08915495546680481,0.1223896974862,1-10bn
159141,SM,9454.0,20221231,184491,200561,184491,HIGHLANDS COMMUNITY BANK,78783,25473,4172,9019,57420,101913,5000.0,57420_20221231,1,1,0.04888585351046935,0.07149942273606842,<1bn
460042,NM,56821.0,20221231,679446,732028,679446,SANIBEL CAPTIVA CMTY BANK,56821,219417,0,51427,57425,596909,0.0,57425_20221231,1,1,0.07568960594366587,0.07568960594366587,<1bn
92665,SM,11183.0,20221231,137227,151773,137227,COMMERCE BANK&TRUST,32370,44599,8048,3679,57429,109242,0.0,57429_20221231,1,1,0.026809592864378,0.08545694360439272,<1bn
186931,NM,1709.0,20221231,279943,339087,279943,AMERICAN CONTINENTAL BANK,7602,93158,4930,7402,57444,262959,0.0,57444_20221231,1,1,0.026441096937590867,0.04405182483577014,<1bn
1613344,NM,36371.0,20221231,1611022,1954652,1611022,MEDALLION BANK,50216,100,0,53962,57449,1761107,1597278.0,57449_20221231,1,1,0.03349550782050152,0.03349550782050152,1-10bn
258864000,SM,206863000.0,20221231,325993000,348731000,325993000,CHARLES SCHWAB BANK SSB,274910000,67216000,32784000,23861000,57450,40830000,17396000.0,57450_20221231,1,1,0.07319482320172518,0.17376139978465796,>=100bn
651867,NM,4686.0,20221231,813526,976516,813526,SOUND COMMUNITY BANK,12406,161897,1594,57836,57451,858382,0.0,57451_20221231,1,1,0.07109299518392774,0.0730523671032026,<1bn
987674,NM,123856.0,20221231,2052538,2419997,2052538,PCB BANK,141863,1068018,0,147031,57463,2043932,87031.0,57463_20221231,1,1,0.07163375294391626,0.07163375294391626,1-10bn
368774,NM,19001.0,20221231,519432,572425,519432,FIRST COMMERCE BANK,60072,151317,0,30347,57465,442553,0.0,57465_20221231,1,1,0.05842343174852531,0.05842343174852531,<1bn
57947,NM,1928.0,20221231,79687,85343,79687,COMMUNITY BANK OWATONNA,18286,21849,2456,3512,57468,56526,675.0,57468_20221231,1,1,0.04407243339566052,0.07489301893658941,<1bn
250,SB,25895.0,20221231,500,42132,500,MEMBERS TRUST CO,27966,250,2071,5356,57470,0,0.0,57470_20221231,1,1,10.712,14.854,<1bn
531408,NM,324673.0,20221231,902126,989626,902126,CITIZENS BANK&TRUST,387658,370959,24655,19079,57483,510190,65000.0,57483_20221231,1,1,0.021148930415485198,0.04847881559782115,<1bn
155292,NM,28762.0,20221231,206852,230713,206852,METROPOLITAN CAPITAL B&T,54481,51656,0,16745,57488,148952,40978.0,57488_20221231,1,1,0.08095159824415524,0.08095159824415524,<1bn
211131,NM,15941.0,20221231,292168,336887,292168,BANK OF COMMERCE,43054,81279,0,38122,57491,234242,0.0,57491_20221231,1,1,0.13047972399441418,0.13047972399441418,<1bn
61448,NM,10134.0,20221231,140020,165113,140020,PRIMEBANK OF TEXAS,35594,78586,7805,47022,57495,73332,0.0,57495_20221231,1,1,0.3358234537923154,0.39156549064419366,<1bn
835201,NM,198991.0,20221231,1136758,1404490,1136758,PATHFINDER BANK,385913,302389,0,35277,57497,882445,248631.0,57497_20221231,1,1,0.031032990311042456,0.031032990311042456,1-10bn
306605,N,32849.0,20221231,455831,554328,455831,LIBERTY NATIONAL BANK,74039,149510,0,20759,57505,375747,0.0,57505_20221231,1,1,0.04554100094113827,0.04554100094113827,<1bn
278960,NM,412182.0,20221231,1825993,2132295,1825993,AVIDBANK,444664,1547068,0,47288,57510,1537742,0.0,57510_20221231,1,1,0.02589714199342495,0.02589714199342495,1-10bn
338806,NM,1152.0,20221231,516755,640011,516755,COMMUNITY FIRST BANK OF IN,6006,178123,1432,54445,57511,530538,15332.0,57511_20221231,1,1,0.10535940629505278,0.10813054542287931,<1bn
25559983,SM,3258216.0,20221231,53918167,67683841,53918167,WESTERN ALLIANCE BANK,8502254,29672465,0,1043285,57512,53260628,4794626.0,57512_20221231,1,1,0.0193494151980352,0.0193494151980352,10-100bn
337420,NM,40391.0,20221231,840501,918760,840501,TOLLESON PRIVATE BANK,58260,503270,0,131740,57522,719477,103238.0,57522_20221231,1,1,0.15673984920898368,0.15673984920898368,<1bn
366017,NM,59844.0,20221231,466645,539856,466645,HOMETOWN BANK OF ALABAMA,180487,116743,0,46634,57540,289862,12095.0,57540_20221231,1,1,0.09993463982256319,0.09993463982256319,<1bn
5258916,NM,956766.0,20221231,5638043,6590970,5638043,TOYOTA FINANCIAL SB,3823998,405461,2859672,266689,57542,2333489,3539446.0,57542_20221231,1,1,0.047301696705754105,0.5545117339473998,1-10bn
208861,N,0.0,20221231,400451,445281,400451,TRINITY BANK N A,134628,191845,0,25562,57543,277534,10000.0,57543_20221231,1,1,0.06383302826063614,0.06383302826063614,<1bn
52448,SM,0.0,20221231,74453,89067,74453,HERITAGE BANK,8467,24391,7510,4498,57548,70607,0.0,57548_20221231,1,1,0.06041395242636294,0.16128295703329618,<1bn
459672,NM,5436.0,20221231,570170,653640,570170,TRADITIONS BANK,22699,110804,0,72594,57554,527864,44523.0,57554_20221231,1,1,0.127319922128488,0.127319922128488,<1bn
76477847,NM,5422813.0,20221231,103818007,120987397,103818007,UBS BANK USA,7562481,27451199,2135434,23412427,57565,89163318,22002709.0,57565_20221231,1,1,0.22551412492439776,0.2460831385445494,>=100bn
106777,NM,10396.0,20221231,140107,156387,140107,PEOPLESTRUST BANK,21432,33474,976,6594,57569,111047,733.0,57569_20221231,1,1,0.04706402963449364,0.05403013411178599,<1bn
8530521,NM,67317.0,20221231,9240518,14890468,9240518,COMENITY CAPITAL BANK,101491,717851,0,2426799,57570,11490543,1969592.0,57570_20221231,1,1,0.26262586145062433,0.26262586145062433,10-100bn
115046,NM,2024.0,20221231,136194,174700,136194,CONTINENTAL BANK,10595,21237,0,14736,57571,144702,100289.0,57571_20221231,1,1,0.10819859905722719,0.10819859905722719,<1bn
163739,NM,24753.0,20221231,230580,280849,230580,HERITAGE BANK OF THE OZARKS,43874,66983,0,11687,57576,205285,4501.0,57576_20221231,1,1,0.050685228554081016,0.050685228554081016,<1bn
127724,NM,1669.0,20221231,154959,170835,154959,COMMUNITY BANK OF GEORGIA,16847,27378,4661,5906,57579,103528,0.0,57579_20221231,1,1,0.03811330739098729,0.06819223149349182,<1bn
249581,NM,0.0,20221231,565954,648742,565954,GOLDEN STATE BANK,25936,316628,25936,76138,57585,535679,12044.0,57585_20221231,1,1,0.13453036819246794,0.18035741420680831,<1bn
194693,NM,17467.0,20221231,297658,323221,297658,INTEGRITY BANK&TRUST,63788,102984,24986,16748,57587,223835,0.0,57587_20221231,1,1,0.05626591591692479,0.14020788959141028,<1bn
742397,NM,15219.0,20221231,1530782,1744487,1530782,SANTA CRUZ COUNTY BANK,323570,788624,246964,77381,57591,1246296,0.0,57591_20221231,1,1,0.05054998033684744,0.2118819008846459,1-10bn
493583,NM,61275.0,20221231,687689,747614,687689,MAINSTREET CMTY BANK OF FL,217471,194162,71694,24172,57598,460249,3625.0,57598_20221231,1,1,0.0351496097800023,0.13940313135734322,<1bn
422552,N,55550.0,20221231,779761,868853,779761,FALCON NATIONAL BANK,64560,357569,890,37620,57603,739259,73496.0,57603_20221231,1,1,0.04824555216277808,0.04938692753292355,<1bn
1356083,NM,55254.0,20221231,2431601,2863212,2431601,FIRST WESTERN TRUST BANK,81683,1075742,243,196511,57607,2463028,238200.0,57607_20221231,1,1,0.08081547918429051,0.0809154133428963,1-10bn
343040,NM,38582.0,20221231,471560,525072,471560,REDWOOD CAPITAL BANK,74203,128536,20474,33513,57610,373517,0.0,57610_20221231,1,1,0.07106836881839003,0.11448596148952413,<1bn
5336583,NM,4517.0,20221231,5689931,6506460,5689931,FORBRIGHT BANK,59066,357994,0,1231577,57614,5023713,3509955.0,57614_20221231,1,1,0.21644849471812574,0.21644849471812574,1-10bn
154862,NM,3997.0,20221231,189583,212915,189583,CLARION CNTY CMTY BANK,24137,34857,0,5842,57624,169840,4013.0,57624_20221231,1,1,0.030814999235163492,0.030814999235163492,<1bn
207993,NM,15391.0,20221231,431908,479080,431908,1ST STATE BANK,97773,223978,71906,84236,57626,267529,0.0,57626_20221231,1,1,0.19503227539198162,0.361516804504663,<1bn
171807,NM,27592.0,20221231,218216,229717,218216,HOMELAND COMMUNITY BANK,88352,46751,12139,14839,57632,113131,0.0,57632_20221231,1,1,0.06800142977600176,0.1236297979983136,<1bn
1586010,SI,69966.0,20221231,2145847,2632273,2145847,1ST SECURITY BANK OF WA,237722,559984,0,46004,57633,2211032,393859.0,57633_20221231,1,1,0.021438620740434896,0.021438620740434896,1-10bn
65027,NM,2214.0,20221231,84255,94754,84255,BANK OF WALKER COUNTY,31627,19252,24514,5474,57640,53554,0.0,57640_20221231,1,1,0.06496943801554804,0.3559195299982197,<1bn
179861,NM,0.0,20221231,241061,265816,241061,GATEWAY BANK,14212,61247,12295,73690,57644,176525,4992.0,57644_20221231,1,1,0.30569026097128943,0.3566939488345274,<1bn
110545,NM,0.0,20221231,128017,152834,128017,HERITAGE COMMUNITY BANK,2920,17569,1977,17073,57656,124427,2045.0,57656_20221231,1,1,0.1333650999476632,0.14880836138950296,<1bn
3890082,SM,629481.0,20221231,9141932,12148275,9141932,VERITEX COMMUNITY BANK,1292252,5285529,0,436029,57665,9412240,1307996.0,57665_20221231,1,1,0.04769549806321027,0.04769549806321027,10-100bn
343988,SM,4916.0,20221231,454602,588006,454602,EMPIRE STATE BANK,16042,110750,3868,38115,57672,506732,40627.0,57672_20221231,1,1,0.08384256998429396,0.0923511115217267,<1bn
156088,NM,26742.0,20221231,219837,269252,219837,CEDARSTONE BANK,67318,63873,2806,4385,57684,177370,3004.0,57684_20221231,1,1,0.019946596796717567,0.032710599216692365,<1bn
304449,N,0.0,20221231,407207,484526,407207,AMERICAN COMMERCE BANK NA,0,103351,0,88761,57686,385499,38198.0,57686_20221231,1,1,0.2179751330404438,0.2179751330404438,<1bn
140810,N,23810.0,20221231,288747,312617,288747,FIRST NB OF DECATUR COUNTY,96747,148305,23198,19265,57694,168668,498.0,57694_20221231,1,1,0.06671930790622933,0.1470595365492975,<1bn
61885,SB,5652.0,20221231,74370,117575,74370,AMERICAN INVESTORS BANK&MORT,11087,12665,0,598,57695,103049,0.0,57695_20221231,1,1,0.008040876697593116,0.008040876697593116,<1bn
1213042,N,123147.0,20221231,1823601,2119862,1823601,BEVERLY B&T CO NA,141188,644326,0,118229,57701,1705402,185658.0,57701_20221231,1,1,0.064832712857692,0.064832712857692,1-10bn
363214,N,5592.0,20221231,499628,603408,499628,T BANK NATIONAL ASSN,45895,136776,1953,37329,57703,479721,40098.0,57703_20221231,1,1,0.07471358690866005,0.07862249513638146,<1bn
492542,NM,15944.0,20221231,857159,965156,857159,SUMMIT BANK,62960,364733,40648,103234,57706,740145,0.0,57706_20221231,1,1,0.12043739842899626,0.16785917198559427,<1bn
126808,NM,297957.0,20221231,906665,1120128,906665,GREENE CNTY COMMERCIAL BANK,1036698,779858,49234,69242,57710,0,0.0,57710_20221231,1,1,0.07636999332719362,0.13067229902996144,1-10bn
977075,SM,52792.0,20221231,2088359,2495514,2088359,UNITED BUSINESS BANK,154004,1111670,0,178101,57716,2004604,43870.0,57716_20221231,1,1,0.08528275071479569,0.08528275071479569,1-10bn
125839,NM,10873.0,20221231,223352,243047,223352,ALLIANCE BANK&TRUST CO,28904,97521,16677,24011,57733,182712,0.0,57733_20221231,1,1,0.10750295497689745,0.18216984849027543,<1bn
139466,N,14620.0,20221231,244114,333816,244114,EH NATIONAL BANK,15638,104817,0,9235,57734,274310,0.0,57734_20221231,1,1,0.03783068566325569,0.03783068566325569,<1bn
225268,NM,16069.0,20221231,493272,559029,493272,PACIFIC VALLEY BANK,27650,268004,3702,27807,57740,403180,0.0,57740_20221231,1,1,0.056372549019607844,0.06387753612611298,<1bn
266259,NM,177036.0,20221231,378037,517001,378037,FIRST SOUTHWEST BANK,209414,111872,15648,31220,57741,253927,0.0,57741_20221231,1,1,0.08258450892372969,0.12397728264693668,<1bn
1031646,SM,22227.0,20221231,1517966,1924469,1517966,MAINSTREET BANK,77272,486888,0,130600,57742,1579950,317329.0,57742_20221231,1,1,0.08603618262859643,0.08603618262859643,1-10bn
887815,NM,228693.0,20221231,1313643,1544134,1313643,PROVIDENCE BANK&TRUST,385851,426437,46107,33516,57754,1031591,26762.0,57754_20221231,1,1,0.025513781141451673,0.060612358152100684,1-10bn
674409,NM,151868.0,20221231,1553197,1833451,1553197,COASTALSTATES BANK,366120,880575,53466,28709,57756,1330741,75990.0,57756_20221231,1,1,0.01848381113277968,0.05290700406967049,1-10bn
1037182,NM,42117.0,20221231,1717076,2062088,1717076,MERIDIAN BANK,174911,682434,29523,38149,57777,1747097,375319.0,57777_20221231,1,1,0.022217420778113492,0.039411185061115524,1-10bn
190973,NM,9132.0,20221231,228434,261320,228434,NANTAHALA BANK&TRUST CO,88585,37479,43783,3285,57784,153633,0.0,57784_20221231,1,1,0.014380521288424665,0.20604638538921527,<1bn
86059,NM,12340.0,20221231,134720,146357,134720,LAKEVIEW BANK,27718,48723,5894,12155,57785,100788,1339.0,57785_20221231,1,1,0.09022416864608077,0.13397416864608075,<1bn
60689,NM,3835.0,20221231,132213,171623,132213,FIRST SOUND BANK,7782,71938,0,14542,57799,144444,7000.0,57799_20221231,1,1,0.10998918411956464,0.10998918411956464,<1bn
137486000,SM,24166000.0,20221231,156081000,181890000,156081000,ALLY BANK,26409000,19325000,1422000,5270000,57803,132377000,12590000.0,57803_20221231,1,1,0.0337645197045124,0.04287517378796907,>=100bn
438864,SB,8.0,20221231,515865,632715,515865,QUONTIC BANK,4464,77469,0,107544,57807,484145,3302.0,57807_20221231,1,1,0.20847314704428485,0.20847314704428485,<1bn
676374,NM,21706.0,20221231,1172157,1357568,1172157,STERLING BANK,34062,496929,0,265423,57813,976253,14181.0,57813_20221231,1,1,0.2264398028591733,0.2264398028591733,1-10bn
1505293,NM,239137.0,20221231,2182029,2994374,2409582,BANESCO USA,439412,907616,19264,89353,57815,2312156,485296.0,57815_20221231,1,1,0.040949501587742416,0.049777981869168555,1-10bn
390028,SM,121859.0,20221231,818510,913725,818510,TRUXTON TRUST CO,256775,428641,0,7697,57825,613187,172446.0,57825_20221231,1,1,0.00940367252690865,0.00940367252690865,<1bn
18745379,NM,656661.0,20221231,18933558,25971989,18933558,BEAL BANK USA,18417015,1836626,17653440,2756134,57833,2574150,17488819.0,57833_20221231,1,1,0.14556873039922028,1.0779576664882533,10-100bn
250,NM,0.0,20221231,500,3377,500,EMIGRANT MERCANTILE BANK,0,250,0,3377,57834,0,0.0,57834_20221231,1,1,6.754,6.754,<1bn
271138,NM,43441.0,20221231,447494,560988,447494,VALLIANCE BANK,47412,176428,3971,11324,57841,470214,62630.0,57841_20221231,1,1,0.025305367222800752,0.03417922921871578,<1bn
58176,NM,0.0,20221231,409989,453148,409989,PIONEER COMMERCIAL BANK,115161,351813,0,336354,57849,0,0.0,57849_20221231,1,1,0.8203976204239626,0.8203976204239626,<1bn
377216,NM,59303.0,20221231,661539,714840,661539,TIMBERLINE BANK,133012,284570,39070,8393,57857,528515,94349.0,57857_20221231,1,1,0.012687082696560596,0.07174633695065596,<1bn
162681,NM,10311.0,20221231,184601,224606,184601,UNITED CITIZENS BANK OF S KY,28415,22149,12916,6943,57867,180379,0.0,57867_20221231,1,1,0.03761084717850933,0.10757796544980797,<1bn
149817,NM,4999.0,20221231,223795,247777,223795,1ST TRUST BANK INC,28887,74018,0,16570,57869,191201,0.0,57869_20221231,1,1,0.07404097499944146,0.07404097499944146,<1bn
101424,NM,24500.0,20221231,240090,281866,240090,PACIFIC WEST BANK,50822,138761,3854,16485,57872,201081,5038.0,57872_20221231,1,1,0.06866175184305885,0.0847140655587488,<1bn
868586,SM,5048.0,20221231,1538950,1812448,1538950,COMMONWEALTH BUSINESS BANK,72550,673168,0,186166,57873,1500184,121017.0,57873_20221231,1,1,0.12096949218623088,0.12096949218623088,1-10bn
446903,NM,33200.0,20221231,566825,653830,566825,PARAGON BANK,70430,120205,18487,12242,57874,548130,100059.0,57874_20221231,1,1,0.021597494817624487,0.054212499448683456,<1bn
92701,NM,8083.0,20221231,135263,151320,135263,LEGACY STATE BANK,35174,42573,6938,14405,57882,92211,0.0,57882_20221231,1,1,0.10649623326408553,0.15778890014268498,<1bn
63821,NM,0.0,20221231,68597,94527,68597,PARAMOUNT BANK,1485,4859,0,8862,57884,74952,11471.0,57884_20221231,1,1,0.12918932314824264,0.12918932314824264,<1bn
39077708,N,22482099.0,20221231,129790483,162436537,136884172,HSBC BANK USA NATIONAL ASSN,34781383,95476917,8325079,18694344,57890,56994916,18843821.0,57890_20221231,1,1,0.14403478258109265,0.20817722821788096,>=100bn
162561,NM,11847.0,20221231,228733,252801,228733,VISIONBANK,48786,66385,29442,5541,57892,190175,0.0,57892_20221231,1,1,0.024224751129045655,0.15294251376058549,<1bn
142919,NM,6187.0,20221231,177791,245708,177791,SOUTHERNTRUST BANK,19727,35004,0,27319,57897,184801,0.0,57897_20221231,1,1,0.1536579466902149,0.1536579466902149,<1bn
94123,NM,667.0,20221231,133643,151388,133643,1ST ADVANTAGE BANK,1580,39596,0,13963,57899,132724,0.0,57899_20221231,1,1,0.10447984555868994,0.10447984555868994,<1bn
53575,NM,995.0,20221231,101714,147775,101714,ONE WORLD BANK,995,49226,0,27196,57901,113597,0.0,57901_20221231,1,1,0.26737715555380775,0.26737715555380775,<1bn
2311698,NM,117129.0,20221231,4063140,5315215,4063140,POPPY BANK,1560685,1753722,0,115018,57903,3390985,406126.0,57903_20221231,1,1,0.02830766353116063,0.02830766353116063,1-10bn
38733,NM,475.0,20221231,48187,57843,48187,FIRST STATE BANK,6481,9074,3680,8213,57910,41721,0.0,57910_20221231,1,1,0.17044016020918504,0.24680930541432336,<1bn
165404,NM,0.0,20221231,215012,233881,215012,BANK OF GRAND LAKE,74691,49706,14872,9780,57915,138239,12108.0,57915_20221231,1,1,0.045485833348836345,0.11465406581958217,<1bn
4136954,NM,482328.0,20221231,7473783,9640575,7473783,CONNECTONE BANK,646477,6533537,806,268315,57919,8022948,1386335.0,57919_20221231,1,1,0.035900828268629156,0.03600867191354097,1-10bn
459695,NM,54336.0,20221231,560741,628293,560741,PRIME ALLIANCE BANK,90120,101456,0,7324,57920,502802,130600.0,57920_20221231,1,1,0.013061288544978877,0.013061288544978877,<1bn
144879,NM,0.0,20221231,275826,316739,275826,TEXAS BRAND BANK,0,131079,0,27526,57922,281567,0.0,57922_20221231,1,1,0.09979479816986071,0.09979479816986071,<1bn
274651,NM,94520.0,20221231,550995,602983,550995,PEACH STATE BANK&TRUST,210813,280944,84611,25607,57923,341103,12.0,57923_20221231,1,1,0.04647410593562555,0.20003448307153424,<1bn
119692,SM,2155.0,20221231,203768,300187,203768,ANCHOR BANK,15203,84114,0,48284,57931,216461,3265.0,57931_20221231,1,1,0.23695575360213575,0.23695575360213575,<1bn
76967,NM,0.0,20221231,193845,215750,193845,VALLEY BANK OF NEVADA,21586,116879,0,23732,57933,116331,0.0,57933_20221231,1,1,0.12242771286337022,0.12242771286337022,<1bn
1027099,NM,209809.0,20221231,1887329,2094205,1887329,OPEN BANK,213139,863001,0,82972,57944,1703386,341574.0,57944_20221231,1,1,0.04396265833884818,0.04396265833884818,1-10bn
75726,NM,3513.0,20221231,96063,109371,96063,BANK OF BOZEMAN,24451,20448,14631,2603,57952,76704,0.0,57952_20221231,1,1,0.027096801057639258,0.17940310004892623,<1bn
422980,N,1879.0,20221231,775992,916023,775992,LEGACY NATIONAL BANK,40786,353433,1975,18586,57953,788882,3278.0,57953_20221231,1,1,0.02395127784822524,0.026496407179455457,<1bn
151966,NM,10294.0,20221231,201855,223956,201855,SUMNER BANK&TRUST,14660,49915,972,16232,57954,182921,4664.0,57954_20221231,1,1,0.08041415867825914,0.08522949642069802,<1bn
105383146,N,26156455.0,20221231,182871182,226401591,182994749,CITIZENS BANK NATIONAL ASSN,33950726,89640475,3485948,10939330,57957,155791282,5857997.0,57957_20221231,1,1,0.059819868173652424,0.07888218275966521,>=100bn
331642,NM,13399.0,20221231,431110,516679,431110,FIRST RESOURCE BANK,34782,99662,14982,5701,57967,454447,19558.0,57967_20221231,1,1,0.013224003154647305,0.047976154577717985,<1bn
1601907,SM,164661.0,20221231,2744963,3559321,2744963,PRIMIS BANK,249835,1144314,0,79080,57968,2937719,100010.0,57968_20221231,1,1,0.028809131489204044,0.028809131489204044,1-10bn
167438,NM,0.0,20221231,291292,317922,291292,LINCOLNWAY COMMUNITY BANK,11637,123923,957,77888,57971,216608,0.0,57971_20221231,1,1,0.2673880504785576,0.27067341361932357,<1bn
37391,N,181.0,20221231,43229,55256,43229,CALIFORNIA INTL BANK N A,181,5861,0,13427,57974,39427,0.0,57974_20221231,1,1,0.31060167942816164,0.31060167942816164,<1bn
332191,NM,19478.0,20221231,433195,512247,433195,SAVIBANK,38103,101097,1937,10007,57978,428589,10001.0,57978_20221231,1,1,0.023100451297914333,0.02757187871512829,<1bn
139871,NM,6735.0,20221231,207645,228141,207645,HURON VALLEY STATE BANK,21947,67802,12674,51840,57990,148213,0.0,57990_20221231,1,1,0.24965686628620964,0.3106937320908281,<1bn
3917119,NM,768632.0,20221231,11566097,14594770,11566097,SERVISFIRST BANK,1678936,7660850,510120,814538,57993,11543278,50000.0,57993_20221231,1,1,0.07042462120108452,0.11452938705252083,10-100bn
988929,NM,0.0,20221231,2311923,2671340,2311923,BRYANT BANK,662255,1326937,476744,832239,57997,1071808,0.0,57997_20221231,1,1,0.3599769542497739,0.5661879742534678,1-10bn
95838,NM,0.0,20221231,128133,141945,128133,FREEDOM BANK,0,32309,0,35515,58010,103455,0.0,58010_20221231,1,1,0.2771729374946345,0.2771729374946345,<1bn
770459,NM,95041.0,20221231,846999,956239,846999,TWO RIVERS BANK&TRUST,209665,76650,46266,25615,58013,675485,0.0,58013_20221231,1,1,0.03024206640149516,0.08486550751535717,<1bn
464955,NM,50193.0,20221231,663984,824225,663984,ST LOUIS BANK,69642,199387,0,19861,58018,692254,117964.0,58018_20221231,1,1,0.029911865346152918,0.029911865346152918,<1bn
97449,SM,0.0,20221231,168668,209543,168668,VERUS BANK OF COMMERCE,0,71238,0,41347,58025,147742,16497.0,58025_20221231,1,1,0.2451383783527403,0.2451383783527403,<1bn
228618,SM,31676.0,20221231,402338,447727,402338,SUNRISE BANK,70820,174018,0,10559,58029,353512,18040.0,58029_20221231,1,1,0.026244103216698397,0.026244103216698397,<1bn
191338,SM,53270.0,20221231,311088,339504,311088,PARADISE BANK,53270,119791,0,38149,58030,222953,0.0,58030_20221231,1,1,0.12263089543794682,0.12263089543794682,<1bn
70376,NM,0.0,20221231,98057,114018,98057,CALIFORNIA BUSINESS BANK,10654,27829,10654,8446,58037,76234,1245.0,58037_20221231,1,1,0.08613357536942799,0.19478466606157643,<1bn
254435,NM,1658.0,20221231,412658,484660,412658,FIRST RESOURCE BANK,28453,158305,20611,16428,58039,419397,7953.0,58039_20221231,1,1,0.039810206030175106,0.0897571354487251,<1bn
241120,NM,17023.0,20221231,323095,412577,323095,ECLIPSE BANK INC,33636,82292,0,8486,58049,355532,22699.0,58049_20221231,1,1,0.02626472090252093,0.02626472090252093,<1bn
726054,NM,73297.0,20221231,1036314,1292126,1036314,FIRST COMMERCE BANK,79690,310955,0,42585,58054,1100300,1.0,58054_20221231,1,1,0.041092757600495605,0.041092757600495605,1-10bn
642119,NM,57333.0,20221231,1391526,2105040,1391526,TRADITION CAPITAL BANK,357905,750660,217939,56224,58057,1624368,136785.0,58057_20221231,1,1,0.04040456304804941,0.19702326798061984,1-10bn
547344,NM,7999.0,20221231,902040,1175415,902040,FIRST GENERAL BANK,11538,355056,0,139483,58060,923874,118122.0,58060_20221231,1,1,0.15463061505033035,0.15463061505033035,1-10bn
109014,NM,0.0,20221231,159159,202081,159159,VISIONBANK,0,50241,0,19676,58063,179845,15661.0,58063_20221231,1,1,0.12362480287008588,0.12362480287008588,<1bn
237957,NM,0.0,20221231,522287,591352,522287,BANK OF SAN FRANCISCO,0,284665,0,60039,58069,515465,37081.0,58069_20221231,1,1,0.1149540386798829,0.1149540386798829,<1bn
191526,NM,0.0,20221231,285083,317478,285083,FLINT COMMUNITY BANK,8683,94852,6767,35526,58074,257794,0.0,58074_20221231,1,1,0.12461633980279427,0.14835328658671335,<1bn
73686,NM,1117.0,20221231,87232,114712,87232,CONNECTIONS BANK,3055,13622,0,2940,58076,100987,4469.0,58076_20221231,1,1,0.03370322817314747,0.03370322817314747,<1bn
108908,NM,6670.0,20221231,137606,149703,137606,PUTNAM 1ST MERCANTILE BANK,26801,28757,977,3980,58079,112533,4000.0,58079_20221231,1,1,0.028923157420461316,0.03602313852593637,<1bn
284408,SI,0.0,20221231,293073,328171,293073,AUSTIN CAPITAL BANK SSB,0,8669,0,38232,58082,273079,0.0,58082_20221231,1,1,0.13045213991053423,0.13045213991053423,<1bn
567750,NM,9814.0,20221231,913685,1366149,913685,SOUTHPOINT BANK,34903,346162,0,123478,58088,1138087,0.0,58088_20221231,1,1,0.13514285557932987,0.13514285557932987,1-10bn
422626,NM,177019.0,20221231,1084976,1293158,1084976,FRESNO FIRST BANK,343843,662420,10546,59956,58090,843702,24507.0,58090_20221231,1,1,0.055260208520741476,0.06498023919423103,1-10bn
321891,NM,7027.0,20221231,497563,573260,497563,IDAHO FIRST BANK,36662,175961,16317,44881,58095,473860,35002.0,58095_20221231,1,1,0.09020164280704152,0.12299547996937071,<1bn
90524,NM,13151.0,20221231,177105,200551,177105,SIGNATURE BANK OF GEORGIA,34246,86592,3000,21545,58103,132293,0.0,58103_20221231,1,1,0.12165099799553937,0.13859010191694193,<1bn
112304,NM,0.0,20221231,162343,198703,162343,RIVERLAND BANK,3771,50325,2756,10984,58106,180858,0.0,58106_20221231,1,1,0.0676592153649988,0.08463561718090709,<1bn
266847,SM,19278.0,20221231,376286,399771,376286,NOBLEBANK&TRUST,104703,109553,0,27333,58111,236672,0.0,58111_20221231,1,1,0.07263889700918982,0.07263889700918982,<1bn
280700,NM,0.0,20221231,494381,558007,494381,FLAGSHIP BANK,27470,214738,27470,77230,58113,430751,0.0,58113_20221231,1,1,0.15621555035488824,0.21177998345405669,<1bn
300392,NM,25945.0,20221231,331315,428906,331315,BANK OF BELLEVILLE,70778,31067,0,22938,58114,308440,20667.0,58114_20221231,1,1,0.0692332070688016,0.0692332070688016,<1bn
1712415,SM,4263.0,20221231,1740131,2022239,1740131,OAKSTAR BANK,121310,28691,78855,95276,58115,1654359,77597.0,58115_20221231,1,1,0.05475219969071294,0.10006775351970627,1-10bn
267619,NM,2768.0,20221231,524242,661355,524242,TRIAD BANK,36034,256778,23417,41224,58121,559307,33218.0,58121_20221231,1,1,0.07863543935815902,0.12330374140187166,<1bn
918072,N,187646.0,20221231,1238703,1377862,1238703,ESQUIRE BANK NATIONAL ASSN,187646,320661,0,164122,58140,933106,0.0,58140_20221231,1,1,0.13249503714772629,0.13249503714772629,1-10bn
170443,NM,0.0,20221231,169887,220200,169887,LCA BANK CORP,974,0,0,32712,58148,183370,169114.0,58148_20221231,1,1,0.1925515195394586,0.1925515195394586,<1bn
86350,N,16113.0,20221231,126589,149778,126589,CENTRUST BANK NATIONAL ASSN,26469,40511,0,8861,58158,94375,3925.0,58158_20221231,1,1,0.06999818309647758,0.06999818309647758,<1bn
190994,NM,7638.0,20221231,267136,309468,267136,BANK OF LEXINGTON INC,9452,76417,0,51230,58164,232721,46575.0,58164_20221231,1,1,0.19177497604216578,0.19177497604216578,<1bn
372568,NM,41020.0,20221231,766626,857886,766626,BELMONT BANK&TRUST CO,170742,394750,536,52574,58165,611523,54392.0,58165_20221231,1,1,0.06857842024663917,0.06927758776769898,<1bn
20888255,NM,323591.0,20221231,21646467,28714313,21646467,SALLIE MAE BANK,2342089,1096432,1556734,4774251,58177,19679953,9877290.0,58177_20221231,1,1,0.22055566850701316,0.29247197706674255,10-100bn
1819837,NM,7783.0,20221231,2692591,3440092,2692591,METRO CITY BANK,29545,874694,0,150198,58181,3045307,523687.0,58181_20221231,1,1,0.05578195871560144,0.05578195871560144,1-10bn
261054,NM,83388.0,20221231,561460,585786,561460,MERCHANTS COMMERCIAL BANK,265611,301068,0,18642,58184,151123,101527.0,58184_20221231,1,1,0.03320272147615146,0.03320272147615146,<1bn
250,N,0.0,20221231,500,56215,500,HSBC TRUST CO DELAWARE NA,0,250,0,54481,58188,0,0.0,58188_20221231,1,1,108.962,108.962,<1bn
187002,NM,2974.0,20221231,219086,266220,219086,NOAH BANK,7590,32093,0,34896,58196,203300,0.0,58196_20221231,1,1,0.15927991747532932,0.15927991747532932,<1bn
223644,SM,10799.0,20221231,331729,382987,331729,FIRST VISION BANK OF TN,29990,108225,1399,12451,58201,311868,0.0,58201_20221231,1,1,0.037533649454826075,0.04175094730940014,<1bn
277782,NM,0.0,20221231,511300,587688,511300,NEWBANK,0,237741,0,246828,58203,327081,20181.0,58203_20221231,1,1,0.4827459417171915,0.4827459417171915,<1bn
408444,NM,23594.0,20221231,543025,625916,543025,FIRST FREEDOM BANK,37333,134784,0,54966,58208,493730,25500.0,58208_20221231,1,1,0.10122185903043138,0.10122185903043138,<1bn
2140252,NM,242498.0,20221231,3453734,4340923,3453734,BRIDGEWATER BANK,546033,1315349,0,84443,58210,3512157,776153.0,58210_20221231,1,1,0.02444976943794745,0.02444976943794745,1-10bn
75670,NM,7908.0,20221231,117698,134359,117698,TOWN CENTER BANK,27830,42055,17745,14171,58214,84918,0.0,58214_20221231,1,1,0.12040136620843175,0.27116858400312666,<1bn
500,N,0.0,20221231,1000,8114,1000,BMO HARRIS CENTRAL NA,0,500,0,7937,58216,0,0.0,58216_20221231,1,1,7.937,7.937,<1bn
145144,SM,89007.0,20221231,266191,366646,266191,FIRST PACIFIC BANK,116822,121084,0,4204,58218,203002,10026.0,58218_20221231,1,1,0.01579317106889414,0.01579317106889414,<1bn
225467,NM,28084.0,20221231,266859,294804,266859,HERITAGE BANK&TRUST,36561,41627,0,9086,58220,229833,5360.0,58220_20221231,1,1,0.034047942921168105,0.034047942921168105,<1bn
170077,N,91891.0,20221231,340393,395535,340393,COLUMN NATIONAL ASSN,116417,170441,0,40776,58224,202551,0.0,58224_20221231,1,1,0.11979094752242261,0.11979094752242261,<1bn
3289397,NM,400689.0,20221231,4861030,5999106,4861030,B1BANK,890751,1573479,30115,164579,58228,4568302,250531.0,58228_20221231,1,1,0.03385681635373573,0.04005200543917647,1-10bn
133923,NM,5531.0,20221231,166698,186642,166698,FIRST MO STB OF CAPE COUNTY,8504,32993,0,2962,58230,162352,14000.0,58230_20221231,1,1,0.0177686594920155,0.0177686594920155,<1bn
207184,NM,4438.0,20221231,312552,390790,312552,PACIFIC ALLIANCE BANK,22461,106506,0,34149,58234,300715,14194.0,58234_20221231,1,1,0.10925861936573754,0.10925861936573754,<1bn
435809,NM,26713.0,20221231,676618,849755,676618,PROVIDENCE BANK,100338,241177,12837,22732,58239,681565,98596.0,58239_20221231,1,1,0.03359650497030821,0.05256880544117951,<1bn
1107777,SM,301500.0,20221231,2071328,2345424,2071328,JOHN MARSHALL BANK,456991,963865,65210,61599,58243,1769300,352011.0,58243_20221231,1,1,0.02973889215034992,0.06122111032149423,1-10bn
2279109,NM,458726.0,20221231,2516624,2833353,2516624,RIVER BANK&TRUST,797469,238330,117629,78991,58255,1782230,105367.0,58255_20221231,1,1,0.031387684453458284,0.07812847688013784,1-10bn
344231,NM,11978.0,20221231,404096,508763,404096,DR BANK,49674,59888,0,38867,58257,384688,65867.0,58257_20221231,1,1,0.09618259027557809,0.09618259027557809,<1bn
519320,N,29565.0,20221231,786318,936062,786318,FIRST NB OF MICHIGAN,253846,267136,29619,21076,58259,615444,52086.0,58259_20221231,1,1,0.026803405238084336,0.06447137163335953,<1bn
169608,NM,4774.0,20221231,192606,250837,192606,GLOBAL BANK,4774,23464,0,17730,58263,215529,3.0,58263_20221231,1,1,0.09205320706520045,0.09205320706520045,<1bn
409179,NM,370830.0,20221231,1401097,1584640,1401097,SIGNATURE BANK,400916,991961,0,80010,58264,1058355,50000.0,58264_20221231,1,1,0.057105253954579875,0.057105253954579875,1-10bn
86007,NM,18601.0,20221231,203547,237620,203547,REPUBLIC BANK OF ARIZONA,55617,117549,1912,10265,58271,161190,250.0,58271_20221231,1,1,0.050430613077078024,0.05982402098778169,<1bn
292668,NM,20757.0,20221231,592061,629876,592061,RIVER VALLEY COMMUNITY BANK,253188,299418,43462,92359,58276,253890,0.0,58276_20221231,1,1,0.15599575043787717,0.22940372698083475,<1bn
286355,NM,37935.0,20221231,446068,478089,446068,GOLDEN VALLEY BANK,182099,159765,45200,26036,58278,237946,0.0,58278_20221231,1,1,0.05836778249056198,0.15969762457741868,<1bn
557531,NM,140761.0,20221231,1164660,1281124,1164660,AMERICAN RIVIERA BANK,264574,607256,4269,61802,58281,897059,0.0,58281_20221231,1,1,0.05306441364861848,0.05672986107533529,1-10bn
74844,NM,23770.0,20221231,109977,119574,109977,EAGLE BANK,32448,35186,0,3383,58282,76956,28235.0,58282_20221231,1,1,0.030760977295252644,0.030760977295252644,<1bn
192806,NM,14406.0,20221231,237088,260687,237088,RIVER CITY BANK,37836,44320,9555,26030,58289,180551,0.0,58289_20221231,1,1,0.1097904575516264,0.1500919489809691,<1bn
707753,NM,79664.0,20221231,1678854,1854760,1678854,CALPRIVATE BANK,104698,971425,19884,131903,58291,1576157,204972.0,58291_20221231,1,1,0.07856728458817741,0.09041107803299155,1-10bn
332066,NM,106421.0,20221231,669387,757249,669387,PINNACLE BANK,147676,337399,21166,13481,58297,498825,0.0,58297_20221231,1,1,0.020139321498624862,0.051759296191888994,<1bn
106029,NM,10546.0,20221231,151399,167032,151399,TABLE ROCK COMMUNITY BANK,37280,45389,0,29434,58300,89856,0.0,58300_20221231,1,1,0.19441343734106567,0.19441343734106567,<1bn
18305469,SB,11987457.0,20221231,18305469,18977114,18305469,AMERIPRISE BANK FSB,16455512,0,0,1293751,58303,809662,0.0,58303_20221231,1,1,0.07067565436318513,0.07067565436318513,10-100bn
297119,NM,1510.0,20221231,525984,638938,525984,FIRST BANK OF GREENWICH,11949,228935,0,51358,58307,547631,45000.0,58307_20221231,1,1,0.09764175336131897,0.09764175336131897,<1bn
1240705,NM,337274.0,20221231,2342168,2833412,2342168,AMERICAN MOMENTUM BANK,392629,1101526,0,535610,58309,1644815,0.0,58309_20221231,1,1,0.22868129015510416,0.22868129015510416,1-10bn
427794,NM,29172.0,20221231,976807,1121391,976807,US METRO BANK,54362,550548,0,118218,58310,917872,30123.0,58310_20221231,1,1,0.1210249312300178,0.1210249312300178,1-10bn
209232,NM,9794.0,20221231,278551,311835,278551,COMMUNITY BANK DELAWARE,16232,69393,0,12453,58311,258945,0.0,58311_20221231,1,1,0.044706355389138794,0.044706355389138794,<1bn
1423657,N,457761.0,20221231,2022332,2303265,2022332,OLD PLANK TRAIL CMTY BANK NA,501156,598950,0,57004,58314,1590522,169565.0,58314_20221231,1,1,0.028187261043191723,0.028187261043191723,1-10bn
1388093,N,327672.0,20221231,2088497,2751455,2088497,INVESTAR BANK NATIONAL ASSN,413893,701097,12574,40038,58316,2080403,10000.0,58316_20221231,1,1,0.01917072420980255,0.025191321797445723,1-10bn
87543,NM,24460.0,20221231,216632,238409,216632,RIVERBANK,24460,129670,0,12952,58322,168866,0.0,58322_20221231,1,1,0.0597880276228812,0.0597880276228812,<1bn
101809,NM,0.0,20221231,140170,160801,140170,LONE STAR BANK,0,38541,0,18549,58324,139048,3000.0,58324_20221231,1,1,0.1323321680816152,0.1323321680816152,<1bn
249027,NM,14357.0,20221231,491548,559190,491548,MOUNTAIN PACIFIC BANK,16688,234442,0,64415,58341,458982,0.0,58341_20221231,1,1,0.13104518785550953,0.13104518785550953,<1bn
186143,NM,0.0,20221231,269388,343376,269388,MILLENNIUM BANK,17429,83566,17429,70806,58348,242823,2885.0,58348_20221231,1,1,0.262840215599804,0.3275387173890448,<1bn
214093,NM,52147.0,20221231,299437,329971,299437,SOUTHERN INDEPENDENT BANK,148453,85465,0,12478,58357,135073,0.0,58357_20221231,1,1,0.04167153691761539,0.04167153691761539,<1bn
114799,NM,16644.0,20221231,139022,172447,139022,UNITED REPUBLIC BANK,18301,24434,867,4294,58359,135597,21777.0,58359_20221231,1,1,0.03088719770971501,0.03712362072190013,<1bn
135720,NM,10031.0,20221231,250002,326196,250002,HYPERION BANK,19063,114443,4945,14873,58371,269586,30296.0,58371_20221231,1,1,0.05949152406780746,0.07927136582907336,<1bn
1080540,NM,115903.0,20221231,1658005,1872528,1658005,PIEDMONT BANK,142830,577931,0,142384,58374,1435954,1.0,58374_20221231,1,1,0.0858767012162207,0.0858767012162207,1-10bn
132000,NM,1687.0,20221231,210020,255465,210020,CENTRAL BANK,10856,78140,0,17557,58377,213067,3768.0,58377_20221231,1,1,0.08359680030473288,0.08359680030473288,<1bn
262151,SM,70323.0,20221231,501822,549789,501822,JONAH BANK OF WYOMING,84225,239693,4877,132183,58396,309258,0.0,58396_20221231,1,1,0.26340614799670004,0.27312473347123084,<1bn
264869,NM,1560.0,20221231,397377,472893,397377,MEGA BANK,17542,132831,5746,75413,58401,331885,23656.0,58401_20221231,1,1,0.18977696243114223,0.20423678270257212,<1bn
180520,N,313.0,20221231,266924,435814,266924,GOLDWATER BANK N A,12239,86815,0,13229,58405,379760,0.0,58405_20221231,1,1,0.04956092370862118,0.04956092370862118,<1bn
299244,SM,0.0,20221231,488371,586651,488371,UNIBANK,48527,189200,0,42003,58407,466968,37785.0,58407_20221231,1,1,0.08600633534751244,0.08600633534751244,<1bn
3338591,NM,92536.0,20221231,5719757,9135117,5719757,CROSS RIVER BANK,303021,2384761,99760,1030222,58410,7168537,3174886.0,58410_20221231,1,1,0.18011639305655816,0.19755769344746638,1-10bn
272470,SM,26949.0,20221231,535037,582578,535037,CORNERSTONE COMMUNITY BANK,94435,262934,0,30840,58411,415256,12004.0,58411_20221231,1,1,0.05764087343492132,0.05764087343492132,<1bn
52600,N,814.0,20221231,91527,111370,91527,EMBASSY NATIONAL BANK,19675,38961,18861,4744,58413,78065,1.0,58413_20221231,1,1,0.05183169993553815,0.25790203983523985,<1bn
87518,NM,50950.0,20221231,123753,126128,123753,COMMUNITY BK PLEASANT HILL,79759,36301,0,3165,58423,30578,0.0,58423_20221231,1,1,0.025575137572422486,0.025575137572422486,<1bn
904661,NM,28123.0,20221231,1199237,1363586,1199237,ALMA BANK,88384,295007,21801,80229,58424,1139444,152511.0,58424_20221231,1,1,0.06690003727369986,0.08507909612528633,1-10bn
47811,N,16029.0,20221231,83874,94895,83874,WEST VALLEY NATIONAL BANK,18965,36068,1980,4520,58426,53153,0.0,58426_20221231,1,1,0.05389035934854663,0.0774971981782197,<1bn
226780,NM,7480.0,20221231,303471,362887,303471,LEWIS&CLARK BANK,151128,76724,111052,4890,58428,169361,0.0,58428_20221231,1,1,0.016113566040906708,0.38205298035067603,<1bn
746924,N,191613.0,20221231,1338559,1561553,1338559,WATERFORD BANK N A,345071,591954,16188,25309,58433,1125332,15819.0,58433_20221231,1,1,0.01890764620760086,0.031001248357375357,1-10bn
125411,NM,14082.0,20221231,226784,262861,226784,CBANK,16621,101407,0,8748,58434,210828,0.0,58434_20221231,1,1,0.0385741498518414,0.0385741498518414,<1bn
83330,NM,19198.0,20221231,216328,281839,216328,FIRST SECURITY BANK OF NV,66857,133012,3798,43802,58443,160218,0.0,58443_20221231,1,1,0.20247956806331127,0.2200362412632669,<1bn
224797,SM,86940.0,20221231,502600,580803,502600,COMMENCEMENT BANK,110037,277842,0,13510,58446,424486,13787.0,58446_20221231,1,1,0.026880222841225626,0.026880222841225626,<1bn
103460,N,26583.0,20221231,175009,192744,175009,TEXAS ADVANTAGE CMTY BANK NA,52553,71623,0,47614,58450,87051,2110.0,58450_20221231,1,1,0.27206600803387254,0.27206600803387254,<1bn
8303008,NM,1061088.0,20221231,14104077,15595743,14104077,TRISTATE CAPITAL BANK,1688255,5813606,119403,986443,58457,12498093,836201.0,58457_20221231,1,1,0.06994027329828106,0.07840612327910575,10-100bn
4210133,NM,2015571.0,20221231,7965003,9178296,7965003,HTLF BANK,3024194,3757163,2985,143731,58458,5368517,1204428.0,58458_20221231,1,1,0.01804531649266171,0.01842008094661107,1-10bn
2438028,SM,222489.0,20221231,4085834,4631368,4085834,SMARTBANK,769842,1648578,373948,251113,58463,3232045,36804.0,58463_20221231,1,1,0.061459422972152074,0.1529824755484437,1-10bn
330528,N,3678.0,20221231,527504,642608,527504,AMERICAN PLUS BANK N A,19589,197325,0,32325,58469,539976,33856.0,58469_20221231,1,1,0.06127915617701477,0.06127915617701477,<1bn
237230,NM,5708.0,20221231,308769,333501,308769,HOMETOWN BANK OF PA,63487,71622,25086,43977,58470,215179,0.0,58470_20221231,1,1,0.1424268628003459,0.22367206552471264,<1bn
460224,NM,160091.0,20221231,879796,961073,879796,BANK OF CENTRAL FLORIDA,284357,419679,67606,25386,58479,612736,13609.0,58479_20221231,1,1,0.028854416251040012,0.1056972298123656,<1bn
1305187,NM,62442.0,20221231,2293953,2732940,2293953,FIRST BANK,146149,989319,3867,127209,58481,2312340,181643.0,58481_20221231,1,1,0.05545405681807779,0.05713979318669563,1-10bn
61212,NM,0.0,20221231,255489,275682,255489,BANK OF MONTANA,12,194286,0,174360,58482,96916,0.0,58482_20221231,1,1,0.6824559961485621,0.6824559961485621,<1bn
385958,NM,3353.0,20221231,1231927,1335178,1231927,PEGASUS BANK,179821,846014,173478,245759,58483,879685,0.0,58483_20221231,1,1,0.1994915283129601,0.340309937195954,1-10bn
213658,NM,5652.0,20221231,295488,335066,295488,AUSTIN COUNTY STATE BANK,37285,82178,9640,15471,58484,267613,19605.0,58484_20221231,1,1,0.05235745614035088,0.084981454407624,<1bn
373558,NM,161700.0,20221231,862875,942994,862875,1ST CAPITAL BANK,304568,489346,0,38015,58485,557091,0.0,58485_20221231,1,1,0.04405620744603796,0.04405620744603796,<1bn
1601248,N,135642.0,20221231,2851040,3552328,2851040,FINEMARK NATIONAL BANK&TRUST,1113981,1239250,254088,18215,58486,2224273,0.0,58486_20221231,1,1,0.006388896683315562,0.09551005948706437,1-10bn
784276,NM,304051.0,20221231,1597232,1719253,1597232,BENEFICIAL STATE BANK,450688,813233,57939,75363,58490,1109213,0.0,58490_20221231,1,1,0.04718350245925451,0.08345813256934496,1-10bn
152655,NM,74.0,20221231,239267,277619,239267,COMMUNITY VALLEY BANK,6215,86644,0,36097,58500,222064,0.0,58500_20221231,1,1,0.15086493331717288,0.15086493331717288,<1bn
373853,N,40805.0,20221231,833673,1031054,833673,OLD DOMINION NATIONAL BANK,79735,459965,0,21708,58504,882473,143277.0,58504_20221231,1,1,0.02603898650909889,0.02603898650909889,1-10bn
186844,NM,14652.0,20221231,301265,343752,301265,FIRST FARMBANK,50195,114502,0,18574,58508,256894,0.0,58508_20221231,1,1,0.061653361658340664,0.061653361658340664,<1bn
412038,NM,15508.0,20221231,582685,678428,582685,FRONTIER BANK OF TEXAS,67256,170866,19546,43437,58509,534805,11579.0,58509_20221231,1,1,0.07454628143851309,0.10809099256030273,<1bn
136138,NM,12980.0,20221231,389330,476583,389330,PLATINUM BANK,51817,253247,23212,10950,58511,404512,981.0,58511_20221231,1,1,0.028125240798294506,0.08774561426039607,<1bn
889528,NM,35117.0,20221231,1347730,1601779,1347730,BANK OF PRINCETON,83603,459229,0,25301,58513,1353907,107070.0,58513_20221231,1,1,0.0187730480140681,0.0187730480140681,1-10bn
103581,NM,29502.0,20221231,151907,162914,151907,COMMUNITY BANK,49418,48338,0,3411,58517,99879,0.0,58517_20221231,1,1,0.022454528099429254,0.022454528099429254,<1bn
161509,NM,20844.0,20221231,252743,292957,252743,GEORGIA PRIMARY BANK,54910,91382,7858,5943,58523,215299,5002.0,58523_20221231,1,1,0.02351400434433397,0.05460487530811931,<1bn
570730,N,14555.0,20221231,879923,994881,879923,SOLERA NATIONAL BANK,371225,309428,18900,4989,58534,570189,69229.0,58534_20221231,1,1,0.005669814290568607,0.027148966443654728,<1bn
1776047,SB,260819.0,20221231,1883664,2170641,1883664,THINK MUTUAL BANK,594849,109325,0,223622,58536,1229626,0.0,58536_20221231,1,1,0.11871650145673539,0.11871650145673539,1-10bn
117113,NM,10803.0,20221231,284924,322108,284924,BANKFLORIDA,29881,167828,7347,43671,58537,230201,11.0,58537_20221231,1,1,0.15327245160112873,0.17905827518917325,<1bn
251052,NM,0.0,20221231,344925,417378,344925,GOLD COAST BANK,0,94103,0,92258,58556,314036,29675.0,58556_20221231,1,1,0.2674726389794883,0.2674726389794883,<1bn
1139821,NM,69404.0,20221231,1740148,2048225,1740148,SOUTHERN STATES BANK,179640,600727,8584,105458,58558,1568055,110503.0,58558_20221231,1,1,0.060602891248330605,0.0655358050004942,1-10bn
327587,SM,6338.0,20221231,409652,440948,409652,SELECT BANK,49678,82385,12176,11526,58563,352366,28402.0,58563_20221231,1,1,0.028136076474666302,0.05785886557370646,<1bn
4235080,NM,391863.0,20221231,6503760,8421743,6503760,FLUSHING BANK,807257,2272330,77059,151088,58564,6894327,856326.0,58564_20221231,1,1,0.02323086952778085,0.03507924646665929,1-10bn
301182,NM,2341.0,20221231,426179,491935,426179,REGAL BANK,18069,125096,0,113213,58574,339260,0.0,58574_20221231,1,1,0.26564659450606437,0.26564659450606437,<1bn
999387,NM,122821.0,20221231,1867580,2054918,1867580,TEXAS PARTNERS BANK,247320,868496,35371,131988,58581,1599209,0.0,58581_20221231,1,1,0.07067327771768814,0.08961276089913149,1-10bn
1030625,NM,79121.0,20221231,1800716,2050081,1800716,CALIFORNIA BANK OF COMMERCE,155878,771099,28766,216812,58583,1578456,180339.0,58583_20221231,1,1,0.12040321738686167,0.13637797409474897,1-10bn
165902,NM,5015.0,20221231,212158,250115,212158,AMERICAN PRIDE BANK,7847,46360,0,14277,58584,205415,8030.0,58584_20221231,1,1,0.06729418640824292,0.06729418640824292,<1bn
20954,NM,1712.0,20221231,176863,183214,176863,TURTLE MOUNTAIN STATE BANK,38450,155937,36399,119793,58586,21244,0.0,58586_20221231,1,1,0.6773208641717036,0.8831242260959047,<1bn
159854,NM,771.0,20221231,364075,472444,364075,PARTNERS BANK OF CALIFORNIA,10573,204321,9802,67062,58588,387327,13910.0,58588_20221231,1,1,0.18419831078761245,0.21112133488978918,<1bn
207148,SM,0.0,20221231,708927,947122,708927,NANO BANC,38093,501791,0,99075,58590,752867,78193.0,58590_20221231,1,1,0.1397534583955753,0.1397534583955753,<1bn
385886,N,10683.0,20221231,953051,1030684,953051,CHAIN BRIDGE BANK NA,592651,567185,200078,98663,58595,315711,0.0,58595_20221231,1,1,0.10352331617090796,0.31345751696394003,1-10bn
2942907,NM,337381.0,20221231,3632532,4199820,3632532,CARTER BANK&TRUST,836273,691266,17866,46869,58596,3055061,0.0,58596_20221231,1,1,0.012902570438471017,0.017820902885370315,1-10bn
126140,NM,410.0,20221231,184388,229964,184388,PEOPLEFIRST BANK,13922,58384,1907,26037,58597,173943,14698.0,58597_20221231,1,1,0.14120767078117882,0.151549992407315,<1bn
137489,NM,7435.0,20221231,228178,249233,228178,RELIANCE BANK,23783,90937,5034,8497,58602,192095,0.0,58602_20221231,1,1,0.0372384717194471,0.059300195461438,<1bn
259039,SM,35613.0,20221231,380263,423876,380263,VICTORY BANK,51768,121238,0,8054,58615,327467,0.0,58615_20221231,1,1,0.021180077998648305,0.021180077998648305,<1bn
317437,NM,6431.0,20221231,579868,671130,579868,MRV BANKS,13220,262779,0,44645,58619,587445,1.0,58619_20221231,1,1,0.07699166017093545,0.07699166017093545,<1bn
237594,NM,43319.0,20221231,564943,678002,564943,GBANK,107521,327484,64202,136436,58626,398586,0.0,58626_20221231,1,1,0.24150401013907596,0.35514733344779914,<1bn
3396985,NM,809176.0,20221231,9294271,10891835,9294271,ALLEGIANCE BANK,1807586,5898545,232805,370937,58629,7661571,89189.0,58629_20221231,1,1,0.03991028451828013,0.06495851046305837,10-100bn
118878,NM,15982.0,20221231,164841,174996,164841,FIRST CAHAWBA BANK,56497,45984,14349,8010,58636,101183,0.0,58636_20221231,1,1,0.0485922798332939,0.13563979835113837,<1bn
131093,NM,1130.0,20221231,270855,295933,270855,FIRST COLONY BANK OF FLORIDA,54965,139771,0,69173,58644,168497,0.0,58644_20221231,1,1,0.25538756899448045,0.25538756899448045,<1bn
6931359,NM,900427.0,20221231,10410317,12980327,10410317,FIRST FOUNDATION BANK,1177904,3527690,1228,567049,58647,10692462,1381946.0,58647_20221231,1,1,0.05446990711233866,0.05458786701692177,10-100bn
3210354,NM,180966.0,20221231,5654988,6596702,5654988,CROSSFIRST BANK,686958,2449506,0,299058,58648,5310954,422173.0,58648_20221231,1,1,0.05288393184919225,0.05288393184919225,1-10bn
180334,NM,1518.0,20221231,311949,405901,311949,SETTLERS BANK,4271,132009,0,29246,58651,344265,33000.0,58651_20221231,1,1,0.09375250441578592,0.09375250441578592,<1bn
442581,NM,11532.0,20221231,580703,700124,580703,PROMISEONE BANK,73760,139488,0,91929,58657,504556,52305.0,58657_20221231,1,1,0.1583063975905067,0.1583063975905067,<1bn
74954,SM,9875.0,20221231,178136,265627,178136,VCC BANK,35412,103330,0,4794,58658,213615,23676.0,58658_20221231,1,1,0.026912022275115643,0.026912022275115643,<1bn
7424098,NM,976264.0,20221231,8982322,9738922,8982322,LIVE OAK BANKING CO,1015875,1573793,0,260837,58665,7802221,2254125.0,58665_20221231,1,1,0.029038927796175645,0.029038927796175645,1-10bn
170676,NM,88342.0,20221231,306902,351888,306902,SPRING BANK,91612,136294,0,48191,58668,206410,31126.0,58668_20221231,1,1,0.15702406631432836,0.15702406631432836,<1bn
884098,NM,4584.0,20221231,1518034,1983354,1518034,HANOVER COMMUNITY BANK,16487,634374,0,152128,58675,1732406,45189.0,58675_20221231,1,1,0.10021382920277148,0.10021382920277148,1-10bn
102779,NM,14590.0,20221231,170051,201939,170051,GATEWAY COMMERCIAL BANK,73014,67281,18321,17712,58678,101560,0.0,58678_20221231,1,1,0.10415698819765835,0.21189525495292588,<1bn
42694,NM,4302.0,20221231,52262,63574,52262,GREAT NATIONS BANK,4302,9609,0,2761,58680,50162,0.0,58680_20221231,1,1,0.05282997206383223,0.05282997206383223,<1bn
169905,N,8233.0,20221231,288576,341242,288576,TOUCHMARK NATIONAL BANK,14923,118793,1937,24108,58687,287971,45004.0,58687_20221231,1,1,0.08354125083167,0.09025352073630517,<1bn
697696,NM,108700.0,20221231,1236318,1406988,1236318,SOUTH ATLANTIC BANK,317997,538770,14401,15122,58689,990439,25981.0,58689_20221231,1,1,0.012231480897309592,0.023879778503588883,1-10bn
231753,NM,13506.0,20221231,359486,406357,359486,BLUEHARBOR BANK,41158,127808,10089,11943,58691,332325,283.0,58691_20221231,1,1,0.03322243425335062,0.06128750493760536,<1bn
288198,NM,62701.0,20221231,459373,488470,459373,INTRACOASTAL BANK,131057,171379,0,11112,58692,327212,0.0,58692_20221231,1,1,0.024189493069901803,0.024189493069901803,<1bn
453768,NM,63093.0,20221231,735829,815142,735829,PRIME MERIDIAN BANK,141241,282080,40926,20529,58694,595773,0.0,58694_20221231,1,1,0.02789914504592779,0.08351804563288481,<1bn
1102968,SM,246120.0,20221231,1830693,2338603,1830693,FVCBANK,277342,727270,0,81553,58696,1824394,247992.0,58696_20221231,1,1,0.04454761120515564,0.04454761120515564,1-10bn
333474,NM,23129.0,20221231,538429,651718,538429,FREEDOM BANK,35289,205193,7160,4077,58712,585753,0.0,58712_20221231,1,1,0.00757202899546644,0.02086997542851518,<1bn
2149551,SM,22882.0,20221231,3244898,3768484,3244898,THIRD COAST BANK SSB,176067,1096612,98517,329865,58716,3077200,250339.0,58716_20221231,1,1,0.10165650815526404,0.13201709267903028,1-10bn
715992,NM,32176.0,20221231,1339364,1757159,1339364,PROGRESS BANK&TRUST,110557,624781,0,32684,58719,1471877,84680.0,58719_20221231,1,1,0.02440262691844786,0.02440262691844786,1-10bn
517690,NM,31943.0,20221231,1071245,1240546,1071245,MEADOWS BANK,46739,553648,0,172245,58722,979737,0.0,58722_20221231,1,1,0.1607895486093284,0.1607895486093284,1-10bn
261108,N,50605.0,20221231,404581,452616,404581,BLACK HILLS CMTY BANK N A,110608,143675,0,20270,58723,304522,0.0,58723_20221231,1,1,0.05010121582575554,0.05010121582575554,<1bn
98802,NM,0.0,20221231,123581,156946,123581,NEBRASKA BANK OF COMMERCE,14300,24824,0,4519,58724,135269,0.0,58724_20221231,1,1,0.036567109830799235,0.036567109830799235,<1bn
335767,NM,74502.0,20221231,844538,945731,844538,ACCESS BANK,229388,508910,2411,41695,58727,626067,8669.0,58727_20221231,1,1,0.04937018819757074,0.052225003493034064,<1bn
123557,NM,1611.0,20221231,141806,161466,141806,COMMUNITY STATE BANK,33387,18363,26091,7903,58732,109066,0.0,58732_20221231,1,1,0.05573106920722677,0.23972187354554814,<1bn
251977,NM,86873.0,20221231,834208,1136219,834208,TEXAS SECURITY BANK,233044,582338,51224,33577,58739,817644,93306.0,58739_20221231,1,1,0.04025015343895048,0.10165450343319651,1-10bn
841068,SM,84254.0,20221231,1180450,1412789,1180450,FIELDPOINT PRIVATE B&T,170949,339576,19013,79899,58741,1084648,558407.0,58741_20221231,1,1,0.06768520479478166,0.08379177432335126,1-10bn
103757,SM,4306.0,20221231,130667,150979,130667,FRONTIER COMMUNITY BANK,10108,26977,0,8245,58743,124357,0.0,58743_20221231,1,1,0.06309932882824279,0.06309932882824279,<1bn
106214,NM,1699.0,20221231,145797,167979,145797,FIRST NM BANK LAS CRUCES,37411,39598,0,47103,58745,74734,0.0,58745_20221231,1,1,0.3230724912035227,0.3230724912035227,<1bn
438861,NM,37208.0,20221231,955046,1138686,955046,NORTHWEST BANK,228297,516800,69058,202600,58752,683080,64375.0,58752_20221231,1,1,0.21213637877128433,0.284444937730748,1-10bn
219169,N,0.0,20221231,304121,370434,304121,MINT NATIONAL BANK,0,85145,0,42588,58764,299268,0.0,58764_20221231,1,1,0.14003636710388298,0.14003636710388298,<1bn
188918,NM,0.0,20221231,238464,263299,238464,GUADALUPE BANK,16293,49549,16293,42653,58768,191545,0.0,58768_20221231,1,1,0.17886557300053677,0.24719035158346753,<1bn
71036,NM,0.0,20221231,133970,177682,133970,MOUNTAIN VIEW BK OF COM,2453,62962,0,17855,58772,154131,0.0,58772_20221231,1,1,0.13327610659102784,0.13327610659102784,<1bn
92073,NM,19729.0,20221231,142628,192927,142628,LIBERTY BANK,23682,50629,2204,14324,58778,144950,4988.0,58778_20221231,1,1,0.10042908825756514,0.1158818745267409,<1bn
221830,NM,28134.0,20221231,286771,378159,286771,SPRING BANK,58283,65260,20191,10960,58780,290771,0.0,58780_20221231,1,1,0.03821864832915462,0.10862674398736274,<1bn
415530,NM,37230.0,20221231,1204305,1335312,1204305,OAKWORTH CAPITAL BANK,132050,788841,32549,187251,58783,962706,0.0,58783_20221231,1,1,0.15548469864361603,0.1825119052067375,1-10bn
259478,SM,12958.0,20221231,466997,530065,466997,GRAND RIVER BANK,15037,207726,0,47606,58789,455821,13226.0,58789_20221231,1,1,0.10194069769184813,0.10194069769184813,<1bn
223797,NM,11914.0,20221231,793615,909639,793615,PARKSIDE FINANCIAL B&T,136363,570061,76812,95826,58796,619128,51578.0,58796_20221231,1,1,0.12074620565387499,0.2175336907694537,<1bn
49868,NM,0.0,20221231,116620,152045,116620,GENUBANK,30810,66781,24728,36572,58806,74318,0.0,58806_20221231,1,1,0.31359972560452753,0.5256388269593552,<1bn
677802,NM,90670.0,20221231,1298972,1428073,1298972,ONE FLORIDA BANK,149415,621464,53778,216102,58811,1036610,0.0,58811_20221231,1,1,0.16636386311637202,0.2077642936106398,1-10bn
1813051,NM,130051.0,20221231,3023391,3915530,3023391,ROYAL BUSINESS BANK,262558,1212517,0,84148,58816,3294478,254970.0,58816_20221231,1,1,0.027832324697665636,0.027832324697665636,1-10bn
1274312,SM,244827.0,20221231,2685923,3114995,2685923,CAPSTAR BANK,397656,1520420,0,129596,58823,2333700,356357.0,58823_20221231,1,1,0.04825008014004869,0.04825008014004869,1-10bn
293630,SM,72658.0,20221231,514504,639849,514504,VIRGINIA PARTNERS BANK,75362,220926,0,42905,58824,487976,6640.0,58824_20221231,1,1,0.0833909940447499,0.0833909940447499,<1bn
101509,NM,28257.0,20221231,188445,246107,188445,REDSTONE BANK,70691,86965,952,3510,58826,157117,3008.0,58826_20221231,1,1,0.018626124333359865,0.02367799623232243,<1bn
329992,N,73323.0,20221231,427685,497888,427685,OAK VIEW NATIONAL BANK,193313,97940,47114,10561,58827,271275,41188.0,58827_20221231,1,1,0.02469340753124379,0.13485392286378994,<1bn
129512,NM,13464.0,20221231,391168,456028,391168,LIBERTY CAPITAL BANK,53805,261696,25651,149947,58852,248503,10.0,58852_20221231,1,1,0.38333145860602097,0.4489068635471204,<1bn
85802,N,24611.0,20221231,102689,122428,102689,NEW HORIZON BANK NA,34807,16952,0,5461,58857,73786,1.0,58857_20221231,1,1,0.05317999006709579,0.05317999006709579,<1bn
138251,SM,3077.0,20221231,176498,209937,176498,CORNERSTONE BANK,23273,38284,1098,9060,58859,165831,0.0,58859_20221231,1,1,0.05133202642522861,0.05755306009133248,<1bn
973830,SM,123888.0,20221231,2190034,2586119,2190034,PROFESSIONAL BANK,172064,1216528,0,155109,58862,2116023,12994.0,58862_20221231,1,1,0.07082492783217065,0.07082492783217065,1-10bn
381321,N,31115.0,20221231,746099,823569,746099,COASTAL CAROLINA NB,104880,364897,19075,27223,58864,642006,61143.0,58864_20221231,1,1,0.036487114980719715,0.06205342722614559,<1bn
1145991,SM,1305.0,20221231,1587494,2148808,1587494,GUARANTY BANK,184889,441933,0,42812,58892,1654237,16063.0,58892_20221231,1,1,0.026968290903776643,0.026968290903776643,1-10bn
124298,SM,12309.0,20221231,171766,191806,171766,COASTAL BANK&TRUST,22270,47596,2807,14286,58899,148096,0.0,58899_20221231,1,1,0.08317129117520347,0.09951329133821595,<1bn
546304,NM,49319.0,20221231,832322,992695,832322,R BANK,83248,286845,8908,66483,58935,813016,16683.0,58935_20221231,1,1,0.07987653816671914,0.09057912682831885,<1bn
107320,SM,5317.0,20221231,139032,175816,139032,NEW HAVEN BANK,5317,31721,0,15517,58952,145920,14336.0,58952_20221231,1,1,0.11160739973531274,0.11160739973531274,<1bn
173551,NM,494.0,20221231,320714,352615,320714,LAKESIDE BANK,86538,147266,0,21511,58961,232274,0.0,58961_20221231,1,1,0.06707222010888206,0.06707222010888206,<1bn
12295876,N,7389295.0,20221231,27800064,36897184,27800064,BANKUNITED NATIONAL ASSN,9664443,18153113,135841,572642,58979,24738042,4649361.0,58979_20221231,1,1,0.020598585672320754,0.025484941329631472,10-100bn
57663686,NM,10640892.0,20221231,176436706,212638872,176436706,FIRST REPUBLIC BANK,31718821,119470758,0,4283201,59017,166083667,5295576.0,59017_20221231,1,1,0.024276133334749515,0.024276133334749515,>=100bn
1000,N,117400.0,20221231,336593,356681,336593,STIFEL TRUST CO DELAWARE NA,290756,335593,0,53382,59043,0,0.0,59043_20221231,1,1,0.15859509853146084,0.15859509853146084,<1bn
5603981,SM,1219257.0,20221231,7956842,9523916,7956842,NBH BANK,1357044,2355624,120434,184973,59052,7153683,17954.0,59052_20221231,1,1,0.02324703695260004,0.03838294137297184,1-10bn
3017803,SI,259315.0,20221231,4276090,5362221,4276090,HARBORONE BANK,321098,1557581,0,101088,59070,4522978,301380.0,59070_20221231,1,1,0.02364028820721734,0.02364028820721734,1-10bn
667737,NM,0.0,20221231,893945,1132459,893945,BANK OF BIRD-IN-HAND,0,226653,0,122970,59074,975003,48181.0,59074_20221231,1,1,0.1375587983600781,0.1375587983600781,1-10bn
324626,NM,9810.0,20221231,564578,654191,564578,PRIMARY BANK,9810,240164,0,65081,59086,568360,0.0,59086_20221231,1,1,0.11527370885865194,0.11527370885865194,<1bn
946495,NM,565119.0,20221231,1291737,1644662,1291737,INTERNATIONAL BK OF COM,715033,345464,149914,29442,59093,565535,0.0,59093_20221231,1,1,0.022792565359666866,0.13884869752898615,1-10bn
63271,NM,48651.0,20221231,276316,310200,276316,INFINITY BANK,51979,213045,0,98234,59098,153906,0.0,59098_20221231,1,1,0.3555132529422835,0.3555132529422835,<1bn
190696,NM,1492.0,20221231,424764,480145,424764,ENDEAVOR BANK,6195,234077,0,91892,59099,374676,0.0,59099_20221231,1,1,0.21633660103021912,0.21633660103021912,<1bn
260793,NM,10832.0,20221231,399079,468184,399079,FOURTH CAPITAL BANK,70146,138711,0,16447,59101,348771,80983.0,59101_20221231,1,1,0.04121239153150128,0.04121239153150128,<1bn
186679,N,145801.0,20221231,667627,713985,667627,WINTER PARK NATIONAL BANK,269655,480957,0,48317,59105,377330,0.0,59105_20221231,1,1,0.07237124921550507,0.07237124921550507,<1bn
239052,NM,10138.0,20221231,410549,498326,410549,BEACON COMMUNITY BANK,33094,171986,8427,16330,59106,436741,10079.0,59106_20221231,1,1,0.03977600724883022,0.06030218073847458,<1bn
12013000,SM,9200000.0,20221231,12741000,13041000,12741000,CHARLES SCHWAB TRUST BANK,10708000,732000,662000,2018000,59108,0,0.0,59108_20221231,1,1,0.15838631190644376,0.21034455694215526,10-100bn
327761,NM,67668.0,20221231,715111,819912,715111,STUDIO BANK,100104,387585,1934,48225,59112,639821,20000.0,59112_20221231,1,1,0.06743708319407757,0.07014155844337452,<1bn
259700,N,31952.0,20221231,550732,655136,550732,GRASSHOPPER BANK N A,124211,291075,4789,23979,59113,483733,40000.0,59113_20221231,1,1,0.043540233725296515,0.05223593326699738,<1bn
155676,NM,17381.0,20221231,491534,556402,491534,COMMERCEONE BANK,36388,335893,0,36972,59114,475959,18928.0,59114_20221231,1,1,0.07521758413456647,0.07521758413456647,<1bn
84408,NM,9920.0,20221231,219667,247437,219667,LEXICON BANK,36263,135277,1116,70895,59117,133188,1.0,59117_20221231,1,1,0.3227385087427788,0.32781892591968753,<1bn
92733,NM,9739.0,20221231,184692,203772,184692,MI BANK,17494,92016,0,41190,59138,142141,32057.0,59138_20221231,1,1,0.2230199467221103,0.2230199467221103,<1bn
112534,NM,27474.0,20221231,231428,251784,231428,GULFSIDE BANK,68789,118898,10633,24815,59140,148542,0.0,59140_20221231,1,1,0.10722557339647752,0.15317074856974955,<1bn
116929,NM,11255.0,20221231,236351,271656,236351,NEW VALLEY BANK&TRUST,53313,119450,11372,12781,59143,193732,17938.0,59143_20221231,1,1,0.0540763525434629,0.10219123253127764,<1bn
185650,NM,9789.0,20221231,321950,372893,321950,OHIO STATE BANK,11185,136409,0,4382,59144,326482,23895.0,59144_20221231,1,1,0.013610809131852772,0.013610809131852772,<1bn
113925,NM,0.0,20221231,226193,267888,226193,WATERMARK BANK,14446,112296,0,14947,59148,215317,7680.0,59148_20221231,1,1,0.06608073636231006,0.06608073636231006,<1bn
2888,NM,0.0,20221231,7644,16206,7644,GENERATIONS COMMERCIAL BANK,8978,4757,0,6863,59149,0,0.0,59149_20221231,1,1,0.8978283621140764,0.8978283621140764,<1bn
47336,NM,80601.0,20221231,378392,467080,378392,PIERMONT BANK,80601,331258,0,40043,59154,337255,79581.0,59154_20221231,1,1,0.10582411890314807,0.10582411890314807,<1bn
80574,NM,19763.0,20221231,150897,168276,150897,AMERICAN BK OF THE CAROLINAS,28566,70388,1964,28009,59157,93399,0.0,59157_20221231,1,1,0.1856166789266851,0.19863217956619417,<1bn
86549,NM,24252.0,20221231,151831,176672,151831,MILLYARD BANK,25055,65584,0,2470,59176,133568,18729.0,59176_20221231,1,1,0.01626808754470431,0.01626808754470431,<1bn
143215,NM,0.0,20221231,190001,463875,190001,SQUARE FINL SERVICES INC,970,47108,0,289791,59177,147407,0.0,59177_20221231,1,1,1.5252077620644102,1.5252077620644102,<1bn
93162,NM,8529.0,20221231,138428,156499,138428,TANDEM BANK,25594,45272,9454,5043,59178,117791,5000.0,59178_20221231,1,1,0.03643049094113908,0.10472592250122807,<1bn
75980,NM,9397.0,20221231,101896,120342,101896,GULF ATLANTIC BANK,17227,25948,0,10826,59181,82758,25903.0,59181_20221231,1,1,0.10624558373243306,0.10624558373243306,<1bn
59208,NM,18413.0,20221231,110945,135640,110945,LOYAL TRUST BANK,24660,51841,0,15169,59182,91938,0.0,59182_20221231,1,1,0.13672540447969714,0.13672540447969714,<1bn
250971,NM,8718.0,20221231,537972,664231,537972,TRUSTAR BANK,76999,287226,33458,50062,59183,520248,0.0,59183_20221231,1,1,0.09305688771906345,0.15524971559858133,<1bn
63988,NM,94979.0,20221231,408129,487001,408129,GULF CAPITAL BANK,217267,344233,29399,22160,59185,237174,17457.0,59185_20221231,1,1,0.05429655819606056,0.1263301554165472,<1bn
108837,NM,68027.0,20221231,392862,445109,392862,TRIAD BUSINESS BANK,137159,284077,0,30178,59188,269630,36214.0,59188_20221231,1,1,0.07681577755038665,0.07681577755038665,<1bn
275806,N,26140.0,20221231,275932,476439,275932,VARO BANK NATIONAL ASSN,91413,127,0,326998,59190,28319,0.0,59190_20221231,1,1,1.1850673354304684,1.1850673354304684,<1bn
96527,NM,10158.0,20221231,167760,236571,167760,FOUNDERS BANK,14426,71265,0,36586,59193,178952,22528.0,59193_20221231,1,1,0.21808536003814974,0.21808536003814974,<1bn
45605,NM,7918.0,20221231,70918,91669,70918,FWBANK,16745,25316,4527,40730,59195,32807,5650.0,59195_20221231,1,1,0.5743252770805719,0.6381595645675286,<1bn
62238,NM,4385.0,20221231,93676,115866,93676,RIVERSIDE BANK OF DUBLIN,4793,31461,0,2785,59199,106979,0.0,59199_20221231,1,1,0.029730133652162774,0.029730133652162774,<1bn
11181,NM,4781.0,20221231,18440,35395,18440,SCOTTSDALE COMMUNITY BANK,8554,7261,1901,16548,59203,9040,300.0,59203_20221231,1,1,0.8973969631236443,1.0004880694143168,<1bn
4259,NM,0.0,20221231,6693,30861,6693,LEGACY BANK,0,2438,0,17526,59204,11655,0.0,59204_20221231,1,1,2.618556701030928,2.618556701030928,<1bn
791060,NM,5751.0,20221231,789644,918716,789644,NELNET BANK,474649,0,0,6985,59205,423234,254817.0,59205_20221231,1,1,0.008845758341733744,0.008845758341733744,<1bn
66846,N,14506.0,20221231,166403,191377,166403,ROCKPOINTBANK NATIONAL ASSN,36926,99609,5096,21298,59206,121874,0.0,59206_20221231,1,1,0.12799048094084842,0.15861492881738912,<1bn
51455,NM,1877.0,20221231,112316,137668,112316,CRAFT BANK,4329,60871,0,22586,59209,106969,0.0,59209_20221231,1,1,0.20109334378004914,0.20109334378004914,<1bn
92587,NM,5958.0,20221231,194605,219890,194605,CLASSIC CITY BANK,43393,102035,31732,41262,59219,124025,0.0,59219_20221231,1,1,0.21202949564502455,0.3750879987667326,<1bn
8897,N,894.0,20221231,16870,57614,16870,AGILITY BANK NATIONAL ASSN,11096,7974,10202,26800,59239,14410,0.0,59239_20221231,1,1,1.5886188500296383,2.1933609958506226,<1bn
36453,NM,0.0,20221231,98073,166528,98073,GENESIS BANK,0,61626,0,25024,59245,132138,0.0,59245_20221231,1,1,0.25515687294158435,0.25515687294158435,<1bn
38755,NM,0.0,20221231,86265,113706,86265,FIRST BANK OF CENTRAL OHIO,9529,47513,8929,25558,59249,70959,0.0,59249_20221231,1,1,0.29627311192256417,0.399779748449545,<1bn
116940,NM,1632.0,20221231,222652,280936,222652,CLIMATE FIRST BANK,8646,105731,4849,24507,59257,235312,21060.0,59257_20221231,1,1,0.11006862727485044,0.13184700788674703,<1bn
31201,SM,15933.0,20221231,61156,91932,61156,INTEGRITY BANK FOR BUSINESS,30648,29958,8715,16177,59262,42986,0.0,59262_20221231,1,1,0.2645202433121852,0.4070246582510301,<1bn
25689,NM,9328.0,20221231,76909,119426,76909,WATERFALL BANK,11834,51227,0,19859,59265,83543,0.0,59265_20221231,1,1,0.25821425320833713,0.25821425320833713,<1bn
3421,NM,0.0,20221231,11964,28014,11964,GAINEY BUSINESS BANK,5858,8544,0,315,59273,4447,0.0,59273_20221231,1,1,0.026328986960882646,0.026328986960882646,<1bn
40090,NM,13567.0,20221231,80933,116385,80933,LOCALITY BANK,13567,40843,0,33275,59278,66255,0.0,59278_20221231,1,1,0.41114255001050254,0.41114255001050254,<1bn
14113,NM,9157.0,20221231,25962,47521,25962,GULF COAST BUSINESS BANK,9157,11849,0,14013,59281,17283,0.0,59281_20221231,1,1,0.5397504044372544,0.5397504044372544,<1bn
7324,NM,0.0,20221231,13087,38311,13087,INTEGRO BANK,0,5766,0,2672,59283,0,0.0,59283_20221231,1,1,0.2041720791625277,0.2041720791625277,<1bn
11574,NM,0.0,20221231,38569,57742,38569,MOULTRIE BANK&TRUST,27489,26997,21527,16850,59285,10062,0.0,59285_20221231,1,1,0.4368793590707563,0.9950219087868496,<1bn
20084,NM,0.0,20221231,68050,104268,68050,ENTREBANK,4922,47987,4922,16440,59287,80081,0.0,59287_20221231,1,1,0.24158706833210875,0.3139162380602498,<1bn
525,SI,0.0,20221231,525,22693,525,WALDEN MUTUAL BANK,9917,0,9917,606,59289,4675,0.0,59289_20221231,1,1,1.1542857142857144,20.043809523809525,<1bn
3215,NM,0.0,20221231,9573,39216,9573,BANK IRVINE,0,6360,0,22530,59296,11074,0.0,59296_20221231,1,1,2.353494202444375,2.353494202444375,<1bn
18040,NM,2833.0,20221231,56740,87230,56740,BANK OF BURLINGTON,40240,38709,37363,23170,59298,22127,0.0,59298_20221231,1,1,0.4083538949594642,1.0668487839266831,<1bn
22826,NM,0.0,20221231,51358,87299,51358,TEXAS TRADITIONS BANK,26535,28540,26535,14097,59304,25417,0.0,59304_20221231,1,1,0.27448498773316715,0.7911523034386074,<1bn
3488,NM,0.0,20221231,7025,37038,7025,EVERMORE BANK,0,3538,0,27299,59306,0,0.0,59306_20221231,1,1,3.8859786476868328,3.8859786476868328,<1bn
9261,NM,5802.0,20221231,21864,34166,21864,GS&L MUNICIPAL BANK,29645,12604,4147,3448,59312,0,0.0,59312_20221231,1,1,0.15770215879985364,0.3473746798390048,<1bn
119453,NM,46949.0,20221231,189299,202556,189299,HOME LOAN STATE BANK,73212,69878,4127,39837,90040,75023,0.0,90040_20221231,1,1,0.21044485179530795,0.23224634044553855,<1bn
471309,SI,32011.0,20221231,816987,931600,816987,ADAMS COMMUNITY BANK,116162,345818,12708,18804,90140,750772,17920.0,90140_20221231,1,1,0.023016278104792363,0.03857099317369799,<1bn
725326,SI,11255.0,20221231,1296827,1636249,1296827,BANKPROV,28599,571533,0,80459,90141,1416047,168763.0,90141_20221231,1,1,0.062042971036229196,0.062042971036229196,1-10bn
419745,SI,117466.0,20221231,495871,582843,495871,ATHOL SAVINGS BANK,176395,76126,0,6519,90146,370513,3209.0,90146_20221231,1,1,0.01314656432822246,0.01314656432822246,<1bn
799382,SM,220707.0,20221231,1197624,1398628,1197624,BLUESTONE BANK,337380,398246,1895,14188,90169,985191,0.0,90169_20221231,1,1,0.011846789977488762,0.013429089597402858,1-10bn
929311,SM,88614.0,20221231,1363941,1609978,1363941,EAST CAMBRIDGE SAVINGS BANK,127283,434665,11642,32205,90173,1368743,35000.0,90173_20221231,1,1,0.023611725140603588,0.03214728496320589,1-10bn
421588,SI,22603.0,20221231,737281,831740,737281,BANK OF CANTON,116503,315738,79171,162038,90175,521332,0.0,90175_20221231,1,1,0.21977780520588486,0.32716020079182834,<1bn
427515,SI,107078.0,20221231,564919,693626,564919,CLINTON SAVINGS BANK,144523,137404,0,9592,90181,497949,2237.0,90181_20221231,1,1,0.0169794253689467,0.0169794253689467,<1bn
3773773,NM,615436.0,20221231,5123594,6204550,5123594,MIDDLESEX SAVINGS BANK,2143771,1350310,148599,99671,90183,3605096,1008.0,90183_20221231,1,1,0.01945333685690162,0.0484562203796788,1-10bn
973942,SM,150878.0,20221231,1442705,1738869,1442705,EASTHAMPTON SAVINGS BANK,195435,468782,14640,57791,90188,1375350,0.0,90188_20221231,1,1,0.04005739219036463,0.05020499686353066,1-10bn
786725,SM,53297.0,20221231,1130118,1307758,1130118,MARTHAS VINEYARD BANK,84439,343839,0,15381,90190,1148331,114368.0,90190_20221231,1,1,0.01361008319485222,0.01361008319485222,1-10bn
385551,SI,56961.0,20221231,520812,584519,520812,EAGLE BANK,105007,137441,0,26967,90191,411315,1.0,90191_20221231,1,1,0.051778760858044746,0.051778760858044746,<1bn
1702013,SI,0.0,20221231,2462433,2820893,2462433,BAYCOAST BANK,278422,823826,75654,42892,90196,2282682,329999.0,90196_20221231,1,1,0.017418544991884045,0.048141817462647715,1-10bn
551020,SI,21043.0,20221231,715952,927993,715952,CAPE ANN SAVINGS BANK,214007,164995,51652,61189,90203,608248,0.0,90203_20221231,1,1,0.08546522671910967,0.15760972802645987,<1bn
747617,SI,107023.0,20221231,954213,1078877,954213,GREENFIELD SAVINGS BANK,210699,206626,0,21101,90206,794789,4270.0,90206_20221231,1,1,0.0221135113439033,0.0221135113439033,1-10bn
556895,SI,111210.0,20221231,799806,945137,799806,PENTUCKET BANK,163308,242925,998,8264,90208,715079,0.0,90208_20221231,1,1,0.01033250563261591,0.0115803082247445,<1bn
1600951,SI,0.0,20221231,2518438,4193934,2518438,HINGHAM INST FOR SVG,79244,920034,0,349485,90211,3657916,471685.0,90211_20221231,1,1,0.13877053951695456,0.13877053951695456,1-10bn
1970659,SI,231660.0,20221231,3113914,3668204,3113914,PEOPLESBANK,541593,1145432,0,51933,90213,2815684,257688.0,90213_20221231,1,1,0.016677724561436187,0.016677724561436187,1-10bn
1239298,SI,116669.0,20221231,1968889,2485908,1968889,AVIDIA BANK,349858,730700,15209,77805,90215,1922068,46023.0,90215_20221231,1,1,0.039517209959525394,0.04724187092314498,1-10bn
830281,SI,133355.0,20221231,1459600,1657767,1459600,LOWELL FIVE CENT SB,254190,634918,2449,160741,90227,1137603,0.0,90227_20221231,1,1,0.1101267470539874,0.1118046040010962,1-10bn
212440,SM,16887.0,20221231,240597,275933,240597,WASHINGTON SAVINGS BANK,26977,28157,2586,8648,90229,226113,16398.0,90229_20221231,1,1,0.03594392282530538,0.04669218651936641,<1bn
211072,SM,1.0,20221231,253035,280576,253035,MARBLEHEAD BANK,17792,41982,0,50765,90234,198795,0.0,90234_20221231,1,1,0.20062441954670301,0.20062441954670301,<1bn
811685,SI,118459.0,20221231,1251676,1463645,1251676,MAIN STREET BANK,249084,447366,0,50705,90235,1092993,71541.0,90235_20221231,1,1,0.04050968461486838,0.04050968461486838,1-10bn
432064,SI,14450.0,20221231,572531,631830,572531,MONSON SAVINGS BANK,78555,140481,22688,22523,90245,502525,0.0,90245_20221231,1,1,0.03933935455023396,0.0789669031021901,<1bn
2629866,SI,154925.0,20221231,3617652,4869275,3617652,INSTITUTION SVG NEWBURYPORT&,674206,995477,19808,209242,90250,3712412,600894.0,90250_20221231,1,1,0.05783917303267423,0.06331454766793489,1-10bn
881790,SI,115651.0,20221231,1356792,1537046,1356792,NEWBURYPORT FIVE CENTS SB,139563,475715,1940,38238,90251,1287357,195432.0,90251_20221231,1,1,0.028182654378858366,0.029612497715198794,1-10bn
426274,SI,106234.0,20221231,710269,922461,710269,MOUNTAINONE BANK,140863,291523,0,17448,90253,676706,47500.0,90253_20221231,1,1,0.024565340737101014,0.024565340737101014,<1bn
297574,SM,42565.0,20221231,341758,383177,341758,NORTH BROOKFIELD SB,92158,44184,12424,9775,90258,253538,5045.0,90258_20221231,1,1,0.02860211026515839,0.06495531926099755,<1bn
1035279,SI,81275.0,20221231,1308996,1458969,1308996,NORTH EASTON SAVINGS BANK,238839,274065,26410,53357,90259,1057165,46.0,90259_20221231,1,1,0.04076177467310824,0.06093754297186546,1-10bn
355155,SI,84.0,20221231,446483,493384,446483,SEAMENS BANK,69134,91461,4523,151917,90268,258565,0.0,90268_20221231,1,1,0.3402525964034465,0.35038288131910955,<1bn
920508,SM,69450.0,20221231,1251184,1503686,1251184,CORNERSTONE BANK,119396,330826,0,45292,90282,1244794,50419.0,90282_20221231,1,1,0.03619931201166255,0.03619931201166255,1-10bn
849299,SI,444675.0,20221231,2100547,2501503,2100547,UNIBANK FOR SAVINGS,508263,1251333,0,29991,90290,1869233,0.0,90290_20221231,1,1,0.014277709568031566,0.014277709568031566,1-10bn
483739,SI,30964.0,20221231,642345,719795,642345,SAVINGS BANK,134799,164543,32764,26326,90291,514928,1003.0,90291_20221231,1,1,0.0409842063065798,0.09199106399209148,<1bn
654126,SI,38420.0,20221231,931024,1130141,931024,WEBSTER FIVE CENTS SB,218410,276943,56446,19586,90297,822815,0.0,90297_20221231,1,1,0.02103705167643369,0.08166491948650088,1-10bn
1551612,SB,347847.0,20221231,2239241,2550802,2239241,WESTFIELD BANK,383402,687641,9987,27929,90300,1971469,0.0,90300_20221231,1,1,0.012472529754501636,0.01693252311832447,1-10bn
1125876,SM,303112.0,20221231,1876111,2111040,1876111,SOUTH SHORE BANK,534787,753248,41393,114580,90303,1373493,1491.0,90303_20221231,1,1,0.06107314545887743,0.08313633894796203,1-10bn
444345,SI,9150.0,20221231,552985,685436,552985,WINCHESTER SAVINGS BANK,77156,108652,490,46927,90308,539607,0.0,90308_20221231,1,1,0.08486125301771295,0.08574735300234183,<1bn
332306,SI,26692.0,20221231,440961,500594,440961,BAY STATE SAVINGS BANK,47952,108675,0,8998,90311,422856,2068.0,90311_20221231,1,1,0.020405432679987574,0.020405432679987574,<1bn
257504,SM,24881.0,20221231,310273,364726,310273,BANK OF LANDISBURG,74477,52860,0,13731,90384,260069,0.0,90384_20221231,1,1,0.044254575809045585,0.044254575809045585,<1bn
186117,NM,0.0,20221231,304662,360036,304662,5STAR BANK,22475,118575,4802,19598,91005,309029,0.0,91005_20221231,1,1,0.06432702470278538,0.08008875409470168,<1bn
230629,SM,9649.0,20221231,266324,291459,266324,BANK OF LITTLE ROCK,167976,40995,7003,6374,91280,92502,4154.0,91280_20221231,1,1,0.02393325423168772,0.050228293356963695,<1bn
250,N,0.0,20221231,615,342946,615,CIBC NATIONAL TRUST CO,0,365,0,140958,91325,0,0.0,91325_20221231,1,1,229.2,229.2,<1bn
