DEPINS,BKCLASS,SCMTGBK,REPDTE,DEPDOM,ASSET,DEP,NAME,SC,DEPUNINS,SCUST,CHBAL,CERT,LNLSNET,BRO,ID,INSFDIC,INSDIF,cash_ratio,treasury_ratio,size_bin
21197000,SM,45317000.0,20251231,206672000,360681000,280582000,STATE STREET BANK&TRUST CO,104887000,205267000,23398000,130826000,14,46770000,16611000.0,14_20251231,1,1,0.6330126964465433,0.7462259038476426,>=100bn
531532,SM,142896.0,20251231,923654,1018261,923654,AUBURNBANK,233259,392870,0,126510,35,558350,0.0,35_20251231,1,1,0.13696687287663994,0.13696687287663994,1-10bn
282289,NM,23182.0,20251231,407647,468318,407647,ROBERTSON BANKING CO,102003,125704,756,27481,39,306814,402.0,39_20251231,1,1,0.06741371824151779,0.06926826396367446,<1bn
149042,NM,74355.0,20251231,327931,345388,327931,PHENIX-GIRARD BANK,216282,179026,0,37033,41,81097,0.0,41_20251231,1,1,0.11292924426175019,0.11292924426175019,<1bn
54613,NM,5339.0,20251231,68011,77314,68011,BANK OF EVERGREEN,36205,13676,741,4339,49,31193,4943.0,49_20251231,1,1,0.06379850318330858,0.07469379953242858,<1bn
161278,NM,24191.0,20251231,198159,220292,198159,COMMUNITY SPIRIT BANK,44710,37874,0,18485,50,144510,1250.0,50_20251231,1,1,0.09328367623978724,0.09328367623978724,<1bn
280174,NM,21780.0,20251231,345108,414568,345108,BANK OF VERNON,56563,66394,0,28615,51,316102,1208.0,51_20251231,1,1,0.08291607264972124,0.08291607264972124,<1bn
174042,NM,5004.0,20251231,221217,294607,221217,CITIZENS BANK OF WINFIELD,141505,48461,0,11991,52,111327,25668.0,52_20251231,1,1,0.05420469493755001,0.05420469493755001,<1bn
229066,NM,47054.0,20251231,336583,392141,336583,EXCHANGE BANK OF ALABAMA,125440,108326,0,24969,54,199546,0.0,54_20251231,1,1,0.07418378230629592,0.07418378230629592,<1bn
743685,NM,164037.0,20251231,1194745,1446151,1194745,UNITED BANK,297394,453600,0,154526,58,882475,0.0,58_20251231,1,1,0.12933805958593675,0.12933805958593675,1-10bn
69022,NM,11306.0,20251231,85400,97056,85400,PEOPLES EXCHANGE BANK,22361,16512,0,6657,70,52667,0.0,70_20251231,1,1,0.07795081967213115,0.07795081967213115,<1bn
397057,SM,44388.0,20251231,666469,743393,666469,CENTRAL STATE BANK,81592,269973,20363,83528,72,539201,0.0,72_20251231,1,1,0.12532916009596845,0.15588271922625058,<1bn
101566,NM,0.0,20251231,168643,210629,168643,BANKSOUTH,30172,67674,18160,7982,77,169841,0.0,77_20251231,1,1,0.04733075194345451,0.1550138458163102,<1bn
102344,SM,1640.0,20251231,115749,141012,115749,WARREN BANK&TRUST CO,41973,13668,222,3416,81,84745,0.0,81_20251231,1,1,0.029512134014116752,0.0314300771496946,<1bn
768253,SM,134493.0,20251231,896090,1064187,896090,GENERATIONS BANK,240390,129269,0,23542,88,734524,130580.0,88_20251231,1,1,0.0262719146514301,0.0262719146514301,1-10bn
833590,SM,110650.0,20251231,1324919,1523393,1324919,SIGNATURE BANK OF ARKANSAS,157739,493860,14647,46776,89,1250652,220022.0,89_20251231,1,1,0.03530479976511772,0.04635981520379737,1-10bn
233263,SM,51942.0,20251231,339067,375073,339067,COMMERCIAL BANK&TRUST CO,102495,106555,0,8376,90,246930,7061.0,90_20251231,1,1,0.024703082281672943,0.024703082281672943,<1bn
45265,NM,0.0,20251231,60064,71824,60064,RIVERSIDE BANK,1309,16440,0,460,93,55385,0.0,93_20251231,1,1,0.0076584976025572725,0.0076584976025572725,<1bn
134883,NM,117.0,20251231,165187,195233,165187,BANK OF DELIGHT,7113,30701,0,2018,99,176546,3145.0,99_20251231,1,1,0.012216457711563258,0.012216457711563258,<1bn
138790,SM,27878.0,20251231,167114,189713,167114,BANK OF CAVE CITY,36083,29363,0,7236,105,123251,1344.0,105_20251231,1,1,0.04329978338140431,0.04329978338140431,<1bn
33463,NM,5620.0,20251231,51129,55197,51129,MERCHANTS&PLANTERS BANK,27223,17743,3934,1788,107,17539,0.0,107_20251231,1,1,0.03497036906647891,0.11191300436151695,<1bn
239048,NM,786.0,20251231,276028,310605,276028,HORATIO STATE BANK,29324,37404,1152,12221,109,257679,38311.0,109_20251231,1,1,0.044274493891924005,0.04844798353790195,<1bn
22401901,NM,1106357.0,20251231,33384965,40785840,33384965,BANK OZK,2610143,11938837,0,2833820,110,31842064,2507544.0,110_20251231,1,1,0.08488312029082552,0.08488312029082552,10-100bn
10247706,N,4541947.0,20251231,16264595,20830874,16264595,SEACOAST NATIONAL BANK,5764668,6051487,200,359109,131,12465478,120865.0,131_20251231,1,1,0.022079184879795655,0.022091481527821626,10-100bn
229648,NM,67745.0,20251231,321000,363772,321000,CENTURY BANK&TRUST,124026,91732,0,24197,147,198735,0.0,147_20251231,1,1,0.07538006230529595,0.07538006230529595,<1bn
278491,NM,48533.0,20251231,379705,426343,379705,BANK OF MADISON,75896,101654,1003,20689,148,315236,0.0,148_20251231,1,1,0.05448703598846473,0.057128560329729655,<1bn
82310,NM,17522.0,20251231,127057,143757,127057,BANK OF HAZLEHURST,46158,44909,296,43431,149,51935,0.0,149_20251231,1,1,0.3418229613480564,0.3441526244126652,<1bn
162933,NM,25912.0,20251231,229618,250135,229618,BANK OF ALAPAHA,62818,67804,0,43502,155,119406,0.0,155_20251231,1,1,0.18945378846606103,0.18945378846606103,<1bn
274619,NM,44760.0,20251231,344544,424869,344544,EXCHANGE BANK,132799,70559,0,7926,160,266325,0.0,160_20251231,1,1,0.023004318751741432,0.023004318751741432,<1bn
266974,N,50836.0,20251231,317380,365919,317380,FIRST NB OF GRIFFIN,116791,50472,2975,48590,169,177804,0.0,169_20251231,1,1,0.15309723360010083,0.16247085512634696,<1bn
160578,NM,14321.0,20251231,213679,235258,213679,PEOPLES BANK OF GEORGIA,14321,53519,0,27228,170,185249,0.0,170_20251231,1,1,0.12742478203286237,0.12742478203286237,<1bn
1353325,NM,469213.0,20251231,2070938,2331428,2070938,UNITED BANK,689882,718342,89081,674641,172,912782,0.0,172_20251231,1,1,0.3257659089745806,0.3687807167573341,1-10bn
279067,NM,37799.0,20251231,419723,462640,419723,COMMERCIAL BANK,76152,141007,1488,19714,175,316733,0.0,175_20251231,1,1,0.04696907245969365,0.05051426774324971,<1bn
37518,NM,0.0,20251231,46279,52956,46279,TALBOT STATE BANK,13137,8812,4354,7233,178,31116,8669.0,178_20251231,1,1,0.15629119038872924,0.25037273925538583,<1bn
89625,NM,24616.0,20251231,121213,137634,121213,MERCHANTS&CITIZENS BANK,70347,31770,3347,5990,183,49854,0.0,183_20251231,1,1,0.04941714172572249,0.07702969153473638,<1bn
301060,NM,35022.0,20251231,398317,461977,398317,ALLIANCE BANK,104770,97663,0,5845,197,312095,13262.0,197_20251231,1,1,0.014674241872679298,0.014674241872679298,<1bn
165532,NM,21598.0,20251231,241312,295690,241312,TRI-COUNTY BANK&TRUST CO,52159,76038,0,6777,210,201589,2500.0,210_20251231,1,1,0.02808397427396897,0.02808397427396897,<1bn
319480,SM,45323.0,20251231,519920,588904,519920,WASHINGTON STATE BANK,192351,201173,0,14954,214,343566,116853.0,214_20251231,1,1,0.02876211724880751,0.02876211724880751,<1bn
120217,NM,32245.0,20251231,202666,279288,202666,GUTHRIE COUNTY STATE BANK,101575,82702,4921,3112,226,158821,25847.0,226_20251231,1,1,0.015355313668794963,0.0396366435415906,<1bn
811457,NM,14.0,20251231,1304094,1512992,1304094,AMERICAN STATE BANK,22304,496571,5932,101358,228,1345893,130895.0,228_20251231,1,1,0.07772292488118188,0.08227167673495929,1-10bn
208250,NM,32997.0,20251231,291162,342577,291162,COMMUNITY STATE BANK,155600,83740,0,2307,230,158172,12460.0,230_20251231,1,1,0.007923424073196366,0.007923424073196366,<1bn
211448,SM,5785.0,20251231,278382,335554,278382,COMMERCIAL SAVINGS BANK,31165,68350,22246,31756,231,262716,18196.0,231_20251231,1,1,0.11407346739372518,0.1939852432987765,<1bn
65081,NM,0.0,20251231,83442,125699,83442,SOLON STATE BANK,34547,18576,0,2948,232,83134,7000.0,232_20251231,1,1,0.03532992977157786,0.03532992977157786,<1bn
73326,NM,0.0,20251231,85938,122562,85938,POCAHONTAS STATE BANK,75053,13056,0,2269,234,40820,0.0,234_20251231,1,1,0.026402755474877238,0.026402755474877238,<1bn
256643,NM,0.0,20251231,330686,480775,330686,SECURITY STATE BANK,4104,74587,3012,5216,235,432783,31958.0,235_20251231,1,1,0.01577327132083003,0.024881609744591547,<1bn
278662,NM,40432.0,20251231,416809,472860,416809,RACCOON VALLEY BANK,76453,140876,3417,9662,245,367896,14503.0,245_20251231,1,1,0.023180881410910032,0.03137888097425919,<1bn
171389,NM,0.0,20251231,204588,274293,204588,STATE SAVINGS BANK,305,33601,0,27371,248,236143,1011.0,248_20251231,1,1,0.13378595030011536,0.13378595030011536,<1bn
43324,NM,5110.0,20251231,53184,63347,53184,FIRST SECURITY BANK,11738,9973,0,7970,251,37503,0.0,251_20251231,1,1,0.14985709987966306,0.14985709987966306,<1bn
160696,SM,30812.0,20251231,263395,306592,263395,PINNACLE BANK,60540,103216,0,16573,252,209208,41015.0,252_20251231,1,1,0.06292070844169403,0.06292070844169403,<1bn
1724059,NM,11441.0,20251231,1849819,2209415,1849819,LUANA SAVINGS BANK,329822,135321,0,39675,253,1775839,614275.0,253_20251231,1,1,0.021448044376233568,0.021448044376233568,1-10bn
172002,NM,0.0,20251231,249451,304218,249451,FIRST WHITNEY BANK&TRUST,119711,78077,0,4991,254,173723,0.0,254_20251231,1,1,0.020007937430597592,0.020007937430597592,<1bn
4539664,NM,698929.0,20251231,7793115,9533246,7793115,STOCK YARDS BANK&TRUST CO,921057,3254105,1994,884141,258,6955690,370.0,258_20251231,1,1,0.11345155306960054,0.11370741994696601,1-10bn
174523,NM,10989.0,20251231,219991,251504,219991,CITIZENS BANK,16166,45725,493,10345,262,212549,0.0,262_20251231,1,1,0.047024651008450345,0.04926565177666359,<1bn
181081,NM,13582.0,20251231,278704,331206,278704,KENTUCKY FARMERS BANK CORP,116920,97892,0,31860,267,166185,0.0,267_20251231,1,1,0.11431482863539813,0.11431482863539813,<1bn
327172,NM,25455.0,20251231,369604,421664,369604,MORGANTOWN BANK&TRUST CO INC,53770,43432,997,10213,275,331321,12000.0,275_20251231,1,1,0.027632276706962045,0.030329758335948746,<1bn
109612,NM,21159.0,20251231,128333,146152,128333,HYDEN CITIZENS BANK,53427,18889,0,5112,281,82109,0.0,281_20251231,1,1,0.039833869698362855,0.039833869698362855,<1bn
109139,NM,16868.0,20251231,137733,153359,137733,AUBURN BANKING CO,19360,28944,991,4311,284,114885,3000.0,284_20251231,1,1,0.03129968852780379,0.03849476886439706,<1bn
1032447,SM,79695.0,20251231,1274703,1410476,1274703,COMMUNITY FINL SERVICES BK,283667,243383,0,71103,287,954983,43057.0,287_20251231,1,1,0.05578005229453449,0.05578005229453449,1-10bn
44501,NM,4409.0,20251231,55015,67660,55015,FARMERS&TRADERS BK CAMPTON,22553,10611,0,1777,288,40268,0.0,288_20251231,1,1,0.03230028174134327,0.03230028174134327,<1bn
184001,NM,30359.0,20251231,217747,267999,217747,BANK OF HINDMAN,110145,34081,0,17443,289,123114,3317.0,289_20251231,1,1,0.08010672936940577,0.08010672936940577,<1bn
87209,NM,55.0,20251231,114118,175162,114118,JACKSON COUNTY BANK,81305,27024,37761,18670,291,72892,0.0,291_20251231,1,1,0.1636025867961233,0.4944969242363168,<1bn
655891,SM,67.0,20251231,938702,1140123,938702,MONTICELLO BANKING CO,214505,284262,0,40509,292,810133,38539.0,292_20251231,1,1,0.04315427047135299,0.04315427047135299,1-10bn
213402,NM,0.0,20251231,242258,282643,242258,BANK OF EDMONSON COUNTY,66382,29081,0,6072,296,199020,0.0,296_20251231,1,1,0.025064187766761056,0.025064187766761056,<1bn
149444,SM,17191.0,20251231,177639,222860,177639,LEWISBURG BANKING CO,41303,28362,7990,7648,297,159043,0.0,297_20251231,1,1,0.043053608723309635,0.08803247034716476,<1bn
299507,NM,5923.0,20251231,394327,453787,394327,UNITED CUMBERLAND BANK,76620,95465,0,42582,303,314510,4000.0,303_20251231,1,1,0.10798651880292245,0.10798651880292245,<1bn
47488,NM,2482.0,20251231,60555,72174,60555,CLINTON BANK,17401,13211,0,1477,304,50025,4230.0,304_20251231,1,1,0.02439104945916935,0.02439104945916935,<1bn
264776,NM,33675.0,20251231,357754,411205,357754,BANK OF ZACHARY,96570,93816,490,4317,306,286886,3000.0,306_20251231,1,1,0.01206695103339166,0.013436607277626526,<1bn
143807,NM,9479.0,20251231,245765,271274,245765,LANDMARK BANK,33091,102674,9998,56578,307,162516,5390.0,307_20251231,1,1,0.23021178768335604,0.2708929261693081,<1bn
38765,NM,8016.0,20251231,44617,50025,44617,MER ROUGE STATE BANK,11758,5925,0,11960,314,24898,0.0,314_20251231,1,1,0.2680592599233476,0.2680592599233476,<1bn
341951,NM,62010.0,20251231,404771,470124,404771,CITIZENS BANK,96294,63443,1938,50117,324,296481,0.0,324_20251231,1,1,0.12381568837688471,0.12860358079012577,<1bn
119157,NM,51264.0,20251231,188743,224954,188743,MERCHANTS&PLANTERS BANK,77811,69769,0,39975,327,95962,0.0,327_20251231,1,1,0.21179593415384942,0.21179593415384942,<1bn
317053,NM,64560.0,20251231,604781,726745,604781,PEOPLES BANK BILOXI MS,389167,287777,130520,19582,340,260767,0.0,340_20251231,1,1,0.032378662689469415,0.24819232085664067,<1bn
576500,SM,141727.0,20251231,658845,773605,658845,FARMERS STATE BANK,225348,84001,0,10235,342,488998,0.0,342_20251231,1,1,0.015534761590358886,0.015534761590358886,<1bn
99779,NM,24684.0,20251231,144084,162718,144084,BANK OF BAKER,32854,44460,1984,29601,352,86173,0.0,352_20251231,1,1,0.20544265844923795,0.21921240387551705,<1bn
305333,SM,144625.0,20251231,446483,564385,446483,FIRST MONTANA BANK INC,164876,141284,0,45519,363,319969,0.0,363_20251231,1,1,0.10195013024012113,0.10195013024012113,<1bn
867712,SM,162003.0,20251231,1334465,1567392,1334465,OHIO VALLEY BANK CO,259358,473108,86779,45887,384,1172054,77513.0,384_20251231,1,1,0.03438606482747768,0.09941512141569843,1-10bn
46142,NM,6557.0,20251231,52342,58445,52342,PEOPLES BANK,21145,6256,3309,1757,389,30608,0.0,389_20251231,1,1,0.03356768942722861,0.09678651942990332,<1bn
26322,NM,0.0,20251231,29936,34589,29936,FIRST SUMMIT BANK,18,3639,0,6728,399,18160,0.0,399_20251231,1,1,0.2247461250668092,0.2247461250668092,<1bn
215565,NM,30853.0,20251231,284215,331136,284215,SOONER STATE BANK,71439,68832,7081,10366,402,227683,0.0,402_20251231,1,1,0.03647238886054571,0.061386626321622714,<1bn
161258,SM,18285.0,20251231,180652,191498,180652,FARMERS STATE BANK,46400,19617,0,5786,404,126617,5022.0,404_20251231,1,1,0.03202843035227952,0.03202843035227952,<1bn
82510,NM,842.0,20251231,93021,111053,93021,CLEO STATE BANK,24975,12510,9828,17096,406,66557,0.0,406_20251231,1,1,0.18378645682157793,0.28944001892045884,<1bn
148604,NM,45817.0,20251231,234055,290386,234055,STOCK EXCHANGE BANK,95038,85966,19704,21862,414,144971,0.0,414_20251231,1,1,0.09340539616756745,0.17759073721988422,<1bn
141466,NM,228.0,20251231,186922,211688,186922,HIGH PLAINS BANK,7651,45916,0,29149,418,164444,6250.0,418_20251231,1,1,0.15594205069494227,0.15594205069494227,<1bn
24074,NM,1572.0,20251231,27116,29117,27116,BANK OF VICI,7167,3079,0,1392,420,14253,0.0,420_20251231,1,1,0.05133500516300339,0.05133500516300339,<1bn
167160,NM,40174.0,20251231,246572,276758,246572,SECURITY STATE BANK,84146,79978,0,6983,421,170654,28201.0,421_20251231,1,1,0.02832032834222864,0.02832032834222864,<1bn
67701,NM,3474.0,20251231,82902,97445,82902,AMERICAN EXCHANGE BANK,5728,15463,0,10017,428,74780,0.0,428_20251231,1,1,0.12082941304190489,0.12082941304190489,<1bn
76278,N,0.0,20251231,125004,139231,125004,SECURITY FIRST NB OF HUGO,10851,49075,10851,17311,432,102408,0.0,432_20251231,1,1,0.13848356852580718,0.22528879075869573,<1bn
405063,NM,64778.0,20251231,559752,640858,559752,PS BANK,129416,155500,7095,60186,444,419915,30000.0,444_20251231,1,1,0.10752261715902757,0.12019787334390944,<1bn
413289,NM,84885.0,20251231,516580,597479,516580,MERCER COUNTY STATE BANK,156671,103592,0,11614,445,386516,0.0,445_20251231,1,1,0.022482480932285415,0.022482480932285415,<1bn
183540,NM,31991.0,20251231,245497,328268,245497,SECURITY BANK MIDWEST,81380,62672,0,8599,485,215997,36479.0,485_20251231,1,1,0.03502690460575893,0.03502690460575893,<1bn
51001,NM,0.0,20251231,77717,85877,77717,WESTERN DAKOTA BANK,1846,26884,505,54932,492,25479,0.0,492_20251231,1,1,0.7068209014758676,0.7133188362906443,<1bn
221680,NM,18434.0,20251231,292706,350390,292706,BANKSTAR FINANCIAL,33796,72257,0,29423,496,269662,6000.0,496_20251231,1,1,0.10052065895471907,0.10052065895471907,<1bn
103934,NM,16865.0,20251231,153067,181818,153067,FARMERS&MERCHANTS STATE BANK,22130,49574,0,6041,501,142455,12873.0,501_20251231,1,1,0.03946637746869018,0.03946637746869018,<1bn
94395,NM,17990.0,20251231,123148,154487,123148,GREAT PLAINS BANK,34943,29331,0,4317,505,111062,0.0,505_20251231,1,1,0.035055380517751,0.035055380517751,<1bn
24668,SM,0.0,20251231,28171,32303,28171,FARMERS STATE BANK,138,3521,0,15888,526,15719,0.0,526_20251231,1,1,0.5639842391111427,0.5639842391111427,<1bn
123167,NM,0.0,20251231,183469,202104,183469,CENTRAL BANK&TRUST,83151,60434,41294,6490,529,108612,0.0,529_20251231,1,1,0.03537382337070568,0.2604472690209245,<1bn
88309718,SM,25974772.0,20251231,171468916,212887157,171492971,MANUFACTURERS&TRADERS TR CO,35840747,85310999,6786929,18700268,588,136667601,10889690.0,588_20251231,1,1,0.10905923030387618,0.1486403343215863,>=100bn
1599069,SM,253306.0,20251231,2279501,2709552,2279501,CHEMUNG CANAL TRUST CO,284405,682503,0,50097,597,2247454,0.0,597_20251231,1,1,0.021977178338592526,0.021977178338592526,1-10bn
4122471,NM,901128.0,20251231,7133907,8678169,7133907,TOMPKINS COMMUNITY BANK,1695396,3015393,139612,133034,609,6432014,114391.0,609_20251231,1,1,0.01864812647543625,0.03821832832976376,1-10bn
186624,SM,24554.0,20251231,268480,308458,268480,BANK OF MILLBROOK,109373,81933,8976,42906,618,133852,0.0,618_20251231,1,1,0.15981078665077472,0.19324344457687723,<1bn
3382266,NM,1082767.0,20251231,7992617,8867199,7992617,AMALGAMATED BANK,3334566,4612496,8048,291217,622,4902501,161695.0,622_20251231,1,1,0.036435750643375,0.03744267991322492,1-10bn
2349000,SM,0.0,20251231,30856000,43031000,30856000,DEUTSCHE BANK TR CO AMERICAS,404000,28932000,404000,18747000,623,14949000,1371000.0,623_20251231,1,1,0.6075641690432979,0.6206572465646876,10-100bn
938897000,N,204591000.0,20251231,2167793000,3752662000,2697842000,JPMORGAN CHASE BANK NA,777844000,1272310000,448271000,350456000,628,1471951000,51372000.0,628_20251231,1,1,0.16166488220969438,0.3684516925739681,>=100bn
25968000,SM,55818000.0,20251231,220677000,380997000,332433000,BANK OF NEW YORK MELLON,149966000,217695000,33442000,126781000,639,40480000,13836000.0,639_20251231,1,1,0.5745093507705833,0.7260521033002987,>=100bn
3477717,SM,922699.0,20251231,5289662,6235224,5289662,FIVE STAR BANK,1007180,2259558,0,102147,659,4613845,125177.0,659_20251231,1,1,0.01931068563549051,0.01931068563549051,1-10bn
923994,SM,23405.0,20251231,1562060,1785369,1562060,ADIRONDACK TRUST CO,314221,649011,254589,349984,660,992043,0.0,660_20251231,1,1,0.22405285328348462,0.3870357092557264,1-10bn
1031145,NM,188564.0,20251231,1413365,1670173,1413365,JOURNEY BANK,325768,383623,0,48438,686,1168469,0.0,686_20251231,1,1,0.03427140193792828,0.03427140193792828,1-10bn
1286392,NM,268085.0,20251231,2105046,2426477,2105046,WAYNE BANK,408782,833097,20857,44437,698,1826220,33184.0,698_20251231,1,1,0.02110975247096738,0.031017849491175014,1-10bn
3174821,SM,653531.0,20251231,4533712,5541962,4533712,ORRSTOWN BANK,952497,1360637,14211,149774,713,3979102,97212.0,713_20251231,1,1,0.03303562290679249,0.03617014049414696,1-10bn
170253,SM,251.0,20251231,236217,260079,236217,APPLE CREEK BANKING CO,19044,66030,0,7030,737,222980,1.0,737_20251231,1,1,0.02976077081666434,0.02976077081666434,<1bn
521814,SM,130650.0,20251231,706872,802192,706872,MINSTER BANK,254791,185906,8686,80364,763,436662,0.0,763_20251231,1,1,0.11368960717074661,0.12597754614696863,<1bn
365152,NM,21185.0,20251231,418942,463455,418942,FARMERS BANK&SAVINGS CO,98067,54168,15162,14514,769,320027,0.0,769_20251231,1,1,0.03464441378520177,0.07083558105895327,<1bn
14896353,NM,2701075.0,20251231,21831113,27619827,21831113,WESBANCO BANK INC,4422905,7043654,196857,961310,803,19097534,101093.0,803_20251231,1,1,0.04403394366562988,0.05305121181865533,10-100bn
374944,SM,87644.0,20251231,487621,578364,487621,CITIZENS BANK&TRUST CO,212628,113741,22878,5970,823,276428,0.0,823_20251231,1,1,0.012243115042215163,0.05916070062610101,<1bn
241142,SM,19911.0,20251231,277227,365004,277227,BANK OF ROMNEY,65648,36321,2375,6665,845,260827,3612.0,845_20251231,1,1,0.024041669822924897,0.03260865644399716,<1bn
59512,SM,7110.0,20251231,71602,79436,71602,PLEASANTS COUNTY BANK,17189,12162,0,7631,847,45762,0.0,847_20251231,1,1,0.1065752353286221,0.1065752353286221,<1bn
76156,NM,17061.0,20251231,113289,128400,113289,MERCHANTS&FARMERS BK GREENE,29126,37212,0,4594,855,76038,10375.0,855_20251231,1,1,0.04055115677603298,0.04055115677603298,<1bn
233629,NM,16950.0,20251231,346561,396368,346561,STATE BANK&TRUST,112681,113648,0,12601,861,247794,21047.0,861_20251231,1,1,0.036360121306205834,0.036360121306205834,<1bn
25723247,SM,7512616.0,20251231,51914514,61204265,51914514,SYNOVUS BANK,9835903,26388216,1195107,2454662,873,44253914,5451605.0,873_20251231,1,1,0.0472827695160548,0.0703034415385262,10-100bn
98303,NM,13592.0,20251231,131528,158316,131528,BANK OF DAWSON,31896,34172,0,16557,876,89109,0.0,876_20251231,1,1,0.12588194148774406,0.12588194148774406,<1bn
124077,NM,9408.0,20251231,167335,197887,167335,MAGNOLIA STATE BANK,51372,43530,3006,33769,877,109025,0.0,877_20251231,1,1,0.20180476290076793,0.2197687274031135,<1bn
118169,NM,8131.0,20251231,159050,183793,159050,FARMERS STATE BANK,47603,40954,0,45760,879,84834,0.0,879_20251231,1,1,0.2877082678403018,0.2877082678403018,<1bn
187948,NM,5249.0,20251231,247055,275051,247055,GEORGIA FIRST BANK,6342,60028,593,37756,889,219875,0.0,889_20251231,1,1,0.1528242698994151,0.15522454514177006,<1bn
522418,NM,14612.0,20251231,713438,831159,713438,CITIZENS BANK,324571,195642,0,39002,893,446342,0.0,893_20251231,1,1,0.05466767960215183,0.05466767960215183,<1bn
178785,NM,28734.0,20251231,231146,273956,231146,BANK OF FOREST,85860,53710,9872,5856,898,166423,0.0,898_20251231,1,1,0.025334636982686266,0.06804357419120383,<1bn
58793,NM,21012.0,20251231,77284,100639,77284,GERBER STATE BANK,49509,18644,1481,2057,899,46792,0.0,899_20251231,1,1,0.026616117178199887,0.045779203974949535,<1bn
250528,NM,48551.0,20251231,323856,360089,323856,BYRON BANK,104760,73779,3854,4158,902,245022,0.0,902_20251231,1,1,0.01283903957314362,0.024739390346326762,<1bn
716522,NM,28784.0,20251231,1287379,1468427,1287379,AMALGAMATED BANK OF CHICAGO,83355,571394,0,563435,903,776790,0.0,903_20251231,1,1,0.4376605490690776,0.4376605490690776,1-10bn
15007981,SM,15597821.0,20251231,52630760,176396321,145215355,NORTHERN TRUST CO,57027179,38655477,8172439,61565078,913,41783958,499998.0,913_20251231,1,1,1.1697546833828734,1.3250334405203346,>=100bn
87633,SM,3253.0,20251231,106049,122180,106049,STATE BANK OF GENEVA,22668,18499,2349,18060,925,77369,0.0,925_20251231,1,1,0.17029863553640298,0.19244877368009128,<1bn
385332,N,9813.0,20251231,518325,587327,518325,PEOPLES NB OF KEWANEE,344903,134220,0,44633,926,177084,0.0,926_20251231,1,1,0.08611006607823277,0.08611006607823277,<1bn
39774,NM,2750.0,20251231,52667,57509,52667,CITIZENS STB OF MILFORD,21290,12943,0,4657,931,24206,0.0,931_20251231,1,1,0.08842349099056335,0.08842349099056335,<1bn
234933,NM,68037.0,20251231,374056,467700,374056,IOWA STATE BANK,126184,139632,0,10726,950,297033,38079.0,950_20251231,1,1,0.02867485082447548,0.02867485082447548,<1bn
184197,NM,4450.0,20251231,211782,271249,211782,CHEROKEE STATE BANK,71669,28070,7671,3322,951,181703,2000.0,951_20251231,1,1,0.015685941203690587,0.051907149804988145,<1bn
2630508,NM,565868.0,20251231,6061294,7487308,6061294,BANKERS TRUST CO,1158270,3450904,107237,125819,953,5814518,366974.0,953_20251231,1,1,0.020757778784530168,0.03844987555462579,1-10bn
171884,SM,17354.0,20251231,212293,273724,212293,FNB BANK,35157,41030,1679,7283,954,218649,0.0,954_20251231,1,1,0.034306359606769886,0.04221524025756855,<1bn
283289,SM,8655.0,20251231,453218,540109,453218,CONNECTION BANK,14861,170579,0,23073,955,468499,0.0,955_20251231,1,1,0.05090927544801839,0.05090927544801839,<1bn
223438,SM,16597.0,20251231,289448,331060,289448,GLENWOOD STATE BANK,130932,66340,53224,42008,956,154325,0.0,956_20251231,1,1,0.14513142256985712,0.32901246510599486,<1bn
1590987,NM,363787.0,20251231,1945663,2480897,1945663,UNITED BANK OF IOWA,652646,362044,17885,67571,958,1619418,84310.0,958_20251231,1,1,0.03472903580938734,0.04392127516430132,1-10bn
196164,SM,0.0,20251231,254952,290746,254952,HOME TRUST&SAVINGS BANK,70962,59936,4808,8055,963,207014,0.0,963_20251231,1,1,0.03159418243434058,0.05045263422134363,<1bn
35000,NM,3968.0,20251231,44538,58678,44538,HOME STATE BANK,21284,9663,0,1526,966,32340,0.0,966_20251231,1,1,0.03426287664466299,0.03426287664466299,<1bn
161459,SM,50169.0,20251231,248237,274873,248237,SECURITY TRUST&SAVINGS BANK,99407,87076,21677,85691,968,80870,0.0,968_20251231,1,1,0.3451983386844024,0.4325221461748249,<1bn
115207,SM,0.0,20251231,133237,160260,133237,TEMPLETON SAVINGS BANK,32548,18646,22313,13162,969,109297,1.0,969_20251231,1,1,0.0987863731546042,0.26625486914295576,<1bn
94113,SM,7213.0,20251231,109222,118919,109222,BLISSFIELD STATE BANK,45909,15158,0,2423,976,54557,0.0,976_20251231,1,1,0.022184175349288605,0.022184175349288605,<1bn
433585,SM,9450.0,20251231,517309,604491,517309,TRI-COUNTY BANK,99515,84141,29087,8047,977,468162,0.0,977_20251231,1,1,0.015555499711004448,0.0717830155670982,<1bn
331496,SM,59482.0,20251231,475440,571776,475440,EASTERN MICHIGAN BANK,198365,143953,55501,103680,982,201320,0.0,982_20251231,1,1,0.21807168096920748,0.33480775702507154,<1bn
32804000,SM,12275000.0,20251231,65880000,80052000,66282000,COMERICA BANK,14920000,35778000,1415000,7513000,983,50229000,4078000.0,983_20251231,1,1,0.11404068002428658,0.1355191256830601,10-100bn
77852,SM,7331.0,20251231,100907,111671,100907,G W JONES EXCHANGE BANK,50574,24213,24779,34817,999,24830,0.0,999_20251231,1,1,0.34504048282081523,0.5906032287155499,<1bn
1156133,SM,51045.0,20251231,1850654,2161209,1850654,ISABELLA BANK,497790,695537,197533,25845,1005,1523061,0.0,1005_20251231,1,1,0.013965333336215198,0.12070219500781885,1-10bn
91499,SM,1743.0,20251231,126761,153545,126761,BANK MICHIGAN,8314,35415,6162,19884,1008,117212,7016.0,1008_20251231,1,1,0.15686212636378696,0.20547329225865998,<1bn
2409388,SM,341130.0,20251231,3602337,4407418,3602337,CHOICEONE BANK,946050,1194602,89034,87975,1014,2993668,104906.0,1014_20251231,1,1,0.024421646281289063,0.049137268389936865,1-10bn
216188,N,54467.0,20251231,289716,349308,289716,CLARE BANK NATIONAL ASSN,152284,74255,19764,17431,1022,171135,0.0,1022_20251231,1,1,0.060165817559264936,0.1283843488105593,<1bn
388657,SM,21717.0,20251231,534263,586303,534263,FM BANK&TRUST,38661,147355,0,36972,1027,459349,39748.0,1027_20251231,1,1,0.0692018724860228,0.0692018724860228,<1bn
179249,SM,37066.0,20251231,217660,246823,217660,FBT BANK&MORTGAGE,69165,39112,0,17354,1028,150440,5500.0,1028_20251231,1,1,0.07972985390057888,0.07972985390057888,<1bn
4302016,SM,1288546.0,20251231,5429071,6502519,5429071,MIDLAND STATES BANK,1524943,1156717,0,127279,1040,4290566,43128.0,1040_20251231,1,1,0.023443974116381973,0.023443974116381973,1-10bn
411171,NM,66570.0,20251231,535102,633157,535102,BANK&TRUST CO,181091,125006,36359,21371,1047,417004,0.0,1047_20251231,1,1,0.039938180010540045,0.10788597314156927,<1bn
179399,N,76758.0,20251231,213859,277418,213859,FIRST NB OF STEELEVILLE,137213,34825,10410,3310,1049,119804,0.0,1049_20251231,1,1,0.015477487503448534,0.06415441950069906,<1bn
1818440,SM,186823.0,20251231,2459375,2980633,2459375,MIDWEST BANKCENTRE,319378,644913,3977,77443,1058,2382177,45001.0,1058_20251231,1,1,0.031488894536213466,0.03310597204574333,1-10bn
779551,NM,11654.0,20251231,1157311,1288585,1157311,WOOD&HUSTON BANK,147513,380796,0,132057,1060,950354,6796.0,1060_20251231,1,1,0.11410675263606758,0.11410675263606758,1-10bn
378557,SM,39093.0,20251231,1224054,1438529,1224054,CASS COMMERCIAL BANK,62062,846103,0,358574,1068,1000385,227513.0,1068_20251231,1,1,0.29293969056920693,0.29293969056920693,1-10bn
589303,SM,306279.0,20251231,699742,939830,699742,LINDELL BANK&TRUST CO,306279,118133,0,62882,1073,517154,0.0,1073_20251231,1,1,0.08986455007702839,0.08986455007702839,<1bn
195067,SM,0.0,20251231,268457,351593,268457,BANK OF VERSAILLES,0,73683,0,34531,1086,310872,0.0,1086_20251231,1,1,0.12862767594065344,0.12862767594065344,<1bn
210549,NM,5878.0,20251231,289708,361467,289708,UPPER PENINSULA STATE BANK,28921,80262,2549,14473,1090,289037,29297.0,1090_20251231,1,1,0.049957198282408494,0.0587557126485979,<1bn
120828,NM,2553.0,20251231,143827,168773,143827,BAYBANK,24780,23097,1011,9431,1092,127172,0.0,1092_20251231,1,1,0.06557183282693792,0.0726011110570338,<1bn
241024,SM,45748.0,20251231,428075,487146,428075,CENTRAL SAVINGS BANK,100436,187135,0,35202,1095,328419,0.0,1095_20251231,1,1,0.08223325351865911,0.08223325351865911,<1bn
66644,SM,20427.0,20251231,79423,85901,79423,ROOT RIVER STATE BANK,40279,12929,1931,8830,1098,28355,0.0,1098_20251231,1,1,0.11117686312529117,0.135489719602634,<1bn
297268,SM,47859.0,20251231,371904,410507,371904,PEOPLES STB OF PLAINVIEW,98468,75200,16602,26040,1100,270846,0.0,1100_20251231,1,1,0.07001806917914301,0.11465862157976252,<1bn
14421579,SM,5173670.0,20251231,22396621,26568494,22396621,FIRST INTERSTATE BANK,7630236,7998942,237705,1309681,1105,15083831,0.0,1105_20251231,1,1,0.05847672289494027,0.06909015426925338,10-100bn
1138157,NM,253999.0,20251231,1868116,2147633,1868116,AMERICAN BANK&TRUST,292306,740254,0,218042,1117,1533321,0.0,1117_20251231,1,1,0.11671759141295295,0.11671759141295295,1-10bn
109514,SM,9324.0,20251231,132405,150588,132405,CITIZENS STB OF ARLINGTON,48754,23302,1977,21218,1118,77371,0.0,1118_20251231,1,1,0.16025074581775614,0.17518220611004115,<1bn
453731,NM,89878.0,20251231,637187,704059,637187,FIRST FIDELITY BANK,196303,191821,0,30983,1122,415814,0.0,1122_20251231,1,1,0.048624658067411924,0.048624658067411924,<1bn
132077,SM,14612.0,20251231,180697,221544,180697,MERCHANTS STATE BANK,52505,49054,0,5304,1125,148192,3718.0,1125_20251231,1,1,0.029353005307227016,0.029353005307227016,<1bn
191604,SM,0.0,20251231,267971,316199,267971,COLORADO B&T CO OF LA JUNTA,46537,76678,46537,28492,1141,226187,0.0,1141_20251231,1,1,0.10632493814629194,0.2799892525683749,<1bn
330539,SM,61107.0,20251231,516519,556004,516519,PEOPLES BANK,216799,187023,28545,47523,1147,265026,28649.0,1147_20251231,1,1,0.0920062959929838,0.1472704779495043,<1bn
69642,SM,7642.0,20251231,87770,113865,87770,WAHOO STATE BANK,14376,18272,0,1672,1163,86417,717.0,1163_20251231,1,1,0.01904978922182978,0.01904978922182978,<1bn
480746,NM,327230.0,20251231,673014,773626,673014,CITIZENS BANK,378432,192610,2941,36492,1164,304087,0.0,1164_20251231,1,1,0.05422175467375121,0.05859164891072102,<1bn
83672,NM,43261.0,20251231,115727,137713,115727,FIRST BANK OF OKARCHE,50951,32291,4417,23716,1165,58445,0.0,1165_20251231,1,1,0.2049305693571941,0.2430979805922559,<1bn
128953,SM,77451.0,20251231,187483,202956,187483,UINTA BANK,111728,58781,0,9258,1167,70477,53435.0,1167_20251231,1,1,0.049380477163262805,0.049380477163262805,<1bn
195271,SM,54255.0,20251231,259956,297613,259956,SUNDANCE STATE BANK,77682,64969,2908,44843,1169,159205,0.0,1169_20251231,1,1,0.1725022696148579,0.1836887781009094,<1bn
373636,SM,70440.0,20251231,530550,584833,530550,BANK&TRUST SSB,143349,157883,32098,38794,1184,368390,0.0,1184_20251231,1,1,0.07312034680991424,0.13361982847987938,<1bn
193070,NM,0.0,20251231,268383,302203,268383,ARROWHEAD BANK,62587,75676,0,50438,1198,184170,0.0,1198_20251231,1,1,0.18793291676447466,0.18793291676447466,<1bn
932063,N,188452.0,20251231,1456101,1632426,1456101,COMMERCIAL BANK OF TEXAS NA,364329,528000,86419,111726,1209,1093713,0.0,1209_20251231,1,1,0.07672956752313198,0.13607915934402903,1-10bn
1212722,SM,53737.0,20251231,2209633,2541208,2209633,VISTA BANK,148541,998248,9974,339128,1210,1928367,197749.0,1210_20251231,1,1,0.15347707062666063,0.15799094238726522,1-10bn
1023072,SI,32866.0,20251231,1308987,2469832,1308987,CORNERSTONE CAPITAL BANK SSB,71370,287313,10732,374434,1213,1715233,275679.0,1213_20251231,1,1,0.28604867733598577,0.2942473836638561,1-10bn
118431,NM,0.0,20251231,148878,179669,148878,FIRST STATE BANK,11849,31233,741,19229,1218,143697,35573.0,1218_20251231,1,1,0.12915944598933354,0.13413667566732493,<1bn
406501,SM,122555.0,20251231,593113,653212,593113,WELLINGTON STATE BANK,195416,188854,14137,79158,1219,343540,0.0,1219_20251231,1,1,0.13346192040977015,0.15729717608617583,<1bn
4016968,SM,2587302.0,20251231,8950794,11797060,8950794,FARMERS&MERCHANTS BK LONG BE,4105543,4935406,10003,1409565,1225,5983529,0.0,1225_20251231,1,1,0.15747932529784509,0.15859687978519002,10-100bn
255409,NM,60738.0,20251231,325096,371201,325096,IRELAND BANK,139357,69946,0,32360,1237,184071,483.0,1237_20251231,1,1,0.09953982823535201,0.09953982823535201,<1bn
1316828,NM,570680.0,20251231,1900776,2273312,1900776,CASHMERE VALLEY BANK,985515,599979,0,247530,1265,941605,0.0,1265_20251231,1,1,0.13022576042626802,0.13022576042626802,1-10bn
3804975,NM,1286080.0,20251231,8946579,10682990,8946579,WASHINGTON TRUST BANK,2354541,5147819,119808,711329,1281,7203304,0.0,1281_20251231,1,1,0.07950849145801987,0.09289997886342925,10-100bn
1878693,SM,155197.0,20251231,2733700,3050571,2733700,FARMERS BANK&TRUST CO,476078,856373,0,48460,1291,2312076,130130.0,1291_20251231,1,1,0.0177268902952043,0.0177268902952043,1-10bn
606807,SM,51388.0,20251231,700908,852531,700908,FNBC BANK,204631,96155,19776,16050,1294,591430,96741.0,1294_20251231,1,1,0.022898868325086887,0.05111369823143694,<1bn
199857,NM,21004.0,20251231,247211,287631,247211,FARMERS BANK,80740,47481,0,6589,1296,162125,0.0,1296_20251231,1,1,0.026653344713625203,0.026653344713625203,<1bn
661473,SM,2197.0,20251231,1072077,1286556,1072077,EVOLVE BANK&TRUST,127372,411913,115070,194985,1299,874839,356409.0,1299_20251231,1,1,0.18187592868795804,0.2892096369943577,1-10bn
2434618,NM,1496699.0,20251231,4985370,5692809,4985370,FARMERS&MERCHANTS BK CNTL CA,1669067,2558179,0,150485,1331,3572570,0.0,1331_20251231,1,1,0.03018532225291202,0.03018532225291202,1-10bn
1007386,NM,174583.0,20251231,1340140,1579827,1340140,PEOPLES BANK&TRUST CO,319179,327621,501,72408,1365,1056623,30986.0,1365_20251231,1,1,0.054030175951766235,0.05440401749070992,1-10bn
521541,NM,107480.0,20251231,1329674,1520955,1329674,BOM BANK,190925,815956,739,84856,1373,1121944,242856.0,1373_20251231,1,1,0.06381714615762961,0.06437292148301012,1-10bn
45839,NM,6734.0,20251231,81741,90195,81741,BANK OF COMMERCE,26462,35986,8483,3134,1374,37591,0.0,1374_20251231,1,1,0.03834061242216268,0.14211962173205614,<1bn
241359,NM,26134.0,20251231,427978,486051,427978,CITIZENS BANK&TRUST CO,60704,187108,0,52190,1376,344435,0.0,1376_20251231,1,1,0.12194552056414115,0.12194552056414115,<1bn
117288,NM,9629.0,20251231,139985,166340,139985,FELICIANA BANK&TRUST CO,20072,23952,0,16500,1380,121631,200.0,1380_20251231,1,1,0.11786977176126014,0.11786977176126014,<1bn
42560,NM,12777.0,20251231,50915,55131,50915,ARLINGTON STATE BANK,25160,8435,5864,8071,1391,19753,0.0,1391_20251231,1,1,0.15851910046155357,0.27369144652852795,<1bn
2481940,SM,506467.0,20251231,3152434,3704763,3152434,FRANDSEN BANK&TRUST,728599,677652,0,207675,1399,2486390,0.0,1399_20251231,1,1,0.06587766785918436,0.06587766785918436,1-10bn
646230,NM,94307.0,20251231,1277662,1480074,1277662,CITIZENS ALLIANCE BANK,299153,633831,14064,100943,1402,980487,130323.0,1402_20251231,1,1,0.07900602819838111,0.09001363427886248,1-10bn
320163,NM,6304.0,20251231,383258,446404,383258,KENSINGTON BANK,60943,64151,26700,12569,1409,347218,5000.0,1409_20251231,1,1,0.03279514061024166,0.10246100538018776,<1bn
128104,NM,9526.0,20251231,143439,156675,143439,PERENNIAL BANK,57745,15600,16966,33430,1413,61713,0.0,1413_20251231,1,1,0.23306074359135243,0.35134098815524367,<1bn
99173,SB,21763.0,20251231,126259,143037,126259,NORTHWOODS BANK OF MINNESOTA,53034,27321,0,2979,1415,76592,1500.0,1415_20251231,1,1,0.023594357629951133,0.023594357629951133,<1bn
200038,N,63449.0,20251231,279938,312199,279938,WOODLANDS NATIONAL BANK,132721,80179,5555,39470,1417,122077,28666.0,1417_20251231,1,1,0.14099550614778986,0.16083918581971723,<1bn
169115,NM,46574.0,20251231,202036,230186,202036,BANK OF WESTON,49764,33116,0,1931,1418,172754,0.0,1418_20251231,1,1,0.009557702587657646,0.009557702587657646,<1bn
549541,NM,37743.0,20251231,669826,880651,669826,FOCUS BANK,67942,121621,0,30718,1426,727917,0.0,1426_20251231,1,1,0.04585967101904077,0.04585967101904077,<1bn
45030,NM,529.0,20251231,81018,98627,81018,UNITED SECURITY BANK,19740,36302,1472,3566,1427,74052,0.0,1427_20251231,1,1,0.04401491026685428,0.06218371226147276,<1bn
165322,SM,37042.0,20251231,188985,237153,188985,TOWN&COUNTRY BANK,64202,24292,0,5091,1434,157832,0.0,1434_20251231,1,1,0.026938645924279706,0.026938645924279706,<1bn
850656,NM,21608.0,20251231,1199335,1573634,1199335,EXCHANGE BANK,416035,353253,0,8695,1435,1065174,175783.0,1435_20251231,1,1,0.007249850959073153,0.007249850959073153,1-10bn
84351,NM,0.0,20251231,95757,117054,95757,COUNTRYSIDE BANK,27186,11563,19581,15644,1438,68028,0.0,1438_20251231,1,1,0.16337186837515796,0.36785822446400784,<1bn
55459,NM,0.0,20251231,109736,134170,109736,AMERICAN INTERSTATE BANK,0,54291,0,65519,1439,66877,0.0,1439_20251231,1,1,0.5970602172486695,0.5970602172486695,<1bn
192954,NM,0.0,20251231,220545,246327,220545,BANK OF HOLLAND,45770,32593,0,11044,1464,182518,0.0,1464_20251231,1,1,0.05007594821918429,0.05007594821918429,<1bn
199911,SM,28613.0,20251231,257782,288428,257782,BANK OF CROCKETT,79483,58994,0,5028,1468,182795,0.0,1468_20251231,1,1,0.019504852937753607,0.019504852937753607,<1bn
111198,NM,13639.0,20251231,146842,171602,146842,PEOPLES BANK&TRUST CO,27978,35878,967,23153,1475,112696,0.0,1475_20251231,1,1,0.15767287288377985,0.16425818226392994,<1bn
354422,NM,4767.0,20251231,396406,446407,396406,BANK OF FRANKEWING,32086,42405,0,90475,1484,294495,9960.0,1484_20251231,1,1,0.22823822041038733,0.22823822041038733,<1bn
1088574,SM,304167.0,20251231,1593304,1785669,1593304,FIRST FARMERS&MERCHANTS BANK,579953,506322,12842,102381,1487,998538,44186.0,1487_20251231,1,1,0.06425704071539393,0.07231702173596502,1-10bn
373600,NM,126317.0,20251231,845193,949056,845193,SECURITY STATE BANK,264737,472677,0,22535,1497,551697,0.0,1497_20251231,1,1,0.026662549263895937,0.026662549263895937,<1bn
349877,NM,0.0,20251231,517601,658270,517601,CITIZENS STB OF LA CROSSE,405,168468,0,109363,1513,532080,104186.0,1513_20251231,1,1,0.21128823166879507,0.21128823166879507,<1bn
653038,SM,56564.0,20251231,818377,932050,818377,DIAMOND BANK,146302,166299,0,11579,1527,728410,8027.0,1527_20251231,1,1,0.014148735851569632,0.014148735851569632,<1bn
1393098,SM,178408.0,20251231,2118144,2779153,2118144,SOUTHERN BCORP BANK,564310,729274,3964,144858,1528,1828069,116098.0,1528_20251231,1,1,0.06838911802030456,0.07026056774232535,1-10bn
2067675,NM,190646.0,20251231,3737300,4778288,3737300,BANK OF STOCKTON,1952602,1678707,546044,164526,1536,2389929,0.0,1536_20251231,1,1,0.0440226901774008,0.19012923768495973,1-10bn
592511,N,84027.0,20251231,952909,1108870,952909,FIRST NB AMES IOWA,323669,361013,82466,77570,1545,671521,0.0,1545_20251231,1,1,0.08140336590377466,0.16794468307047158,1-10bn
113349,NM,16812.0,20251231,140370,200454,140370,IOWA TRUST&SAVINGS BANK,73632,27340,32520,28346,1547,93467,0.0,1547_20251231,1,1,0.20193773598347226,0.4336111704780224,<1bn
244394,SM,42204.0,20251231,344349,441491,344349,CENTRAL STATE BANK,54775,101175,0,9566,1550,350107,6376.0,1550_20251231,1,1,0.02777995580065573,0.02777995580065573,<1bn
1002292,SM,149179.0,20251231,1405245,1646450,1405245,CBI BANK&TRUST,394558,404287,38887,55803,1552,1066755,0.0,1552_20251231,1,1,0.03971051311337169,0.06738326768641767,1-10bn
389280,NM,59754.0,20251231,468881,529831,468881,SHELBY COUNTY STATE BANK,108750,80528,16309,16704,1553,368065,0.0,1553_20251231,1,1,0.035625243931829184,0.07040805662844091,<1bn
89496,NM,0.0,20251231,105356,121993,105356,TWIN CEDARS BANK,18,16214,0,19887,1556,97253,6927.0,1556_20251231,1,1,0.18876001366794487,0.18876001366794487,<1bn
131394,NM,890.0,20251231,162999,186000,162999,PEOPLES BANK,22318,34453,0,2525,1562,156882,12000.0,1562_20251231,1,1,0.01549089258216308,0.01549089258216308,<1bn
99894,NM,22918.0,20251231,123294,137404,123294,PEOPLES BANK,32427,23438,0,7303,1566,95250,0.0,1566_20251231,1,1,0.0592324038477136,0.0592324038477136,<1bn
255,N,0.0,20251231,505,125335,505,COMERICA B&T NA,1974,250,1974,97921,1596,0,0.0,1596_20251231,1,1,193.9029702970297,197.8118811881188,<1bn
72878,NM,0.0,20251231,81514,94113,81514,FIRST FARMERS&MERCHANTS STB,16819,8835,4495,2540,1600,72070,0.0,1600_20251231,1,1,0.031160291483671516,0.08630419314473588,<1bn
203544,NM,4838.0,20251231,236483,261551,236483,SECURITY BANK USA,42017,33201,16291,28215,1604,181381,0.0,1604_20251231,1,1,0.11931090184072428,0.18819957459944267,<1bn
556251,NM,109312.0,20251231,658944,717628,658944,BANK OF ELK RIVER,255669,103878,5875,11707,1607,432527,249.0,1607_20251231,1,1,0.017766304875679876,0.026682085275835276,<1bn
175428,NM,39467.0,20251231,207456,243574,207456,FIRST STATE BANK OF WYOMING,144236,32267,8714,21314,1609,65860,0.0,1609_20251231,1,1,0.10273985809039025,0.1447439457041493,<1bn
209621,NM,28096.0,20251231,285129,316165,285129,STATE BANK OF FARIBAULT,109647,76254,2918,9994,1610,174565,5000.0,1610_20251231,1,1,0.03505080156701002,0.04528476584282903,<1bn
134352,NM,15160.0,20251231,177577,205179,177577,CARROLL CNTY TR CARROLLTON M,88204,43320,991,11790,1611,92121,22057.0,1611_20251231,1,1,0.06639373342268425,0.07197441110053666,<1bn
59984,NM,626.0,20251231,67596,74786,67596,SHERWOOD COMMUNITY BANK,18854,7655,199,3449,1612,49181,0.0,1612_20251231,1,1,0.05102372921474643,0.05396769039588141,<1bn
266761,SM,14832.0,20251231,390306,431038,390306,EXCHANGE BANK OF MISSOURI,33922,124392,0,27334,1616,332928,0.0,1616_20251231,1,1,0.07003223112122284,0.07003223112122284,<1bn
1788266,NM,5310.0,20251231,2502670,3035331,2502670,BANK OF MISSOURI,590306,721134,0,36105,1617,2136375,96563.0,1617_20251231,1,1,0.014426592399317529,0.014426592399317529,1-10bn
46107,NM,0.0,20251231,53927,58890,53927,FIRST SECURITY BANK,13187,7941,10009,2818,1622,41668,0.0,1622_20251231,1,1,0.05225582732212065,0.2378585866078217,<1bn
158687,SM,3075.0,20251231,184526,208453,184526,FCNB BANK,51608,26713,1452,9155,1639,128228,15924.0,1639_20251231,1,1,0.04961360458688748,0.05748241440230645,<1bn
200163,NM,30089.0,20251231,277891,346613,277891,OZARK BANK,53445,78270,983,16868,1654,263311,0.0,1654_20251231,1,1,0.06070005865609178,0.06423741682890054,<1bn
634335,NM,63475.0,20251231,840888,950613,840888,BANK OF OLD MONROE,275308,208351,0,21101,1655,623898,189905.0,1655_20251231,1,1,0.025093710458467713,0.025093710458467713,<1bn
219772,NM,13641.0,20251231,435279,495356,435279,FARMERS&MERCHANTS BANK OF SC,183850,215627,2018,176280,1660,123149,0.0,1660_20251231,1,1,0.40498163247020874,0.40961773942689633,<1bn
1018118,NM,0.0,20251231,1039908,1352658,1039908,1ST FINANCIAL BANK USA,110313,24175,109667,129365,1673,947310,811208.0,1673_20251231,1,1,0.12440042773014535,0.22985879520111394,1-10bn
33808,NM,5720.0,20251231,39229,44074,39229,RICHLAND STATE BANK,18341,5521,1452,2078,1675,22448,0.0,1675_20251231,1,1,0.05297101633995258,0.08998445027913024,<1bn
757046,NM,42715.0,20251231,1050111,1308415,1050111,PLAINS COMMERCE BANK,87556,298483,1760,39055,1678,1079381,159046.0,1678_20251231,1,1,0.03719130644284271,0.03886731974048458,1-10bn
203583,NM,60704.0,20251231,233283,250699,233283,FARMERS STATE BANK,91673,30112,1027,6001,1686,138687,0.0,1686_20251231,1,1,0.02572412048884831,0.030126498716151626,<1bn
52034,NM,3881.0,20251231,58040,68843,58040,COMMUNITY BANK,21647,6528,7661,2393,1687,41616,2000.0,1687_20251231,1,1,0.0412301860785665,0.17322536181943488,<1bn
103033,NM,6067.0,20251231,155858,180482,155858,UBANK,11629,53146,3498,28733,1693,134333,0.0,1693_20251231,1,1,0.18435370657906555,0.20679721284759203,<1bn
625378,NM,122868.0,20251231,796637,933573,796637,FARMERS BANK,224766,174456,0,46221,1696,605314,0.0,1696_20251231,1,1,0.05802015221487327,0.05802015221487327,<1bn
533634,NM,175.0,20251231,681982,761338,681982,FIRST CENTURY BANK,1490,149104,0,34102,1700,662790,0.0,1700_20251231,1,1,0.05000425231164459,0.05000425231164459,<1bn
176143,NM,5736.0,20251231,204235,259636,204235,MOUNTAIN VALLEY BANK,25122,28253,0,18628,1705,204834,38410.0,1705_20251231,1,1,0.09120865669449409,0.09120865669449409,<1bn
1066329,NM,235484.0,20251231,1451111,1759147,1451111,WELLWORTH BANK,399260,387382,4983,39598,1711,1219041,0.0,1711_20251231,1,1,0.02728805721960622,0.030721977850074873,1-10bn
191289,NM,3.0,20251231,214456,243231,214456,BANK OF PERRY COUNTY,11357,24308,0,4342,1713,196194,23655.0,1713_20251231,1,1,0.020246577386503525,0.020246577386503525,<1bn
258316,SM,4142.0,20251231,621883,819767,621883,CITIZENS 1ST BANK,274160,365294,0,59598,1715,476551,0.0,1715_20251231,1,1,0.09583474705049021,0.09583474705049021,<1bn
549114,NM,23516.0,20251231,729050,844765,729050,WESTERN BANK,30661,182321,0,73197,1720,676593,0.0,1720_20251231,1,1,0.10040052122625334,0.10040052122625334,<1bn
80997,NM,18352.0,20251231,109161,114944,109161,PEOPLES BANK OF GREENSBORO,46657,28477,940,1837,1730,51692,0.0,1730_20251231,1,1,0.016828354448933228,0.0254394884619965,<1bn
202134,NM,61253.0,20251231,276603,310552,276603,FARMERS&MERCHANTS BANK,135067,74739,1933,12336,1735,140404,0.0,1735_20251231,1,1,0.04459821476990488,0.05158656992151206,<1bn
60576,NM,11464.0,20251231,88057,100066,88057,FARMERS&MERCHANTS BANK,81111,27754,0,3630,1745,5205,0.0,1745_20251231,1,1,0.04122329854526045,0.04122329854526045,<1bn
242980,SM,19234.0,20251231,309085,342950,309085,UNION BANK&TRUST CO,46456,67000,0,17086,1753,264281,34843.0,1753_20251231,1,1,0.05527929210411375,0.05527929210411375,<1bn
554265,NM,16892.0,20251231,696270,877796,696270,CENTRAL BANK,49095,143364,4843,31720,1756,751164,355200.0,1756_20251231,1,1,0.04555703965415715,0.052512674680799114,<1bn
12244697,NM,4119902.0,20251231,19035000,22367624,19035000,MECHANICS BANK,5348952,6825674,20669,1029983,1768,14033057,0.0,1768_20251231,1,1,0.054109955345416336,0.05519579721565537,10-100bn
79773,NM,17861.0,20251231,118703,144967,118703,STATE BANK,25537,38990,0,38822,1778,73046,0.0,1778_20251231,1,1,0.3270515488235344,0.3270515488235344,<1bn
163714,NM,8424.0,20251231,196525,215319,196525,CITIZENS STATE BANK OF OURAY,21963,32942,0,20314,1779,151003,2548.0,1779_20251231,1,1,0.1033659839715049,0.1033659839715049,<1bn
238734,NM,135483.0,20251231,335733,417918,335733,FARMERS STATE BANK OF CALHAN,196685,99958,0,7750,1780,190575,6294.0,1780_20251231,1,1,0.023083819582823257,0.023083819582823257,<1bn
142057,NM,38742.0,20251231,173136,195225,173136,FIRST STB SHANNON-POLO,61460,31564,0,18682,1781,108196,0.0,1781_20251231,1,1,0.10790361334442287,0.10790361334442287,<1bn
457298,NM,7964.0,20251231,610798,672118,610798,LONGVIEW BANK,56442,154956,14761,35274,1786,547823,20000.0,1786_20251231,1,1,0.05775068025763018,0.08191742605575002,<1bn
370743,NM,41008.0,20251231,394804,433168,394804,BETTER BANKS,117839,25533,3148,12738,1808,287746,0.0,1808_20251231,1,1,0.03226411079928268,0.04023768756142288,<1bn
95105,NM,16930.0,20251231,153966,203431,153966,FOWLER STATE BANK,67189,59017,0,3626,1821,126418,0.0,1821_20251231,1,1,0.02355065404050245,0.02355065404050245,<1bn
41586,SM,0.0,20251231,47375,58007,47375,FAIRMOUNT STATE BANK,8055,5963,7662,3676,1829,44824,0.0,1829_20251231,1,1,0.07759366754617414,0.2393245382585752,<1bn
372891,NM,78043.0,20251231,696338,864872,696338,STATE BANK,92924,324555,1976,28869,1833,686798,10000.0,1833_20251231,1,1,0.04145831478391241,0.04429601716407836,<1bn
121000,NM,35362.0,20251231,157728,173118,157728,COMMUNITY STATE BANK,62026,36948,490,6262,1839,85919,7000.0,1839_20251231,1,1,0.03970125786163522,0.04280787177926557,<1bn
124426,NM,8228.0,20251231,183883,210384,183883,FARMERS&MERCHANTS BANK,53134,59886,977,7658,1843,140599,0.0,1843_20251231,1,1,0.041646046670981006,0.04695920775710642,<1bn
259235,NM,10962.0,20251231,341001,428110,341001,BIPPUS STATE BANK,38241,82106,0,6060,1847,348361,21988.0,1847_20251231,1,1,0.01777120888208539,0.01777120888208539,<1bn
155469,SM,10242.0,20251231,222549,251098,222549,WAYNE BANK&TRUST CO,36772,67853,0,4069,1849,197443,14500.0,1849_20251231,1,1,0.018283613945692858,0.018283613945692858,<1bn
375193,NM,32460.0,20251231,479707,558087,479707,FIRST SECURITY BANK&TRUST CO,128091,104803,4801,48575,1852,348680,17560.0,1852_20251231,1,1,0.10125972729186775,0.1112679197927068,<1bn
277966,SM,0.0,20251231,369909,433004,369909,WAUKON STATE BANK,35384,93283,0,28525,1857,353920,0.0,1857_20251231,1,1,0.07711356036214312,0.07711356036214312,<1bn
36262,NM,431.0,20251231,45236,53446,45236,MONTEZUMA STATE BANK,10422,9064,972,17432,1860,23305,0.0,1860_20251231,1,1,0.3853567954726324,0.4068441064638783,<1bn
77601,NM,22207.0,20251231,82526,99260,82526,KANSAS STB OVERBROOK KANSAS,35810,5078,0,4200,1865,52520,9022.0,1865_20251231,1,1,0.050893051886678135,0.050893051886678135,<1bn
182144,NM,35572.0,20251231,285688,374433,285688,FARMERS STB OF OAKLEY KANSAS,79853,104336,0,6506,1867,251278,31277.0,1867_20251231,1,1,0.022773095124751477,0.022773095124751477,<1bn
428910,NM,68945.0,20251231,566871,639380,566871,BANK OF TESCOTT,109086,139156,12074,12143,1868,471221,0.0,1868_20251231,1,1,0.021421099333005216,0.042720477851221884,<1bn
467730,SM,94508.0,20251231,560501,655241,560501,UNION STATE BANK,162143,93830,13125,19468,1869,420580,30000.0,1869_20251231,1,1,0.034733211894358795,0.05814976244467004,<1bn
765153,NM,128390.0,20251231,991088,1071878,991088,BANK OF LABOR,560115,230214,0,115967,1874,354144,232508.0,1874_20251231,1,1,0.11700979125970651,0.11700979125970651,1-10bn
621393,NM,111993.0,20251231,722077,872370,722077,FARMERS&MERCHANTS BANK,140335,101476,0,47514,1895,633858,65531.0,1895_20251231,1,1,0.065801846617466,0.065801846617466,<1bn
477779,NM,21412.0,20251231,507366,600188,507366,FIRST INDEPENDENT BANK,143293,90574,9401,24626,1900,401439,30203.0,1900_20251231,1,1,0.048536953599571116,0.06706598392481956,<1bn
99837,NM,0.0,20251231,115921,131201,115921,ST CLAIR STATE BANK INC,3251,17106,0,20226,1903,97694,0.0,1903_20251231,1,1,0.1744808964725977,0.1744808964725977,<1bn
342030,SM,50374.0,20251231,446009,522584,446009,PROFINIUM INC,66443,104814,0,37205,1905,390615,8330.0,1905_20251231,1,1,0.08341759919642877,0.08341759919642877,<1bn
69870,NM,709.0,20251231,79443,92180,79443,TRIUMPH STATE BANK,6308,9710,5223,12238,1906,63245,0.0,1906_20251231,1,1,0.1540475561094118,0.2197928074216734,<1bn
179277,NM,36049.0,20251231,205872,234068,205872,WANDA STATE BANK,51303,27532,11331,17324,1908,139046,1.0,1908_20251231,1,1,0.08414937436853967,0.13918842776093884,<1bn
199864,NM,0.0,20251231,247811,289665,247811,CASTLE ROCK BANK,151271,48537,8524,6689,1913,126990,0.0,1913_20251231,1,1,0.02699234497257991,0.061389526695747966,<1bn
52276,NM,4819.0,20251231,61972,77764,61972,FARMERS STB OF TRIMONT,23213,9830,1422,1796,1929,48290,4013.0,1929_20251231,1,1,0.028980830052281675,0.05192667656360937,<1bn
140687,NM,35713.0,20251231,173295,190823,173295,NEW MARKET BANK,44627,32947,7409,26146,1931,112720,0.0,1931_20251231,1,1,0.1508756744279985,0.1936293603393058,<1bn
105618,NM,0.0,20251231,129846,144870,129846,CITIZENS STB NORWOOD YOUNG A,32041,24430,31974,35121,1933,70523,0.0,1933_20251231,1,1,0.27048195554734067,0.516727507970981,<1bn
238975,NM,0.0,20251231,310306,349112,310306,COMMUNITY STB OF MISSOURI,64370,71971,11087,25512,1936,237432,0.0,1936_20251231,1,1,0.08221561942082976,0.11794486732451194,<1bn
96508,NM,22920.0,20251231,129693,145820,129693,BANK OF CROCKER,62887,33303,11125,14141,1937,48330,0.0,1937_20251231,1,1,0.10903441203457395,0.19481390668733084,<1bn
146995,N,0.0,20251231,164497,189958,164497,TIPTON LATHAM BANK NA,32959,17990,0,9366,1941,138672,0.0,1941_20251231,1,1,0.056937208581311516,0.056937208581311516,<1bn
89551,NM,0.0,20251231,97244,110023,97244,METZ BANKING CO,19645,8089,4010,10024,1945,74941,0.0,1945_20251231,1,1,0.10308090987618773,0.1443173871909835,<1bn
196394,NM,3553.0,20251231,244371,267251,244371,ALLIANT BANK,16674,48647,8953,28915,1946,203514,0.0,1946_20251231,1,1,0.11832418740357899,0.1549611042226778,<1bn
181757,NM,0.0,20251231,214123,243459,214123,CITIZENS BANK OF ELDON,22285,33077,990,17900,1956,189972,0.0,1956_20251231,1,1,0.08359681117862164,0.08822032196447836,<1bn
177280,SM,34116.0,20251231,220204,260372,220204,LAMAR BANK&TRUST CO,34116,43402,0,15441,1964,196031,1002.0,1964_20251231,1,1,0.07012134202830103,0.07012134202830103,<1bn
107373,SM,8270.0,20251231,129201,162958,129201,CITIZENS BANK&TRUST CO,33685,21939,10919,33591,1972,86039,0.0,1972_20251231,1,1,0.2599902477535004,0.3445019775388735,<1bn
750130,SM,105546.0,20251231,1129391,1363581,1129391,YELLOWSTONE BANK,505678,379261,375246,79410,1978,734085,0.0,1978_20251231,1,1,0.07031223021964936,0.4025674013694106,1-10bn
126744,NM,35145.0,20251231,186308,205642,186308,VALLEY BANK OF KALISPELL,51126,60035,0,2856,1980,143609,0.0,1980_20251231,1,1,0.01532945445176804,0.01532945445176804,<1bn
134427,SM,60078.0,20251231,176177,201274,176177,FIRST STATE BANK OF MALTA,97836,42372,14323,42222,1982,57912,0.0,1982_20251231,1,1,0.23965670887800336,0.3209556298495263,<1bn
142761,NM,6099.0,20251231,159464,193387,159464,WESTERN NEBRASKA BANK,25613,17028,0,3074,1983,150983,12892.0,1983_20251231,1,1,0.019277078212010235,0.019277078212010235,<1bn
49351,NM,97.0,20251231,50271,75295,50271,COMMERCIAL STATE BANK,49274,1224,597,2080,1986,21872,499.0,1986_20251231,1,1,0.04137574347039048,0.053251377533766985,<1bn
200998,NM,59259.0,20251231,242838,345563,242838,PATHWAY BANK,76327,42455,0,9118,1992,237025,20915.0,1992_20251231,1,1,0.03754766552187055,0.03754766552187055,<1bn
58674,NM,6078.0,20251231,65779,77483,65779,CERESCOBANK,29318,7420,946,1976,1993,41376,0.0,1993_20251231,1,1,0.03003998236519254,0.044421471898326216,<1bn
601967,NM,199700.0,20251231,814098,965683,814098,FARMERS&MERCHANTS BANK,283506,215389,47774,120884,2036,520444,0.0,2036_20251231,1,1,0.1484882655405123,0.20717161815899315,<1bn
119773,NM,0.0,20251231,173955,191200,173955,STATE BANK&TRUST OF KENMARE,73301,55165,1817,3058,2057,86947,0.0,2057_20251231,1,1,0.017579259003765342,0.028024489092006555,<1bn
249530,NM,43274.0,20251231,318079,383662,318079,FAHEY BANKING CO,52170,69150,0,14481,2068,297815,100175.0,2068_20251231,1,1,0.045526425825030886,0.045526425825030886,<1bn
478820,N,82290.0,20251231,681029,763257,681029,NATIONAL CAPITAL BANK OF WA,115243,202436,0,81000,2093,535303,5000.0,2093_20251231,1,1,0.11893766638425089,0.11893766638425089,<1bn
1167068,N,211900.0,20251231,1621432,1948354,1621432,CONWAY NATIONAL BANK,891775,461890,56184,183597,2102,826275,0.0,2102_20251231,1,1,0.11323139052393193,0.1478822423635404,1-10bn
226043,N,0.0,20251231,269661,305598,269661,FIRST NB OF SOUTH CAROLINA,94882,44082,15080,56488,2107,144321,0.0,2107_20251231,1,1,0.2094778258628426,0.2653998909742232,<1bn
1171329,N,434550.0,20251231,1979598,2210609,1979598,QUEENSBOROUGH NB&T CO,622484,811635,35520,162079,2138,1308239,23189.0,2138_20251231,1,1,0.08187470385401481,0.09981774077363181,1-10bn
99256,NM,14260.0,20251231,136704,158354,136704,BANK OF MONTICELLO,16607,37550,0,22235,2145,111333,0.0,2145_20251231,1,1,0.16265069054307116,0.16265069054307116,<1bn
120839,NM,30562.0,20251231,168196,195317,168196,GEO D WARTHEN BANK,55033,47465,1998,15983,2154,110652,0.0,2154_20251231,1,1,0.09502604104734952,0.10690503935884325,<1bn
70130,NM,17757.0,20251231,83787,85722,83787,FIRST STB OF RANDOLPH COUNTY,39791,14097,0,4416,2157,28131,0.0,2157_20251231,1,1,0.05270507357943356,0.05270507357943356,<1bn
139935,N,1784.0,20251231,182979,226527,182979,FIRST NB OF WAYNESBORO,24898,43334,2967,50124,2160,143625,0.0,2160_20251231,1,1,0.2739330742872133,0.29014804977620384,<1bn
197746,NM,44248.0,20251231,236774,270380,236774,BANK OF THE ROCKIES,50452,41185,0,20593,2205,188813,0.0,2205_20251231,1,1,0.08697323185822768,0.08697323185822768,<1bn
521761,SM,158559.0,20251231,820896,894234,820896,FIRST NORTHERN BANK OF WY,270036,300151,0,22445,2208,558404,0.0,2208_20251231,1,1,0.027342075000974544,0.027342075000974544,<1bn
527921,N,240039.0,20251231,703468,798812,703468,BANK OF BRIDGER NA,395952,176354,77218,7458,2224,367020,0.0,2224_20251231,1,1,0.010601761558450419,0.12036937003531077,<1bn
179240,SM,61073.0,20251231,267243,286923,267243,RNB STATE BANK,98686,64518,0,6474,2228,147566,0.0,2228_20251231,1,1,0.024225143408807714,0.024225143408807714,<1bn
250666,SM,78953.0,20251231,366174,390332,366174,RSNB BANK,196238,115795,0,4854,2229,142715,0.0,2229_20251231,1,1,0.013255993052483246,0.013255993052483246,<1bn
871784,NM,156281.0,20251231,1198915,1333700,1198915,PINNACLE BANK WYOMING,306096,327367,86536,95444,2232,893531,0.0,2232_20251231,1,1,0.07960864615089477,0.1517872409637047,1-10bn
966999,NM,430309.0,20251231,1570113,1845287,1570113,FIRST AMERICAN BANK,580205,605440,4872,104428,2240,1064745,87694.0,2240_20251231,1,1,0.0665098626659355,0.06961282404514835,1-10bn
505753,NM,97285.0,20251231,899037,988553,899037,CNB BANK,155586,394223,0,82395,2241,722800,89146.0,2241_20251231,1,1,0.09164806342786781,0.09164806342786781,<1bn
177040,NM,68729.0,20251231,376804,442995,376804,JAMES POLK STONE CMTY BANK,150014,200077,16076,94037,2244,179475,0.0,2244_20251231,1,1,0.2495647604590185,0.2922288510737678,<1bn
114942,NM,20993.0,20251231,163863,181028,163863,BANK OF THE SOUTHWEST,23131,48922,0,32385,2247,118499,0.0,2247_20251231,1,1,0.1976346093993153,0.1976346093993153,<1bn
178184,SM,93630.0,20251231,282157,321514,282157,WESTERN BANK,210803,104431,16511,25923,2249,72640,0.0,2249_20251231,1,1,0.09187438199300389,0.15039144873244328,<1bn
41252368,N,14397733.0,20251231,75875678,88989689,75875678,ZIONS BCORP N A,18188266,35507812,1410646,2770725,2270,60440004,5588338.0,2270_20251231,1,1,0.03651664239494506,0.055108186314987526,10-100bn
65636,N,63624.0,20251231,118689,126787,118689,FIRST NATIONAL BANK OF ELY,98447,53067,0,6309,2273,15410,0.0,2273_20251231,1,1,0.05315572630993605,0.05315572630993605,<1bn
281356,SM,10746.0,20251231,358189,409295,358189,NORTH VALLEY BANK,46312,76956,7473,8054,2284,315408,1.0,2284_20251231,1,1,0.022485335953923765,0.04334862321288482,<1bn
427079,SM,518.0,20251231,643271,721197,643271,GENOA BANKING CO,135162,216683,81995,14174,2285,534479,48302.0,2285_20251231,1,1,0.022034259277971494,0.14949997745895588,<1bn
320146,NM,54949.0,20251231,476614,554778,476614,BUCKEYE STATE BANK,120021,158246,3803,5559,2286,332422,9679.0,2286_20251231,1,1,0.01166352645956686,0.019642729756154876,<1bn
79654,NM,0.0,20251231,91107,105303,91107,BANK OF MAGNOLIA CO,15946,11485,8153,14184,2300,66488,0.0,2300_20251231,1,1,0.15568507359478415,0.2451732578177308,<1bn
124575,NM,2299.0,20251231,143098,166850,143098,FIRST STATE BANK,13209,19020,0,5660,2301,130410,38107.0,2301_20251231,1,1,0.03955331311408965,0.03955331311408965,<1bn
42932,NM,0.0,20251231,52476,61047,52476,WASHITA VALLEY BANK,21059,9801,6643,7085,2308,31134,0.0,2308_20251231,1,1,0.1350141016845796,0.2616053052824148,<1bn
1692819,SM,37425.0,20251231,2422129,2671503,2422129,ARMSTRONG BANK,543772,731411,76883,55988,2315,1922046,0.0,2315_20251231,1,1,0.023115201543765836,0.054857111243868516,1-10bn
201374,SM,0.0,20251231,208550,244313,208550,METHOD BANK,441,7506,0,41065,2317,188855,129703.0,2317_20251231,1,1,0.19690721649484536,0.19690721649484536,<1bn
105947,NM,26617.0,20251231,140521,164883,140521,CARSON COMMUNITY BANK,52224,34576,0,4350,2320,103638,4508.0,2320_20251231,1,1,0.030956227183125653,0.030956227183125653,<1bn
359885,NM,51280.0,20251231,477533,547962,477533,AVB BANK,64842,118404,4970,36532,2326,418945,31113.0,2326_20251231,1,1,0.07650151926673131,0.086909176957404,<1bn
313805,SM,8258.0,20251231,361268,429013,361268,LOCAL BANK,19394,48349,0,3421,2327,325383,86589.0,2327_20251231,1,1,0.009469424360862295,0.009469424360862295,<1bn
64049,NM,4690.0,20251231,80607,91430,80607,AMERICAN EXC BK LINDSAY OK,49936,16752,2512,3016,2328,29296,0.0,2328_20251231,1,1,0.03741610530102844,0.06857965189127495,<1bn
28403,NM,1.0,20251231,35668,46771,35668,PEOPLES BANK&TRUST CO,994,7320,980,3674,2331,30668,1.0,2331_20251231,1,1,0.1030054951216777,0.13048110351014916,<1bn
467419,NM,100987.0,20251231,618526,648917,618526,MAUCH CHUNK TRUST CO,277277,151461,0,4568,2359,282704,47489.0,2359_20251231,1,1,0.007385299890384559,0.007385299890384559,<1bn
92806,NM,6717.0,20251231,109782,134552,109782,BANK OF GLEASON,45917,17531,0,8735,2379,73702,0.0,2379_20251231,1,1,0.0795667777959957,0.0795667777959957,<1bn
419612,SM,62506.0,20251231,594978,649009,594978,CARROLL BANK&TRUST,81343,177159,0,47180,2380,471641,0.0,2380_20251231,1,1,0.07929704963881018,0.07929704963881018,<1bn
151316,SM,39941.0,20251231,197504,229835,197504,SECURITY BANK,107429,52023,0,12468,2391,91844,0.0,2391_20251231,1,1,0.06312783538561244,0.06312783538561244,<1bn
633520,SM,56942.0,20251231,853351,984883,853351,CLEAR MOUNTAIN BANK,170011,220540,0,16750,2443,738639,0.0,2443_20251231,1,1,0.01962849987871345,0.01962849987871345,<1bn
99717,NM,1924.0,20251231,116696,135733,116696,CLAY COUNTY BANK INC,44366,17170,0,26813,2444,62403,0.0,2444_20251231,1,1,0.22976794405977927,0.22976794405977927,<1bn
138178,NM,4924.0,20251231,154953,182600,154953,PIONEER COMMUNITY BANK INC,20529,17257,0,9095,2448,136048,0.0,2448_20251231,1,1,0.05869521725942705,0.05869521725942705,<1bn
185271,NM,93997.0,20251231,271360,300839,271360,WEST UNION BANK,134707,87051,0,9667,2452,145178,1.0,2452_20251231,1,1,0.035624262971698115,0.035624262971698115,<1bn
164425,NM,344.0,20251231,203454,263335,203454,DAVIS TRUST CO,11306,39534,0,17101,2453,214777,5180.0,2453_20251231,1,1,0.08405339781965457,0.08405339781965457,<1bn
236601,SM,43523.0,20251231,328594,409234,328594,BANK OF BRODHEAD,93629,92705,0,6237,2455,284824,41907.0,2455_20251231,1,1,0.01898087000979933,0.01898087000979933,<1bn
151741,NM,15347.0,20251231,206614,254098,206614,CITIZENS STATE BANK,28222,55212,0,17772,2467,197320,5026.0,2467_20251231,1,1,0.08601546845809094,0.08601546845809094,<1bn
410242,SM,52159.0,20251231,569058,705139,569058,NORTHWESTERN BANK,78215,159179,0,54303,2468,548143,0.0,2468_20251231,1,1,0.0954261252807271,0.0954261252807271,<1bn
132132,NM,21055.0,20251231,173275,208427,173275,BADGER BANK,46637,41398,1351,11133,2469,135849,6546.0,2469_20251231,1,1,0.06425046890780552,0.07204732361852546,<1bn
190512,NM,0.0,20251231,223805,261187,223805,BANK OF DEERFIELD,13393,34229,0,4413,2477,231031,51999.0,2477_20251231,1,1,0.01971805813096222,0.01971805813096222,<1bn
166204,NM,0.0,20251231,247236,289602,247236,NEKOOSA PORT EDWARDS STB,42867,82008,6582,59720,2482,173788,0.0,2482_20251231,1,1,0.24155058324839424,0.2681729198013234,<1bn
184671,N,32566.0,20251231,289695,335321,289695,NATIONAL IRON BANK,43321,105072,5765,29130,2496,259503,0.0,2496_20251231,1,1,0.10055403096359965,0.12045427087108856,<1bn
277338,N,55540.0,20251231,369757,445433,369757,NATIONAL GRAND BK MARBLEHEAD,82706,92559,1970,25370,2608,323052,11468.0,2608_20251231,1,1,0.06861262937550879,0.07394045278385535,<1bn
94034,N,0.0,20251231,112532,139409,112532,MILLBURY NATIONAL BANK,19972,18580,14574,6950,2616,107136,0.0,2616_20251231,1,1,0.06176021042903352,0.19127003874453488,<1bn
51491,N,1862.0,20251231,64182,72893,64182,FIRST NB OF BROOKSVILLE,25374,12707,14952,3134,2682,41446,0.0,2682_20251231,1,1,0.04882989000031161,0.28179240285438284,<1bn
482698,N,52788.0,20251231,737007,814885,737007,CUMBERLAND VALLEY NB&T CO,125214,256840,25389,108645,2691,555604,0.0,2691_20251231,1,1,0.14741379661251522,0.18186258746524794,<1bn
233890,N,28262.0,20251231,315961,362599,315961,FIRST NB OF GRAYSON,84293,82495,28740,43224,2695,224144,0.0,2695_20251231,1,1,0.13680169387994087,0.2277622871177139,<1bn
773106,N,1408.0,20251231,1096068,1257558,1096068,FIRST SOUTHERN NATIONAL BANK,292086,325289,254434,134994,2700,778425,0.0,2700_20251231,1,1,0.12316206658710956,0.3552954743683786,1-10bn
129631,N,10326.0,20251231,206234,229068,206234,FIRST NB OF MANCHESTER,36588,77083,5484,27649,2708,154124,0.0,2708_20251231,1,1,0.1340661578595188,0.16065731159750574,<1bn
1567872,NM,262788.0,20251231,2198382,2461947,2198382,TRADITIONAL BANK INC,646325,632578,7528,111017,2711,1595263,303421.0,2711_20251231,1,1,0.050499412749922444,0.053923749375677205,1-10bn
467693,SM,162521.0,20251231,591438,689269,591438,CITIZENS BANK OF KY INC,272498,126087,0,33969,2718,331828,0.0,2718_20251231,1,1,0.057434591622452395,0.057434591622452395,<1bn
3806571,SM,567073.0,20251231,5395699,6642331,5395699,COMMUNITY TRUST BANK INC,1094809,1597000,226714,358579,2720,4834984,0.0,2720_20251231,1,1,0.06645644985014916,0.10847399011694314,1-10bn
88206,N,30038.0,20251231,122071,160842,122071,SALYERSVILLE NATIONAL BANK,44757,33958,0,21992,2723,89181,0.0,2723_20251231,1,1,0.18015744935324524,0.18015744935324524,<1bn
407981,N,157096.0,20251231,545763,700468,545763,CITIZENS NB OF SOMERSET,290452,138283,16511,39839,2725,359747,0.0,2725_20251231,1,1,0.07299688692710939,0.10324994548915921,<1bn
94696,SM,16959.0,20251231,106053,133080,106053,BANK OF BUFFALO,30832,11789,0,2314,2733,96260,10790.0,2733_20251231,1,1,0.02181927903972542,0.02181927903972542,<1bn
174445,N,16610.0,20251231,213603,242449,213603,FIRST NB OF KENTUCKY,26030,39630,1970,10946,2735,198658,0.0,2735_20251231,1,1,0.051244598624551156,0.06046731553395786,<1bn
473932,N,2389.0,20251231,577584,676306,577584,FIRST&FARMERS NB INC,146398,105446,48375,31409,2738,473967,0.0,2738_20251231,1,1,0.05437996897420981,0.1381340203329732,<1bn
500414,N,52604.0,20251231,888770,990431,888770,FARMERS NB OF DANVILLE,144793,388545,0,32880,2740,767315,27876.0,2740_20251231,1,1,0.03699494807430494,0.03699494807430494,<1bn
308062,N,9805.0,20251231,370320,442542,370320,LINCOLN NB OF HODGENVILLE,49967,62869,2012,21229,2750,347857,750.0,2750_20251231,1,1,0.057326096349103475,0.06275923525599482,<1bn
102188,SM,50328.0,20251231,151712,167962,151712,CITIZENS B&T OF LEBANON INC,91143,50207,0,18050,2753,50924,0.0,2753_20251231,1,1,0.1189754271250791,0.1189754271250791,<1bn
116056,N,12176.0,20251231,130714,148595,130714,FARMERS NB OF LEBANON,35251,15191,0,5545,2754,102784,0.0,2754_20251231,1,1,0.042420857750508745,0.042420857750508745,<1bn
570525,NM,74504.0,20251231,687225,750432,687225,FNB BANK INC,161272,118145,19625,59144,2759,502732,0.0,2759_20251231,1,1,0.0860620611881116,0.1146189384844847,<1bn
181194,NM,18299.0,20251231,213605,241172,213605,FARMERS BANK&TRUST CO,43209,34314,0,7818,2765,180787,5000.0,2765_20251231,1,1,0.03660026684768615,0.03660026684768615,<1bn
232596,N,13112.0,20251231,421539,465073,421539,FIRST NB OF RUSSELL SPRINGS,86098,191279,2509,57109,2767,313275,0.0,2767_20251231,1,1,0.13547738168947596,0.1414293813858267,<1bn
405744,NM,121890.0,20251231,695320,762333,695320,MIDSOUTH BANK,218466,290959,0,60086,2777,431604,0.0,2777_20251231,1,1,0.08641488810907208,0.08641488810907208,<1bn
164311,N,30464.0,20251231,220353,239483,220353,FIRST NATIONAL BANK&TRUST,52272,56499,0,9613,2779,142867,0.0,2779_20251231,1,1,0.0436254555190989,0.0436254555190989,<1bn
144166,NM,4843.0,20251231,203909,238195,203909,FIRST BANK OF BOAZ,147820,60401,0,10541,2784,68175,0.0,2784_20251231,1,1,0.05169462848623651,0.05169462848623651,<1bn
117468,NM,0.0,20251231,170105,190384,170105,COMMUNITY NEIGHBOR BANK,36407,52764,18830,46308,2787,95878,0.0,2787_20251231,1,1,0.2722318567943329,0.3829281914111872,<1bn
24403,NM,6356.0,20251231,40281,54543,40281,DOZIER BANK,19827,15918,3245,776,2794,21820,0.0,2794_20251231,1,1,0.01926466572329386,0.09982373823887193,<1bn
105679,N,26156.0,20251231,148582,168723,148582,FIRST NB OF HARTFORD,50686,43563,5007,5403,2804,93324,3253.0,2804_20251231,1,1,0.036363758732551724,0.07006232248859216,<1bn
180172,NM,12177.0,20251231,257009,285111,257009,HNB FIRST BANK,23035,77823,0,23075,2805,203951,0.0,2805_20251231,1,1,0.08978284807146832,0.08978284807146832,<1bn
137854,NM,20853.0,20251231,182700,213000,182700,FRIEND BANK,34080,45277,1955,33963,2828,135694,989.0,2828_20251231,1,1,0.18589490968801314,0.19659551176792556,<1bn
542991,NM,114459.0,20251231,794581,877165,794581,FIRST SOUTHERN STATE BANK,279417,253800,30238,71746,2829,479863,0.0,2829_20251231,1,1,0.09029412986215377,0.1283494067942727,<1bn
494592,NM,71622.0,20251231,1077553,1203765,1077553,FIRST BANK OF ALABAMA,253531,583380,0,84734,2832,708805,0.0,2832_20251231,1,1,0.07863557523388641,0.07863557523388641,1-10bn
230316,NM,22692.0,20251231,319629,356754,319629,AMERIFIRST BANK,37505,89796,0,7557,2838,273210,0.0,2838_20251231,1,1,0.023643036145030646,0.023643036145030646,<1bn
441584,NM,0.0,20251231,559302,667565,559302,FARMERS BANK,161245,117948,48423,83702,2850,395502,0.0,2850_20251231,1,1,0.14965439065120453,0.2362319462472868,<1bn
120646,NM,4980.0,20251231,194774,230975,194774,STATE BANK NORTHWEST,6071,61536,0,7118,2945,160267,0.0,2945_20251231,1,1,0.03654491872631871,0.03654491872631871,<1bn
485533,N,9343.0,20251231,648502,709631,648502,BAKER-BOYER NATIONAL BANK,181602,163363,31596,109944,2987,390552,0.0,2987_20251231,1,1,0.16953532911232347,0.21825684423486744,<1bn
346850,SM,0.0,20251231,386927,441434,386927,HIGH PLAINS BANK,22341,40529,22091,26485,3017,373701,26255.0,3017_20251231,1,1,0.06844960418890385,0.12554306109421157,<1bn
23855,N,0.0,20251231,25924,30078,25924,FIRST NB OF FLEMING,2790,2156,2790,1048,3018,24094,0.0,3018_20251231,1,1,0.040425860206758216,0.14804814071902483,<1bn
82659,NM,18428.0,20251231,107686,123514,107686,ROCKY MOUNTAIN BANK&TRUST,50328,25137,7023,2082,3019,64841,0.0,3019_20251231,1,1,0.019333989562245787,0.08455138086659361,<1bn
109497,N,18569.0,20251231,134999,150170,134999,FIRST NATIONAL BANK OF HUGO,50456,25793,0,14467,3029,72302,0.0,3029_20251231,1,1,0.10716375676856865,0.10716375676856865,<1bn
536088,NM,121279.0,20251231,740841,833844,740841,POINTS WEST COMMUNITY BANK,296184,205521,0,39220,3031,457870,0.0,3031_20251231,1,1,0.05293983459338779,0.05293983459338779,<1bn
375954,N,34969.0,20251231,539726,637270,539726,FIRST NATIONAL BANK COLORADO,193830,184910,27296,7651,3034,365965,0.0,3034_20251231,1,1,0.014175711379477735,0.06474952105327518,<1bn
144389,N,4847.0,20251231,210583,249319,210583,FIRST PIONEER NATIONAL BANK,88645,66985,0,18798,3063,135868,0.0,3063_20251231,1,1,0.0892664650042976,0.0892664650042976,<1bn
7372125,SM,3134832.0,20251231,13499192,15381581,13499192,FIRST FINANCIAL BANK,5467263,6132739,59815,1076313,3066,8082733,0.0,3066_20251231,1,1,0.07973166097644956,0.08416266692110165,10-100bn
711985,N,5863.0,20251231,872298,984345,872298,CLEAR FORK BANK NA,103042,162870,76991,71300,3067,768137,151994.0,3067_20251231,1,1,0.08173812160523124,0.17000038977505394,<1bn
140909,N,3021.0,20251231,208128,234014,208128,FIRST NB OF ANDERSON,48898,67371,26028,34756,3075,138914,0.0,3075_20251231,1,1,0.16699338868388683,0.29205104551045513,<1bn
50531,N,8519.0,20251231,87990,95877,87990,FIRST NATIONAL BANK OF ANSON,39698,37532,5000,8616,3078,44499,0.0,3078_20251231,1,1,0.09792021820661438,0.1547448573701557,<1bn
92394,N,30013.0,20251231,131052,136924,131052,FIRST NB OF ASPERMONT,64147,39041,0,23535,3079,43963,0.0,3079_20251231,1,1,0.17958520282025456,0.17958520282025456,<1bn
178796,N,53.0,20251231,245123,274348,245123,FIRST NB OF BALLINGER,56257,66458,8718,59294,3087,146725,0.0,3087_20251231,1,1,0.24189488542486834,0.27746070340196555,<1bn
599521,N,147479.0,20251231,999125,1100844,999125,FIRST NB OF BASTROP,311951,400827,16546,111386,3091,645575,0.0,3091_20251231,1,1,0.11148354810459152,0.12804403853371701,1-10bn
128060,SM,9072.0,20251231,199391,227920,199391,CENDERA BANK,11061,72006,0,26874,3098,174583,0.0,3098_20251231,1,1,0.13478040633729707,0.13478040633729707,<1bn
263830,N,0.0,20251231,561056,624190,561056,STATE NB OF BIG SPRING,472094,298150,64789,38952,3103,96483,0.0,3103_20251231,1,1,0.06942622483317173,0.18490311127587977,<1bn
867704,N,179954.0,20251231,1083753,1212396,1083753,LEGEND BANK N A,270062,217667,0,49384,3108,803291,0.0,3108_20251231,1,1,0.04556757859032455,0.04556757859032455,1-10bn
86511,N,1313.0,20251231,150103,163917,150103,BRADY NATIONAL BANK,50114,63836,911,24086,3109,78487,0.0,3109_20251231,1,1,0.1604631486379353,0.1665323144773922,<1bn
221114,N,15244.0,20251231,310272,374194,310272,COMMERCIAL NB OF BRADY,38996,89540,8499,8266,3110,304094,25000.0,3110_20251231,1,1,0.026641140676567657,0.05403323535478548,<1bn
331027,N,20001.0,20251231,464662,516582,464662,BRENHAM NATIONAL BANK,193995,134542,39096,39843,3113,256691,0.0,3113_20251231,1,1,0.08574619831189123,0.16988477646116962,<1bn
429571,NM,1294.0,20251231,578417,677348,578417,FIRST BANK,8464,149792,0,89664,3121,556042,0.0,3121_20251231,1,1,0.1550161907412818,0.1550161907412818,<1bn
479005,N,33407.0,20251231,567661,648291,567661,CLASSIC BANK NATIONAL ASSN,82685,89352,0,8606,3126,518807,21444.0,3126_20251231,1,1,0.015160456681012083,0.015160456681012083,<1bn
393980,N,50469.0,20251231,575885,660205,575885,CITIZENS NATIONAL BANK,155224,182661,0,64935,3127,417846,0.0,3127_20251231,1,1,0.1127568872257482,0.1127568872257482,<1bn
62571,NM,20268.0,20251231,75891,83014,75891,FIRST BANK OF CELESTE,35630,13417,8173,19351,3133,27449,0.0,3133_20251231,1,1,0.2549841219643963,0.3626780514158464,<1bn
184543,NM,26644.0,20251231,268546,302814,268546,CITIZENS BANK,30530,84744,3886,83541,3140,176776,0.0,3140_20251231,1,1,0.31108636881577084,0.32555688783299697,<1bn
240224,N,276.0,20251231,388653,444698,388653,CITY NB OF COLORADO CITY,35978,148822,0,91764,3144,292363,1.0,3144_20251231,1,1,0.2361077876666332,0.2361077876666332,<1bn
43183,N,0.0,20251231,47917,55363,47917,FIRST NB IN COOPER,11441,4857,3008,3651,3149,31664,0.0,3149_20251231,1,1,0.07619425256172131,0.1389694680384832,<1bn
45792,N,0.0,20251231,63704,77236,63704,CITIZENS NB OF CROSBYTON,4699,18375,0,45540,3158,26052,0.0,3158_20251231,1,1,0.7148687680522416,0.7148687680522416,<1bn
458358,N,759.0,20251231,801120,957796,801120,TEXAS HERITAGE NATIONAL BANK,4861,344534,0,68121,3161,809643,148717.0,3161_20251231,1,1,0.08503220491312163,0.08503220491312163,<1bn
157251,NM,43253.0,20251231,209613,245033,209613,FARMERS&MERCHANTS BANK,66366,52845,0,24259,3170,137760,0.0,3170_20251231,1,1,0.11573232576223803,0.11573232576223803,<1bn
292271,NM,1284.0,20251231,603367,744484,603367,BANK OF HOUSTON,10847,311825,0,93857,3178,619848,14698.0,3178_20251231,1,1,0.15555540823412617,0.15555540823412617,<1bn
101031,N,0.0,20251231,150403,169937,150403,FIRST NB OF EAGLE LAKE,17566,49475,892,42157,3179,95496,0.0,3179_20251231,1,1,0.28029361116467094,0.2862243439293099,<1bn
448086,NM,110436.0,20251231,836057,1004988,836057,MAPLEMARK BANK,128912,389040,0,38516,3182,788604,74008.0,3182_20251231,1,1,0.046068629292021955,0.046068629292021955,1-10bn
557394,N,2618.0,20251231,824273,944404,824273,NEWFIRST NATIONAL BANK,53661,267021,48325,172160,3183,681496,0.0,3183_20251231,1,1,0.208862840345371,0.2674902611149461,<1bn
73689,N,0.0,20251231,94665,112051,94665,LONE OAK BANK NATIONAL ASSN,10234,21093,8026,3986,3184,83219,8000.0,3184_20251231,1,1,0.042106375112237894,0.126889557914752,<1bn
135672,N,4146.0,20251231,169383,187667,169383,FIRST NATIONAL BANK OF EVANT,41670,33949,2954,18755,3190,123049,0.0,3190_20251231,1,1,0.11072539747200132,0.12816516415460819,<1bn
270622,N,253607.0,20251231,498227,591271,498227,FALLS CITY NATIONAL BANK,297806,228605,1999,151348,3193,137972,0.0,3193_20251231,1,1,0.3037731796951992,0.3077854070534114,<1bn
135723,N,1833.0,20251231,181353,201649,181353,FIRST TEXAS NATIONAL BANK,10682,46575,6442,25726,3197,158036,0.0,3197_20251231,1,1,0.1418559384184436,0.17737782115542616,<1bn
404663,N,22689.0,20251231,629435,716112,629435,TEXAS GULF BANK NA,182769,225015,2843,20358,3206,492251,0.0,3206_20251231,1,1,0.03234329199996822,0.036860041148013695,<1bn
743261,N,173840.0,20251231,1345934,1567423,1345934,MOODY NATIONAL BANK,330746,603516,0,109778,3210,1071421,15000.0,3210_20251231,1,1,0.08156269178132063,0.08156269178132063,1-10bn
195358,N,31662.0,20251231,313581,357486,313581,FIRST NB OF GIDDINGS,77861,118840,0,11982,3217,252291,0.0,3217_20251231,1,1,0.03821022319592067,0.03821022319592067,<1bn
363329,N,38081.0,20251231,556469,614871,556469,FIRST NB OF EAST TEXAS,98339,194023,948,64325,3218,413700,0.0,3218_20251231,1,1,0.11559493880162237,0.11729853774424091,<1bn
280001,N,44438.0,20251231,332451,365413,332451,GILMER NB GILMER TEXAS,59242,53058,4534,15819,3219,267227,23620.0,3219_20251231,1,1,0.04758295207414025,0.061221052124974806,<1bn
462315,N,48414.0,20251231,640700,819886,640700,TITAN BANK N A,131157,178435,0,215586,3225,443484,46464.0,3225_20251231,1,1,0.3364850944279694,0.3364850944279694,<1bn
588241,SM,0.0,20251231,854000,975431,854000,CIERA BANK,57308,268135,0,168804,3226,699978,0.0,3226_20251231,1,1,0.19766276346604217,0.19766276346604217,<1bn
700300,N,0.0,20251231,888776,992503,888776,FIRST NB OF GRANBURY,309377,189843,99351,64038,3228,496412,0.0,3228_20251231,1,1,0.0720519005913751,0.1838359721684654,<1bn
306061,NM,36653.0,20251231,608891,690146,608891,GRANDVIEW BANK,60521,303144,0,75323,3230,526685,0.0,3230_20251231,1,1,0.12370522802931888,0.12370522802931888,<1bn
40007,N,784.0,20251231,45817,52295,45817,GRANGER NATIONAL BANK,18268,5885,3928,4972,3232,23768,0.0,3232_20251231,1,1,0.10851867210860598,0.19425104218958028,<1bn
43336,N,2181.0,20251231,54932,62268,54932,STATE NATIONAL BANK,5987,11651,1509,4025,3237,47348,0.0,3237_20251231,1,1,0.07327240952450302,0.10074273647418627,<1bn
56683,N,25164.0,20251231,83304,96582,83304,FIRST NB OF HEBBRONVILLE,58554,26808,0,3145,3248,26361,6963.0,3248_20251231,1,1,0.03775328915778354,0.03775328915778354,<1bn
2778494,N,122210.0,20251231,3901425,4444588,3901425,VERABANK NATIONAL ASSN,618945,1126452,0,834576,3250,2731133,0.0,3250_20251231,1,1,0.21391568465368424,0.21391568465368424,1-10bn
156327,N,95683.0,20251231,215570,233415,215570,CITIZENS NB OF HILLSBORO,131893,59474,36210,29542,3255,65043,0.0,3255_20251231,1,1,0.13704133228185741,0.30501461242287886,<1bn
1011055,SI,306465.0,20251231,2063001,2347817,2063001,HORIZON BANK SSB,552706,1052829,47005,91675,3256,1562445,0.0,3256_20251231,1,1,0.044437690529476236,0.06722245893239993,1-10bn
207432,N,0.0,20251231,284157,316484,284157,FIRST NB OF HUGHES SPRINGS,29227,76791,0,50422,3268,216395,0.0,3268_20251231,1,1,0.17744415939075933,0.17744415939075933,<1bn
395455,N,50388.0,20251231,509489,588832,509489,FIRST NB OF HUNTSVILLE,146039,114439,77234,95191,3269,327076,0.0,3269_20251231,1,1,0.18683622217555237,0.3384273262033135,<1bn
188918,N,67030.0,20251231,270728,294976,270728,JACKSBORO NATIONAL BANK,128235,82429,0,6139,3275,145191,0.0,3275_20251231,1,1,0.02267589610236104,0.02267589610236104,<1bn
2040258,N,22688.0,20251231,2707570,3218653,2707570,AUSTIN BANK TEXAS NA,364269,676678,156133,218362,3276,2494377,0.0,3276_20251231,1,1,0.08064869975660832,0.13831406020896966,1-10bn
253354,N,168259.0,20251231,497612,549490,497612,KARNES CNTY NB OF KARNES CTY,241279,244459,29660,30843,3279,225043,3639.0,3279_20251231,1,1,0.061982026156925475,0.12158669806998224,<1bn
3653978,N,830909.0,20251231,3985172,4507588,3985172,FIRST NATIONAL BANK TEXAS,1604565,333858,51614,465921,3285,2181383,0.0,3285_20251231,1,1,0.11691364889645918,0.1298651601486711,1-10bn
397267,N,86656.0,20251231,657924,734960,657924,KLEBERG BANK N A,130727,262734,9726,50962,3286,492407,0.0,3286_20251231,1,1,0.07745879463281473,0.09224165709109258,<1bn
160973,N,53819.0,20251231,196101,239690,196101,NATIONAL BANK&TRUST,84311,36029,0,14059,3289,131045,0.0,3289_20251231,1,1,0.07169264817619492,0.07169264817619492,<1bn
242299,N,0.0,20251231,386101,436744,386101,LAMESA NATIONAL BANK,307884,144346,40853,23804,3292,77128,0.0,3292_20251231,1,1,0.061652261972903466,0.16746136373643167,<1bn
137414,NM,0.0,20251231,212147,238285,212147,FIRST TEXAS BANK,118686,74859,5996,24783,3293,88854,0.0,3293_20251231,1,1,0.11681994089004323,0.1450833620084187,<1bn
453716,SM,153985.0,20251231,750153,866367,750153,FIRST LIBERTY BANK,235831,297154,944,111637,3301,465800,0.0,3301_20251231,1,1,0.14881897426258375,0.15007738421362044,<1bn
165153,N,3511.0,20251231,256733,339970,256733,TEXANA BANK NATIONAL ASSN,7597,92070,3893,4753,3302,311710,9994.0,3302_20251231,1,1,0.018513397186960774,0.03367701074657329,<1bn
22168,N,0.0,20251231,23804,26509,23804,FIRST NATIONAL BANK OF LIPAN,5009,1643,4759,12142,3303,7846,0.0,3303_20251231,1,1,0.5100823391026719,0.7100067215594018,<1bn
304763,N,18474.0,20251231,373859,442078,373859,FIRST NB OF LIVINGSTON,193270,70154,0,18156,3305,214966,0.0,3305_20251231,1,1,0.04856376334393448,0.04856376334393448,<1bn
102732,N,15353.0,20251231,145909,169432,145909,BIG BEND BANKS N A,104392,43203,0,38572,3320,20656,0.0,3320_20251231,1,1,0.26435655100096633,0.26435655100096633,<1bn
1085115,N,55318.0,20251231,1396288,1605712,1396288,FIRST NB OF CENTRAL TEXAS,84444,312524,0,158165,3325,1288759,0.0,3325_20251231,1,1,0.11327534147683,0.11327534147683,1-10bn
97337,SM,38806.0,20251231,120586,144021,120586,MASON BANK,66013,23463,0,7209,3327,67437,0.0,3327_20251231,1,1,0.05978305939329607,0.05978305939329607,<1bn
643525,N,32904.0,20251231,916084,1010945,916084,FIRST NB OF MCGREGOR,70373,276159,3314,103935,3330,775255,151782.0,3330_20251231,1,1,0.11345575296588523,0.11707332515358854,1-10bn
50193,NM,0.0,20251231,109491,134356,109491,FIRST BANK&TRUST OF MEMPHIS,0,59554,0,1413,3335,55937,0.0,3335_20251231,1,1,0.012905170287968875,0.012905170287968875,<1bn
42090,SM,0.0,20251231,78993,86615,78993,MENARD BANK,62745,36924,489,9215,3336,12211,0.0,3336_20251231,1,1,0.11665590621953845,0.12284632815565937,<1bn
585292,N,139803.0,20251231,1007960,1176779,1007960,TEXAS NATIONAL BANK,195377,424655,53344,146706,3337,725880,1001.0,3337_20251231,1,1,0.14554744235882378,0.19847017738799158,1-10bn
164087,N,0.0,20251231,411444,487060,411444,FIRST NB OF MERTZON,240570,247998,159776,169760,3339,73042,0.0,3339_20251231,1,1,0.41259563877465705,0.8009255208485238,<1bn
168605,N,17302.0,20251231,226224,270980,226224,INCOMMONS BANK N A,42054,57845,968,12474,3342,202553,0.0,3342_20251231,1,1,0.055140038192234245,0.05941898295494731,<1bn
36936,N,4316.0,20251231,42536,54409,42536,FIRST NATIONAL BANK OF MOODY,16491,5606,3495,14814,3351,17521,8985.0,3351_20251231,1,1,0.3482697009591875,0.43043539589994356,<1bn
108640,NM,27870.0,20251231,132773,158523,132773,NORMANGEE STATE BANK,45191,24319,0,10663,3368,92137,0.0,3368_20251231,1,1,0.08031000278671116,0.08031000278671116,<1bn
205391,NM,19612.0,20251231,274101,326953,274101,OZONA BANK,136598,68801,34120,18784,3376,155865,0.0,3376_20251231,1,1,0.06852948365748392,0.19300914626360358,<1bn
248523,N,19741.0,20251231,408809,462938,408809,LIBERTY NB IN PARIS,95122,161295,61898,30779,3384,311163,10025.0,3384_20251231,1,1,0.07528943834406777,0.22669999926616097,<1bn
1111099,NM,158438.0,20251231,1647921,1856094,1647921,FIRSTBANK SOUTHWEST,272532,541895,0,168562,3387,1338318,12000.0,3387_20251231,1,1,0.1022876703434206,0.1022876703434206,1-10bn
79649,N,31354.0,20251231,173674,203846,173674,PERRYTON NATIONAL BANK,89394,94802,994,13999,3388,93042,0.0,3388_20251231,1,1,0.08060504162972006,0.08632840839734214,<1bn
628275,SM,105561.0,20251231,993878,1083598,993878,POINTBANK,463569,367147,0,37102,3389,562050,31129.0,3389_20251231,1,1,0.03733053755088653,0.03733053755088653,1-10bn
71039,SM,0.0,20251231,106502,116310,106502,FIRST CAPITAL BANK,5939,35637,979,5442,3399,82847,0.0,3399_20251231,1,1,0.051097631969352686,0.06028994760661772,<1bn
231158,N,992.0,20251231,368335,503380,368335,TEXAS REPUBLIC BANK NA,992,137594,0,81105,3400,403286,0.0,3400_20251231,1,1,0.220193573784734,0.220193573784734,<1bn
105145,N,0.0,20251231,138017,156456,138017,FIRST NB OF QUITAQUE,24033,33399,14067,65260,3401,61200,0.0,3401_20251231,1,1,0.472840302281603,0.5747625292536427,<1bn
2338714,SM,139207.0,20251231,4456318,4936269,4456318,VANTAGE BANK TEXAS,159651,2121254,3912,844030,3405,3749052,0.0,3405_20251231,1,1,0.18940075640921497,0.19027861117631192,1-10bn
2394186,SM,935640.0,20251231,4843088,5923791,4843088,WESTAMERICA BANK,4288308,2456745,0,568673,3430,714909,0.0,3430_20251231,1,1,0.11741950590201954,0.11741950590201954,1-10bn
974849,NM,369340.0,20251231,1681164,1910511,1681164,FIRST NORTHERN BANK OF DIXON,617243,707039,87556,155734,3440,1050473,0.0,3440_20251231,1,1,0.09263462696084379,0.1447152092240852,1-10bn
1172090000,N,480925000.0,20251231,1961689000,2636823000,2101968000,BANK OF AMERICA NA,889828000,862444000,353571000,217128000,3510,1166885000,79906000.0,3510_20251231,1,1,0.11068421141169675,0.2909222613778229,>=100bn
821222000,N,315764000.0,20251231,1476890000,1822693000,1483390000,WELLS FARGO BANK NA,414940000,712838000,52127000,172490000,3511,939271000,122961000.0,3511_20251231,1,1,0.11679271983695468,0.1520878332170981,>=100bn
235128,N,7577.0,20251231,321793,361804,321793,FIRST NB OF MOUNT DORA,174945,87325,0,32541,3579,132083,8289.0,3579_20251231,1,1,0.10112401450621984,0.10112401450621984,<1bn
113506,N,6761.0,20251231,136986,151727,136986,FIRST NB OF ARENZVILLE,24186,23928,10532,14938,3599,107840,0.0,3599_20251231,1,1,0.10904763990480779,0.1859314090490999,<1bn
18575,N,74.0,20251231,20876,23295,20876,FIRST NB OF ASSUMPTION,6767,2330,250,9142,3600,6571,0.0,3600_20251231,1,1,0.43791914159800727,0.44989461582678675,<1bn
58356,N,4859.0,20251231,65497,76334,65497,ATLANTA NATIONAL BANK,32665,7206,6887,6154,3601,34704,0.0,3601_20251231,1,1,0.09395850191611829,0.19910835610791333,<1bn
4218368,N,459347.0,20251231,5661376,6899693,5661376,OLD SECOND NATIONAL BANK,1089776,1447855,165860,124025,3603,5183475,59282.0,3603_20251231,1,1,0.02190721831582993,0.05120398291864028,1-10bn
498046,N,28045.0,20251231,567549,640200,567549,MIDAMERICA NATIONAL BANK,132370,69988,9055,26548,3612,444175,13000.0,3612_20251231,1,1,0.04677657788138117,0.06273114744277587,<1bn
337866,NM,31027.0,20251231,431619,484289,431619,CASEY STATE BANK,62521,94486,0,12961,3614,375847,0.0,3614_20251231,1,1,0.030028798546866565,0.030028798546866565,<1bn
283126,N,48831.0,20251231,371448,386400,371448,FIRST NATIONAL BANK&TRUST CO,200010,89142,15102,10530,3639,141992,95000.0,3639_20251231,1,1,0.028348517154487305,0.06900562124442722,<1bn
2221302,NM,1368884.0,20251231,5096835,8113852,5096835,FIRST AMERICAN BANK,4537663,2878101,276351,107453,3657,3142064,0.0,3657_20251231,1,1,0.021082299113077036,0.07530241806925278,1-10bn
210803,N,0.0,20251231,336301,377110,336301,UNION NB&T CO OF ELGIN,14587,125709,14587,36905,3661,322457,0.0,3661_20251231,1,1,0.10973800256318,0.1531128364173761,<1bn
1840025,N,29677.0,20251231,2256715,2516959,2256715,INB NATIONAL ASSN,111986,420069,42797,375605,3664,1964120,785266.0,3664_20251231,1,1,0.16643882811963406,0.18540311913555765,1-10bn
228109,N,72.0,20251231,387259,446849,387259,GRAND RIDGE NATIONAL BANK,72,159669,0,113597,3674,326223,40674.0,3674_20251231,1,1,0.293335984444519,0.293335984444519,<1bn
156699,N,15320.0,20251231,227081,325077,227081,HAVANA NATIONAL BANK,69171,70450,0,9907,3677,225690,0.0,3677_20251231,1,1,0.043627604246942724,0.043627604246942724,<1bn
62727,N,0.0,20251231,87805,95981,87805,FIRST NATIONAL BANK OF LACON,17318,25127,2488,10549,3688,66272,0.0,3688_20251231,1,1,0.12014122202608052,0.14847673822675247,<1bn
195898,N,0.0,20251231,278101,319264,278101,HOMETOWN NATIONAL BANK,124968,82533,52385,40764,3691,146611,284.0,3691_20251231,1,1,0.14657983969852678,0.3349466560709958,<1bn
40803,N,36620.0,20251231,46794,49120,46794,LEMONT NATIONAL BANK,36620,6066,0,4500,3693,4194,0.0,3693_20251231,1,1,0.09616617515066034,0.09616617515066034,<1bn
94891,NM,9968.0,20251231,122992,139871,122992,FIRST SECURITY BANK,19253,28224,0,2829,3698,109259,0.0,3698_20251231,1,1,0.023001496032262262,0.023001496032262262,<1bn
645841,N,30064.0,20251231,795321,861750,795321,RESOURCE BANK NATIONAL ASSN,261946,149763,18510,42079,3701,529393,0.0,3701_20251231,1,1,0.05290819681612833,0.076181818410428,<1bn
184007,SM,0.0,20251231,235454,260568,235454,FIRST BANK OF MANHATTAN,93060,52010,9900,20839,3702,142423,0.0,3702_20251231,1,1,0.08850561043770758,0.1305520398888955,<1bn
4793229,N,615071.0,20251231,6458077,7901511,6458077,FIRST MID B&T NA,1081609,1668829,0,251790,3705,5936499,264113.0,3705_20251231,1,1,0.03898838617130146,0.03898838617130146,1-10bn
401007,SM,108802.0,20251231,535172,703409,535172,MIDWEST BANK,211147,134904,0,13912,3711,421982,38220.0,3711_20251231,1,1,0.0259953809242636,0.0259953809242636,<1bn
237455,SM,0.0,20251231,318183,372059,318183,GRUNDY BANK,42184,80977,42184,54567,3713,261565,0.0,3713_20251231,1,1,0.17149564873044756,0.3040734420129297,<1bn
1193027,N,151654.0,20251231,1747309,2033992,1747309,AMERICAN COMMERCIAL B&T NA,189327,541150,4616,34236,3719,1716198,468693.0,3719_20251231,1,1,0.01959355786526596,0.02223533444857206,1-10bn
303405,N,21705.0,20251231,348703,392127,348703,FIRST NATIONAL BANK OF PANA,41119,69996,0,55898,3720,279765,4802.0,3720_20251231,1,1,0.16030260708970098,0.16030260708970098,<1bn
425080,NM,65580.0,20251231,568655,675953,568655,PROSPECT BANK,182819,144735,2006,6832,3722,445146,108060.0,3722_20251231,1,1,0.01201431447890197,0.015541936675136946,<1bn
490880,N,62933.0,20251231,617811,901844,617811,FARMERS NATIONAL BANK,302625,128368,0,25275,3732,499840,0.0,3732_20251231,1,1,0.04091056973734686,0.04091056973734686,<1bn
82759,NM,0.0,20251231,110871,120594,110871,FIRST CMTY BK MOULTRIE CNTY,44790,28204,0,17994,3745,52273,0.0,3745_20251231,1,1,0.162296723218876,0.162296723218876,<1bn
410752,N,39809.0,20251231,589798,717895,589798,FIRST NEIGHBOR BANK NA,75358,179851,0,52965,3747,538971,43834.0,3747_20251231,1,1,0.08980193218695215,0.08980193218695215,<1bn
129140,N,14412.0,20251231,163442,184429,163442,FIRST NB IN TREMONT,36454,34551,0,12887,3749,123385,0.0,3749_20251231,1,1,0.07884754224740274,0.07884754224740274,<1bn
165051,N,23333.0,20251231,205483,235509,205483,ANNA-JONESBORO NATIONAL BANK,113996,40618,0,13589,3759,100623,0.0,3759_20251231,1,1,0.06613199145428089,0.06613199145428089,<1bn
53895,N,12673.0,20251231,68022,76610,68022,FIRST NATIONAL BANK OF AVA,30384,14201,0,1190,3761,42488,0.0,3761_20251231,1,1,0.01749434006644909,0.01749434006644909,<1bn
134655,NM,1314.0,20251231,159752,193268,159752,GREAT RIVERS BANK,16974,25649,3255,9018,3762,159472,0.0,3762_20251231,1,1,0.05644999749611898,0.07682532926035354,<1bn
44908,N,10972.0,20251231,51146,57508,51146,FIRST NB OF BROWNSTOWN,27596,6347,246,7504,3770,21005,0.0,3770_20251231,1,1,0.1467172408399484,0.15152700113400852,<1bn
882702,N,126061.0,20251231,1495929,1794976,1495929,CNB BANK&TRUST N A,365520,617989,0,23474,3775,1307715,19255.0,3775_20251231,1,1,0.015691921207490463,0.015691921207490463,1-10bn
385968,N,30226.0,20251231,527106,602993,527106,FIRST NATIONAL BANK OF CARMI,69537,141683,10000,63368,3777,436813,0.0,3777_20251231,1,1,0.12021870363835738,0.1391902198039863,<1bn
898885,SM,182958.0,20251231,1321425,1568158,1321425,DIETERICH BANK,364774,425765,0,47702,3787,1043829,502.0,3787_20251231,1,1,0.03609890837542804,0.03609890837542804,1-10bn
378393,N,70736.0,20251231,421060,623140,421060,FAIRFIELD NATIONAL BANK,260968,43499,0,11634,3792,296409,15000.0,3792_20251231,1,1,0.02763026647033677,0.02763026647033677,<1bn
420142,N,90719.0,20251231,537680,655588,537680,BRADFORD NB OF GREENVILLE,292301,117844,19424,44820,3799,276597,20560.0,3799_20251231,1,1,0.08335813123047166,0.11948370778158013,<1bn
49977,SM,0.0,20251231,63210,73590,63210,KINMUNDY BANK,16907,13356,5917,2311,3805,48841,220.0,3805_20251231,1,1,0.03656067077993988,0.13016927701313083,<1bn
82913,N,7881.0,20251231,124623,142829,124623,FIRST NB OF LITCHFIELD,21779,41976,0,2814,3807,112957,0.0,3807_20251231,1,1,0.022580101586384536,0.022580101586384536,<1bn
105647,N,8808.0,20251231,121571,140187,121571,LITCHFIELD NATIONAL BANK,41176,16183,0,11889,3808,82992,0.0,3808_20251231,1,1,0.09779470432915745,0.09779470432915745,<1bn
1248068,N,41633.0,20251231,1766279,1997437,1766279,PEOPLES NATIONAL BANK N A,84569,519937,20014,30484,3809,1786406,95000.0,3809_20251231,1,1,0.017258881524379783,0.028590047212246762,1-10bn
241504,N,21012.0,20251231,346104,443491,346104,CITY NB OF METROPOLIS,171163,105365,0,26078,3814,231759,12255.0,3814_20251231,1,1,0.07534729445484595,0.07534729445484595,<1bn
68575,NM,1980.0,20251231,76500,83282,76500,FIRST B&T CO OF MURPHYSBORO,18836,8063,252,4673,3818,52976,0.0,3818_20251231,1,1,0.06108496732026144,0.06437908496732025,<1bn
193813,N,34885.0,20251231,250491,278018,250491,FARMERS&MERCHANTS NB NASHVIL,65435,56787,0,12363,3821,188255,0.0,3821_20251231,1,1,0.049355066649101165,0.049355066649101165,<1bn
50448,N,0.0,20251231,60056,67653,60056,FIRST NB OF OKAWVILLE,37721,9760,142,2803,3826,22746,0.0,3826_20251231,1,1,0.04667310510190489,0.049037564939389905,<1bn
69217,N,13702.0,20251231,85287,96342,85287,OLD EXCHANGE NB OF OKAWVILLE,42708,16416,1934,12053,3827,40122,0.0,3827_20251231,1,1,0.14132282762906423,0.16399920269208673,<1bn
133304,N,35295.0,20251231,164183,179699,164183,FIRST NB OF RAYMOND,81420,30952,0,3977,3830,89998,0.0,3830_20251231,1,1,0.024222970709513167,0.024222970709513167,<1bn
34403577,N,10065608.0,20251231,55594013,71771976,55594013,OLD NATIONAL BANK,14307974,23696352,214544,1821875,3832,48247553,3675466.0,3832_20251231,1,1,0.032771064754760555,0.03663018534028115,10-100bn
89125,N,4671.0,20251231,108384,121037,108384,MIDWEST NATIONAL BANK,11038,19665,0,7983,3834,93310,16845.0,3834_20251231,1,1,0.07365478299379982,0.07365478299379982,<1bn
68354,N,18248.0,20251231,99060,112087,99060,FIRST NB OF SPARTA,48415,30790,793,6434,3837,47312,5000.0,3837_20251231,1,1,0.06495053502927518,0.07295578437310721,<1bn
313899,SM,51472.0,20251231,439339,493982,439339,FNB COMMUNITY BANK,159459,126329,11618,9516,3840,293376,0.0,3840_20251231,1,1,0.02165981167162487,0.048104083634733084,<1bn
651194,N,53187.0,20251231,764498,929773,764498,FIRST NB OF WATERLOO,269787,114517,998,30054,3842,534823,0.0,3842_20251231,1,1,0.03931207145080824,0.040617503250499024,<1bn
208767,SM,8908.0,20251231,236694,265417,236694,COMMUNITY 1ST BK HEARTLAND,36525,28051,972,10476,3846,201121,0.0,3846_20251231,1,1,0.0442596770513828,0.04836624502522244,<1bn
41656,SM,0.0,20251231,47678,56044,47678,FIRST CMTY BANK XENIA-FLORA,18513,6106,3118,3138,3850,30216,0.0,3850_20251231,1,1,0.06581651914929318,0.1312135576156718,<1bn
197851,SM,0.0,20251231,291931,330720,291931,BANK OF 1889,15755,94642,15755,9752,3854,252725,0.0,3854_20251231,1,1,0.03340515395761327,0.08737338617687056,<1bn
398464,N,21669.0,20251231,523663,595853,523663,FIRST NB OF EASTERN ARKANSAS,139547,125675,45511,83768,3863,357645,0.0,3863_20251231,1,1,0.1599654739784938,0.24687442114489663,<1bn
1248873,N,69114.0,20251231,1968802,2274908,1968802,FIRST NB OF FORT SMITH,387914,722360,257698,149835,3864,1571722,0.0,3864_20251231,1,1,0.07610465653732575,0.20699542158124584,1-10bn
846584,SM,73290.0,20251231,1025950,1142306,1025950,ANSTAFF BANK,195217,181431,5847,18818,3869,839766,10033.0,3869_20251231,1,1,0.01834202446512988,0.0240411326088016,1-10bn
306547,SM,121205.0,20251231,427447,498100,427447,EAGLE BANK&TRUST CO,227290,121490,0,11026,3873,210094,0.0,3873_20251231,1,1,0.0257950108434496,0.0257950108434496,<1bn
1307922,N,4153.0,20251231,2115911,2552325,2115911,FIRST NATIONAL BANK,179344,814354,0,175620,3887,2001347,120932.0,3887_20251231,1,1,0.08299971029027213,0.08299971029027213,1-10bn
13336627,SM,1894911.0,20251231,20726455,24498708,20726455,SIMMONS BANK,3286748,9640677,0,711993,3890,17285240,1893520.0,3890_20251231,1,1,0.03435189471619725,0.03435189471619725,10-100bn
204762,N,27105.0,20251231,270017,296951,270017,FIRST NB OF COMMERCE,115182,65765,26743,19041,3896,141131,0.0,3896_20251231,1,1,0.07051778221371247,0.16955969438961252,<1bn
117726,N,45532.0,20251231,139840,163641,139840,FIRST NB&T CO OF BOTTINEAU,65773,22565,6735,5181,3902,88857,0.0,3902_20251231,1,1,0.03704948512585812,0.0852116704805492,<1bn
55459,NM,9286.0,20251231,65402,72560,65402,HEARTLAND STATE BANK,20109,10258,0,10705,3919,33767,0.0,3919_20251231,1,1,0.16368000978563346,0.16368000978563346,<1bn
2865315,N,619451.0,20251231,4241217,5211720,4241217,ALERUS FINANCIAL NA,768894,1382019,0,67192,3931,4008041,8402.0,3931_20251231,1,1,0.015842622530278454,0.015842622530278454,1-10bn
36210,NM,8.0,20251231,51244,62623,51244,ASPIRE BANK,8,15208,0,1037,3934,53658,0.0,3934_20251231,1,1,0.020236515494496916,0.020236515494496916,<1bn
2775287,NM,548442.0,20251231,4087092,4697206,4087092,FIRST BANK&TRUST,800505,1335809,0,172775,3973,3437547,106205.0,3973_20251231,1,1,0.04227333272654494,0.04227333272654494,1-10bn
71155,N,50289.0,20251231,106115,116844,106115,DNB NATIONAL BANK,77416,35302,3430,2211,3977,31672,3222.0,3977_20251231,1,1,0.02083588559581586,0.05315930829760166,<1bn
18107,N,6198.0,20251231,22580,26188,22580,FIRST NB OF FREDERICK,12172,4534,5476,4378,3985,7775,0.0,3985_20251231,1,1,0.19388839681133746,0.43640389725420725,<1bn
274248,N,109696.0,20251231,445768,503642,445768,FIRST NB IN PHILIP,116190,172390,0,103542,3999,265194,28794.0,3999_20251231,1,1,0.23227777678074693,0.23227777678074693,<1bn
1112244,NM,188506.0,20251231,1584631,1892247,1584631,BANKWEST INC,379589,474320,0,23444,4009,1354964,98492.0,4009_20251231,1,1,0.01479461148999357,0.01479461148999357,1-10bn
1039666,N,342058.0,20251231,1702657,2088099,1702657,FIRST NB IN SIOUX FALLS,370283,666491,117,102309,4016,1509623,78418.0,4016_20251231,1,1,0.06008785092945908,0.060156567059601554,1-10bn
1919243,N,191843.0,20251231,2848867,3244131,2848867,FIRST DAKOTA NATIONAL BANK,297973,934715,0,55084,4028,2720065,88846.0,4028_20251231,1,1,0.019335405970162874,0.019335405970162874,1-10bn
633857,SM,77364.0,20251231,791764,959285,791764,VISION BANK,186234,159083,0,20145,4029,693823,0.0,4029_20251231,1,1,0.02544318761651199,0.02544318761651199,<1bn
278492,SM,46717.0,20251231,308117,344926,308117,FRAZER BANK,68933,29939,0,61184,4031,194993,73434.0,4031_20251231,1,1,0.19857391834919852,0.19857391834919852,<1bn
431215,N,81786.0,20251231,560506,672343,560506,FIRST NB&T CO OF ARDMORE,191787,130127,3045,11691,4037,421064,0.0,4037_20251231,1,1,0.020857939076477327,0.02629053034222649,<1bn
122780,NM,10169.0,20251231,247524,285123,247524,FIRST SECURITY BANK,18260,125014,0,4809,4041,244874,33165.0,4041_20251231,1,1,0.01942841906239395,0.01942841906239395,<1bn
511459,NM,174.0,20251231,596321,660695,596321,LEGACY BANK,201045,88316,178096,44722,4042,388708,0.0,4042_20251231,1,1,0.07499652033049314,0.37365445791779933,<1bn
702988,NM,5347.0,20251231,843251,936317,843251,SPIRITBANK,119188,141438,21634,188687,4048,605197,153479.0,4048_20251231,1,1,0.22376137116943828,0.24941684030021904,<1bn
123509,NM,0.0,20251231,176229,197883,176229,FIRST ENTERPRISE BANK,0,52898,0,26168,4049,166841,7311.0,4049_20251231,1,1,0.14848861424623644,0.14848861424623644,<1bn
149277,N,556.0,20251231,236488,278077,236488,FIRST NB&T CO BROKEN ARROW,14523,87321,8011,51223,4050,200729,0.0,4050_20251231,1,1,0.21659872805385474,0.2504735969689794,<1bn
59113,SM,7129.0,20251231,69770,77144,69770,ALLNATIONS BANK,12792,10802,0,1835,4051,49441,16401.0,4051_20251231,1,1,0.026300702307582056,0.026300702307582056,<1bn
62708,NM,3433.0,20251231,100464,115364,100464,FARMERS BANK,4279,37940,0,3731,4054,99200,17995.0,4054_20251231,1,1,0.03713768115942029,0.03713768115942029,<1bn
118261,N,0.0,20251231,136671,169063,136671,PEOPLES NB OF CHECOTAH,93371,18657,10865,14203,4059,45677,0.0,4059_20251231,1,1,0.10392109518478683,0.18341857453300262,<1bn
86656,NM,6576.0,20251231,114283,142953,114283,ACB BANK,19058,26231,0,1333,4061,105785,0.0,4061_20251231,1,1,0.01166402702064174,0.01166402702064174,<1bn
693032,N,46074.0,20251231,873398,1055323,873398,FIRST NB&T CO CHICKASHA OK,450834,181787,0,17683,4062,521768,49917.0,4062_20251231,1,1,0.02024621077675928,0.02024621077675928,1-10bn
19045725,SB,6407818.0,20251231,24559280,41367487,24559280,MIDFIRST BANK,6869590,5529159,193056,480601,4063,31756585,986638.0,4063_20251231,1,1,0.01956901830998303,0.02742983507659834,10-100bn
85858,NM,18312.0,20251231,180184,208751,180184,OKLAHOMA BANK&TRUST CO,108096,94664,55408,23661,4067,74018,0.0,4067_20251231,1,1,0.13131576610575857,0.4388236469386849,<1bn
77927,SM,16512.0,20251231,113516,124311,113516,FNB COWETA,42953,35649,2881,11824,4071,67619,3000.0,4071_20251231,1,1,0.10416152789034144,0.12954121004968464,<1bn
61181,SM,2420.0,20251231,67522,78737,67522,SOUTHWEST BK OF WEATHERFORD,8453,6372,0,18994,4076,48715,0.0,4076_20251231,1,1,0.28130090933325436,0.28130090933325436,<1bn
321222,SM,4463.0,20251231,378490,417511,378490,CITIZENS BANK OF EDMOND,5798,58349,0,44751,4084,341627,379.0,4084_20251231,1,1,0.11823562049195488,0.11823562049195488,<1bn
210977,N,35004.0,20251231,264300,294260,264300,FIRST NATIONAL BANK&TRUST,107998,54661,6253,17546,4086,160450,0.0,4086_20251231,1,1,0.06638668180098373,0.09004540295119183,<1bn
327132,SM,0.0,20251231,419600,462981,419600,BANK OF WESTERN OKLAHOMA,16450,94681,0,47774,4087,374167,27223.0,4087_20251231,1,1,0.1138560533841754,0.1138560533841754,<1bn
4190375,N,60314.0,20251231,4461511,4855805,4461511,STRIDE BANK NATIONAL ASSN,70012,274933,4508,613599,4091,4115133,0.0,4091_20251231,1,1,0.137531656875888,0.13854207688830084,1-10bn
72586,NM,59.0,20251231,92271,110092,92271,FIRST BANK,8069,19743,5830,13566,4092,61656,0.0,4092_20251231,1,1,0.1470234418181227,0.21020689057233582,<1bn
53020,SM,15472.0,20251231,81491,91926,81491,BANK OF EUFAULA,49367,28482,8936,4642,4094,22440,0.0,4094_20251231,1,1,0.05696334564553141,0.16661962670724376,<1bn
77178,N,20605.0,20251231,114897,131114,114897,FARMERS&MERCHANTS NB FAIRVIE,56054,37969,0,1974,4097,51765,0.0,4097_20251231,1,1,0.017180605237734667,0.017180605237734667,<1bn
16855,N,1496.0,20251231,20059,22151,20059,FIRST NB OF FLETCHER,12163,3227,503,3597,4098,4123,0.0,4098_20251231,1,1,0.17932100304102896,0.20439702876514282,<1bn
78729,N,450.0,20251231,87833,101530,87833,FIRST NATIONAL BANK,13734,9330,6002,10019,4111,72476,0.0,4111_20251231,1,1,0.11406874409390548,0.18240296927123062,<1bn
35292,SM,13629.0,20251231,38929,42662,38929,1ST BANK IN HOMINY,22671,3684,1230,2772,4122,16418,0.0,4122_20251231,1,1,0.07120655552415937,0.1028025379537106,<1bn
57258,N,0.0,20251231,73920,89451,73920,FIRST NB OF HOOKER,26308,16744,0,1124,4123,56691,0.0,4123_20251231,1,1,0.015205627705627705,0.015205627705627705,<1bn
295273,N,2424.0,20251231,361924,434777,361924,CITY NB&T CO OF LAWTON OK,55801,67228,4919,46466,4132,297003,0.0,4132_20251231,1,1,0.12838607000364718,0.14197732120555698,<1bn
17701,NM,0.0,20251231,20424,22764,20424,FARMERS&MERCHANTS BANK,5236,2734,4986,3832,4144,11394,0.0,4144_20251231,1,1,0.18762240501370936,0.43174696435566,<1bn
362393,N,40694.0,20251231,492678,564009,492678,FIRST NB&T CO OF MCALESTER,164767,130893,76672,16756,4145,345311,0.0,4145_20251231,1,1,0.03401004307072774,0.18963298543876528,<1bn
319571,N,56636.0,20251231,435183,476526,435183,BANK NATIONAL ASSN,143704,116017,0,8628,4146,276022,0.0,4146_20251231,1,1,0.01982614210573483,0.01982614210573483,<1bn
1310261,SM,25432.0,20251231,1700873,1962629,1700873,BANK 7,54019,391731,5608,255092,4147,1589102,440342.0,4147_20251231,1,1,0.14997709999512016,0.1532742303511197,1-10bn
95003,N,0.0,20251231,179578,207110,179578,FIRST NB&T CO OF MIAMI,50397,84580,47290,15692,4148,129128,5000.0,4148_20251231,1,1,0.08738264152624486,0.3507222488278074,<1bn
1255150,NM,106978.0,20251231,1728339,1971682,1728339,REGENT BANK,183627,476057,7602,43249,4160,1644149,385695.0,4160_20251231,1,1,0.025023447367674975,0.029421890034304614,1-10bn
184431,N,30135.0,20251231,259940,298185,259940,PATRONS BANK NATIONAL ASSN,98915,75641,1943,8237,4170,171185,0.0,4170_20251231,1,1,0.03168808186504578,0.039162883742402094,<1bn
228736,N,37651.0,20251231,320959,348568,320959,PAULS VALLEY NATIONAL BANK,94856,92867,0,13594,4173,205232,0.0,4173_20251231,1,1,0.04235431939905097,0.04235431939905097,<1bn
551570,SM,20929.0,20251231,792446,898360,792446,SECURITY BANK,31976,242287,0,120298,4178,735580,35313.0,4178_20251231,1,1,0.15180592747013677,0.15180592747013677,<1bn
326912,SM,0.0,20251231,468576,524404,468576,FIRST PRYORITY BANK,32606,142347,992,10726,4185,416712,0.0,4185_20251231,1,1,0.022890630335313803,0.025007682851874616,<1bn
210500,NM,0.0,20251231,251518,281987,251518,MCCLAIN BANK,29339,41171,3505,46634,4187,191602,1.0,4187_20251231,1,1,0.1854101893303859,0.19934557367663547,<1bn
804210,SM,363503.0,20251231,1163846,1443414,1163846,AMERICAN HERITAGE BANK,770984,363306,59801,120433,4190,498282,0.0,4190_20251231,1,1,0.10347846708241468,0.15486069462798344,1-10bn
121679,NM,13959.0,20251231,178022,196295,178022,SEILING STATE BANK,39127,56635,0,2746,4193,141672,23751.0,4193_20251231,1,1,0.015425059824066688,0.015425059824066688,<1bn
108313,N,5652.0,20251231,115709,135897,115709,SNB BANK NATIONAL ASSN,15398,7801,0,9732,4196,97839,11591.0,4196_20251231,1,1,0.08410754565331997,0.08410754565331997,<1bn
217231,SM,38840.0,20251231,344553,395212,344553,ANCHOR D BANK,122415,128981,7122,7787,4208,230177,20206.0,4208_20251231,1,1,0.022600296616195475,0.04327055634401674,<1bn
37881,SM,400.0,20251231,45375,53224,45375,FIRST BANK OF THOMAS,5235,7519,960,15451,4209,29755,0.0,4209_20251231,1,1,0.34051790633608814,0.3616749311294766,<1bn
622523,N,18670.0,20251231,791964,912461,791964,FIRST NB OF OKLAHOMA,60103,170533,3838,105717,4211,712602,142558.0,4211_20251231,1,1,0.1334871282027971,0.13833330807966018,<1bn
19153120,N,14600801.0,20251231,39680944,52005221,39680944,BOKF NATIONAL ASSN,15401268,21176917,980,1690806,4214,25425488,1884266.0,4214_20251231,1,1,0.0426100246002212,0.04263472159331693,10-100bn
44936,NM,5846.0,20251231,52720,60908,52720,COMMUNITY BANK OF OKLAHOMA,10148,7851,0,1900,4217,38918,0.0,4217_20251231,1,1,0.036039453717754175,0.036039453717754175,<1bn
31403,N,16797.0,20251231,48839,57227,48839,FIRST FARMERS NB OF WAURIKA,28244,17541,0,5661,4222,22222,0.0,4222_20251231,1,1,0.11591146419869366,0.11591146419869366,<1bn
196892,SM,41202.0,20251231,248963,291332,248963,FIRST BETHANY BANK&TRUST,88895,52426,0,6874,4228,182087,0.0,4228_20251231,1,1,0.02761052847210228,0.02761052847210228,<1bn
64255,NM,1130.0,20251231,86524,101336,86524,STATE BANK OF WYNNEWOOD,39859,22553,2006,9774,4232,48751,0.0,4232_20251231,1,1,0.1129628773519486,0.13614719615366835,<1bn
151499,NM,2717.0,20251231,227206,248889,227206,YNB,86640,76807,3954,22944,4235,125237,0.0,4235_20251231,1,1,0.10098324868181298,0.11838595811730324,<1bn
325716,N,55882.0,20251231,441970,486100,441970,SHAMROCK BANK N A,138125,116639,9661,9619,4236,323567,17673.0,4236_20251231,1,1,0.02176392062809693,0.04362287033056542,<1bn
8487003,SM,853647.0,20251231,13128243,16273258,13128243,FIRST UNITED BANK&TRUST CO,2074735,4671069,0,330715,4239,12487528,1725741.0,4239_20251231,1,1,0.025191108970179787,0.025191108970179787,10-100bn
109094,N,37200.0,20251231,211271,253484,211271,IDABEL NATIONAL BANK,68688,102789,0,4095,4241,165016,44660.0,4241_20251231,1,1,0.019382688584803406,0.019382688584803406,<1bn
4317583,N,1193060.0,20251231,5576246,6967049,5576246,CAMDEN NATIONAL BANK,1415693,1260420,0,97492,4255,4934902,130565.0,4255_20251231,1,1,0.01748344674894185,0.01748344674894185,1-10bn
2150914,N,259001.0,20251231,2665821,3130767,2665821,FIRST NATIONAL BANK,620408,516894,0,31903,4256,2368744,692433.0,4256_20251231,1,1,0.011967420168120815,0.011967420168120815,1-10bn
325475,N,68704.0,20251231,512403,585240,512403,FIRST NB OF LOUISIANA,85411,187258,0,63564,4288,411816,0.0,4288_20251231,1,1,0.12405079595552719,0.12405079595552719,<1bn
331279,N,24785.0,20251231,569640,630904,569640,FIRST NB OF JEANERETTE,56544,238866,6748,51106,4290,492797,10000.0,4290_20251231,1,1,0.0897163120567376,0.10156239028158134,<1bn
404081015,N,72937756.0,20251231,504610433,658464240,504752862,CAPITAL ONE NATIONAL ASSN,96145927,106394334,12861380,56510229,4297,430973294,19298469.0,4297_20251231,1,1,0.11198783319646505,0.13747557415246703,>=100bn
276301,N,28356.0,20251231,327353,365876,327353,RIDDELL NATIONAL BANK,57397,52333,0,4368,4318,282562,3500.0,4318_20251231,1,1,0.013343393828680354,0.013343393828680354,<1bn
525843,N,26556.0,20251231,683415,792687,683415,FCN BANK NATIONAL ASSN,216580,160124,494,23832,4319,505514,0.0,4319_20251231,1,1,0.03487192994008033,0.035594770381100795,<1bn
259065,N,41481.0,20251231,390663,425672,390663,FIRST NATIONAL BANK,116558,131763,2880,69107,4324,221569,0.0,4324_20251231,1,1,0.17689671148790645,0.1842687943316874,<1bn
3263169,NM,494174.0,20251231,5352972,6413881,5352972,HORIZON BANK,875414,2098203,0,135767,4360,4835021,279167.0,4360_20251231,1,1,0.025362919888241523,0.025362919888241523,1-10bn
282650,N,82288.0,20251231,367022,417714,367022,FIRST NB OF MONTEREY,148278,84611,0,12533,4364,239647,0.0,4364_20251231,1,1,0.0341478167521293,0.0341478167521293,<1bn
8781060,NM,996998.0,20251231,15336558,19011326,15336558,FIRST MERCHANTS BANK,3378641,6564125,0,280458,4365,13616189,1549088.0,4365_20251231,1,1,0.01828689331726193,0.01828689331726193,10-100bn
2942216,N,681074.0,20251231,4571531,5749906,4571531,FIRST FINANCIAL BANK NA,1149526,1632183,0,130319,4382,4007308,0.0,4382_20251231,1,1,0.028506642523040967,0.028506642523040967,1-10bn
90501,NM,0.0,20251231,169367,187361,169367,LNB COMMUNITY BANK,15190,79078,8247,25250,4398,139219,0.0,4398_20251231,1,1,0.14908453240595865,0.19777760720801574,<1bn
328401,NM,6144.0,20251231,564015,644139,564015,SPRINGS VALLEY BANK&TRUST CO,72342,237139,0,15929,4419,487432,0.0,4419_20251231,1,1,0.028242156680230137,0.028242156680230137,<1bn
266470,SB,34959.0,20251231,358299,491648,358299,MIDWEST HERITAGE BANK FSB,53436,93482,9302,12730,4432,392108,0.0,4432_20251231,1,1,0.03552898556791953,0.06149054281479993,<1bn
931135,SM,226419.0,20251231,1610524,1830219,1610524,FIRST CITIZENS BANK,345186,682884,13542,88230,4433,1322793,46047.0,4433_20251231,1,1,0.05478341210686708,0.0631918555699884,1-10bn
274910,N,24588.0,20251231,349579,408160,349579,CLINTON NATIONAL BANK,140184,75367,44452,23662,4439,231472,0.0,4439_20251231,1,1,0.06768713223620412,0.19484580023399575,<1bn
53339,SM,387.0,20251231,57999,69920,57999,FIRST HERITAGE BANK,10114,4873,489,763,4457,53483,10.0,4457_20251231,1,1,0.013155399231021225,0.021586579078949637,<1bn
153948,SM,6168.0,20251231,215886,244156,215886,FIRST BANK HAMPTON,25203,62433,4441,15255,4464,194076,0.0,4464_20251231,1,1,0.07066229398849393,0.09123333611257793,<1bn
393943,N,13729.0,20251231,542945,631093,542945,MIDSTATES BANK NATIONAL ASSN,182535,150003,3817,16793,4465,414232,0.0,4465_20251231,1,1,0.030929467993995707,0.03795964600465977,<1bn
69404,SM,0.0,20251231,78707,86933,78707,LOGAN STATE BANK,681,9514,0,4565,4476,78195,0.0,4476_20251231,1,1,0.05799992376789866,0.05799992376789866,<1bn
55774,N,0.0,20251231,67194,80098,67194,FIRST NB OF MANNING,24112,11883,5546,12023,4477,42540,0.0,4477_20251231,1,1,0.17892966633925647,0.2614667976307408,<1bn
74694,SM,19295.0,20251231,90023,102324,90023,FNNB BANK,25293,15451,5971,4398,4482,68080,6000.0,4482_20251231,1,1,0.04885418170911878,0.11518167579396377,<1bn
26145,N,0.0,20251231,30405,38486,30405,FIRST NB OF PRIMGHAR,9694,4338,2473,913,4494,27025,0.0,4494_20251231,1,1,0.030027955928301268,0.1113632626212794,<1bn
843492,N,201822.0,20251231,1333265,1678467,1333265,SECURITY NB OF SIOUX CITY IA,327087,492785,27527,137342,4506,1136516,0.0,4506_20251231,1,1,0.10301177935369188,0.12365808747698319,1-10bn
175301,N,0.0,20251231,217704,260221,217704,CITIZENS 1ST NB STORM LAKE,94605,43618,84593,17296,4511,144463,0.0,4511_20251231,1,1,0.07944732297063903,0.46801620549002315,<1bn
97459,NM,0.0,20251231,124300,138815,124300,STATE BANK OF TOLEDO,4261,27122,501,15749,4514,110180,8487.0,4514_20251231,1,1,0.12670152855993563,0.13073209975864844,<1bn
447818,SM,47601.0,20251231,598877,729538,598877,FIRST BANK,153222,152421,64872,9389,4519,534329,4030.0,4519_20251231,1,1,0.015677676718257674,0.12400042078757408,<1bn
211154,NM,32528.0,20251231,315623,376067,315623,PONY EXPRESS BANK,43950,104867,0,13166,4526,309346,40669.0,4526_20251231,1,1,0.041714323734328616,0.041714323734328616,<1bn
381798,SM,58321.0,20251231,478770,567250,478770,FARMERS BANK OF NORTHERN MO,178607,97628,2878,37794,4539,306642,0.0,4539_20251231,1,1,0.07893978319443574,0.0849510203229108,<1bn
709860,N,28.0,20251231,847472,967999,847472,HNB NATIONAL BANK,200336,139381,36663,30014,4540,682250,0.0,4540_20251231,1,1,0.03541591934600789,0.07867752562916533,<1bn
510197,NM,58912.0,20251231,710924,850207,710924,CNB ST LOUIS BANK,116018,202403,2967,39331,4549,673890,46849.0,4549_20251231,1,1,0.05532377581851224,0.059497217705408736,<1bn
67743,SM,12668.0,20251231,98768,117735,98768,TPNB BANK,35490,25400,975,8015,4556,67404,2000.0,4556_20251231,1,1,0.08114976510610725,0.09102138344403045,<1bn
89830,N,9048.0,20251231,97221,114661,97221,FIRST NB OF NEVADA MISSOURI,53244,7816,0,4315,4598,51717,1222.0,4598_20251231,1,1,0.0443834151057899,0.0443834151057899,<1bn
120161,N,0.0,20251231,133361,167915,133361,FARMERS NATIONAL BANK,45749,13595,8260,5660,4611,87141,0.0,4611_20251231,1,1,0.04244119345235864,0.10437834149413996,<1bn
437453,NM,16642.0,20251231,543483,631270,543483,EXCHANGE BANK&TRUST,154539,106888,47625,91607,4619,372617,0.0,4619_20251231,1,1,0.16855541019682307,0.2561846460698863,<1bn
111890,NM,15396.0,20251231,155688,167780,155688,FARMERS BANK&TRUST,56095,44051,4141,12408,4621,86195,0.0,4621_20251231,1,1,0.07969785725296748,0.10629592518370073,<1bn
71483,SM,28778.0,20251231,176856,194737,176856,AMERICAN BK BAXTER SPRINGS,40375,105851,0,44674,4624,94441,0.0,4624_20251231,1,1,0.25260098611299586,0.25260098611299586,<1bn
179169,NM,35179.0,20251231,274707,296614,274707,FIRST HERITAGE BANK,83904,96349,0,5823,4636,191639,52531.0,4636_20251231,1,1,0.0211971300330898,0.0211971300330898,<1bn
94801,N,45778.0,20251231,150648,161618,150648,FIRST NB IN CIMARRON,65990,56206,0,22290,4638,70767,0.0,4638_20251231,1,1,0.14796080930380756,0.14796080930380756,<1bn
102446,NM,10130.0,20251231,114124,130584,114124,CONWAY BANK,20949,11907,986,5052,4649,94416,4101.0,4649_20251231,1,1,0.04426763870877291,0.05290736391994672,<1bn
29712,NM,11938.0,20251231,36490,40513,36490,NINNESCAH VALLEY BANK,22337,6859,0,903,4652,16380,0.0,4652_20251231,1,1,0.024746505892025213,0.024746505892025213,<1bn
42535,N,10761.0,20251231,62346,80223,62346,FIRST NB OF DIGHTON,20091,19893,1453,5466,4654,52712,10000.0,4654_20251231,1,1,0.08767202386680781,0.11097744843293876,<1bn
153582,SM,3734.0,20251231,213167,241030,213167,FIRSTOAK BANK,19089,59695,1990,12622,4660,187541,0.0,4660_20251231,1,1,0.05921179169383629,0.06854719539140673,<1bn
133512,NM,0.0,20251231,169139,184952,169139,HOME BANK&TRUST CO,8027,37149,8027,30814,4664,133136,0.0,4664_20251231,1,1,0.1821815193420796,0.22963952725273296,<1bn
1012019,N,372563.0,20251231,1224891,1424990,1224891,ARMED FORCES BANK NA,388109,214671,0,179910,4666,795433,0.0,4666_20251231,1,1,0.14687837530033285,0.14687837530033285,1-10bn
50288,N,10457.0,20251231,57328,61587,57328,FIRST NB IN FRANKFORT,24870,7220,0,2140,4668,31079,0.0,4668_20251231,1,1,0.03732905386547586,0.03732905386547586,<1bn
642895,N,5193.0,20251231,823293,1022737,823293,GNBANK NATIONAL ASSN,262854,181381,119174,19723,4673,698753,0.0,4673_20251231,1,1,0.0239562342932589,0.1687090744121473,1-10bn
168900,N,56566.0,20251231,199715,224248,199715,CITIZENS NATIONAL BANK,105839,31083,0,4829,4678,106957,0.0,4678_20251231,1,1,0.02417945572440728,0.02417945572440728,<1bn
35003,N,0.0,20251231,53836,62961,53836,VISTA NATIONAL BANK&TRUST,1438,18882,1438,2062,4683,33767,0.0,4683_20251231,1,1,0.03830150828441935,0.06501225945464002,<1bn
64010,N,16750.0,20251231,75185,89601,75185,FIRST NATIONAL BANK OF HOPE,33434,11500,0,2839,4690,49380,0.0,4690_20251231,1,1,0.03776019152756534,0.03776019152756534,<1bn
54095,NM,9158.0,20251231,78946,85888,78946,HOWARD STB HOWARD KANSAS,24116,24953,0,9809,4693,50379,0.0,4693_20251231,1,1,0.12424948699110784,0.12424948699110784,<1bn
898994,N,97992.0,20251231,1059953,1254749,1059953,FIRST NB OF HUTCHINSON,164044,163130,0,134243,4697,891917,194064.0,4697_20251231,1,1,0.12664995523386413,0.12664995523386413,1-10bn
811298,N,136275.0,20251231,1239218,1411234,1239218,CENTRAL NATIONAL BANK,369212,428683,57946,185181,4702,769067,0.0,4702_20251231,1,1,0.14943375580406354,0.196193890017737,1-10bn
2056235,NM,408135.0,20251231,3127741,3779399,3127741,SECURITY BANK OF KANSAS CITY,1367921,1100670,9929,136457,4705,2064087,59063.0,4705_20251231,1,1,0.04362797303229391,0.04680246861872514,1-10bn
400397,SM,102760.0,20251231,478137,527592,478137,CITIZENS BANK OF KANSAS,222497,78207,19985,28182,4707,240021,0.0,4707_20251231,1,1,0.05894126578783905,0.10073890955939406,<1bn
109869,N,10500.0,20251231,155961,185535,155961,FIRST NB OF LOUISBURG,52604,46303,5399,5775,4722,122014,0.0,4722_20251231,1,1,0.03702848789120357,0.07164611665736947,<1bn
22810,N,1522.0,20251231,27353,32822,27353,MARION NATIONAL BANK,12104,4560,2738,1734,4728,15440,0.0,4728_20251231,1,1,0.06339341205717837,0.16349212152231932,<1bn
115543,NM,19442.0,20251231,166740,179655,166740,SOUTHWIND BANK,74457,51858,1972,11234,4735,87826,10000.0,4735_20251231,1,1,0.06737435528367518,0.07920115149334293,<1bn
364131,SM,168759.0,20251231,735370,815953,735370,FIRST OPTION BANK,260505,372669,0,60701,4746,462199,31470.0,4746_20251231,1,1,0.08254484137237036,0.08254484137237036,<1bn
70766,NM,20041.0,20251231,87903,107021,87903,FIRST SECURITY BANK,23653,17412,0,3497,4752,72016,4730.0,4752_20251231,1,1,0.039782487514646823,0.039782487514646823,<1bn
193962,N,9748.0,20251231,272030,323759,272030,FIRST NATIONAL BANK&TRUST,81089,78614,11592,5789,4756,216397,0.0,4756_20251231,1,1,0.0212807410947322,0.06389368819615483,<1bn
199975,NM,6191.0,20251231,260291,314897,260291,SJN BANK OF KANSAS,92604,60697,24728,5467,4766,199814,11019.0,4766_20251231,1,1,0.021003415408139353,0.11600477926628273,<1bn
4693214,N,387394.0,20251231,7174386,8473383,7174386,SUNFLOWER BANK NATIONAL ASSN,502838,2598351,33270,652592,4767,6688703,424924.0,4767_20251231,1,1,0.09096137286173339,0.09559870349880813,1-10bn
94200,N,11175.0,20251231,145653,168646,145653,FIRST NB OF SCOTT CITY,34363,51658,4331,4719,4769,117203,0.0,4769_20251231,1,1,0.032398920722539186,0.062133975956554274,<1bn
40197,N,3233.0,20251231,50638,60097,50638,ELEVATE BANK NATIONAL ASSN,9057,10488,0,3964,4770,44265,0.0,4770_20251231,1,1,0.07828113274615901,0.07828113274615901,<1bn
127297,NM,0.0,20251231,145756,181833,145756,SOLOMON STATE BANK,35633,18934,33630,7495,4773,136191,0.0,4773_20251231,1,1,0.05142155382968797,0.28214961991273085,<1bn
40214,N,0.0,20251231,77870,85940,77870,FIRST NB OF SPEARVILLE,8714,37792,5918,6905,4774,33456,0.0,4774_20251231,1,1,0.0886734300757673,0.16467188904584565,<1bn
194857,N,0.0,20251231,219523,244628,219523,WESTERN NATIONAL BANK,19609,25258,6541,9788,4778,197331,498.0,4778_20251231,1,1,0.04458758307785517,0.074384005320627,<1bn
674339,N,141277.0,20251231,801355,917944,801355,DREAM FIRST BANK NA,209157,128756,0,19865,4779,607295,121208.0,4779_20251231,1,1,0.024789263185479592,0.024789263185479592,<1bn
1812377,NM,362410.0,20251231,2478897,2751411,2478897,EMPRISE BANK,594158,669280,0,119382,4789,1930265,32813.0,4789_20251231,1,1,0.04815932247285789,0.04815932247285789,1-10bn
349193,SM,44713.0,20251231,458170,509097,458170,BANK OF THE FLINT HILLS,58572,109671,0,24475,4791,396658,0.0,4791_20251231,1,1,0.05341903660213458,0.05341903660213458,<1bn
32598,SM,0.0,20251231,56010,86594,56010,FNB WASHINGTON,36124,23541,14370,3913,4792,41425,0.0,4792_20251231,1,1,0.06986252454918765,0.3264238528834137,<1bn
52905,N,33261.0,20251231,84115,98395,84115,FIRST NB OF KANSAS,48474,31371,0,3526,4794,41394,0.0,4794_20251231,1,1,0.04191880164061107,0.04191880164061107,<1bn
73306,NM,23783.0,20251231,107444,115992,107444,BANK OF COMMERCE&TRUST CO,44394,34463,0,5229,4796,49239,4000.0,4796_20251231,1,1,0.048667212687539554,0.048667212687539554,<1bn
4816093,N,1470300.0,20251231,6290046,6970742,6290046,INTRUST BANK NATIONAL ASSN,1978946,1479360,0,542888,4799,4136402,237517.0,4799_20251231,1,1,0.08630906673814469,0.08630906673814469,1-10bn
346319,N,11679.0,20251231,427603,513193,427603,SOUTHWEST NATIONAL BANK,31987,82204,0,36378,4801,418969,4000.0,4801_20251231,1,1,0.08507423942301622,0.08507423942301622,<1bn
4621667,N,416587.0,20251231,5556767,6251146,5556767,SHORE UNITED BANK NA,641371,937238,2463,355831,4832,4874006,407853.0,4832_20251231,1,1,0.06403561639348923,0.06447885973984513,1-10bn
1285871,NM,178790.0,20251231,1743614,2060785,1743614,FIRST UNITED BANK&TRUST,264878,458559,0,131612,4857,1502364,50001.0,4857_20251231,1,1,0.07548230284913977,0.07548230284913977,1-10bn
1122859,NM,47179.0,20251231,1553790,1769768,1553790,MOUNTAIN COMMERCE BANK,111908,433226,0,79926,4931,1478733,183113.0,4931_20251231,1,1,0.051439383700500066,0.051439383700500066,1-10bn
140317,NM,0.0,20251231,185180,227357,185180,PEOPLES BANK OF THE SOUTH,19694,45233,1970,9096,4945,193672,0.0,4945_20251231,1,1,0.049119775353709906,0.059758073226050326,<1bn
525049,N,43038.0,20251231,827760,937671,827760,FIRST NB OF MIDDLE TENNESSEE,65141,306261,0,90531,4952,725373,29238.0,4952_20251231,1,1,0.1093686575819078,0.1093686575819078,<1bn
243863,N,44288.0,20251231,319302,357479,319302,FIRST NB OF ONEIDA,91936,77542,13051,29699,4958,211856,0.0,4958_20251231,1,1,0.09301225798773576,0.13388578837589493,<1bn
165413,NM,0.0,20251231,197498,220597,197498,FIRST FARMERS&COMMERCIAL BK,13738,32498,300,13487,4960,164815,0.0,4960_20251231,1,1,0.06828929913214311,0.06980830185622133,<1bn
1475759,N,431290.0,20251231,2263116,2651069,2263116,FIRST CITIZENS NATIONAL BANK,737867,790653,1005,158949,4972,1575565,64686.0,4972_20251231,1,1,0.07023457922616427,0.07067865721421261,1-10bn
40240682,SM,6728856.0,20251231,68096612,83572753,68096612,FIRST HORIZON BANK,9420689,28053974,95,2085383,4977,63831091,5945345.0,4977_20251231,1,1,0.030623887719994056,0.03062528279674178,10-100bn
10220985,SM,2045504.0,20251231,15640943,18922957,15640943,TRUSTMARK BANK,3084284,5496679,239562,668007,4988,13795951,309523.0,4988_20251231,1,1,0.042708869919160244,0.058025209861067836,10-100bn
920791,N,76532.0,20251231,1504805,1794596,1504805,CITIZENS NB OF MERIDIAN,397832,587395,0,24496,4993,1278211,0.0,4993_20251231,1,1,0.016278521137290215,0.016278521137290215,1-10bn
453461,SM,204589.0,20251231,772612,911006,772612,FNB OXFORD BANK,343147,320404,21522,44878,5005,479226,104161.0,5005_20251231,1,1,0.05808607684063929,0.08594223232359839,<1bn
345421,SM,29566.0,20251231,465387,515750,465387,FIRST CHOICE BANK,104890,122627,9493,20316,5006,354344,10015.0,5006_20251231,1,1,0.043653991194425285,0.06405206849353334,<1bn
246988,NM,2213.0,20251231,403614,476787,403614,CENTURY BANK&TRUST,134748,156673,6172,70802,5015,249857,0.0,5015_20251231,1,1,0.1754200795809858,0.19071191782247396,<1bn
310015,N,140719.0,20251231,422291,470995,422291,CITIZENS NB OF CHEBOYGAN,172591,112344,21829,9429,5018,255854,0.0,5018_20251231,1,1,0.022328204958192335,0.0740200477869526,<1bn
918430,NM,31760.0,20251231,1423232,1690396,1423232,SOUTHERN MICHIGAN BANK&TRUST,218691,505751,0,109491,5019,1258069,104270.0,5019_20251231,1,1,0.07693123819588092,0.07693123819588092,1-10bn
619280,NM,7440.0,20251231,1230330,1432696,1230330,DART BANK,27960,611817,0,132368,5033,1171902,222398.0,5033_20251231,1,1,0.10758739525168044,0.10758739525168044,1-10bn
632296,N,38023.0,20251231,867140,1034845,867140,SUPERIOR NATIONAL BANK,243199,236181,7783,85712,5058,650814,0.0,5058_20251231,1,1,0.098844477247042,0.10781995986807205,1-10bn
320703,N,21385.0,20251231,355186,412114,355186,FIRST NATIONAL BANK&TRUST CO,142392,34620,21650,40853,5062,206083,17296.0,5062_20251231,1,1,0.11501860996773522,0.17597258900970195,<1bn
397614,NM,60458.0,20251231,533827,613674,533827,RANGE BANK,160980,136709,34213,47695,5072,372368,0.0,5072_20251231,1,1,0.08934542464131638,0.1534354762872616,<1bn
220757,N,83035.0,20251231,323984,343698,323984,FIRST NB OF ST IGNACE,163679,103711,0,56095,5074,107334,0.0,5074_20251231,1,1,0.17314126623536966,0.17314126623536966,<1bn
42815,N,0.0,20251231,46921,52993,46921,FIRST NB OF WAKEFIELD,26831,4153,500,4134,5076,20851,0.0,5076_20251231,1,1,0.08810553909763219,0.09876174847083395,<1bn
97197,N,5158.0,20251231,118671,128042,118671,FIRST NB OF BAGLEY,23256,21799,12909,17982,5087,81210,0.0,5087_20251231,1,1,0.15152817453295245,0.2603079101044063,<1bn
637597,N,154203.0,20251231,848755,1011690,848755,FIRST NB OF BEMIDJI,513040,213247,87033,9359,5093,463988,0.0,5093_20251231,1,1,0.011026739165012282,0.11356869768072059,1-10bn
358321,NM,17883.0,20251231,403617,465038,403617,STAR BANK,34847,46141,4978,43895,5095,366077,60464.0,5095_20251231,1,1,0.1087540911309484,0.12108756568727283,<1bn
186863,SM,15785.0,20251231,280877,322294,280877,FIRST BANK BLUE EARTH,81410,94823,0,20178,5097,211070,9463.0,5097_20251231,1,1,0.07183927484272475,0.07183927484272475,<1bn
47473,N,0.0,20251231,60395,71778,60395,B2 BANK NATIONAL ASSN,7000,12927,7000,6031,5105,34835,0.0,5105_20251231,1,1,0.099859259872506,0.21576289427932777,<1bn
62912,NM,987.0,20251231,73439,85337,73439,FIRST SECURITY BANK CANBY,24348,10634,12758,19102,5107,38363,0.0,5107_20251231,1,1,0.26010702760113835,0.43382943667533597,<1bn
18452,N,1.0,20251231,34480,38486,34480,WESTERN NATIONAL BANK,15460,16265,15459,6358,5110,12288,4139.0,5110_20251231,1,1,0.1843967517401392,0.6327436194895592,<1bn
80144,N,14298.0,20251231,115895,125392,115895,FIRST NB OF COKATO,21896,35898,7349,9510,5115,92914,0.0,5115_20251231,1,1,0.08205703438457224,0.1454678804089909,<1bn
232467,NM,7735.0,20251231,291791,350736,291791,GRANITE BANK,18349,61106,3436,6703,5116,308691,48815.0,5116_20251231,1,1,0.022971921683670845,0.03474747336278364,<1bn
74856,N,12965.0,20251231,103256,109884,103256,FIRST NB OF COLERAINE,48867,28538,2952,14609,5117,41352,0.0,5117_20251231,1,1,0.14148330363368714,0.17007244131091656,<1bn
831898,NM,49924.0,20251231,1294865,1428434,1294865,DEERWOOD BANK,176792,467695,57605,264535,5123,928342,0.0,5123_20251231,1,1,0.20429542848096133,0.2487826916319462,1-10bn
82805,N,156.0,20251231,105957,135346,105957,WESTERN NATIONAL BANK,19011,23718,16856,17733,5131,84091,0.0,5131_20251231,1,1,0.16736034429060845,0.3264437460479251,<1bn
227062,NM,64387.0,20251231,270149,363871,270149,FIRST BANK ELK RIVER,65829,43356,0,3797,5136,264821,25404.0,5136_20251231,1,1,0.014055206571188493,0.014055206571188493,<1bn
65105,N,8499.0,20251231,87705,99466,87705,MINERS NB OF EVELETH,13337,22683,499,15477,5141,65576,0.0,5141_20251231,1,1,0.17646656404994013,0.1821560914429052,<1bn
20438,N,0.0,20251231,22812,36278,22812,FIRST NB OF FAIRFAX,22490,2423,20300,2360,5142,9928,0.0,5142_20251231,1,1,0.10345432228651587,0.9933368402595125,<1bn
1908514,N,0.0,20251231,1916264,2815071,1916264,WELLS FARGO BANK S CNTL NA,0,7775,0,913789,5146,1845316,0.0,5146_20251231,1,1,0.47685966025558063,0.47685966025558063,1-10bn
63368,N,422.0,20251231,73286,85176,73286,FIRST NB OF GILBERT,6423,10029,4015,8116,5150,67705,0.0,5150_20251231,1,1,0.11074420762492154,0.16552956908550065,<1bn
323825,N,39882.0,20251231,382160,417636,382160,FIRST NB OF HENNING,82618,59949,2972,19765,5162,294843,0.0,5162_20251231,1,1,0.05171917521456981,0.05949602260833159,<1bn
1029540,SM,55555.0,20251231,1158664,1348151,1158664,BANK MIDWEST,183189,133256,38273,56463,5170,1023124,120000.0,5170_20251231,1,1,0.04873112481271533,0.08176313409236845,1-10bn
57737,NM,116.0,20251231,109190,118469,109190,GLOBAL INNOVATIONS BANK,212,51740,0,43212,5175,57557,8430.0,5175_20251231,1,1,0.3957505266050005,0.3957505266050005,<1bn
136939,N,7800.0,20251231,158201,178319,158201,FIRST NB OF LE CENTER,21613,21988,11900,17741,5180,127274,1500.0,5180_20251231,1,1,0.1121421482797201,0.18736291173886385,<1bn
149885,N,0.0,20251231,215065,244730,215065,FIRST FARMERS&MERCHANTS NB,47730,66034,18548,14500,5186,178155,0.0,5186_20251231,1,1,0.06742147722781484,0.15366517099481553,<1bn
606597,SM,58213.0,20251231,778065,896819,778065,PIONEER BANK,124343,172331,1880,59117,5193,627201,34749.0,5193_20251231,1,1,0.07597951327973884,0.07839576385006394,<1bn
27532,N,234.0,20251231,34440,43860,34440,FIRST NB OF MCINTOSH,20442,7020,20208,7883,5196,15075,0.0,5196_20251231,1,1,0.22889082462253194,0.8156504065040651,<1bn
94674,NM,20062.0,20251231,107938,125323,107938,COMMUNITY FIRST BANK,36678,14926,2085,9836,5197,67249,0.0,5197_20251231,1,1,0.09112638737052753,0.1104430321110267,<1bn
221093,N,18185.0,20251231,253773,283873,253773,FIRST NB OF MILACA,73860,32992,53312,18455,5198,181553,0.0,5198_20251231,1,1,0.07272247244584727,0.28279998266167006,<1bn
85948,N,5454.0,20251231,116498,138762,116498,FIRST NB OF MOOSE LAKE,24393,30765,0,5932,5214,96678,8862.0,5214_20251231,1,1,0.05091932908719463,0.05091932908719463,<1bn
382942,SM,46783.0,20251231,446661,542152,446661,COMMUNITY RESOURCE BANK,105880,65524,8600,6088,5219,399552,4039.0,5219_20251231,1,1,0.013630023664479326,0.032883999274617666,<1bn
67619,N,2746.0,20251231,77906,95122,77906,FIRST NB OF OSAKIS,11047,10399,491,1428,5221,77096,0.0,5221_20251231,1,1,0.018329782045028623,0.024632249120735247,<1bn
244139,N,5802.0,20251231,326484,374887,326484,CITIZENS NB OF PARK RAPIDS,56872,83113,44301,9667,5223,297413,0.0,5223_20251231,1,1,0.029609414243883313,0.16530059666017324,<1bn
287450,NM,9677.0,20251231,352680,422662,352680,FORESIGHT BANK,64055,66229,5004,9079,5229,336782,13153.0,5229_20251231,1,1,0.025742883066802766,0.03993138255642509,<1bn
29191,N,8936.0,20251231,31632,34521,31632,FIRST NB OF PROCTOR,11171,2469,0,6399,5232,13804,0.0,5232_20251231,1,1,0.20229514415781488,0.20229514415781488,<1bn
314094,N,28773.0,20251231,386404,451141,386404,FIRST NB MINNESOTA,76807,73571,28581,12096,5247,334140,0.0,5247_20251231,1,1,0.0313040237678699,0.10527064937215971,<1bn
189024,N,3846.0,20251231,243645,291465,243645,MINNESOTA NATIONAL BANK,42857,55240,1739,10198,5249,223365,10022.0,5249_20251231,1,1,0.04185597898581953,0.048993412546943296,<1bn
124107,NM,37069.0,20251231,165229,193139,165229,FIRST SECURITY BK SLEEPY EYE,92801,41492,42167,45787,5252,47803,0.0,5252_20251231,1,1,0.27711237131496286,0.5323157557087437,<1bn
617296,N,11108.0,20251231,745625,845498,745625,FIRST NATIONAL BANK NORTH,70704,130680,40109,149484,5269,606778,0.0,5269_20251231,1,1,0.20048147527242247,0.2542739312657167,<1bn
145279,N,16415.0,20251231,180471,199472,180471,KEEN BANK NATIONAL ASSN,23802,35840,0,19430,5270,144892,0.0,5270_20251231,1,1,0.10766272697552515,0.10766272697552515,<1bn
42916,NM,6713.0,20251231,48386,58840,48386,FIRST FINL BK IN WINNEBAGO,20242,5575,0,1260,5278,34969,0.0,5278_20251231,1,1,0.026040590253379077,0.026040590253379077,<1bn
454253,N,71069.0,20251231,515491,584998,515491,WNB FINANCIAL N A,130887,61798,11366,65487,5280,347904,0.0,5280_20251231,1,1,0.12703810541794133,0.1490869869697046,<1bn
153258,NM,56488.0,20251231,197768,218987,197768,AMERICAN BANK OF BEAVER DAM,74948,44959,0,59610,5283,74361,0.0,5283_20251231,1,1,0.3014137777597994,0.3014137777597994,<1bn
1126252,N,69326.0,20251231,1386469,1591626,1386469,FIRST NATIONAL BANK&TRUST CO,333856,260527,84936,169113,5285,987951,0.0,5285_20251231,1,1,0.1219738775262916,0.18323453319187086,1-10bn
455145,NM,46695.0,20251231,605349,744830,605349,FORTIFI BANK,75336,196004,4082,81363,5286,559251,43988.0,5286_20251231,1,1,0.13440676370160023,0.14114998125048525,<1bn
360845,NM,49406.0,20251231,452789,579979,452789,PREMIERBANK,144775,92370,2421,34615,5295,363156,0.0,5295_20251231,1,1,0.0764484119534706,0.08179527329506679,<1bn
24051100,N,7111802.0,20251231,35635550,45145405,35635550,ASSOCIATED BANK NA,9011142,17047967,996,1718821,5296,30858045,5187395.0,5296_20251231,1,1,0.04823332318429209,0.048261272802019334,10-100bn
326076,NM,26371.0,20251231,372546,432193,372546,FORTE BANK,41865,46897,1515,43844,5297,324249,0.0,5297_20251231,1,1,0.11768748020378691,0.12175409211211502,<1bn
2511100,N,70730.0,20251231,3751912,4503074,3751912,BANK FIRST N A,267804,1249021,101331,241255,5304,3566521,15157.0,5304_20251231,1,1,0.06430188128079763,0.09130971088874153,1-10bn
508359,N,125842.0,20251231,589930,693380,589930,STEPHENSON NB&T,138110,82145,0,11779,5306,510753,5000.0,5306_20251231,1,1,0.01996677571915312,0.01996677571915312,<1bn
217681,N,36189.0,20251231,260292,303280,260292,PESHTIGO NATIONAL BANK,90411,43882,0,21673,5317,184477,2284.0,5317_20251231,1,1,0.08326418022835892,0.08326418022835892,<1bn
238579,SM,31451.0,20251231,571220,662605,571220,WOODTRUST BANK,122041,333019,100,135262,5335,393146,0.0,5335_20251231,1,1,0.23679493014950456,0.23696999404782745,<1bn
140810,SM,5940.0,20251231,194970,266853,194970,PILLAR BANK,83762,54256,0,9314,5336,157506,0.0,5336_20251231,1,1,0.04777145201825922,0.04777145201825922,<1bn
178692,N,0.0,20251231,250104,381788,250104,FIRST NB OF BANGOR,29454,71803,0,25496,5337,315144,0.0,5337_20251231,1,1,0.1019415922976042,0.1019415922976042,<1bn
197220,N,27277.0,20251231,287017,319072,287017,FIRST NATIONAL CMTY BANK,63724,90328,0,19706,5357,217487,3956.0,5357_20251231,1,1,0.0686579540584704,0.0686579540584704,<1bn
229250,N,64797.0,20251231,279596,317669,279596,FIRST NB OF RIVER FALLS,121807,50796,0,8456,5364,164789,0.0,5364_20251231,1,1,0.0302436372480293,0.0302436372480293,<1bn
94555,SM,12029.0,20251231,109298,137183,109298,WEST PLAINS BANK,34922,14971,2430,11398,5369,82871,6000.0,5369_20251231,1,1,0.10428370144009955,0.12651649618474264,<1bn
108798,SM,7279.0,20251231,120354,144143,120354,FARMERS&MERCHANTS BK ASHLAND,14459,11754,0,2393,5377,116816,5175.0,5377_20251231,1,1,0.019883011781910032,0.019883011781910032,<1bn
226130,SM,9563.0,20251231,296197,336800,296197,FIRST COMMUNITY BANK,38621,70784,9732,12648,5384,251349,37939.0,5384_20251231,1,1,0.042701310276606445,0.07555782131486814,<1bn
236182,NM,500.0,20251231,340513,411340,340513,WAYPOINT BANK,79916,104693,492,12859,5394,276033,0.0,5394_20251231,1,1,0.03776360961255518,0.03920848836901968,<1bn
212653,NM,8.0,20251231,287908,334436,287908,CITY BANK&TRUST CO,14548,75931,13340,13337,5396,299686,26194.0,5396_20251231,1,1,0.04632382566653236,0.092658071328341,<1bn
77660,NM,2.0,20251231,110394,129548,110394,F&M BANK,31780,32799,25400,33101,5401,59834,0.0,5401_20251231,1,1,0.29984419443085675,0.5299291628168198,<1bn
71414,SM,6680.0,20251231,86491,111151,86491,FIRST B&T OF FULLERTON,23466,15257,1475,6739,5405,72788,5947.0,5405_20251231,1,1,0.07791562127851452,0.09496941878345724,<1bn
43877,NM,137.0,20251231,57827,70587,57827,GENOA COMMUNITY BANK,12898,14065,0,683,5408,51748,0.0,5408_20251231,1,1,0.01181109170456707,0.01181109170456707,<1bn
128480,N,134379.0,20251231,312743,364135,312743,FIRST NB OF GORDON,238813,184841,43909,8099,5410,107639,0.0,5410_20251231,1,1,0.02589666275504168,0.1662962880064462,<1bn
1569594,NM,37416.0,20251231,1888176,2199625,1888176,SECURITY FIRST BANK,278616,322154,58962,405973,5415,1422409,360015.0,5415_20251231,1,1,0.215008028912559,0.24623499080594183,1-10bn
68799,N,0.0,20251231,76292,93322,76292,FIRST NB OF JOHNSON,44881,7668,0,10514,5422,32373,0.0,5422_20251231,1,1,0.13781261469092435,0.13781261469092435,<1bn
208632,SM,9537.0,20251231,283737,321453,283737,SECURITY BANK,61434,75420,0,12316,5424,220676,15000.0,5424_20251231,1,1,0.04340639394932631,0.04340639394932631,<1bn
114924,NM,191.0,20251231,131843,148740,131843,LEGENDS WEST BANK,1829,17289,887,12406,5425,117916,13672.0,5425_20251231,1,1,0.09409676660876952,0.10082446546270943,<1bn
287211,SM,0.0,20251231,333563,480723,333563,FIRST NORTHEAST BANK OF NE,267533,46972,9180,5861,5432,194170,26360.0,5432_20251231,1,1,0.017570893654272206,0.04509193165908689,<1bn
385419,SM,43245.0,20251231,497196,594966,497196,MNB BANK,151034,112722,19801,10850,5434,384798,0.0,5434_20251231,1,1,0.02182237990651574,0.061647720416093454,<1bn
61345,SM,7742.0,20251231,69219,93573,69219,FIRST BANK&TRUST CO,41399,8015,13413,1383,5438,48241,0.0,5438_20251231,1,1,0.01998006327742383,0.21375633857755819,<1bn
113391,NM,3590.0,20251231,142225,190027,142225,MINDEN EXCHANGE B&T CO,68568,28978,24827,6131,5439,106450,0.0,5439_20251231,1,1,0.043107751801722625,0.21766918614870803,<1bn
520147,SM,11834.0,20251231,662203,783088,662203,PLATTE VALLEY BANK,62710,145521,5328,39123,5442,650931,36413.0,5442_20251231,1,1,0.05908007061278792,0.06712594174293986,<1bn
18580858,N,4440938.0,20251231,28157587,34573634,28157587,FIRST NATIONAL BANK OF OMAHA,5940389,9700615,597823,1936800,5452,23875276,1598182.0,5452_20251231,1,1,0.06878430314358969,0.09001563237645328,10-100bn
114257,N,0.0,20251231,141588,159751,141588,FIRST NATIONAL BANK IN ORD,47362,27412,31936,28858,5460,80749,0.0,5460_20251231,1,1,0.20381670763059015,0.42937254569596295,<1bn
181786,NM,36837.0,20251231,194541,251714,194541,CITIZENS BANK&TRUST CO,72086,12961,0,6233,5469,157185,20917.0,5469_20251231,1,1,0.032039518661875904,0.032039518661875904,<1bn
281172,NM,26759.0,20251231,344192,425698,344192,CATTLE BANK&TRUST,78629,63814,2700,6760,5472,320943,0.0,5472_20251231,1,1,0.01964020081814801,0.02748465972480476,<1bn
294843,SM,47124.0,20251231,348866,419432,348866,JONES BANK,148323,54796,20,5811,5473,249455,0.0,5473_20251231,1,1,0.016656825256688816,0.016714153858501547,<1bn
45465,SM,0.0,20251231,55339,61393,55339,STANTON STATE BANK,16007,9983,12405,5615,5478,37513,0.0,5478_20251231,1,1,0.10146551256799002,0.3256293030231844,<1bn
274743,SM,16343.0,20251231,348624,475765,348624,FIRSTBANK OF NEBRASKA,225306,75051,0,6044,5486,227214,46651.0,5486_20251231,1,1,0.017336729542429666,0.017336729542429666,<1bn
147048,NM,15527.0,20251231,203416,249971,203416,STATE NEBRASKA BANK&TRUST,65789,56753,739,4687,5490,164634,8012.0,5490_20251231,1,1,0.023041451999842685,0.02667440122704212,<1bn
459527,SM,31587.0,20251231,578504,640452,578504,CITIZENS STATE BANK,116722,120201,249,3517,5495,491797,60281.0,5495_20251231,1,1,0.006079473953507668,0.0065098944864685464,<1bn
1715783,SM,282.0,20251231,2438827,2760622,2438827,CORNERSTONE BANK,478162,729009,0,118327,5496,2067199,363831.0,5496_20251231,1,1,0.04851799656146172,0.04851799656146172,1-10bn
21193516,SM,8719516.0,20251231,43333423,53127804,43333423,FROST BANK,19359347,22286545,2456517,8874951,5510,21610318,0.0,5510_20251231,1,1,0.20480613774729958,0.2614948742913755,10-100bn
55385,N,6490.0,20251231,71639,81449,71639,CITY NB OF SAN SABA,53774,16268,0,3813,5518,8178,0.0,5518_20251231,1,1,0.05322519856502743,0.05322519856502743,<1bn
456324,N,35013.0,20251231,622092,683680,622092,FIRST NB OF SONORA,83235,166266,0,73681,5531,460264,0.0,5531_20251231,1,1,0.1184406807996245,0.1184406807996245,<1bn
174760,N,127926.0,20251231,373703,436370,373703,FIRST NB OF STANTON,264944,199112,26008,49471,5536,105280,0.0,5536_20251231,1,1,0.13238052678196321,0.20197590064837584,<1bn
119833,N,104823.0,20251231,223882,245322,223882,FIRST NB OF STERLING CITY,179905,104101,28325,20671,5538,40580,0.0,5538_20251231,1,1,0.09232988806603479,0.2188474285561144,<1bn
871620,N,124751.0,20251231,1208220,1351861,1208220,CITY NB OF SULPHUR SPRINGS,263071,338839,46136,95741,5544,919468,10000.0,5544_20251231,1,1,0.07924136332787075,0.1174264620681664,1-10bn
166298,N,13168.0,20251231,210712,239377,210712,CITY NATIONAL BANK OF TAYLOR,44511,45425,15848,41150,5548,148082,0.0,5548_20251231,1,1,0.19529025399597555,0.2705019173089335,<1bn
1630747,N,7269.0,20251231,2012452,2476407,2012452,EXTRACO BANKS NATIONAL ASSN,722344,386263,0,372456,5551,1301528,0.0,5551_20251231,1,1,0.1850757185761449,0.1850757185761449,1-10bn
109082,N,2502.0,20251231,130724,149656,130724,FIRST NB OF TOM BEAN,5226,20078,2514,17313,5557,118005,0.0,5557_20251231,1,1,0.1324393378415593,0.15167069551115328,<1bn
76612,N,20154.0,20251231,90499,97333,90499,FIRST NB OF TRINITY,36930,13980,237,6845,5559,45724,0.0,5559_20251231,1,1,0.0756361948750815,0.07825500834263362,<1bn
128065,N,10818.0,20251231,165963,188590,165963,FIRST NB OF BOSQUE COUNTY,21502,37910,0,24105,5564,135613,0.0,5564_20251231,1,1,0.14524321686158964,0.14524321686158964,<1bn
327186,NM,22080.0,20251231,424483,487454,424483,HERRING BANK,56968,97551,31708,57086,5568,351334,0.0,5568_20251231,1,1,0.1344835953383292,0.20918152199263576,<1bn
182903,N,16218.0,20251231,296586,343198,296586,WAGGONER NB OF VERNON,124160,113874,4562,18926,5569,175216,0.0,5569_20251231,1,1,0.0638128569790887,0.07919456751161552,<1bn
1347792,N,439.0,20251231,1795022,2093733,1795022,CITIZENS NB OF TEXAS,24754,453640,0,151805,5574,1814042,116370.0,5574_20251231,1,1,0.08456999412820568,0.08456999412820568,1-10bn
650485,N,14660.0,20251231,882748,978794,882748,FIRST NB&T CO OF WEATHERFORD,146407,232799,15230,211536,5575,549090,0.0,5575_20251231,1,1,0.2396335080906442,0.256886450040102,<1bn
114960,NM,40183.0,20251231,137739,148449,137739,FANNIN BANK,61146,22973,0,2120,5589,77064,1000.0,5589_20251231,1,1,0.015391428716630729,0.015391428716630729,<1bn
102654,N,1376.0,20251231,120204,155841,120204,FIRST NB OF WINNSBORO,30291,17840,0,20743,5590,90657,0.0,5590_20251231,1,1,0.17256497287943828,0.17256497287943828,<1bn
248320,N,46547.0,20251231,349974,384305,349974,YOAKUM NATIONAL BANK,91618,102101,0,44029,5595,220193,0.0,5595_20251231,1,1,0.12580648848200152,0.12580648848200152,<1bn
620406,NM,185842.0,20251231,1413554,1622811,1413554,TROY BANK&TRUST CO,423041,794947,10012,94932,5598,1018193,0.0,5598_20251231,1,1,0.06715838234690716,0.07424123874998761,1-10bn
147319,NM,8662.0,20251231,204709,216417,204709,UNION STATE BANK,68959,57625,0,31208,5602,84120,0.0,5602_20251231,1,1,0.15245055175883815,0.15245055175883815,<1bn
32304,NM,964.0,20251231,37710,46913,37710,BANK OF BREWTON,22838,5447,0,1636,5605,18009,0.0,5605_20251231,1,1,0.043383717846725005,0.043383717846725005,<1bn
751084,SM,12730.0,20251231,1260406,1527555,1260406,CHAMBERS BANK,50990,512081,0,21069,5615,1118049,41103.0,5615_20251231,1,1,0.016716042291134763,0.016716042291134763,1-10bn
63954,NM,139.0,20251231,71856,81136,71856,COMMUNITY STATE BANK,401,8034,262,5615,5619,71886,0.0,5619_20251231,1,1,0.07814239590291694,0.08178857715430862,<1bn
150185,NM,5486.0,20251231,205589,251376,205589,SMACKOVER STATE BANK,70358,56161,466,3692,5623,171915,1656.0,5623_20251231,1,1,0.01795815924003716,0.020224817475643152,<1bn
157966,NM,6246.0,20251231,219860,245139,219860,BODCAW BANK,19048,62254,0,5570,5624,211845,3006.0,5624_20251231,1,1,0.025334303647775856,0.025334303647775856,<1bn
67943,NM,3759.0,20251231,96868,116176,96868,LOGAN COUNTY BANK,31872,28984,0,2247,5632,71081,0.0,5632_20251231,1,1,0.023196514844943634,0.023196514844943634,<1bn
3734260,SM,982413.0,20251231,6564353,8360743,6564353,FIRST SECURITY BANK,3263328,2833605,0,386517,5633,4388829,0.0,5633_20251231,1,1,0.05888120276286178,0.05888120276286178,1-10bn
83644,SM,12410.0,20251231,108095,123670,108095,CONNECT BANK,28757,24095,0,9974,5634,78280,0.0,5634_20251231,1,1,0.09227068782089828,0.09227068782089828,<1bn
357193,SM,1437.0,20251231,474827,614162,474827,CS BANK,36084,118553,0,40076,5635,494534,1.0,5635_20251231,1,1,0.084401266145354,0.084401266145354,<1bn
940547,NM,293917.0,20251231,1372745,1447209,1372745,CITIZENS BANK&TRUST,482793,432405,46206,69484,5673,848866,14169.0,5673_20251231,1,1,0.05061682978266175,0.08427639510615591,1-10bn
666037,NM,223111.0,20251231,1036228,1070872,1036228,BRANNEN BANK,335268,370669,69807,211053,5676,515010,0.0,5676_20251231,1,1,0.20367428789803016,0.2710407362086336,1-10bn
446233,NM,63186.0,20251231,545463,623400,545463,SOUTHEASTERN BANK,109465,99504,0,71274,5685,406470,0.0,5685_20251231,1,1,0.13066697466189275,0.13066697466189275,<1bn
64328,NM,12993.0,20251231,79760,84692,79760,BANK OF EDISON,26676,15500,0,8809,5686,47011,0.0,5686_20251231,1,1,0.11044383149448345,0.11044383149448345,<1bn
740197,NM,70687.0,20251231,1261007,1467071,1261007,PRIMESOUTH BANK,124292,522668,4049,108488,5694,1196691,72220.0,5694_20251231,1,1,0.08603282931815605,0.08924375518930505,1-10bn
68876,NM,4541.0,20251231,88649,98163,88649,BANK OF WRIGHTSVILLE,25961,20254,0,20504,5699,48196,0.0,5699_20251231,1,1,0.2312942052363817,0.2312942052363817,<1bn
233792,NM,16067.0,20251231,282638,313019,282638,BANK OF NEWINGTON,25009,49433,0,27938,5704,243910,35000.0,5704_20251231,1,1,0.09884728875805801,0.09884728875805801,<1bn
98032,NM,25844.0,20251231,168590,183560,168590,FARMERS BANK,68565,70671,27789,18173,5709,93422,32500.0,5709_20251231,1,1,0.10779405658698618,0.2726258971469245,<1bn
530716,NM,80996.0,20251231,672905,763418,672905,FARMERS&MERCHANTS BANK,104464,143969,0,39606,5716,594713,0.0,5716_20251231,1,1,0.05885823407464649,0.05885823407464649,<1bn
103447,NM,18868.0,20251231,122851,149395,122851,PHILO EXCHANGE BANK,37706,19606,7658,12505,5722,90841,0.0,5722_20251231,1,1,0.10178997321959121,0.16412564814287225,<1bn
63935,NM,5.0,20251231,73839,87627,73839,STATE BANK OF ST JACOB,11236,10006,2434,4454,5730,40937,0.0,5730_20251231,1,1,0.06032042687468682,0.09328403689107383,<1bn
1719404,N,347647.0,20251231,2075758,2503451,2075758,STATE BANK OF THE LAKES NA,409899,358463,0,55108,5744,1861011,253188.0,5744_20251231,1,1,0.026548374136098715,0.026548374136098715,1-10bn
1136908,NM,218981.0,20251231,1430500,1662075,1430500,FORESIGHT BANK,432229,295988,478,27099,5749,1126129,12000.0,5749_20251231,1,1,0.01894372596994058,0.019277874868926948,1-10bn
127073,NM,17887.0,20251231,165058,198618,165058,FIDELITY BANK,37423,38938,999,4376,5753,143091,22012.0,5753_20251231,1,1,0.026511892789201373,0.03256431072713834,<1bn
459485,NM,77902.0,20251231,605805,675926,605805,FOUNTAIN TRUST CO,207463,147381,44931,67712,5768,365993,0.0,5768_20251231,1,1,0.11177193981561724,0.18593936992926766,<1bn
146565,NM,81439.0,20251231,295363,319192,295363,PEOPLES BANK,145049,149000,2052,24205,5779,137631,0.0,5779_20251231,1,1,0.0819500072791785,0.08889739066843173,<1bn
93606,NM,20987.0,20251231,111981,130893,111981,SPENCER COUNTY BANK,30579,18716,0,12893,5786,78959,0.0,5786_20251231,1,1,0.1151356033612845,0.1151356033612845,<1bn
85949,NM,8923.0,20251231,112787,148711,112787,FIRST STATE BANK,56638,27077,24102,18587,5791,65721,0.0,5791_20251231,1,1,0.16479736139803347,0.37849220211549206,<1bn
58516,NM,0.0,20251231,79109,99970,79109,BREDA SAVINGS BANK,33203,20858,0,848,5792,59930,2066.0,5792_20251231,1,1,0.01071938717465775,0.01071938717465775,<1bn
279871,NM,25345.0,20251231,341439,377778,341439,EARLHAM SAVINGS BANK,52706,61981,21900,90220,5796,224724,0.0,5796_20251231,1,1,0.2642346070601191,0.32837490737730607,<1bn
159927,NM,3554.0,20251231,182532,220683,182532,FARMERS STATE BANK,47043,22942,0,6549,5797,157676,0.0,5797_20251231,1,1,0.03587864045756361,0.03587864045756361,<1bn
352413,N,0.0,20251231,456385,554123,456385,AMERICAN BANK NATIONAL ASSN,5757,105876,0,28781,5800,495406,14563.0,5800_20251231,1,1,0.0630629841033338,0.0630629841033338,<1bn
96134,NM,316.0,20251231,139553,163402,139553,AUDUBON STATE BANK,14652,43892,14336,10416,5814,128889,1399.0,5814_20251231,1,1,0.07463830945948852,0.1773663052746985,<1bn
263489,NM,3289.0,20251231,324299,401451,324299,HARDIN COUNTY SAVINGS BANK,126803,61588,0,3708,5817,251465,89249.0,5817_20251231,1,1,0.011433892796462524,0.011433892796462524,<1bn
38909,NM,0.0,20251231,50331,60842,50331,STATE CENTRAL BANK,18856,11491,0,5462,5820,32395,0.0,5820_20251231,1,1,0.10852158709344142,0.10852158709344142,<1bn
215974,NM,20528.0,20251231,295350,378401,295350,FIRST STATE BANK,74016,79980,12353,8813,5821,278815,9240.0,5821_20251231,1,1,0.02983917386152023,0.0716641273065854,<1bn
905811,N,116562.0,20251231,1395105,1601852,1395105,LANDMARK NATIONAL BANK,349355,490899,50592,22443,5826,1103534,98032.0,5826_20251231,1,1,0.016086961196469084,0.05235089831948133,1-10bn
66932,NM,0.0,20251231,79003,104744,79003,CITIZENS STATE BANK&TRUST CO,23678,12167,23678,14842,5830,64024,0.0,5830_20251231,1,1,0.18786628355885218,0.487576421148564,<1bn
335267,NM,123488.0,20251231,436039,519514,436039,FIRST STATE BANK,183195,102051,0,8563,5835,307832,25825.0,5835_20251231,1,1,0.019638151633225468,0.019638151633225468,<1bn
45789,NM,6722.0,20251231,61489,68215,61489,FARMERS STATE BANK,29090,15759,0,3260,5838,28069,0.0,5838_20251231,1,1,0.053017612906373496,0.053017612906373496,<1bn
88318,NM,17154.0,20251231,109507,119977,109507,PEOPLES BANK MT WASHINGTON,25303,21375,0,9787,5847,80164,0.0,5847_20251231,1,1,0.08937328207329212,0.08937328207329212,<1bn
1393042,NM,156815.0,20251231,1789533,2090375,1789533,SOUTH CENTRAL BANK INC,255744,398088,40660,106122,5854,1654900,0.0,5854_20251231,1,1,0.05930150491776346,0.08202251648893874,1-10bn
505620,NM,55239.0,20251231,592567,667847,592567,BANK OF OCEAN CITY,124225,87311,8994,27942,5867,492609,0.0,5867_20251231,1,1,0.0471541614703485,0.062332191971540774,<1bn
318097,NM,61123.0,20251231,417906,455586,417906,WOODSBORO BANK,90506,99951,0,21342,5873,325132,0.0,5873_20251231,1,1,0.05106890066187133,0.05106890066187133,<1bn
759088,NM,108929.0,20251231,854126,986161,854126,CALVIN B TAYLOR BK BERLIN MD,211990,95713,9936,66711,5874,656365,0.0,5874_20251231,1,1,0.07810440145833285,0.08973734554386589,<1bn
398032,NM,55400.0,20251231,468296,552600,468296,FARMERS BANK OF WILLARDS,99281,70765,9648,32334,5885,385970,21117.0,5885_20251231,1,1,0.06904607342364658,0.08964842749030527,<1bn
88712,NM,9371.0,20251231,106677,119879,106677,KALAMAZOO COUNTY STATE BANK,47654,18063,0,10388,5892,55596,0.0,5892_20251231,1,1,0.09737806649980783,0.09737806649980783,<1bn
253774,SM,2769.0,20251231,309881,346115,309881,BANKOKOLONA,64094,56665,6978,28767,5902,237262,2127.0,5902_20251231,1,1,0.09283240986055938,0.11535073140979925,<1bn
5259152,NM,334693.0,20251231,7008555,8074068,7008555,BANKPLUS,1058045,1487676,178183,348249,5903,6230178,351376.0,5903_20251231,1,1,0.04968912992763844,0.07511277288970408,1-10bn
314685,NM,21672.0,20251231,450091,529339,450091,FIRST BANK,110866,136062,42940,24942,5907,365157,0.0,5907_20251231,1,1,0.055415460429113224,0.1508183900588992,<1bn
1160947,NM,217604.0,20251231,1510677,1701359,1510677,PEOPLES BANK,377363,358495,7609,58105,5956,1195398,0.0,5956_20251231,1,1,0.038462887831085,0.04349970245128509,1-10bn
320377,NM,153549.0,20251231,1352944,1585129,1352944,SUTTON BANK,343750,1032661,0,691036,5962,431253,372998.0,5962_20251231,1,1,0.510764673186769,0.510764673186769,1-10bn
2390690,NM,143382.0,20251231,2735120,3426287,2735120,FARMERS&MERCHANTS STATE BANK,417891,349421,89533,96896,5969,2689924,29149.0,5969_20251231,1,1,0.03542659919857264,0.0681611775717336,1-10bn
489466,NM,27973.0,20251231,611389,690622,611389,COMMUNITY BANK,99862,124807,15077,21305,5981,461229,0.0,5981_20251231,1,1,0.034846881445364575,0.05950712230674742,<1bn
400249,NM,14000.0,20251231,575362,645334,575362,PRISM BANK,36713,176588,11954,50065,5994,545196,126407.0,5994_20251231,1,1,0.0870147837361522,0.10779126880120689,<1bn
17507,SM,8096.0,20251231,19265,25659,19265,FIRST STATE BANK IN TEMPLE,11924,1855,0,521,5999,12026,0.0,5999_20251231,1,1,0.027043861925772125,0.027043861925772125,<1bn
131953,SM,175.0,20251231,141340,208161,141340,APOLLO TRUST CO,10640,9546,0,3094,6051,180907,0.0,6051_20251231,1,1,0.021890476864298854,0.021890476864298854,<1bn
1007274,N,184550.0,20251231,1298461,1505634,1298461,CORTRUST BANK NATIONAL ASSN,380300,292849,64623,23035,6063,997588,39022.0,6063_20251231,1,1,0.01774023247521489,0.06750915121824991,1-10bn
24351,NM,10977.0,20251231,47207,54189,47207,BRYANT STATE BANK,17982,23019,1769,3968,6064,31165,0.0,6064_20251231,1,1,0.08405533077721525,0.12152858686211791,<1bn
212938,NM,17465.0,20251231,234383,356547,234383,ONE AMERICAN BANK,21198,22220,3014,42591,6078,272278,1045.0,6078_20251231,1,1,0.18171539744776713,0.19457469185051818,<1bn
29437,NM,6715.0,20251231,32692,38800,32692,FARMERS STATE BANK OF TURTON,12597,3583,4742,6173,6084,18316,0.0,6084_20251231,1,1,0.18882295362779886,0.3338737305762878,<1bn
1371101,SM,323556.0,20251231,3462247,4154885,3462247,FIRST PREMIER BANK,456503,2098204,0,1414689,6085,2106427,561483.0,6085_20251231,1,1,0.4086042965738724,0.4086042965738724,1-10bn
185792,NM,37537.0,20251231,217046,240454,217046,UNION BANK,111266,32179,6996,13520,6088,94656,0.0,6088_20251231,1,1,0.06229094293375598,0.0945237415110161,<1bn
491365,NM,58717.0,20251231,706291,772155,706291,MACON BANK&TRUST CO,211531,215843,1966,9826,6091,475944,0.0,6091_20251231,1,1,0.013912112712748712,0.01669566793290584,<1bn
129106,NM,20787.0,20251231,154340,163462,154340,LINEAGE BANK,32244,25666,0,19643,6100,106756,53378.0,6100_20251231,1,1,0.12727096021770118,0.12727096021770118,<1bn
243100,SM,8399.0,20251231,286185,317177,286185,DECATUR COUNTY BANK,30709,43772,0,8783,6101,257846,15719.0,6101_20251231,1,1,0.030689938326606915,0.030689938326606915,<1bn
91660,NM,751.0,20251231,98773,110665,98773,PEOPLES BANK,23846,7697,0,3079,6110,70257,0.0,6110_20251231,1,1,0.03117248640822897,0.03117248640822897,<1bn
1162441,SM,97624.0,20251231,1607753,1887698,1607753,BANK OF CLARKE,119543,446185,10001,117926,6123,1462543,104807.0,6123_20251231,1,1,0.07334833149121786,0.07956881436389794,1-10bn
733756,NM,14454.0,20251231,825470,925507,825470,BANK OF BOTETOURT,79144,94198,0,55148,6137,752105,5605.0,6137_20251231,1,1,0.06680800029074345,0.06680800029074345,<1bn
38275,NM,0.0,20251231,44392,50097,44392,FARMERS STATE BANK,20937,6117,20937,25163,6156,3577,0.0,6156_20251231,1,1,0.5668363669129572,1.0384754009731483,<1bn
1415831,NM,5406.0,20251231,2132934,2464280,2132934,PEOPLES BANK,119188,718736,18755,305294,6158,1946307,0.0,6158_20251231,1,1,0.14313335527494053,0.15192640747439912,1-10bn
1133101,NM,248553.0,20251231,1434949,1653440,1434949,KITSAP BANK,541864,303110,37868,77121,6161,888078,0.0,6161_20251231,1,1,0.05374476723562998,0.080134555304753,1-10bn
599032,NM,13461.0,20251231,699359,814284,699359,PENDLETON COMMUNITY BANK INC,82606,100930,6748,10544,6176,676220,1.0,6176_20251231,1,1,0.015076663058600804,0.024725498635178787,<1bn
185931,SM,25776.0,20251231,222677,252222,222677,BANK OF MONROE,68677,37110,1473,16762,6180,151516,0.0,6180_20251231,1,1,0.07527494981520319,0.08188991229448933,<1bn
197282,NM,10062.0,20251231,244876,309367,244876,CITIZENS STATE BANK OF LOYAL,94692,47704,1901,19674,6186,176761,5009.0,6186_20251231,1,1,0.08034270406246427,0.088105816821575,<1bn
294773,NM,13020.0,20251231,400823,477749,400823,CITIZENS STATE BANK,47078,107477,2418,19004,6194,400085,14321.0,6194_20251231,1,1,0.0474124488864162,0.053445036836708475,<1bn
260773,NM,902.0,20251231,317972,353458,317972,STERLING BANK,85795,58131,6657,10271,6195,251753,1.0,6195_20251231,1,1,0.03230158630319651,0.05323739197162014,<1bn
34818,NM,0.0,20251231,42236,48221,42236,HIGHLAND STATE BANK,13083,7517,1750,14636,6198,18370,0.0,6198_20251231,1,1,0.3465290273700161,0.3879628752722796,<1bn
810681,N,108578.0,20251231,1072030,1286848,1072030,COMMUNITY NATIONAL BANK,144041,261707,11336,128549,6271,955345,30510.0,6271_20251231,1,1,0.11991175620085259,0.13048608714308368,1-10bn
453587,N,106507.0,20251231,505608,556957,505608,NATIONAL BANK OF MIDDLEBURY,154093,52168,0,13162,6275,350311,10002.0,6275_20251231,1,1,0.026032024809734024,0.026032024809734024,<1bn
72688,N,0.0,20251231,76909,87627,76909,FIRST NB OF ORWELL,0,4224,0,11733,6280,72572,0.0,6280_20251231,1,1,0.1525569179159786,0.1525569179159786,<1bn
413389,N,99823.0,20251231,596810,666840,596810,FIRST HOPE BK A NATL BK ASSN,142452,209407,0,57110,6354,430342,1.0,6354_20251231,1,1,0.09569209631205912,0.09569209631205912,<1bn
244204718,N,78126056.0,20251231,449994633,568338163,450665135,PNC BANK NATIONAL ASSN,138976086,209303182,47687725,39677744,6384,329027570,5087082.0,6384_20251231,1,1,0.08817381606415738,0.1941478022027876,>=100bn
1278337,SM,161997.0,20251231,2410976,2811720,2410976,AMBOY BANK,526894,1139542,30083,187295,6423,1903100,0.0,6423_20251231,1,1,0.077684307102186,0.09016182657977516,1-10bn
160838,N,15262.0,20251231,177546,197088,177546,FIRST NB OF ABSECON,40361,67768,0,23172,6442,124993,0.0,6442_20251231,1,1,0.13051265587509717,0.13051265587509717,<1bn
274571,N,3863.0,20251231,367964,409411,367964,FIRST NATIONAL BANK OF ELMER,23223,93645,5929,46422,6464,323107,5049.0,6464_20251231,1,1,0.1261590807796415,0.1422720700938135,<1bn
196463,N,48014.0,20251231,278314,309256,278314,FIRST NB OF BELLEVUE,93187,82095,0,6111,6528,171405,12025.0,6528_20251231,1,1,0.021957213794491115,0.021957213794491115,<1bn
57279,N,2982.0,20251231,70233,78712,70233,FIRST NB OF BLANCHESTER,17984,12986,10966,6924,6530,49437,0.0,6530_20251231,1,1,0.09858613472299346,0.25472356299745136,<1bn
463014,N,113443.0,20251231,794304,1076098,794304,CITIZENS NB OF BLUFFTON,174912,332145,0,19179,6531,855858,16963.0,6531_20251231,1,1,0.024145667150108775,0.024145667150108775,1-10bn
2885550,N,731421.0,20251231,4373220,5230209,4373220,FARMERS NB OF CANFIELD,1339666,1492349,55275,87578,6540,3269418,0.0,6540_20251231,1,1,0.020025976282921965,0.03266540443883454,1-10bn
5777523,SM,1095048.0,20251231,7750473,9637101,7750473,PEOPLES BANK,1913452,2014676,0,183326,6544,6683899,417056.0,6544_20251231,1,1,0.023653524113947628,0.023653524113947628,1-10bn
260267041,N,112533015.0,20251231,527512112,676125227,533475213,U S BANK NATIONAL ASSN,166357745,275368753,24022946,46282835,6548,386268399,36982634.0,6548_20251231,1,1,0.08773795700069158,0.13327804120637898,>=100bn
124403933,N,29672665.0,20251231,180595114,224047234,180595114,HUNTINGTON NATIONAL BANK,41402651,56917690,6984312,15332334,6560,148398763,8702285.0,6560_20251231,1,1,0.08489894139660943,0.12357281160995308,>=100bn
199373,N,29652.0,20251231,253046,272994,253046,FIRST NB OF DENNISON,84624,53773,0,19739,6574,152171,0.0,6574_20251231,1,1,0.07800558001312015,0.07800558001312015,<1bn
43176,N,1313.0,20251231,50348,55476,50348,COMMUNITY FIRST BANK NA,13859,7193,10760,8753,6584,31537,0.0,6584_20251231,1,1,0.17385000397235242,0.38756256455072696,<1bn
68433,N,11139.0,20251231,82891,93682,82891,FIRST NB OF GERMANTOWN,27209,14520,4496,7377,6592,55801,0.0,6592_20251231,1,1,0.08899639285326513,0.14323629827122367,<1bn
10106953,SM,2673711.0,20251231,16764129,20985843,16764129,FIRST FINANCIAL BANK,4041699,7446126,95,771455,6600,13254535,1422746.0,6600_20251231,1,1,0.04601819754548536,0.04602386440715172,10-100bn
858631,N,5911.0,20251231,1131307,1320880,1131307,MERCHANTS NATIONAL BANK,173745,274048,4898,122606,6605,961416,0.0,6605_20251231,1,1,0.10837553378525899,0.11270503939249028,1-10bn
357376,N,70460.0,20251231,529835,578822,529835,KINGSTON NATIONAL BANK,108898,172802,0,13243,6616,415786,0.0,6616_20251231,1,1,0.024994573782403957,0.024994573782403957,<1bn
1539314,N,59795.0,20251231,1842258,2236740,1842258,LCNB NATIONAL BANK,250045,304058,50458,19781,6623,1693545,0.0,6623_20251231,1,1,0.01073736686175335,0.038126581618861205,1-10bn
951492,N,214173.0,20251231,1354745,1540805,1354745,VINTON COUNTY NATIONAL BANK,317849,404314,9999,89991,6636,1081960,1.0,6636_20251231,1,1,0.06642652307260775,0.07380724785845307,1-10bn
135602,N,4760.0,20251231,179765,202829,179765,FIRST NB OF MCCONNELSVILLE,55760,44282,48573,23493,6637,109116,0.0,6637_20251231,1,1,0.13068728617917838,0.40089005089978585,<1bn
68420,N,13169.0,20251231,88106,109107,88106,CITIZENS NB MCCONNELSVILLE,20588,19724,7080,7502,6638,75494,1500.0,6638_20251231,1,1,0.08514743604294826,0.1655051869339205,<1bn
176003,N,795.0,20251231,232607,265411,232607,1ST NATIONAL BANK,28372,57076,0,14788,6646,182657,10005.0,6646_20251231,1,1,0.06357504288349018,0.06357504288349018,<1bn
6725474,N,399964.0,20251231,8344022,9742967,8344022,PARK NATIONAL BANK,689602,1622623,0,232716,6653,7958154,393307.0,6653_20251231,1,1,0.02789014698187517,0.02789014698187517,1-10bn
201695,NM,13238.0,20251231,255327,279867,255327,PEOPLES STATE BANK,45118,53981,13561,9558,6659,208235,10000.0,6659_20251231,1,1,0.037434348893771514,0.09054663235772167,<1bn
244819,NM,0.0,20251231,307156,343601,307156,RIVERHILLS BANK,36544,62465,0,22245,6662,268572,58677.0,6662_20251231,1,1,0.0724224823868002,0.0724224823868002,<1bn
216310,N,17040.0,20251231,265857,288700,265857,FIRST NB OF PANDORA,55549,49817,6914,21387,6671,190198,0.0,6671_20251231,1,1,0.08044550265744366,0.10645196477805738,<1bn
101932000,N,36091000.0,20251231,175060000,213730000,175203000,FIFTH THIRD BANK NA,46877000,78040000,4013000,22327000,6672,121131000,2035000.0,6672_20251231,1,1,0.1275391294413344,0.15046269850337027,>=100bn
58471,N,7213.0,20251231,78712,89914,78712,HOME NATIONAL BANK,21275,20275,1474,1938,6680,55336,0.0,6680_20251231,1,1,0.02462140461429007,0.04334790120947251,<1bn
227333,NM,5562.0,20251231,257775,286742,257775,SOMERVILLE BANK,59586,31043,0,6239,6700,204450,0.0,6700_20251231,1,1,0.02420327805256522,0.02420327805256522,<1bn
156032,N,18415.0,20251231,202707,233026,202707,FIRST NB OF SYCAMORE,70325,46811,0,7520,6706,143234,0.0,6706_20251231,1,1,0.037097880191606605,0.037097880191606605,<1bn
122787,N,1267.0,20251231,172939,196173,172939,FIRST NB OF WAVERLY,74059,50233,0,8107,6725,93027,5000.0,6725_20251231,1,1,0.04687780084307183,0.04687780084307183,<1bn
81268,N,0.0,20251231,96424,109074,96424,NATIONAL BK ADAMS CNTY W UNI,38972,15472,38209,10679,6728,54921,0.0,6728_20251231,1,1,0.11075043557620509,0.5070107027296109,<1bn
104522,N,15825.0,20251231,137148,155166,137148,CITIZENS NB OF WOODSFIELD,65191,32688,11900,22553,6732,62814,0.0,6732_20251231,1,1,0.1644427917286435,0.25121037127774376,<1bn
523447,NM,18325.0,20251231,620730,704628,620730,CITIZENS BANK OF WEST VA INC,70543,98036,9854,44999,6760,553532,27926.0,6760_20251231,1,1,0.07249367679989689,0.08836853382307928,<1bn
88008,N,0.0,20251231,132335,154554,132335,FAYETTE CNTY NB FAYETTEVILLE,79558,44413,0,930,6762,70238,0.0,6762_20251231,1,1,0.007027619299505044,0.007027619299505044,<1bn
151976,N,12857.0,20251231,173319,199013,173319,MOUNTAIN VALLEY BANK N A,54011,21577,963,18522,6786,121909,0.0,6786_20251231,1,1,0.10686652934761913,0.11242275803576066,<1bn
68837,N,17041.0,20251231,73457,84072,73457,FIRST NB OF PETERSTOWN,28140,4675,0,10081,6787,37814,0.0,6787_20251231,1,1,0.1372367507521407,0.1372367507521407,<1bn
186463,NM,17337.0,20251231,241558,273991,241558,FNB BANK INC,36577,55426,0,8077,6794,205358,17163.0,6794_20251231,1,1,0.03343710413234089,0.03343710413234089,<1bn
111038,NM,4434.0,20251231,140725,156407,140725,FIRST NEIGHBORHOOD BANK,36874,29901,2976,4996,6800,74576,0.0,6800_20251231,1,1,0.03550186534020252,0.056649493693373604,<1bn
249170,NM,35952.0,20251231,295240,362670,295240,MCNB BANK&TRUST CO,76539,46205,1969,11206,6803,249983,25.0,6803_20251231,1,1,0.03795556157702208,0.04462471209863162,<1bn
83029,N,1726.0,20251231,93970,118521,93970,FIRST NB OF WILLIAMSON,21207,11070,3944,20257,6805,74375,3123.0,6805_20251231,1,1,0.2155687985527296,0.25753964031073745,<1bn
746714,N,62362.0,20251231,971327,1062836,971327,FIRST NATIONAL BANK,152452,225889,54435,122511,6811,734128,0.0,6811_20251231,1,1,0.12612745244392465,0.18216934152968053,1-10bn
288049,SM,17226.0,20251231,317224,365660,317224,FARMERS BANK OF APPOMATTOX,86726,29968,0,7269,6813,245921,20000.0,6813_20251231,1,1,0.022914407484931783,0.022914407484931783,<1bn
974612,N,154730.0,20251231,1646795,1821703,1646795,NATIONAL BANK OF BLACKSBURG,654377,673764,0,59250,6821,989418,0.0,6821_20251231,1,1,0.03597897734690717,0.03597897734690717,1-10bn
770869,N,39126.0,20251231,1178186,1293036,1178186,SKYLINE NATIONAL BANK,114177,407848,0,22849,6861,1049532,0.0,6861_20251231,1,1,0.01939337252352345,0.01939337252352345,1-10bn
1143619,SM,353074.0,20251231,1467004,1664048,1467004,CHESAPEAKE BANK,545967,324540,0,34480,6862,989130,153778.0,6862_20251231,1,1,0.02350368506152676,0.02350368506152676,1-10bn
316226,N,4476.0,20251231,464324,517608,464324,POWELL VALLEY NATIONAL BANK,33063,148605,0,67719,6863,393136,971.0,6863_20251231,1,1,0.14584428114850836,0.14584428114850836,<1bn
217089,SM,8028.0,20251231,283317,354220,283317,PIONEER BANK,44051,67102,99,12862,6913,287703,0.0,6913_20251231,1,1,0.045397911173702954,0.04574734308213062,<1bn
1279285,SM,145974.0,20251231,1816064,2038666,1816064,FIRST BANK,320410,538213,47228,160910,6917,1435026,0.0,6917_20251231,1,1,0.08860370559627855,0.11460939702565548,1-10bn
177022,N,18985.0,20251231,263666,287613,263666,CAYUGA LAKE NATIONAL BANK,79538,86721,2921,25912,6954,173295,7958.0,6954_20251231,1,1,0.09827584899076862,0.10935425879711454,<1bn
445886,N,46100.0,20251231,765967,928503,765967,BALLSTON SPA NATIONAL BANK,66562,320914,2962,28146,6959,794470,60384.0,6959_20251231,1,1,0.03674570836602621,0.04061271569140707,<1bn
6426012,SM,1062168.0,20251231,12949436,15332384,12949436,DIME COMMUNITY BANK,1419109,6757748,0,2350667,6976,10662825,199960.0,6976_20251231,1,1,0.18152659312729913,0.18152659312729913,10-100bn
2918519,N,437653.0,20251231,4384014,5315449,4384014,CANANDAIGUA NB&T CO,944846,1473409,6020,334596,6985,3888042,400352.0,6985_20251231,1,1,0.07632183656347813,0.07769500736083416,1-10bn
10165621,N,568965.0,20251231,14553206,17000592,14553206,COMMUNITY BANK NATIONAL ASSN,4328509,4542997,3302419,276478,6989,10861944,0.0,6989_20251231,1,1,0.018997738367752096,0.245918115912054,10-100bn
93926,N,13473.0,20251231,127682,173817,127682,PUTNAM COUNTY NB OF CARMEL,13473,33849,0,40302,6990,115535,0.0,6990_20251231,1,1,0.3156435519493742,0.3156435519493742,<1bn
344166,N,6971.0,20251231,451857,511817,451857,NATIONAL BANK OF COXSACKIE,104699,108248,47271,33006,7018,362675,24850.0,7018_20251231,1,1,0.07304523333709559,0.17766018895358487,<1bn
237379,N,65195.0,20251231,334415,370521,334415,DELAWARE NB OF DELHI,74792,97381,0,17700,7025,260314,0.0,7025_20251231,1,1,0.052928247835772914,0.052928247835772914,<1bn
120362,N,20162.0,20251231,179800,203426,179800,FIRST NB OF DRYDEN,72519,59467,0,21658,7031,98957,0.0,7031_20251231,1,1,0.12045606229143493,0.12045606229143493,<1bn
3084314,N,370786.0,20251231,3939998,4421213,3939998,ARROW BANK NATIONAL ASSN,565959,917600,80563,214184,7074,3418771,300000.0,7074_20251231,1,1,0.05436144891444107,0.07480892122280265,1-10bn
143202,N,46087.0,20251231,173890,202559,173890,FIRST NB OF GROTON,89296,30793,0,3674,7085,105517,0.0,7085_20251231,1,1,0.021128299499683707,0.021128299499683707,<1bn
467181,NM,15063.0,20251231,558357,661805,558357,JEFF BANK,189561,91230,0,72073,7123,357718,0.0,7123_20251231,1,1,0.1290804986773695,0.1290804986773695,<1bn
1251991,N,79072.0,20251231,1887744,2071682,1887744,LYONS NATIONAL BANK,317267,638298,0,128778,7151,1530271,115291.0,7151_20251231,1,1,0.06821793633034988,0.06821793633034988,1-10bn
230488000,N,100517000.0,20251231,831700000,1836436000,1465300000,CITIBANK NATIONAL ASSN,403957000,663017000,124725000,335363000,7213,700763000,67457000.0,7213_20251231,1,1,0.40322592280870506,0.5531898521101358,>=100bn
7909163,N,1733500.0,20251231,13632370,15879824,13632370,NBT BANK NATIONAL ASSN,2636954,5862417,76822,483276,7230,11461222,104420.0,7230_20251231,1,1,0.0354506223055859,0.041085886019819,10-100bn
26129,NM,0.0,20251231,96312,153058,96312,WSB MUNICIPAL BANK,143230,70184,50091,8841,7274,0,0.0,7274_20251231,1,1,0.0917954149015699,0.6118863692997757,<1bn
272176,N,86912.0,20251231,422418,485836,422418,CHAMPLAIN NATIONAL BANK,119468,150770,0,7078,7356,327787,28022.0,7356_20251231,1,1,0.016755914757420377,0.016755914757420377,<1bn
851370,NM,207700.0,20251231,1142016,1529069,1142016,FIRST KEYSTONE CMTY BANK,394226,292853,7536,121249,7404,939013,99286.0,7404_20251231,1,1,0.10617101686841515,0.11276987362698947,1-10bn
7413593,NM,1432388.0,20251231,10343364,12311455,10343364,FIRST COMMONWEALTH BANK,1532950,2936464,0,174476,7468,9653723,0.0,7468_20251231,1,1,0.016868399874547583,0.016868399874547583,10-100bn
1657988,N,266942.0,20251231,1914564,2256965,1914564,EPHRATA NATIONAL BANK,588428,258136,14163,60459,7493,1501447,68042.0,7493_20251231,1,1,0.03157846904047083,0.03897597573128921,1-10bn
1953357,NM,371015.0,20251231,2475524,3211593,2475524,ACNB BANK,531131,522925,0,65338,7506,2335012,59077.0,7506_20251231,1,1,0.026393603940014315,0.026393603940014315,1-10bn
2921491,NM,304785.0,20251231,4435803,5261716,4435803,PEOPLES SECURITY B&T CO,584682,1519528,30998,269206,7514,4028694,152221.0,7514_20251231,1,1,0.060689349820088945,0.06767748702996955,1-10bn
788885,N,53323.0,20251231,961036,1126023,961036,HONESDALE NATIONAL BANK,153792,178264,11850,41924,7526,874016,0.0,7526_20251231,1,1,0.043623756029951014,0.055954199426452286,1-10bn
777673,SM,143660.0,20251231,1249609,1449813,1249609,AMERISERV FINANCIAL BANK,244697,476247,0,50738,7542,1019840,0.0,7542_20251231,1,1,0.04060310064988328,0.04060310064988328,1-10bn
16687108,N,3792129.0,20251231,26848886,31982120,26848886,FULTON BANK NATIONAL ASSN,4865794,10913841,0,1029352,7551,23796531,850215.0,7551_20251231,1,1,0.03833872288034595,0.03833872288034595,10-100bn
138073,N,15578.0,20251231,185929,222411,185929,NATIONAL BANK OF MALVERN,49327,48365,7011,25115,7590,141593,0.0,7590_20251231,1,1,0.13507844392214233,0.17278638620118433,<1bn
1260745,SM,141474.0,20251231,2382712,3059673,2382712,FIRST CITIZENS CMTY BANK,444874,1124675,82654,37916,7593,2337209,60002.0,7593_20251231,1,1,0.015912959686273456,0.0506020030956322,1-10bn
187987,SM,63610.0,20251231,237296,260462,237296,JIM THORPE NEIGHBORHOOD BANK,90385,49453,4005,36808,7599,123745,0.0,7599_20251231,1,1,0.15511428764075247,0.1719919425527611,<1bn
448660,NM,56366.0,20251231,573667,662124,573667,PENNIAN BANK,163183,126141,980,31572,7613,428736,234.0,7613_20251231,1,1,0.055035412530265816,0.05674372066024366,<1bn
626369,NM,173878.0,20251231,781873,895480,781873,JUNIATA VALLEY BANK,238143,156326,0,11448,7614,594295,0.0,7614_20251231,1,1,0.014641764071658696,0.014641764071658696,<1bn
140323,NM,44809.0,20251231,157928,169220,157928,UNB BANK,65382,17793,15098,3442,7631,88104,0.0,7631_20251231,1,1,0.021794741907704775,0.11739526873005421,<1bn
322319,N,57932.0,20251231,359438,470382,359438,NEFFS NATIONAL BANK,201618,38665,0,5128,7646,251481,0.0,7646_20251231,1,1,0.014266716373894803,0.014266716373894803,<1bn
749254,N,269855.0,20251231,956773,1142322,956773,FIRST NB&T CO OF NEWTOWN,549734,207533,4806,20145,7658,501251,0.0,7658_20251231,1,1,0.021055151012831674,0.026078286072035897,1-10bn
450432,SM,18983.0,20251231,584916,663985,584916,NEW TRIPOLI BANK,102415,136080,0,12344,7659,511410,0.0,7659_20251231,1,1,0.021103885002290927,0.021103885002290927,<1bn
551850,SM,131865.0,20251231,781554,936387,781554,FIRST NORTHERN BANK&TRUST CO,230612,230518,0,63742,7675,564432,0.0,7675_20251231,1,1,0.08155802414164601,0.08155802414164601,<1bn
1142367,NM,291811.0,20251231,1644295,1884754,1644295,QNB BANK,522675,505472,0,49670,7714,1253145,153.0,7714_20251231,1,1,0.030207474936066826,0.030207474936066826,1-10bn
3892161,SM,413972.0,20251231,7199956,8404657,7199956,UNIVEST BANK&TRUST CO,491289,3421665,0,553712,7759,6841927,459516.0,7759_20251231,1,1,0.07690491441892144,0.07690491441892144,1-10bn
169944,N,3768.0,20251231,184377,222879,184377,TURBOTVILLE NATIONAL BANK,34424,14906,508,6588,7789,170340,0.0,7789_20251231,1,1,0.03573113783172521,0.03848636218183396,<1bn
1770270,SM,303748.0,20251231,2584952,3121896,2584952,CITIZENS&NORTHERN BANK,498007,811209,7482,45593,7799,2324908,3851.0,7799_20251231,1,1,0.0176378516893157,0.020532296150953675,1-10bn
871595,NM,122343.0,20251231,1348148,1547248,1348148,COMMUNITY BANK,279895,478425,0,31692,7848,1152145,98500.0,7848_20251231,1,1,0.02350780478107745,0.02350780478107745,1-10bn
294477,N,56109.0,20251231,345032,367501,345032,FIRST UNITED NATIONAL BANK,113515,51143,0,37279,7886,200254,0.0,7886_20251231,1,1,0.10804505089383014,0.10804505089383014,<1bn
23203304,N,6108407.0,20251231,39124307,50018001,39124307,FIRST NB OF PENNSYLVANIA,7843559,16043346,356420,2495195,7888,34819377,1087469.0,7888_20251231,1,1,0.0637760817079776,0.07288601942521308,10-100bn
1268168,N,239879.0,20251231,2539721,2928928,2539721,NEXTIER BANK NATIONAL ASSN,387244,1273746,3978,191560,7900,2161784,0.0,7900_20251231,1,1,0.07542560777345228,0.07699192155358797,1-10bn
333821,NM,0.0,20251231,379995,417378,379995,MARION CENTER BANK,81649,46579,11428,12545,7909,306850,0.0,7909_20251231,1,1,0.033013592284109,0.06308767220621324,<1bn
12516000,N,94000.0,20251231,26728000,31329000,26728000,BNY MELLON NATIONAL ASSN,94000,14270000,0,7416000,7946,18774000,8517000.0,7946_20251231,1,1,0.27746183777312183,0.27746183777312183,10-100bn
723690,NM,191254.0,20251231,1029665,1342665,1029665,SVG BANK OF MENDOCINO COUNTY,454386,306885,0,58768,8011,734972,0.0,8011_20251231,1,1,0.057074873866743064,0.057074873866743064,1-10bn
484095,SM,127742.0,20251231,1150488,1365487,1150488,GROVE BANK&TRUST,295895,667190,107447,203380,8018,808372,0.0,8018_20251231,1,1,0.1767771589099582,0.27016970190041095,1-10bn
1678406,NM,303015.0,20251231,2070692,2321472,2070692,CREWS BANK&TRUST,654991,393948,9276,376615,8021,1250765,0.0,8021_20251231,1,1,0.1818788115277405,0.18635847339923078,1-10bn
140811,NM,13658.0,20251231,173523,188645,173523,MOUNT VERNON BANK,39613,33842,0,18213,8028,121166,0.0,8028_20251231,1,1,0.1049601493750108,0.1049601493750108,<1bn
350853,SM,228327.0,20251231,682470,795547,682470,CITIZENS TRUST BANK,276668,332326,8526,66304,8033,375887,981.0,8033_20251231,1,1,0.09715298840974695,0.10964584523861855,<1bn
217458,NM,22123.0,20251231,275196,337321,275196,BATH STATE BANK,61064,58278,0,1489,8035,259156,15497.0,8035_20251231,1,1,0.005410689108853326,0.005410689108853326,<1bn
10171377,NM,1547215.0,20251231,13101471,19390856,13101471,MERCHANTS BANK OF INDIANA,1837403,3057514,30680,212202,8056,15444488,1757325.0,8056_20251231,1,1,0.016196807213480074,0.018538528994186988,10-100bn
381701,NM,28776.0,20251231,689861,776253,689861,NORTH SALEM STATE BANK,50054,308914,0,8990,8063,609745,1000.0,8063_20251231,1,1,0.013031610715781876,0.013031610715781876,<1bn
72131,NM,2588.0,20251231,126831,150775,126831,COMMUNITY STATE BANK,9559,55290,0,1995,8067,127393,14990.0,8067_20251231,1,1,0.01572959292286586,0.01572959292286586,<1bn
195382,SM,256.0,20251231,335126,393781,335126,GARRETT STATE BANK,68915,140226,3982,40317,8074,278331,23710.0,8074_20251231,1,1,0.1203040050607831,0.13218610313732745,<1bn
182476,NM,25563.0,20251231,234153,277281,234153,FAIRFAX STATE SAVINGS BANK,102860,52666,6202,5113,8083,156219,0.0,8083_20251231,1,1,0.021836149867821467,0.04832310497836884,<1bn
270228,NM,6100.0,20251231,400169,468647,400169,NSB BANK,90507,130634,36065,6747,8094,341572,0.0,8094_20251231,1,1,0.016860376490932583,0.10698479892245526,<1bn
500767,SM,19610.0,20251231,681950,772931,681950,PRIMEBANK,42504,184169,0,8438,8101,703421,27905.0,8101_20251231,1,1,0.012373341154043552,0.012373341154043552,<1bn
61364,SM,0.0,20251231,69317,85100,69317,NEW CENTURY BANK,0,8062,0,2012,8108,77192,2550.0,8108_20251231,1,1,0.029026068641170275,0.029026068641170275,<1bn
158155,NM,0.0,20251231,189601,213389,189601,KENDALL BANK,12526,31888,12526,9056,8110,178297,47958.0,8110_20251231,1,1,0.04776346116317952,0.11382851356269218,<1bn
265332,SM,5.0,20251231,333001,379360,333001,PBT BCORP,37607,67669,0,9594,8117,298385,14057.0,8117_20251231,1,1,0.02881072429211924,0.02881072429211924,<1bn
160676,NM,16670.0,20251231,192299,266161,192299,BANK OF JAMESTOWN,82115,31928,8987,12467,8118,159493,0.0,8118_20251231,1,1,0.064831330376133,0.11156584277609348,<1bn
270251,NM,11203.0,20251231,444781,515459,444781,MAGNOLIA BANK INC,43402,175385,0,5323,8120,420927,54734.0,8120_20251231,1,1,0.011967687468664353,0.011967687468664353,<1bn
48611,NM,0.0,20251231,57799,69665,57799,SECURITY BANK&TRUST CO,35943,9306,9542,2080,8121,27660,0.0,8121_20251231,1,1,0.035986781778231454,0.20107614318586828,<1bn
160108,NM,47758.0,20251231,188850,206098,188850,FIRST&PEOPLES BANK&TRUST CO,94930,28857,3919,5019,8122,86331,0.0,8122_20251231,1,1,0.026576648133439237,0.047328567646280115,<1bn
119715,NM,10606.0,20251231,130661,151958,130661,COMMONWEALTH CMTY BANK INC,77572,11178,0,7921,8126,52091,0.0,8126_20251231,1,1,0.06062252699734427,0.06062252699734427,<1bn
1871664,SM,456669.0,20251231,3179251,3791470,3179251,INDEPENDENCE BANK OF KY,1417497,1309235,0,147064,8136,2090377,230004.0,8136_20251231,1,1,0.04625743610680629,0.04625743610680629,1-10bn
93590,NM,24331.0,20251231,140925,154813,140925,COLFAX BANKING CO,54162,47621,2506,19919,8140,68175,0.0,8140_20251231,1,1,0.1413446868901898,0.1591271953166578,<1bn
684649,NM,0.0,20251231,1167052,1313421,1167052,SABINE STATE BANK&TRUST CO,115761,483241,3823,50339,8141,1097028,43620.0,8141_20251231,1,1,0.04313346791745355,0.046409243118558555,1-10bn
47758,SM,9161.0,20251231,53004,69326,53004,BANK OF GUEYDAN,41570,5415,241,1360,8144,23685,0.0,8144_20251231,1,1,0.02565844087238699,0.030205267526979097,<1bn
822437,NM,221698.0,20251231,1194779,1364195,1194779,FIRST AMERICAN BANK&TRUST,362181,374126,5054,120081,8149,834503,0.0,8149_20251231,1,1,0.10050477954500373,0.10473485054558207,1-10bn
292965,NM,0.0,20251231,374166,413185,374166,STATE SAVINGS BANK,11271,81362,10073,42821,8162,308234,0.0,8162_20251231,1,1,0.11444385647012288,0.14136506256581302,<1bn
316543,NM,14811.0,20251231,374413,416761,374413,HONOR BANK,41453,58600,2351,15205,8165,329741,2000.0,8165_20251231,1,1,0.04061023522153344,0.046889397536944495,<1bn
298149,NM,53185.0,20251231,393575,465668,393575,LAKE-OSCEOLA STATE BANK,125977,95909,0,43735,8172,254580,0.0,8172_20251231,1,1,0.11112240360795274,0.11112240360795274,<1bn
265219,SM,1456.0,20251231,481393,526613,481393,CITIZENS STATE BANK,63303,216597,0,66806,8183,377607,0.0,8183_20251231,1,1,0.1387764259139622,0.1387764259139622,<1bn
59354,NM,3740.0,20251231,82375,85750,82375,FIRST STATE BANK OF RED WING,35287,23108,0,12567,8191,34881,0.0,8191_20251231,1,1,0.15255842185128984,0.15255842185128984,<1bn
35292,NM,3799.0,20251231,74368,96547,74368,PORTAGE BANK,6836,39214,1520,4247,8197,80562,6846.0,8197_20251231,1,1,0.05710789586919105,0.0775467943201377,<1bn
428046,NM,60544.0,20251231,509603,596223,509603,CITIZENS BANK MINNESOTA,149291,82451,22666,11092,8200,405470,0.0,8200_20251231,1,1,0.02176596291623087,0.06624372305500556,<1bn
116878,NM,15529.0,20251231,154639,174474,154639,AMERICANA COMMUNITY BANK,29336,38298,0,4503,8205,134395,5000.0,8205_20251231,1,1,0.02911943300202407,0.02911943300202407,<1bn
83728,NM,1958.0,20251231,102312,113343,102312,PRAIRIE SUN BANK,18202,18912,987,9303,8207,78528,6399.0,8207_20251231,1,1,0.09092775041050903,0.10057471264367816,<1bn
127108,NM,0.0,20251231,152130,169034,152130,FREEPORT STATE BANK,35090,25660,15783,13179,8210,109923,499.0,8210_20251231,1,1,0.08662985604417275,0.19037665154801814,<1bn
128338,NM,63010.0,20251231,179127,200247,179127,FARMERS STATE BANK OF HAMEL,105328,51087,37844,21213,8214,67102,0.0,8214_20251231,1,1,0.11842435813696428,0.3296934577143591,<1bn
17349,NM,0.0,20251231,18206,22955,18206,FIRST STB OF SWANVILLE,2450,872,2450,3957,8218,16058,0.0,8218_20251231,1,1,0.2173459299132154,0.35191695045589366,<1bn
220218,SM,56590.0,20251231,281458,329494,281458,COPIAH BANK,120040,61816,1005,14845,8231,175299,0.0,8231_20251231,1,1,0.05274321568404522,0.05631390829182329,<1bn
331916,NM,10040.0,20251231,459634,552553,459634,BANK OF HOLLY SPRINGS,49858,130330,0,42327,8232,428508,15658.0,8232_20251231,1,1,0.09208848779681225,0.09208848779681225,<1bn
224746,NM,73720.0,20251231,376277,431757,376277,RIVERHILLS BANK,181995,152109,0,18759,8234,217291,0.0,8234_20251231,1,1,0.04985422972969382,0.04985422972969382,<1bn
1037728,NM,254158.0,20251231,1757489,2064227,1757489,PLANTERS BANK&TRUST CO,567377,723081,0,99439,8235,1265972,12782.0,8235_20251231,1,1,0.05658015498247784,0.05658015498247784,1-10bn
104761,NM,15060.0,20251231,159132,192039,159132,BANK OF ANGUILLA,45131,54678,2924,29093,8243,92945,0.0,8243_20251231,1,1,0.18282306512832114,0.2011977477817158,<1bn
159759,NM,3756.0,20251231,206550,229895,206550,BANK OF WIGGINS,84306,47925,0,45413,8250,87142,3000.0,8250_20251231,1,1,0.2198644396030017,0.2198644396030017,<1bn
136951,SM,17015.0,20251231,167748,188581,167748,ADRIAN BANK,49565,31203,0,6624,8251,127798,0.0,8251_20251231,1,1,0.03948780313327133,0.03948780313327133,<1bn
1492744,SM,1489.0,20251231,1843420,2109531,1843420,OMB BANK,17475,356641,0,204197,8252,1818965,241477.0,8252_20251231,1,1,0.11077074133946686,0.11077074133946686,1-10bn
797749,SM,3769.0,20251231,1036107,1199730,1036107,MONTGOMERY BANK,20168,239494,1977,68311,8255,1012172,20150.0,8255_20251231,1,1,0.06593044926827056,0.06783855335404548,1-10bn
65839,NM,6351.0,20251231,67755,80568,67755,FARMERS BANK OF LOHMAN MO,44996,2050,4586,6382,8268,24149,0.0,8268_20251231,1,1,0.09419231053058814,0.16187735222492805,<1bn
23972619,N,10681523.0,20251231,61057431,72780016,61057431,UMB BANK NATIONAL ASSN,19443506,39694407,2359068,7869062,8273,38361960,1154166.0,8273_20251231,1,1,0.12887967723371788,0.16751654683931919,10-100bn
259495,SM,35742.0,20251231,301254,334707,301254,EXCHANGE BANK CO,82410,42357,4800,31124,8274,199474,0.0,8274_20251231,1,1,0.10331481075769948,0.11924820915240959,<1bn
91750,NM,1285.0,20251231,117006,133429,117006,ALTON BANK,45855,25434,986,6842,8276,74326,3013.0,8276_20251231,1,1,0.05847563372818488,0.06690255200588004,<1bn
182918,NM,0.0,20251231,245259,278469,245259,FIRST MISSOURI STATE BANK,0,62947,0,42669,8282,216299,11046.0,8282_20251231,1,1,0.17397526696268026,0.17397526696268026,<1bn
1567170,NM,197023.0,20251231,2331035,2610128,2331035,LEAD BANK,285105,764067,25351,946501,8283,1060220,339271.0,8283_20251231,1,1,0.4060432383040152,0.41691866488491164,1-10bn
246503,NM,20011.0,20251231,286616,321108,286616,O BANNON BANKING CO,43673,41240,3788,17013,8295,243477,0.0,8295_20251231,1,1,0.05935816562927401,0.07257445501995702,<1bn
217904,SM,454.0,20251231,247372,278184,247372,CENTURY BANK OF THE OZARKS,1130,29801,0,17634,8296,237266,602.0,8296_20251231,1,1,0.07128535161618939,0.07128535161618939,<1bn
99658,NM,34176.0,20251231,148679,170463,148679,FIRST STATE BANK OF FORSYTH,60381,49200,0,27733,8317,78457,0.0,8317_20251231,1,1,0.18652936863982136,0.18652936863982136,<1bn
395122,NM,0.0,20251231,487565,566651,487565,STOCKMENS BANK,10617,93236,0,20879,8321,501446,0.0,8321_20251231,1,1,0.042823008214289374,0.042823008214289374,<1bn
199928,NM,13462.0,20251231,235952,285470,235952,NEBRASKA STATE BANK&TRUST CO,43768,36316,10602,8873,8322,219111,0.0,8322_20251231,1,1,0.03760510612327931,0.08253797382518478,<1bn
56661,NM,0.0,20251231,66497,74142,66497,FIRST TRI COUNTY BANK,14839,9943,7011,1876,8333,49916,0.0,8333_20251231,1,1,0.028211799028527603,0.13364512684782773,<1bn
74983,NM,10491.0,20251231,86105,94771,86105,FIRST STATE BANK OF HARVEY,50506,11347,3367,1182,8383,36040,0.0,8383_20251231,1,1,0.013727425817316067,0.05283084606004297,<1bn
366702,NM,21812.0,20251231,460899,533700,460899,KODABANK,47256,96520,6932,28728,8386,425560,15016.0,8386_20251231,1,1,0.06233035871199547,0.07737053020292949,<1bn
452931,NM,7188.0,20251231,551322,697020,551322,BANKNORTH,26111,100987,0,24763,8387,598090,34931.0,8387_20251231,1,1,0.04491567541291659,0.04491567541291659,<1bn
90087,NM,20914.0,20251231,106203,126135,106203,LINCOLN STATE BANK,47898,16611,733,2744,8390,70586,0.0,8390_20251231,1,1,0.025837311563703474,0.0327391881585266,<1bn
45425,NM,137.0,20251231,48336,56113,48336,WATERFORD COMMERCIAL&SVG BK,10869,2945,582,3875,8397,38663,0.0,8397_20251231,1,1,0.08016799073154585,0.0922087057265806,<1bn
58822,SM,9462.0,20251231,71370,92286,71370,OTTOVILLE BANK CO,34897,12586,499,10525,8403,40382,0.0,8403_20251231,1,1,0.14747092615945076,0.15446265938069217,<1bn
1438335,NM,205505.0,20251231,1836236,2239135,1836236,FARMERS&MERCHANTS TR CHAMBER,454586,399837,33263,128720,8405,1559512,22057.0,8405_20251231,1,1,0.07009992179654467,0.08821469571449421,1-10bn
838627,NM,330300.0,20251231,1205443,1511927,1205443,1ST SUMMIT BANK,542374,370255,0,14617,8426,874479,0.0,8426_20251231,1,1,0.012125832577732833,0.012125832577732833,1-10bn
1175279,NM,287429.0,20251231,1479562,1662136,1479562,ONE BANK OF TENNESSEE,354507,310335,61305,168184,8432,1064273,0.0,8432_20251231,1,1,0.11367147845105512,0.15510603813831392,1-10bn
611917,NM,26479.0,20251231,752337,851821,752337,CENTENNIAL BANK,53020,141885,10535,82803,8439,667887,13092.0,8439_20251231,1,1,0.11006104976892005,0.12406408298408825,<1bn
2116698,NM,474842.0,20251231,2875470,3304145,2875470,EXCHANGE BANK,1208001,759642,10463,188055,8468,1697588,0.0,8468_20251231,1,1,0.06539974334630512,0.06903845284423069,1-10bn
144576,NM,11263.0,20251231,146981,177236,146981,CENTRAL STATE BANK,15245,2785,0,40440,8487,118718,0.0,8487_20251231,1,1,0.275137602819412,0.275137602819412,<1bn
148506,NM,9627.0,20251231,177517,202836,177517,SCOTT STATE BANK,65380,29449,3618,7252,8491,119821,0.0,8491_20251231,1,1,0.04085242540151084,0.06123357199592152,<1bn
121239,NM,0.0,20251231,138848,164600,138848,UNION STATE BANK,42891,18224,4671,7909,8499,99227,2118.0,8499_20251231,1,1,0.0569615694860567,0.09060267342705693,<1bn
59017,NM,4591.0,20251231,65758,75769,65758,FARMERS STATE BANK,29744,7044,14349,3121,8503,40742,0.0,8503_20251231,1,1,0.0474619057757231,0.2656710970528301,<1bn
261053,NM,22359.0,20251231,289382,343927,289382,NEW ALBIN SAVINGS BANK,223413,29197,5974,973,8506,114748,0.0,8506_20251231,1,1,0.0033623376713133504,0.02400633073238833,<1bn
52197,NM,1247.0,20251231,65810,70764,65810,SLOAN STATE BANK,33537,13689,0,7812,8507,25353,0.0,8507_20251231,1,1,0.11870536392645495,0.11870536392645495,<1bn
102679,NM,7563.0,20251231,130013,143695,130013,FARMERS TRUST&SAVINGS BANK,33542,27528,3420,11507,8510,93050,0.0,8510_20251231,1,1,0.08850653396198842,0.11481159576350057,<1bn
188103,NM,48654.0,20251231,260914,287314,260914,CRAWFORD COUNTY T&SB,62461,73581,7229,16346,8511,196899,2680.0,8511_20251231,1,1,0.06264899545444093,0.09035544278957817,<1bn
73167,NM,2321.0,20251231,92591,105289,92591,WHITE STATE BANK,54797,19614,0,3504,8519,36908,0.0,8519_20251231,1,1,0.03784385091423573,0.03784385091423573,<1bn
71178,NM,9799.0,20251231,107299,130797,107299,FIRST STATE BANK,46951,36329,22283,12116,8522,60563,0.0,8522_20251231,1,1,0.11291810734489603,0.32059012665542086,<1bn
360282,NM,77246.0,20251231,569340,649501,569340,CONCORDIA BANK&TRUST CO,197598,210206,6925,53574,8527,364382,0.0,8527_20251231,1,1,0.09409842976077563,0.10626163628060561,<1bn
120110,NM,37244.0,20251231,245196,318093,245196,BANK OF COUSHATTA,138605,125542,0,2670,8531,137155,6351.0,8531_20251231,1,1,0.010889247785445113,0.010889247785445113,<1bn
79842,NM,14710.0,20251231,93904,108941,93904,BANK OF ERATH,26557,14268,2468,29586,8532,46042,0.0,8532_20251231,1,1,0.31506645084341456,0.3413486113477594,<1bn
119987,NM,25840.0,20251231,160784,185266,160784,TENSAS STATE BANK,51987,41363,0,13031,8533,109842,0.0,8533_20251231,1,1,0.08104662155438352,0.08104662155438352,<1bn
195893,NM,28550.0,20251231,274598,298627,274598,ST LANDRY BANK&TRUST CO,175021,79198,8583,41626,8534,76839,0.0,8534_20251231,1,1,0.1515888680908091,0.18284546864871556,<1bn
66538,NM,6961.0,20251231,79081,89953,79081,FIRST COMMUNITY BANK,20175,12671,2616,26488,8535,38844,0.0,8535_20251231,1,1,0.33494771183975924,0.3680277184152957,<1bn
291524,NM,160290.0,20251231,333960,411728,333960,PROGROWTH BANK,307462,44942,19252,11364,8536,83042,85269.0,8536_20251231,1,1,0.03402802730865972,0.09167564977841658,<1bn
292855,NM,48442.0,20251231,337820,408209,337820,BANKCHEROKEE,93952,45293,24447,18145,8537,281150,0.0,8537_20251231,1,1,0.05371203599550056,0.12607897696998402,<1bn
106752,NM,10247.0,20251231,127168,141531,127168,STATE BANK OF FAIRMONT,19069,20700,5955,16714,8541,103410,0.0,8541_20251231,1,1,0.13143243583291395,0.17826025415198793,<1bn
284988,NM,35323.0,20251231,321999,354056,321999,UNITED COMMUNITY BANK,95843,37769,8152,20814,8544,209055,0.0,8544_20251231,1,1,0.06463995229798851,0.08995680110807798,<1bn
241810,NM,47694.0,20251231,324239,374619,324239,SENTRY BANK,64933,82980,16589,18507,8546,271667,0.0,8546_20251231,1,1,0.05707826634056976,0.10824114310739917,<1bn
263023,SM,29022.0,20251231,303021,331142,303021,GREAT SOUTHERN BANK,153670,40455,1978,16560,8552,144126,0.0,8552_20251231,1,1,0.054649677745106776,0.06117727814243897,<1bn
115303,NM,0.0,20251231,157850,195906,157850,BANK 21,1974,43335,246,10803,8560,173548,5000.0,8560_20251231,1,1,0.06843839087741527,0.06999683243585683,<1bn
58047,NM,0.0,20251231,83191,107717,83191,BANK OF GRAIN VALLEY,21552,25226,3000,17662,8564,67327,0.0,8564_20251231,1,1,0.21230661970645864,0.24836821290764627,<1bn
196276,NM,0.0,20251231,254364,296371,254364,GOPPERT FINANCIAL BANK,61044,58707,59784,35152,8569,183045,0.0,8569_20251231,1,1,0.1381956566180749,0.3732289160415782,<1bn
89777,NM,4221.0,20251231,104612,126262,104612,CITIZENS BANK OF ROGERSVILLE,17333,15168,2431,11679,8572,90325,5750.0,8572_20251231,1,1,0.11164111191832676,0.13487936374412113,<1bn
450190,NM,1.0,20251231,525938,607148,525938,MARIES COUNTY BANK,189244,76922,0,17753,8576,359358,0.0,8576_20251231,1,1,0.0337549292882431,0.0337549292882431,<1bn
60666,SM,1474.0,20251231,63205,70425,63205,BANK OF IBERIA,15964,2616,0,5422,8584,41677,0.0,8584_20251231,1,1,0.08578435250375761,0.08578435250375761,<1bn
46864,NM,0.0,20251231,48002,57377,48002,MONTROSE SAVINGS BANK,19531,1349,1507,4096,8594,32896,0.0,8594_20251231,1,1,0.08532977792591975,0.11672430315403524,<1bn
126402,SM,15853.0,20251231,172283,218075,172283,I3 BANK,29772,46778,0,5024,8595,169533,10493.0,8595_20251231,1,1,0.029161321778701323,0.029161321778701323,<1bn
32885,NM,0.0,20251231,36792,43682,36792,FIRST STATE BANK,4849,3990,1212,9026,8604,28628,0.0,8604_20251231,1,1,0.24532507066753642,0.27826701456838443,<1bn
53719,NM,0.0,20251231,65596,79455,65596,CITIZENS STB AT MOHALL,18654,12265,6177,884,8632,58369,0.0,8632_20251231,1,1,0.013476431489724983,0.1076437587657784,<1bn
253115,SM,44709.0,20251231,368907,420831,368907,DAKOTA WESTERN BANK,96662,118024,4318,36965,8637,271623,17902.0,8637_20251231,1,1,0.10020140577435506,0.11190625279541998,<1bn
93056,NM,25760.0,20251231,105904,118925,105904,FARMERS&MERCHANTS BANK OF ND,35086,13172,2010,9066,8640,53625,12.0,8640_20251231,1,1,0.08560583169663091,0.10458528478622148,<1bn
138060,NM,1010.0,20251231,172506,190680,172506,FARMERS STATE BANK,37940,34582,0,9225,8647,122113,1504.0,8647_20251231,1,1,0.053476400820841014,0.053476400820841014,<1bn
627270,NM,165205.0,20251231,985322,1089051,985322,COMMERCIAL BANK&TRUST CO,326577,363373,0,87517,8660,613204,0.0,8660_20251231,1,1,0.08882071038706128,0.08882071038706128,1-10bn
66281,SM,779.0,20251231,72475,81421,72475,FARMERS BANK,2664,6488,0,10086,8661,66253,14998.0,8661_20251231,1,1,0.13916522938944464,0.13916522938944464,<1bn
8254034,SM,606127.0,20251231,13932191,16265349,13932191,FIRSTBANK,1459734,5777547,7125,942504,8663,12398719,625634.0,8663_20251231,1,1,0.06764937402882289,0.06816077959310204,10-100bn
1084505,SM,218246.0,20251231,1250729,1372297,1250729,FARMERS&MERCHANTS BANK,345339,167445,14334,20882,8668,881626,0.0,8668_20251231,1,1,0.016695862972714314,0.028156379199650763,1-10bn
53263,NM,347.0,20251231,56669,62873,56669,BLUE GRASS VALLEY BANK,13651,3559,502,13441,8672,34778,0.0,8672_20251231,1,1,0.2371843512325963,0.2460428100019411,<1bn
50450,NM,3271.0,20251231,55962,58958,55962,LAMONT BANK OF ST JOHN,12299,5767,0,1691,8681,34242,0.0,8681_20251231,1,1,0.030216932918766305,0.030216932918766305,<1bn
104661,NM,1648.0,20251231,118727,151509,118727,BLUFF VIEW BANK,42536,14663,0,5342,8693,96295,7186.0,8693_20251231,1,1,0.04499397778095968,0.04499397778095968,<1bn
334329,NM,16061.0,20251231,407499,489021,407499,BANK OF LAKE MILLS,36369,73666,0,8474,8695,416816,115475.0,8695_20251231,1,1,0.02079514305556578,0.02079514305556578,<1bn
661802,NM,168361.0,20251231,953737,1034482,953737,PORT WASHINGTON STATE BANK,234998,294521,4930,104816,8698,630872,0.0,8698_20251231,1,1,0.10990031843160117,0.1150694583517259,1-10bn
115648,NM,11102.0,20251231,132047,153376,132047,WALDO STATE BANK,19004,16663,0,2699,8700,116393,10508.0,8700_20251231,1,1,0.020439691927874166,0.020439691927874166,<1bn
470341,NM,0.0,20251231,537966,611752,537966,UNITY BANK,65662,68609,63275,63281,8714,456465,20673.0,8714_20251231,1,1,0.11763011045307696,0.23524906778495294,<1bn
41774,SM,52.0,20251231,45783,52034,45783,COWBOY STATE BANK,4864,4057,0,8860,8725,33512,0.0,8725_20251231,1,1,0.19352161282572133,0.19352161282572133,<1bn
17749968,SM,3759012.0,20251231,24329038,27788097,24329038,ARVEST BANK,4911044,6672548,199908,1171484,8728,19552319,12538.0,8728_20251231,1,1,0.04815167784274906,0.056368525545481905,10-100bn
111738,SM,51.0,20251231,154961,173218,154961,GATEWAY BANK,357,43393,0,1617,8730,155807,20214.0,8730_20251231,1,1,0.010434883615877544,0.010434883615877544,<1bn
173141,SM,5818.0,20251231,231189,270755,231189,MERCHANTS&FARMERS BANK,19493,58964,2983,6491,8735,218213,4105.0,8735_20251231,1,1,0.028076595339743673,0.04097945836523364,<1bn
335406,SM,33587.0,20251231,488755,551687,488755,CITIZENS BANK&TRUST CO,151447,153617,9862,66463,8738,307719,0.0,8738_20251231,1,1,0.13598428660576362,0.15616208529836012,<1bn
397814,NM,55414.0,20251231,653964,813084,653964,FIRST STB OF MIDDLEBURY,127938,256883,0,10138,8745,632304,16130.0,8745_20251231,1,1,0.015502382394137903,0.015502382394137903,<1bn
181667,NM,18410.0,20251231,250445,282655,250445,IOWA STATE SAVINGS BANK,85569,69347,19693,23190,8751,163642,0.0,8751_20251231,1,1,0.09259518057857015,0.17122721555630976,<1bn
200148,NM,464.0,20251231,252914,300105,252914,FIRST TRUST&SAVINGS BANK,22317,53797,0,4679,8752,261300,9562.0,8752_20251231,1,1,0.018500359806100097,0.018500359806100097,<1bn
100504,NM,6385.0,20251231,131438,151040,131438,FARMERS STATE BANK,26411,31326,12765,8717,8760,110608,1.0,8760_20251231,1,1,0.06632024224349123,0.16343827508026598,<1bn
226076,NM,37661.0,20251231,273436,335274,273436,KERNDT BROTHERS SAVINGS BANK,73710,47984,1973,12809,8761,224941,0.0,8761_20251231,1,1,0.04684459983323337,0.0540601822729999,<1bn
121525,NM,11454.0,20251231,134863,146971,134863,SACRAMENTO DEPOSIT BANK,41425,13635,497,3911,8762,92120,0.0,8762_20251231,1,1,0.028999799796830858,0.03268502109548208,<1bn
304046,SM,261.0,20251231,376449,476666,376449,SPRINGFIELD STATE BANK,116726,73571,0,10083,8772,327941,8000.0,8772_20251231,1,1,0.026784504673939898,0.026784504673939898,<1bn
939399,NM,37912.0,20251231,1284890,1561197,1284890,CECILIAN BANK,349404,348805,22778,82147,8774,1046155,2775.0,8774_20251231,1,1,0.06393309933146028,0.0816606869070504,1-10bn
170709,NM,6448.0,20251231,202916,230045,202916,BANK OF COLUMBIA,25459,32760,1314,14053,8775,185183,0.0,8775_20251231,1,1,0.0692552583334976,0.07573084429024818,<1bn
395375,NM,19083.0,20251231,530819,614539,530819,PEOPLES EXCHANGE BANK,48814,136491,0,36531,8785,492221,35079.0,8785_20251231,1,1,0.06882006861095778,0.06882006861095778,<1bn
383848,NM,42560.0,20251231,488608,564315,488608,COTTONPORT BANK,142296,105753,49926,41217,8798,359512,0.0,8798_20251231,1,1,0.08435596633702272,0.1865360370685703,<1bn
42236,NM,17134.0,20251231,65924,78349,65924,JACKSON PARISH BANK,30670,23812,7995,14144,8799,31851,0.0,8799_20251231,1,1,0.2145500879800983,0.33582610278502517,<1bn
591780,NM,45133.0,20251231,700380,813727,700380,HEBRON SAVINGS BANK,80497,109815,3900,72850,8811,618227,10000.0,8811_20251231,1,1,0.10401496330563409,0.10958336902824181,<1bn
511074,NM,78026.0,20251231,635779,714601,635779,QUEENSTOWN BANK OF MARYLAND,125332,125780,0,104716,8816,450541,0.0,8816_20251231,1,1,0.16470503115076152,0.16470503115076152,<1bn
158307,NM,4463.0,20251231,180896,235329,180896,UNITED FARMERS STATE BANK,11981,23232,0,4487,8821,209993,10268.0,8821_20251231,1,1,0.024804307447373077,0.024804307447373077,<1bn
44965,NM,2639.0,20251231,57246,63686,57246,ADRIAN STATE BANK,4583,12490,297,8731,8822,41345,0.0,8822_20251231,1,1,0.15251720644237152,0.1577053418579464,<1bn
136884,NM,37625.0,20251231,185636,223617,185636,EAGLE BANK,64942,49225,7564,14291,8824,138185,0.0,8824_20251231,1,1,0.07698399017431963,0.11773039712124804,<1bn
82976,NM,0.0,20251231,89341,101806,89341,CURRIE STATE BANK,36,6721,0,1514,8833,94762,13796.0,8833_20251231,1,1,0.01694630684680046,0.01694630684680046,<1bn
50070,NM,164.0,20251231,55228,62129,55228,PEOPLES STATE BANK OF WELLS,7731,5238,1207,11335,8840,40712,0.0,8840_20251231,1,1,0.20524009560367928,0.2270949518360252,<1bn
87136,SM,0.0,20251231,112791,122930,112791,GRAND MARAIS STATE BANK,36218,26011,16831,2593,8842,82171,0.0,8842_20251231,1,1,0.022989422914948886,0.17221232190511654,<1bn
367812,N,5031.0,20251231,509356,586606,509356,AMERICAN HERITAGE NB,43461,143383,34123,82702,8843,434191,0.0,8843_20251231,1,1,0.1623658109455862,0.2293582484549117,<1bn
42753,NM,0.0,20251231,51064,60411,51064,FARMERS&MERCHANTS STB APPLET,3648,8453,0,2011,8845,50597,0.0,8845_20251231,1,1,0.0393819520601598,0.0393819520601598,<1bn
65608,NM,0.0,20251231,80576,87184,80576,CENBANK,33785,15277,25841,4247,8848,46800,0.0,8848_20251231,1,1,0.052708002382843525,0.3734114376489277,<1bn
433417,SM,30696.0,20251231,493396,582836,493396,NORTH SHORE BANK OF COMMERCE,53687,60605,0,49530,8850,437115,2924.0,8850_20251231,1,1,0.10038589692660663,0.10038589692660663,<1bn
893432,NM,33549.0,20251231,1218888,1485132,1218888,PARK STATE BANK,450615,327176,22489,79471,8851,883899,245124.0,8851_20251231,1,1,0.06519959175904595,0.08365001542389457,1-10bn
322718,NM,1826.0,20251231,489766,565766,489766,GLENWOOD STATE BANK INC,3853,167722,1962,40847,8853,502631,0.0,8853_20251231,1,1,0.08340105274763866,0.08740704744714824,<1bn
39702,NM,0.0,20251231,45090,56642,45090,GROVE BANK,12150,5444,583,6195,8857,35620,6561.0,8857_20251231,1,1,0.13739188290086493,0.15032157906409405,<1bn
53002,NM,1376.0,20251231,59871,70073,59871,STATE BANK OF CHANDLER,10750,7090,3934,8300,8858,47656,0.0,8858_20251231,1,1,0.1386313908236041,0.2043393295585509,<1bn
110927,NM,5473.0,20251231,141735,167898,141735,WOODLAND BANK,16760,31041,6242,4859,8863,129762,6.0,8863_20251231,1,1,0.034282287367269904,0.07832222104631884,<1bn
99727,NM,1036.0,20251231,104861,117519,104861,HERITAGE BANK MINNESOTA,11829,5490,0,2152,8865,95983,7000.0,8865_20251231,1,1,0.020522405851555868,0.020522405851555868,<1bn
1830111,N,437906.0,20251231,2522900,2898711,2522900,MERCHANTS BANK NATIONAL ASSN,438354,697030,0,241884,8866,2025196,0.0,8866_20251231,1,1,0.09587538150541045,0.09587538150541045,1-10bn
252092,NM,0.0,20251231,277648,317207,277648,ULTIMA BANK MINNESOTA,134,26711,0,19069,8867,289467,32803.0,8867_20251231,1,1,0.06868048752377111,0.06868048752377111,<1bn
2118380,SM,278757.0,20251231,2804646,3256725,2804646,BANKFIRST FINANCIAL SERVICES,563469,693308,9917,227457,8870,2175985,1001.0,8870_20251231,1,1,0.08110007466182897,0.08463599327686988,1-10bn
2926976,NM,19679.0,20251231,4565516,5015100,4565516,COMMUNITY BANK OF MS,1013295,1646495,976050,416214,8879,3306019,0.0,8879_20251231,1,1,0.09116472267318744,0.3049521675096528,1-10bn
680225,NM,11743.0,20251231,908950,1049767,908950,MIDWEST REGIONAL BANK,45869,231663,24010,54982,8889,837907,67896.0,8889_20251231,1,1,0.06048957588426206,0.0869046702238847,1-10bn
906993,NM,17603.0,20251231,1156640,1304809,1156640,SULLIVAN BANK,37212,249385,0,97461,8892,1110907,59823.0,8892_20251231,1,1,0.08426217319131277,0.08426217319131277,1-10bn
31441,NM,0.0,20251231,46532,61756,46532,AMERICAS COMMUNITY BANK,66,15490,0,2836,8893,56894,10602.0,8893_20251231,1,1,0.0609473050803748,0.0609473050803748,<1bn
111603,NM,2.0,20251231,122154,139209,122154,JONESBURG STATE BANK,8758,10634,5415,23951,8896,103170,0.0,8896_20251231,1,1,0.19607217119373904,0.24040146045156113,<1bn
224315,NM,382.0,20251231,268552,305144,268552,ST JOHNS BANK&TRUST CO,63805,44274,0,8301,8898,222454,0.0,8898_20251231,1,1,0.030910214781494832,0.030910214781494832,<1bn
587789,SM,121815.0,20251231,807940,914428,807940,PEOPLES BANK&TRUST CO,292765,221397,17722,88631,8903,488070,47366.0,8903_20251231,1,1,0.1096999777211179,0.13163477485951927,<1bn
1058255,NM,211882.0,20251231,1306020,1538518,1306020,NODAWAY VALLEY BANK,395167,250904,7253,45862,8904,1020132,0.0,8904_20251231,1,1,0.03511584814933921,0.04066936187807231,1-10bn
728963,NM,17308.0,20251231,925563,1135353,925563,BANK FORWARD,46045,200555,0,158495,8941,863496,0.0,8941_20251231,1,1,0.17124171990453377,0.17124171990453377,1-10bn
246494,NM,19671.0,20251231,299460,331900,299460,STOCK GROWERS BANK,145418,54756,0,20850,8942,157595,0.0,8942_20251231,1,1,0.0696253255860549,0.0696253255860549,<1bn
166398,NM,3876.0,20251231,238722,269474,238722,MERCHANTS BANK,43780,73229,33409,25880,8943,191866,20401.0,8943_20251231,1,1,0.10841061988421678,0.24836001709100963,<1bn
28975,NM,0.0,20251231,38923,42945,38923,KINDRED STATE BANK,5816,10018,503,9927,8946,21518,0.0,8946_20251231,1,1,0.2550420060118696,0.2679649564524831,<1bn
82045,NM,0.0,20251231,100495,111369,100495,COMMUNITY BANK,9114,18565,5100,7313,8975,92592,0.0,8975_20251231,1,1,0.07276978954176824,0.12351858301408031,<1bn
173026,NM,81482.0,20251231,319858,394838,319858,SECURITY STB OF OKLAHOMA,166793,147222,0,15007,8980,192318,17649.0,8980_20251231,1,1,0.04691769472703512,0.04691769472703512,<1bn
97344,NM,9120.0,20251231,125028,146777,125028,FIRST STATE BANK OF ROSCOE,29120,28864,19477,12045,9005,72811,0.0,9005_20251231,1,1,0.09633842019387658,0.2521195252263493,<1bn
104430,NM,6298.0,20251231,124870,154728,124870,HEARTLAND STATE BANK,25935,21022,9815,6266,9007,115251,5748.0,9007_20251231,1,1,0.050180187394890684,0.12878193321053896,<1bn
625825,NM,60485.0,20251231,813138,943040,813138,POTOMAC BANK,80905,188155,7852,79625,9023,746612,0.0,9023_20251231,1,1,0.09792310776276597,0.10757952524663711,<1bn
142235,NM,27810.0,20251231,190632,212950,190632,CALHOUN COUNTY BANK INC,47850,48586,1492,16545,9024,137602,0.0,9024_20251231,1,1,0.08679025557094297,0.09461685341390742,<1bn
124862,NM,20322.0,20251231,143844,158337,143844,HARRISON COUNTY BANK,62074,19130,0,8875,9030,81071,0.0,9030_20251231,1,1,0.06169878479463864,0.06169878479463864,<1bn
94546,NM,7492.0,20251231,98063,117440,98063,HEADWATERS STATE BANK,18145,3617,0,12394,9035,78151,15907.0,9035_20251231,1,1,0.12638813823766354,0.12638813823766354,<1bn
88845,NM,19391.0,20251231,109031,139235,109031,SECURITY STATE BANK,29494,20443,0,16389,9036,83661,0.0,9036_20251231,1,1,0.1503150480138676,0.1503150480138676,<1bn
392431,NM,58256.0,20251231,469822,544198,469822,MOUND CITY BANK,79000,78486,0,25532,9037,413600,23627.0,9037_20251231,1,1,0.054343985594544314,0.054343985594544314,<1bn
392518,NM,9105.0,20251231,544023,596307,544023,CITIZENS STATE BANK,222181,153302,0,10842,9047,326448,35205.0,9047_20251231,1,1,0.019929304459554098,0.019929304459554098,<1bn
78049,NM,39637.0,20251231,117018,133546,117018,BANK OF MOUNDVILLE,57738,39133,0,6578,9057,57108,0.0,9057_20251231,1,1,0.05621357398007144,0.05621357398007144,<1bn
304706,NM,24742.0,20251231,408808,453373,408808,PLANTERS FIRST BANK,72322,104446,9674,45029,9064,308564,0.0,9064_20251231,1,1,0.11014706170133656,0.1338109821725602,<1bn
314232,NM,32621.0,20251231,453107,502381,453107,BANK OF DUDLEY,38524,139837,0,102189,9068,337112,0.0,9068_20251231,1,1,0.2255295106895281,0.2255295106895281,<1bn
153814,NM,8201.0,20251231,281718,312002,281718,FARMERS&MERCHANTS BANK,107985,128054,0,81290,9069,117644,0.0,9069_20251231,1,1,0.2885509623098276,0.2885509623098276,<1bn
62318,NM,10742.0,20251231,76820,85864,76820,FIRST BANK OF PIKE,10742,14638,0,7762,9070,53697,0.0,9070_20251231,1,1,0.10104139546992971,0.10104139546992971,<1bn
223562,NM,35790.0,20251231,291117,327808,291117,HARVARD STATE BANK,115679,67902,4847,10235,9079,184372,0.0,9079_20251231,1,1,0.03515768574147164,0.0518073489353078,<1bn
198341,NM,8751.0,20251231,238121,311595,238121,HOLCOMB BANK,58315,40516,2921,14925,9080,228556,5322.0,9080_20251231,1,1,0.06267821821678894,0.07494509094116017,<1bn
3433770,SM,712143.0,20251231,7226078,9052654,7226078,1ST SOURCE BANK,1522486,3825152,516892,120798,9087,6889689,220000.0,9087_20251231,1,1,0.016716952128111542,0.0882484246641124,1-10bn
122851,NM,0.0,20251231,139231,171978,139231,ATKINS SAVINGS BANK&TRUST,48212,17184,0,3922,9096,115465,636.0,9096_20251231,1,1,0.028169014084507043,0.028169014084507043,<1bn
302057,NM,37365.0,20251231,429506,518942,429506,SOUTH OTTUMWA SAVINGS BANK,156348,128447,0,7817,9099,319785,0.0,9099_20251231,1,1,0.01819997858004312,0.01819997858004312,<1bn
811782,NM,0.0,20251231,1010151,1144270,1010151,PILOT GROVE SAVINGS BANK,204715,204171,4524,33273,9100,854197,0.0,9100_20251231,1,1,0.032938639866713,0.037417178223849705,1-10bn
104992,NM,9814.0,20251231,131638,169591,131638,WEST IOWA BANK,67259,26956,6890,2778,9105,93917,0.0,9105_20251231,1,1,0.02110332882602288,0.07344383840532369,<1bn
48968,NM,9850.0,20251231,61704,73122,61704,FARMERS STATE BANK,28841,12832,909,1855,9106,40820,0.0,9106_20251231,1,1,0.030062880850512123,0.04479450278750162,<1bn
38823,NM,0.0,20251231,43985,49247,43985,ROLETTE STATE BANK,5031,5340,3822,4299,9120,34492,0.0,9120_20251231,1,1,0.0977378651813118,0.18463112424690234,<1bn
88048,NM,29.0,20251231,100423,119525,100423,STATE BANK OF BOTTINEAU,1039,12823,1010,4334,9121,97321,5617.0,9121_20251231,1,1,0.04315744401182996,0.053214900968901545,<1bn
1728786,NM,51616.0,20251231,2193986,2558391,2193986,WESTERN STATE BANK,64467,477276,0,254087,9123,2168483,104734.0,9123_20251231,1,1,0.11581067518206588,0.11581067518206588,1-10bn
314804,NM,6731.0,20251231,448275,508523,448275,OSGOOD BANK,127623,133744,59019,55141,9137,292164,5000.0,9137_20251231,1,1,0.12300708270592828,0.2546651051252022,<1bn
847970,SM,274170.0,20251231,1128690,1292368,1128690,COML&SVG BK MILLERSBURG OH,315362,281163,10417,99063,9139,817521,0.0,9139_20251231,1,1,0.08776812056454829,0.09699740407020528,1-10bn
446506,NM,132733.0,20251231,637791,729554,637791,COUNTYBANK,234645,191466,49904,64777,9155,395315,0.0,9155_20251231,1,1,0.10156461913071838,0.17980968687234533,<1bn
395088,SM,25995.0,20251231,494633,578524,494633,WAYNE COUNTY BANK,61961,101169,0,61141,9168,421090,34430.0,9168_20251231,1,1,0.12360881704213023,0.12360881704213023,<1bn
881257,NM,134310.0,20251231,1314426,1554252,1314426,SECURITY BANK&TRUST CO,315743,436069,0,54360,9172,1078173,82014.0,9172_20251231,1,1,0.041356455213150074,0.041356455213150074,1-10bn
823209,NM,2004.0,20251231,1064007,1374320,1064007,APEX BANK,29327,243932,0,71521,9176,1193867,369138.0,9176_20251231,1,1,0.06721854273515118,0.06721854273515118,1-10bn
68847,NM,8503.0,20251231,81462,95594,81462,UNION BANK&TRUST CO,17338,13290,5914,7408,9179,68712,0.0,9179_20251231,1,1,0.09093810611082467,0.16353637278731187,<1bn
40671,NM,401.0,20251231,49546,55405,49546,BRIGHTON BANK,5087,8991,3718,17314,9189,31711,0.0,9189_20251231,1,1,0.34945303354458485,0.4244944092358616,<1bn
81646,NM,19467.0,20251231,111115,123047,111115,HOME BANKING CO,47604,29628,7815,5240,9196,59896,0.0,9196_20251231,1,1,0.04715834945776898,0.11749088781892633,<1bn
1047429,NM,172711.0,20251231,1682249,2051229,1682249,CENTRAL BANK,554719,656547,368540,26276,9204,1323650,0.0,9204_20251231,1,1,0.015619566425659936,0.23469533939387094,1-10bn
297825,NM,44599.0,20251231,370086,416586,370086,GLENNVILLE BANK,113400,74513,2003,56646,9244,215756,0.0,9244_20251231,1,1,0.15306172078922198,0.15847397631901775,<1bn
234905,NM,88195.0,20251231,377876,448306,377876,BANK OF LAFAYETTE GEORGIA,223179,143760,0,30681,9245,171392,0.0,9245_20251231,1,1,0.08119330150631424,0.08119330150631424,<1bn
145536,NM,70720.0,20251231,166831,215898,166831,FARMERS STB OF HOFFMAN,90202,21472,0,3420,9259,104601,13933.0,9259_20251231,1,1,0.020499787209811125,0.020499787209811125,<1bn
439560,N,87387.0,20251231,554381,625171,554381,STILLMAN BANCCORP N A,276749,116545,21164,49009,9263,284311,0.0,9263_20251231,1,1,0.0884031018379057,0.1265790133500246,<1bn
96623,SM,39203.0,20251231,114682,130210,114682,RUSHVILLE STATE BANK,55173,18205,0,14087,9265,56538,0.0,9265_20251231,1,1,0.12283531853298686,0.12283531853298686,<1bn
55001,NM,0.0,20251231,73375,84122,73375,VILLA GROVE STATE BANK,10989,18476,0,13063,9273,56261,0.0,9273_20251231,1,1,0.17803066439523,0.17803066439523,<1bn
594034,SM,76208.0,20251231,969584,1092796,969584,FIRST BANK OF BERNE,242767,383647,0,32409,9288,777372,22363.0,9288_20251231,1,1,0.03342567534117725,0.03342567534117725,1-10bn
26852,SM,0.0,20251231,30754,35896,30754,FARMERS STATE BANK,11793,4018,10727,10783,9295,12722,0.0,9295_20251231,1,1,0.3506210574234246,0.6994212135006829,<1bn
313481,SM,27832.0,20251231,514050,593773,514050,FARMERS&MERCHANTS SB,135666,201019,29275,11203,9298,427981,0.0,9298_20251231,1,1,0.021793599844373117,0.07874331290730474,<1bn
201858,NM,10637.0,20251231,244414,284908,244414,RELIANCE STATE BANK,69826,51112,17762,8185,9299,192008,0.0,9299_20251231,1,1,0.033488261719868746,0.10616003993224611,<1bn
84299,NM,199.0,20251231,111655,147914,111655,READLYN SAVINGS BANK,32686,27751,2648,14130,9300,95805,0.0,9300_20251231,1,1,0.12655053513053602,0.15026644574806322,<1bn
145759,NM,21877.0,20251231,194464,221290,194464,CITIZENS BANK,48650,49048,0,6752,9306,158268,0.0,9306_20251231,1,1,0.034721079480006585,0.034721079480006585,<1bn
266505,SM,22351.0,20251231,302483,352220,302483,UNITED SOUTHERN BANK,46649,36468,0,18130,9309,272979,0.0,9309_20251231,1,1,0.059937252672050995,0.059937252672050995,<1bn
147009,NM,17663.0,20251231,180036,217167,180036,COMMERCIAL BANK,40038,33500,7600,8873,9310,151225,0.0,9310_20251231,1,1,0.04928458752693906,0.09149836699326801,<1bn
133675,NM,4321.0,20251231,146513,170524,146513,PBK BANK INC,37507,12936,4674,27657,9313,100604,0.0,9313_20251231,1,1,0.18876823217052413,0.2206698381713568,<1bn
104989,NM,0.0,20251231,129503,160187,129503,BANK OF MAYSVILLE,60276,24544,0,2565,9315,88266,0.0,9315_20251231,1,1,0.019806490969321175,0.019806490969321175,<1bn
306172,NM,77204.0,20251231,479875,533315,479875,MERCHANTS&FARMERS B&T CO,165808,174060,10958,75264,9319,266051,0.0,9319_20251231,1,1,0.1568408439697838,0.1796759572805418,<1bn
159204,NM,15656.0,20251231,199239,231237,199239,MARION STATE BANK,41610,40274,0,12607,9320,162382,0.0,9320_20251231,1,1,0.06327576428309718,0.06327576428309718,<1bn
295816,NM,59240.0,20251231,509333,627030,509333,CROSS KEYS BANK,158950,214889,3980,10159,9322,419088,5612.0,9322_20251231,1,1,0.019945693681736702,0.02775983492135793,<1bn
101641,NM,19249.0,20251231,136026,155037,136026,BANK OF WINNFIELD&TRUST CO,55273,34671,0,34463,9323,52966,0.0,9323_20251231,1,1,0.25335597606339966,0.25335597606339966,<1bn
1093690,NM,646394.0,20251231,1142337,1225143,1142337,JONESBORO STATE BANK,1003001,61540,18051,44357,9325,87784,1014958.0,9325_20251231,1,1,0.03883004752537999,0.05463186432725194,1-10bn
195997,NM,16352.0,20251231,261653,296071,261653,WASHINGTON STATE BANK,46392,66932,0,11389,9326,223502,0.0,9326_20251231,1,1,0.04352711415500682,0.04352711415500682,<1bn
251029,NM,78453.0,20251231,341758,467175,341758,FARMERS-MERCHANTS B&T CO,132445,91137,997,66898,9327,244789,0.0,9327_20251231,1,1,0.1957466979558635,0.19866396690055535,<1bn
62903,NM,0.0,20251231,73761,86850,73761,PEOPLES BANK,1768,11089,1681,11228,9328,66349,0.0,9328_20251231,1,1,0.15222136359322677,0.1750111847724407,<1bn
79709,NM,1518.0,20251231,95939,113779,95939,FIRST STB OF LE CENTER,21770,16493,985,7945,9330,74586,0.0,9330_20251231,1,1,0.08281303745088024,0.09307997790262562,<1bn
63554,NM,17871.0,20251231,74474,85096,74474,BANK OF MAPLE PLAIN,39093,11290,0,1195,9332,40851,0.0,9332_20251231,1,1,0.01604586835674195,0.01604586835674195,<1bn
40140,N,48491.0,20251231,44069,118567,44069,BATTLE BANK NATIONAL ASSN,49478,4247,987,20358,9336,4438,0.0,9336_20251231,1,1,0.4619573850098709,0.48435408110009304,<1bn
88552,NM,3834.0,20251231,106879,117590,106879,CITIZENS STB OF WAVERLY INC,38580,18489,5816,12851,9337,59406,0.0,9337_20251231,1,1,0.12023877468913444,0.17465545149187398,<1bn
57002,NM,15400.0,20251231,70596,78514,70596,FARMERS&MERCHANTS STB NY MIL,39123,13740,0,3300,9340,32762,0.0,9340_20251231,1,1,0.04674485806561278,0.04674485806561278,<1bn
34089,NM,9077.0,20251231,37124,39646,37124,FIRST STATE BANK OF FOUNTAIN,20729,3140,918,2049,9349,11187,0.0,9349_20251231,1,1,0.05519340588298675,0.07992134468268505,<1bn
39638,NM,7057.0,20251231,41754,46223,41754,STATE BANK OF LAKE PARK,17407,2250,1214,2635,9351,25468,0.0,9351_20251231,1,1,0.06310772620587249,0.09218278488288548,<1bn
25894,NM,3042.0,20251231,30483,34514,30483,FARMERS STB OF HOFFMAN,10800,4721,1556,3873,9354,15761,0.0,9354_20251231,1,1,0.1270544237771873,0.1780992684447069,<1bn
165449,NM,68375.0,20251231,251733,278104,251733,COMMERCIAL BANK,98502,87314,0,12707,9356,149586,20389.0,9356_20251231,1,1,0.0504780859084824,0.0504780859084824,<1bn
518140,NM,103944.0,20251231,990533,1122434,990533,BANK OF COMMERCE,248477,475043,0,198279,9359,597171,11000.0,9359_20251231,1,1,0.20017404770966743,0.20017404770966743,1-10bn
284260,NM,589.0,20251231,402164,484585,402164,PEOPLES BANK,45122,118157,0,14146,9366,386561,11856.0,9366_20251231,1,1,0.035174704846778926,0.035174704846778926,<1bn
322273,SM,0.0,20251231,458756,526365,458756,BANK OF ADVANCE,67877,137419,17736,39971,9369,395376,5659.0,9369_20251231,1,1,0.08712910566837273,0.12579018040091028,<1bn
360102,NM,4524.0,20251231,408096,467321,408096,F&C BANK,22242,49075,10898,19239,9378,402160,8793.0,9378_20251231,1,1,0.047143319219007294,0.0738478201207559,<1bn
84430,N,32191.0,20251231,97164,112324,97164,BANK OF BROOKFIELD PURDIN NA,71065,12911,3914,8891,9385,23011,0.0,9385_20251231,1,1,0.09150508418755918,0.13178749331027953,<1bn
161770,NM,3084.0,20251231,176144,202935,176144,CORNER STONE BANK,27112,14645,6096,11606,9388,158869,2979.0,9388_20251231,1,1,0.06588927241347987,0.10049732037423927,<1bn
126870,NM,542.0,20251231,200193,234655,200193,BANK OF GRANDIN,66650,74390,0,12264,9392,148607,0.0,9392_20251231,1,1,0.061260883247666,0.061260883247666,<1bn
32149726,N,6246830.0,20251231,52309907,64061947,52309907,VALLEY NATIONAL BANK,7731458,21095047,228487,1565581,9396,49579566,5377702.0,9396_20251231,1,1,0.029928957816728673,0.03429690670258695,10-100bn
21051,SM,0.0,20251231,23918,27289,23918,BANK OF CATTARAUGUS,7027,2872,0,1977,9406,16767,0.0,9406_20251231,1,1,0.08265741282715947,0.08265741282715947,<1bn
410006,N,72705.0,20251231,523810,608515,523810,TIOGA STB NA,159979,114071,20669,33506,9410,375934,5000.0,9410_20251231,1,1,0.06396594184914377,0.1034249059773582,<1bn
31646,NM,0.0,20251231,40618,46972,40618,GRANT COUNTY STATE BANK,0,9006,0,4923,9417,23246,0.0,9417_20251231,1,1,0.12120242257127382,0.12120242257127382,<1bn
222016,NM,7764.0,20251231,277321,327171,277321,UNION BANK,100027,56265,0,5816,9420,201842,15486.0,9420_20251231,1,1,0.02097208649903902,0.02097208649903902,<1bn
43797,NM,5717.0,20251231,61314,72205,61314,CITIZENS STB OF LANKIN,15709,17661,0,1428,9422,51074,6102.0,9422_20251231,1,1,0.023289950092964088,0.023289950092964088,<1bn
3695677,NM,1359287.0,20251231,5131463,5954318,5131463,CHOICE FINANCIAL GROUP,2177206,1440617,13687,325227,9423,3142065,1256455.0,9423_20251231,1,1,0.06337900127117745,0.0660462717942232,1-10bn
778351,NM,238693.0,20251231,1040353,1151176,1040353,FIRST STATE BANK,471982,262717,6654,65706,9437,556517,73382.0,9437_20251231,1,1,0.06315740907172854,0.06955331507670955,1-10bn
16144,NM,1000.0,20251231,19614,21868,19614,MT VICTORY STATE BANK,2649,3490,99,4204,9438,13573,0.0,9438_20251231,1,1,0.2143366982767411,0.21938411338839606,<1bn
50149,NM,5771.0,20251231,59515,67808,59515,PEOPLES SAVINGS BANK,26158,9384,1675,2522,9439,33830,0.0,9439_20251231,1,1,0.04237587162900109,0.07052003696547089,<1bn
171722,NM,23512.0,20251231,199111,298680,199111,FIRST BANK OF OHIO,48264,28743,0,3697,9450,199384,61150.0,9450_20251231,1,1,0.018567532682774935,0.018567532682774935,<1bn
601161,SM,96239.0,20251231,987697,1180148,987697,NORTH SIDE BANK&TRUST CO,247773,387211,4996,156462,9457,736851,0.0,9457_20251231,1,1,0.15841092966770173,0.16346916108887644,1-10bn
234762,NM,9833.0,20251231,303425,354811,303425,FARMERS&MERCHANTS BANK,48172,67611,0,2261,9462,282562,13054.0,9462_20251231,1,1,0.0074515942984263,0.0074515942984263,<1bn
562558,NM,0.0,20251231,657198,851705,657198,UNIFIED BANK,234205,95252,0,46381,9463,487110,0.0,9463_20251231,1,1,0.07057386054126763,0.07057386054126763,<1bn
426938,SM,122197.0,20251231,528720,630816,528720,ALVA STATE BANK&TRUST CO,234647,103011,8319,31440,9465,326299,71050.0,9465_20251231,1,1,0.05946436677258284,0.07519859282796187,<1bn
201450,NM,0.0,20251231,244203,286582,244203,VALOR BANK,0,43060,0,31701,9467,248572,4106.0,9467_20251231,1,1,0.12981413004754241,0.12981413004754241,<1bn
299885,NM,3184.0,20251231,370140,433974,370140,WELCH STB OF WELCH OKLA,96320,70709,18903,10783,9472,300078,64637.0,9472_20251231,1,1,0.029132220240989895,0.08020208569730372,<1bn
199505,NM,0.0,20251231,226510,264025,226510,CLACKAMAS COUNTY BANK,70217,27101,0,38630,9486,145264,0.0,9486_20251231,1,1,0.1705443468279546,0.1705443468279546,<1bn
276714,SM,4871.0,20251231,357075,410719,357075,PEOPLES BANK,24476,80924,0,35975,9489,302798,5000.0,9489_20251231,1,1,0.10074914233704403,0.10074914233704403,<1bn
773860,NM,259776.0,20251231,845555,953615,845555,THREAD BANK,363802,78395,0,123516,9499,364618,69351.0,9499_20251231,1,1,0.1460768371069889,0.1460768371069889,<1bn
62784,NM,6959.0,20251231,109725,154051,109725,MOVEMENT BANK,13458,47051,0,16767,9502,114737,501.0,9502_20251231,1,1,0.1528092959671907,0.1528092959671907,<1bn
456880,SM,10488.0,20251231,547774,613864,547774,BANK OF MARION,138293,91134,11401,16989,9507,414052,0.0,9507_20251231,1,1,0.031014615516618167,0.05182794364099063,<1bn
158342,NM,30178.0,20251231,200018,231615,200018,CLEVELAND STATE BANK,56065,42534,0,7998,9517,155582,4837.0,9517_20251231,1,1,0.03998640122388985,0.03998640122388985,<1bn
115479,SM,2094.0,20251231,149871,191749,149871,BRISTOL MORGAN BANK,16697,34583,1251,4732,9523,156117,10718.0,9523_20251231,1,1,0.03157382015199738,0.03992099872557066,<1bn
109767,NM,0.0,20251231,131252,149080,131252,PINERIES BANK,5922,22112,100,41269,9526,94279,0.0,9526_20251231,1,1,0.31442568494194373,0.31518757809404807,<1bn
209683,NM,918.0,20251231,262812,331793,262812,STATE BANK OF NEWBURG,19790,53458,0,18474,9529,275436,16942.0,9529_20251231,1,1,0.07029359389982193,0.07029359389982193,<1bn
414294,NM,116219.0,20251231,593782,639346,593782,COMMUNITY STATE BANK,186158,179653,0,12904,9536,329311,0.0,9536_20251231,1,1,0.021731881397549942,0.021731881397549942,<1bn
70205,NM,2189.0,20251231,84747,109703,84747,LOCAL BANK,2708,18994,0,19163,9614,80619,0.0,9614_20251231,1,1,0.22612009864655977,0.22612009864655977,<1bn
101981,NM,13062.0,20251231,138150,154084,138150,SWEET WATER STATE BANK,33297,36437,0,7259,9615,74898,0.0,9615_20251231,1,1,0.05254433586681144,0.05254433586681144,<1bn
411508,NM,72337.0,20251231,733421,815467,733421,FIRST BANK,222032,322050,42908,68572,9620,477398,0.0,9620_20251231,1,1,0.09349609569401476,0.15200001090778692,<1bn
2227607,SM,299668.0,20251231,3755780,4383270,3755780,CAPITAL CITY BANK,1013271,1742213,463046,529971,9622,2536812,0.0,9622_20251231,1,1,0.14110810537358418,0.26439700940949684,1-10bn
314625,NM,48826.0,20251231,358186,404883,358186,ALLIANCE COMMUNITY BANK,106088,43794,13588,21052,9631,250174,0.0,9631_20251231,1,1,0.05877393309621258,0.09670953080243226,<1bn
579507,NM,31946.0,20251231,699944,839333,699944,FORTRESS BANK,83320,122145,0,52921,9632,645698,35919.0,9632_20251231,1,1,0.07560747716960214,0.07560747716960214,<1bn
432227,NM,1344.0,20251231,627356,696309,627356,CITIZENS BANK,183224,195540,4065,38450,9647,454073,0.0,9647_20251231,1,1,0.0612889651170946,0.06776853971269901,<1bn
69051,NM,5311.0,20251231,80303,88056,80303,CITIZENS STB OF CHENEY KS,17690,11384,0,8786,9658,58997,0.0,9658_20251231,1,1,0.10941060732475748,0.10941060732475748,<1bn
93552,NM,0.0,20251231,119640,140343,119640,STATE BANK OF DOWNS,9740,26440,9432,4453,9659,84439,0.0,9659_20251231,1,1,0.03721999331327315,0.11605650284185891,<1bn
46444,SM,10210.0,20251231,53790,64627,53790,BANK OF HOLYROOD,16917,7543,0,2120,9661,39569,5000.0,9661_20251231,1,1,0.03941253021007622,0.03941253021007622,<1bn
223988,NM,719.0,20251231,271104,322348,271104,KAW VALLEY BANK,21528,47865,20809,17977,9665,253098,5649.0,9665_20251231,1,1,0.06631034584513693,0.1430668673276676,<1bn
85581,NM,2566.0,20251231,101117,115674,101117,FREDONIA VALLEY BANK,23412,15906,0,11059,9669,71753,0.0,9669_20251231,1,1,0.10936835546940672,0.10936835546940672,<1bn
76733,NM,0.0,20251231,88225,101337,88225,OWINGSVILLE BANKING CO,13112,11811,981,4197,9672,75224,6000.0,9672_20251231,1,1,0.047571550014168316,0.05869084726551431,<1bn
829763,NM,14402.0,20251231,984428,1137917,984428,EDMONTON STATE BANK,64230,159902,37328,153802,9678,867609,0.0,9678_20251231,1,1,0.1562348897024465,0.19415335606057527,1-10bn
14347321,NM,2219361.0,20251231,20256765,24909975,20256765,ROCKLAND TRUST CO,3304855,6518366,571955,772944,9712,18349809,6000.0,9712_20251231,1,1,0.038157326700487465,0.06639258539060901,10-100bn
420336,SM,26863.0,20251231,965146,1088968,965146,OXFORD BANK,116353,545936,74148,264741,9719,653245,37319.0,9719_20251231,1,1,0.2743015046428209,0.35112718697482037,1-10bn
66395,NM,3387.0,20251231,78018,87191,78018,CONCORDE BANK,3607,12002,0,16180,9727,65736,0.0,9727_20251231,1,1,0.20738803865774566,0.20738803865774566,<1bn
92052,NM,8878.0,20251231,117051,154251,117051,FIRST SECURITY BANK,25231,25341,388,6090,9728,118311,29111.0,9728_20251231,1,1,0.052028602916677345,0.05534339732253462,<1bn
58662,NM,0.0,20251231,68348,76251,68348,VANTAGE BANK,51,10017,0,1035,9733,71722,2002.0,9733_20251231,1,1,0.01514309123895359,0.01514309123895359,<1bn
59222,NM,590.0,20251231,84511,126128,84511,STATE BANK OF NEW RICHLAND,7331,25593,0,3273,9735,111463,13176.0,9735_20251231,1,1,0.03872868620652933,0.03872868620652933,<1bn
570503,NM,10762.0,20251231,752502,892840,752502,MIDWEST BANK,56745,183047,15041,18077,9737,792240,9685.0,9737_20251231,1,1,0.024022527514877035,0.04401051425776942,<1bn
150839,NM,13679.0,20251231,182929,208596,182929,HOME STATE BANK,71310,37408,1478,9346,9745,118263,498.0,9745_20251231,1,1,0.05109086038845673,0.05917049784342559,<1bn
134126,N,10392.0,20251231,148146,168823,148146,NORTHWESTERN BANK NA,21838,14373,2509,18576,9746,120553,1768.0,9746_20251231,1,1,0.12538981815236322,0.142325813724299,<1bn
44595,NM,1562.0,20251231,49920,58729,49920,VERGAS STATE BANK,11650,5486,4009,10967,9747,34169,0.0,9747_20251231,1,1,0.21969150641025642,0.3,<1bn
389346,NM,147129.0,20251231,658596,875946,658596,21ST CENTURY BANK,193613,270192,0,7576,9751,654987,0.0,9751_20251231,1,1,0.011503258446756433,0.011503258446756433,<1bn
31338,NM,234.0,20251231,36993,44062,36993,MARSHALL COUNTY STATE BANK,21960,5806,21726,8058,9752,13665,0.0,9752_20251231,1,1,0.21782499391776822,0.8051252939745357,<1bn
385733,NM,11850.0,20251231,471363,542715,471363,COMMUNITY BANK MANKATO,26779,88892,14528,11610,9760,476804,0.0,9760_20251231,1,1,0.024630698633537212,0.05545195528711418,<1bn
133253,NM,9656.0,20251231,144075,151579,144075,FIRST STB OF ROSEMOUNT,27602,11616,0,3280,9769,107224,22977.0,9769_20251231,1,1,0.022765920527503036,0.022765920527503036,<1bn
289404,SM,86907.0,20251231,336840,396845,336840,FIRST STATE BANK SOUTHWEST,144143,48761,0,10674,9770,220037,0.0,9770_20251231,1,1,0.031688635553972215,0.031688635553972215,<1bn
107129,NM,10946.0,20251231,124124,141722,124124,SECURITY STB OF WARROAD,52380,17238,0,9990,9773,64903,10195.0,9773_20251231,1,1,0.08048403209693532,0.08048403209693532,<1bn
212943,SM,63287.0,20251231,299938,328913,299938,BANK OF KILMICHAEL,103325,87753,0,17474,9775,193682,0.0,9775_20251231,1,1,0.05825870679940521,0.05825870679940521,<1bn
64919,NM,3822.0,20251231,86228,101243,86228,CITIZENS BANK&TRUST CO,9431,21512,1493,19885,9777,62204,0.0,9777_20251231,1,1,0.23060954678294754,0.24792410817831795,<1bn
221638,NM,25231.0,20251231,341849,372554,341849,BLOOMSDALE BANK,93827,120809,0,4612,9788,252591,0.0,9788_20251231,1,1,0.013491336818302817,0.013491336818302817,<1bn
95994,NM,0.0,20251231,132110,150189,132110,COMMERCIAL TR CO OF FAYETTE,8447,36205,0,32799,9791,105519,0.0,9791_20251231,1,1,0.24827038074331997,0.24827038074331997,<1bn
224117,NM,567.0,20251231,279128,316038,279128,KEARNEY TRUST CO,104683,56091,47514,38928,9794,168359,0.0,9794_20251231,1,1,0.13946289874179588,0.30968587887994037,<1bn
876567,NM,30764.0,20251231,1070420,1196604,1070420,M1 BANK,30764,200164,0,147894,9797,919280,370853.0,9797_20251231,1,1,0.13816445881056033,0.13816445881056033,1-10bn
440743,NM,0.0,20251231,545558,649834,545558,BANK OF ODESSA,75524,107793,73814,98988,9803,457143,0.0,9803_20251231,1,1,0.18144358619981743,0.3167435909655802,<1bn
45104,NM,0.0,20251231,50681,69569,50681,ADAMS STATE BANK,13461,5693,0,2734,9812,50985,0.0,9812_20251231,1,1,0.05394526548410647,0.05394526548410647,<1bn
70663,NM,18540.0,20251231,88390,104961,88390,PLATTE VALLEY BANK,35526,17933,1939,13248,9818,53986,0.0,9818_20251231,1,1,0.1498812082814798,0.17181807896820908,<1bn
45331,NM,0.0,20251231,57705,71365,57705,NEBRASKA STATE BANK,1502,13921,964,4579,9819,51950,7014.0,9819_20251231,1,1,0.0793518759206308,0.09605753400918464,<1bn
106446,NM,0.0,20251231,112766,142850,112766,STATE BANK OF TABLE ROCK,1615,6602,0,6024,9822,126282,0.0,9822_20251231,1,1,0.05342035719986521,0.05342035719986521,<1bn
320337,SM,24247.0,20251231,377561,447921,377561,ALDEN STATE BANK,72312,57762,22701,48997,9831,296952,0.0,9831_20251231,1,1,0.12977240763744136,0.18989779135027188,<1bn
240882000,NM,98612000.0,20251231,409427000,539519000,409427000,TRUIST BANK,112336000,177552000,12518000,36256000,9846,325296000,29835000.0,9846_20251231,1,1,0.08855302654685696,0.11912746350387249,>=100bn
256140,SM,47348.0,20251231,491268,543685,491268,ST HENRY BANK,144358,235376,3944,54130,9871,252736,0.0,9871_20251231,1,1,0.1101842578796095,0.11821246244412419,<1bn
42178,NM,0.0,20251231,55085,63307,55085,BANK360,1232,13043,0,653,9875,51003,0.0,9875_20251231,1,1,0.01185440682581465,0.01185440682581465,<1bn
33878,NM,14562.0,20251231,47743,52493,47743,FIRST STATE BANK,25149,13890,997,2892,9879,17402,0.0,9879_20251231,1,1,0.06057432503194186,0.0814569675135622,<1bn
104182,NM,2095.0,20251231,131245,152189,131245,SECURITY BANK&TRUST CO,13106,27323,0,10268,9881,120783,20036.0,9881_20251231,1,1,0.07823536134709894,0.07823536134709894,<1bn
725914,NM,112737.0,20251231,980758,1162379,980758,DIME BANK,228309,255788,0,53194,9888,810980,51503.0,9888_20251231,1,1,0.0542376406820031,0.0542376406820031,1-10bn
4227622,NM,385816.0,20251231,5220516,6116848,5220516,MID PENN BANK,769018,1003760,0,97910,9889,4830415,97452.0,9889_20251231,1,1,0.018754851053037667,0.018754851053037667,1-10bn
1687023,NM,122403.0,20251231,1946455,2207970,1946455,ANDERSON BROTHERS BANK,191318,262000,0,166922,9923,1739672,264370.0,9923_20251231,1,1,0.0857569273371334,0.0857569273371334,1-10bn
152601,NM,13800.0,20251231,211518,255446,211518,COMMERCIAL STB OF WAGNER,85942,59331,1973,4742,9932,156458,0.0,9932_20251231,1,1,0.02241889579137473,0.0317467071360357,<1bn
203272,NM,25579.0,20251231,272616,337276,272616,RIVERS EDGE BANK,62320,69803,19867,6564,9935,254619,8009.0,9935_20251231,1,1,0.024077823752090853,0.09695322358188807,<1bn
1040226,NM,89502.0,20251231,1366308,1549080,1366308,F&M BANK,152890,328381,5323,108823,9963,1143295,20000.0,9963_20251231,1,1,0.07964748797489292,0.08354338845999584,1-10bn
385789,SM,2586.0,20251231,555828,672666,555828,AMERICAN STATE BANK,19714,170422,0,124023,9967,478447,25166.0,9967_20251231,1,1,0.2231319760789309,0.2231319760789309,<1bn
628865,NM,617796.0,20251231,1573084,1788521,1573084,FIRST STATE BANK OF UVALDE,643191,947865,0,427244,9978,663633,0.0,9978_20251231,1,1,0.2715964309598216,0.2715964309598216,1-10bn
69813,SM,0.0,20251231,76828,92762,76828,FARMERS&MERCHANTS BK CRAIG C,27527,7198,27527,3216,9986,59543,0.0,9986_20251231,1,1,0.041859738636955274,0.4001535898370386,<1bn
432483,NM,37413.0,20251231,519123,562182,519123,JEFFERSON SECURITY BANK,104252,87215,0,30808,9997,401786,25064.0,9997_20251231,1,1,0.059346243568479916,0.059346243568479916,<1bn
178494,NM,10388.0,20251231,211644,236765,211644,CAPON VALLEY BANK,35468,33353,2480,12715,9998,172806,0.0,9998_20251231,1,1,0.060077299616336864,0.07179508986789136,<1bn
183507,NM,24481.0,20251231,219564,261034,219564,ERGO BANK,36088,37285,2017,8382,10004,203401,15843.0,10004_20251231,1,1,0.03817565721156474,0.04736204477965422,<1bn
342043,NM,54151.0,20251231,390422,509049,390422,WOODFORD STATE BANK,96884,49604,1958,6797,10011,380040,9157.0,10011_20251231,1,1,0.017409367299998462,0.022424453540015675,<1bn
130170,NM,7361.0,20251231,180130,215689,180130,PORTAGE COUNTY BANK,63837,50297,0,19209,10012,123098,0.0,10012_20251231,1,1,0.10663964914228613,0.10663964914228613,<1bn
175578,NM,1124.0,20251231,196238,231630,196238,SECURITY BANK,4218,21044,0,7590,10015,205353,44210.0,10015_20251231,1,1,0.03867752423078099,0.03867752423078099,<1bn
1345737,N,731977.0,20251231,2301942,2920038,2301942,NATIONAL EXCHANGE BANK&TRUST,1050810,960656,19963,91844,10044,1662185,0.0,10044_20251231,1,1,0.03989848571336724,0.04857072854137941,1-10bn
187441,NM,21195.0,20251231,288457,327683,288457,FIRST SOUTHERN BANK,65418,101348,4806,13076,10055,229327,0.0,10055_20251231,1,1,0.04533084653865221,0.06199190867269645,<1bn
62717,NM,5772.0,20251231,72350,86116,72350,BANK OF HANCOCK COUNTY,47217,9726,0,17422,10057,18789,0.0,10057_20251231,1,1,0.2408016586040083,0.2408016586040083,<1bn
87023,NM,11428.0,20251231,123552,145425,123552,PLANTERS&CITIZENS BANK,34703,37086,0,16938,10072,76985,3500.0,10072_20251231,1,1,0.1370920745920746,0.1370920745920746,<1bn
51796,NM,4409.0,20251231,70659,76580,70659,APEX BANKING CO OF GEORGIA,18449,18952,0,2106,10074,36989,0.0,10074_20251231,1,1,0.02980512036683225,0.02980512036683225,<1bn
32880,NM,686.0,20251231,41204,46921,41204,PEOPLES STATE BANK OF COLFAX,14912,8368,0,11517,10075,19843,0.0,10075_20251231,1,1,0.2795116978934084,0.2795116978934084,<1bn
20539,NM,0.0,20251231,25938,37148,25938,FARMERS STATE BANK OF EMDEN,21348,5452,2001,1997,10077,13129,0.0,10077_20251231,1,1,0.07699128691495104,0.15413678772457398,<1bn
361963,NM,0.0,20251231,427004,483356,427004,NAPOLEON STATE BANK,78871,66741,12650,45267,10101,338424,0.0,10101_20251231,1,1,0.10601071652724564,0.1356357317495855,<1bn
276653,NM,11490.0,20251231,403770,481985,403770,OHNWARD BANK&TRUST,80844,129555,27357,13588,10111,363819,0.0,10111_20251231,1,1,0.033652822151224705,0.10140674146172325,<1bn
199567,NM,11498.0,20251231,246685,290870,246685,LEIGHTON STATE BANK,53676,48099,1980,4357,10118,211187,3.0,10118_20251231,1,1,0.017662200782374283,0.02568863125038004,<1bn
20000,NM,43.0,20251231,26072,30950,26072,AMERICAN TRUST&SAVINGS BANK,19307,6127,0,3074,10120,5870,1000.0,10120_20251231,1,1,0.11790426511199754,0.11790426511199754,<1bn
108862,NM,98.0,20251231,145762,181110,145762,LIBERTY TRUST&SAVINGS BANK,50875,37085,5838,12066,10121,107024,0.0,10121_20251231,1,1,0.08277877636146595,0.12283036731109617,<1bn
163571,NM,81003.0,20251231,192614,212505,192614,FARMERS SAVINGS BANK&TRUST,84095,29512,3026,3195,10122,114658,0.0,10122_20251231,1,1,0.01658757930368509,0.032297756134029715,<1bn
106176,NM,2018.0,20251231,144430,159742,144430,CITIZENS SAVINGS BANK,74730,38561,20140,9024,10125,70862,0.0,10125_20251231,1,1,0.06248009416326248,0.20192480786540193,<1bn
159342,NM,0.0,20251231,224411,269686,224411,SUCCESS BANK,32586,65222,25326,10403,10127,213412,1.0,10127_20251231,1,1,0.04635690763821738,0.15921233807611926,<1bn
86802,NM,2615.0,20251231,115847,146278,115847,EXCHANGE STATE BANK,12139,29504,0,7138,10132,123645,5000.0,10132_20251231,1,1,0.06161575181057775,0.06161575181057775,<1bn
189628,NM,12985.0,20251231,217012,244877,217012,COMMERCIAL BANK OF GRAYSON,76207,27644,31154,16512,10137,147015,0.0,10137_20251231,1,1,0.07608795826958878,0.21964683980609367,<1bn
14538,NM,0.0,20251231,15627,23377,15627,HART COUNTY BANK&TRUST CO,987,1413,0,3524,10145,17889,0.0,10145_20251231,1,1,0.2255071350867089,0.2255071350867089,<1bn
278362,NM,29750.0,20251231,337346,385777,337346,SHELBY STATE BANK,125610,59113,17799,24931,10157,213815,0.0,10157_20251231,1,1,0.07390335145518251,0.12666520427098588,<1bn
252382,NM,34221.0,20251231,430370,473210,430370,FIRST STATE BANK&TRUST,85144,178915,21290,68919,10159,298547,5000.0,10159_20251231,1,1,0.160138950205637,0.20960801171085344,<1bn
528015,N,0.0,20251231,531541,747739,531541,VERSABANK USA NATIONAL ASSN,161007,5928,67335,186284,10160,387562,475264.0,10160_20251231,1,1,0.3504602655298462,0.47713911062363956,<1bn
77326,NM,84.0,20251231,96343,109350,96343,FIRST STATE BANK MINNESOTA,6991,19211,4791,8207,10162,80038,3858.0,10162_20251231,1,1,0.08518522362807884,0.13491379757740574,<1bn
172037,NM,1.0,20251231,205760,232117,205760,SECURITY STB OF MARINE,25977,34425,23410,31919,10163,172431,0.0,10163_20251231,1,1,0.15512733281493002,0.26890066096423015,<1bn
270737,NM,45718.0,20251231,314130,342395,314130,FARMERS&MERCHANTS STB PIERZ,102420,43846,0,16537,10165,210739,0.0,10165_20251231,1,1,0.05264380988762614,0.05264380988762614,<1bn
205944,NM,43256.0,20251231,251314,286519,251314,CITIZENS STB OF ROSEAU,115470,46180,0,3922,10167,161450,5766.0,10167_20251231,1,1,0.01560597499542405,0.01560597499542405,<1bn
327552,NM,3501.0,20251231,441770,490474,441770,FIRST FARMERS&MERCHANTS BANK,143365,115286,47898,44619,10168,290855,0.0,10168_20251231,1,1,0.10100052063290853,0.2094234556443398,<1bn
232319,NM,24673.0,20251231,278896,337420,278896,SHERBURNE STATE BANK,35737,47059,7944,3884,10169,261208,11046.0,10169_20251231,1,1,0.013926338133210946,0.04241007400608112,<1bn
81814,NM,6103.0,20251231,99727,113514,99727,FARMERS STB OF UNDERWOOD,12433,18049,5119,11204,10174,85448,0.0,10174_20251231,1,1,0.11234670650876893,0.1636768377671042,<1bn
98268,NM,21878.0,20251231,136180,151305,136180,SECURITY STB OF HIBBING,42404,38049,5728,8487,10175,93119,3000.0,10175_20251231,1,1,0.06232192686150683,0.10438390365692465,<1bn
88789,NM,0.0,20251231,101054,113586,101054,PRODUCE STATE BANK,42758,12285,36833,6601,10178,57169,0.0,10178_20251231,1,1,0.06532151127120153,0.42980980465889523,<1bn
52093,NM,2031.0,20251231,67207,76548,67207,ELYSIAN BANK,3573,15307,929,14015,10185,54934,0.0,10185_20251231,1,1,0.2085348252414183,0.22235779011114915,<1bn
34244,NM,455.0,20251231,46388,54598,46388,NORTHERN STB OF GONVICK,28732,12259,28277,7980,10187,17501,0.0,10187_20251231,1,1,0.17202724842631714,0.7816030007760628,<1bn
120313,NM,0.0,20251231,181308,210104,181308,PRINSBANK,15197,61486,14229,52913,10191,136937,0.0,10191_20251231,1,1,0.29184040417411256,0.3703201182518146,<1bn
146104,NM,62.0,20251231,172496,188292,172496,PINE RIVER STATE BANK,58100,27702,40184,22794,10194,98882,0.0,10194_20251231,1,1,0.13214219460161394,0.36509832112048973,<1bn
83649,NM,1814.0,20251231,94392,105034,94392,HOMETOWN COMMUNITY BANK,10388,11405,8085,5420,10197,86773,0.0,10197_20251231,1,1,0.05742012034918213,0.14307356555640308,<1bn
30556,NM,0.0,20251231,32337,37682,32337,STATE BANK OF JEFFERS,11875,1908,11811,800,10200,19747,0.0,10200_20251231,1,1,0.024739462535176424,0.38998670253888734,<1bn
57515,NM,0.0,20251231,71758,87633,71758,LOWRY STATE BANK,506,14388,493,5864,10202,78727,0.0,10202_20251231,1,1,0.0817191114579559,0.0885894255692745,<1bn
143184,NM,6357.0,20251231,165086,229767,165086,COMMERCE BANK,25104,22066,0,7083,10212,192773,71088.0,10212_20251231,1,1,0.04290491016803363,0.04290491016803363,<1bn
557989,NM,172244.0,20251231,808694,931245,808694,VERMILLION STATE BANK,434252,253796,89175,70039,10214,408493,0.0,10214_20251231,1,1,0.0866075425315385,0.19687792910544655,<1bn
210004,NM,71580.0,20251231,293543,322185,293543,CITIZENS BANK&TRUST CO,130954,83934,0,4479,10218,162636,2500.0,10218_20251231,1,1,0.015258411885141189,0.015258411885141189,<1bn
110476,NM,6922.0,20251231,152505,178390,152505,GOOSE RIVER BANK,20893,42559,0,9024,10236,128063,10000.0,10236_20251231,1,1,0.05917183043178912,0.05917183043178912,<1bn
74071,NM,14394.0,20251231,108508,116970,108508,FIRST STATE BANK OF GOLVA,43529,34561,2849,4069,10243,45745,0.0,10243_20251231,1,1,0.03749953920448262,0.06375566778486379,<1bn
3344072,NM,293547.0,20251231,5455407,6161111,5455407,FIRST INTERNATIONAL B&T,597552,2121266,0,591040,10248,4677738,53.0,10248_20251231,1,1,0.1083402209954271,0.1083402209954271,1-10bn
126706,NM,4293.0,20251231,165951,189075,165951,PEOPLES STATE BANK OF VELVA,39693,40388,3118,2844,10250,137574,14107.0,10250_20251231,1,1,0.0171375888063344,0.03592626739218203,<1bn
49308,NM,3895.0,20251231,61956,70374,61956,FIRST SECURITY BANK WEST,22171,12727,11166,14215,10253,29930,0.0,10253_20251231,1,1,0.22943701982051778,0.40966169539673314,<1bn
495874,NM,293217.0,20251231,781594,845174,781594,OLD FORT BANKING CO,314135,286472,0,32449,10255,478086,0.0,10255_20251231,1,1,0.041516439481367566,0.041516439481367566,<1bn
210634,NM,1466.0,20251231,289092,331106,289092,CITIZENS BANK CO,117107,78801,0,7462,10266,185619,14180.0,10266_20251231,1,1,0.025811852282318432,0.025811852282318432,<1bn
90861,NM,6784.0,20251231,114211,133594,114211,FARMERS&MERCHANTS BANK,37487,23493,5320,9301,10280,79337,0.0,10280_20251231,1,1,0.08143698943184106,0.12801744140231677,<1bn
1287780,NM,93209.0,20251231,2031095,2304592,2031095,BUILTWELL BANK,217357,753915,90744,400798,10307,1541269,0.0,10307_20251231,1,1,0.19733099633448953,0.24200837479290727,1-10bn
719909,SM,40350.0,20251231,947061,1095717,947061,BANK OF FAYETTE COUNTY,77102,233628,16101,82888,10308,888187,0.0,10308_20251231,1,1,0.087521289547347,0.10452230637730832,1-10bn
64665,SM,26842.0,20251231,128025,139498,128025,BANK OF HALLS,43275,63772,0,28454,10315,56264,0.0,10315_20251231,1,1,0.22225346611989846,0.22225346611989846,<1bn
184769,NM,53128.0,20251231,242087,272647,242087,CITIZENS B&T GRAINGER CNTY,130086,57736,0,16377,10317,112040,0.0,10317_20251231,1,1,0.06764923354000835,0.06764923354000835,<1bn
124195,NM,1840.0,20251231,164799,183222,164799,CITIZENS SAVINGS B&T CO,6829,40922,3026,15542,10319,157170,0.0,10319_20251231,1,1,0.0943088246894702,0.11267058659336525,<1bn
47413,NM,5249.0,20251231,51409,63133,51409,CITIZENS STB OF LULING,6479,4035,0,4177,10327,50931,0.0,10327_20251231,1,1,0.08125036472213036,0.08125036472213036,<1bn
62672,NM,7461.0,20251231,107794,120357,107794,COMMERCIAL STATE BANK,60287,45131,24915,10819,10330,42946,0.0,10330_20251231,1,1,0.10036736738593985,0.33150268103976105,<1bn
401489,NM,31473.0,20251231,658082,770199,658082,SCHERTZ BANK&TRUST,36196,258724,3958,95441,10344,609279,0.0,10344_20251231,1,1,0.14502903893435773,0.15104348698186548,<1bn
116243,NM,13314.0,20251231,162846,187410,162846,PEOPLES STATE BANK,64764,46665,0,17222,10345,96056,7188.0,10345_20251231,1,1,0.10575635876840696,0.10575635876840696,<1bn
38536,SM,2901.0,20251231,48378,54503,48378,CROWELL STATE BANK,12870,9966,1992,11048,10352,27918,0.0,10352_20251231,1,1,0.22836826656744802,0.2695440076067634,<1bn
1653806,NM,204630.0,20251231,2354756,2744329,2354756,CITIZENS&FARMERS BANK,464203,710450,4887,79917,10363,2054288,24981.0,10363_20251231,1,1,0.03393854819777506,0.03601392246160536,1-10bn
82584,NM,5642.0,20251231,116093,133257,116093,BANNER BANKS,16039,33618,9987,73371,10374,27632,0.0,10374_20251231,1,1,0.632001929487566,0.718027788066464,<1bn
549982,NM,70462.0,20251231,635934,813336,635934,BANK OF NEW GLARUS,129682,87194,0,10387,10378,610149,0.0,10378_20251231,1,1,0.016333455987571036,0.016333455987571036,<1bn
298748,NM,14220.0,20251231,383126,433545,383126,OOSTBURG STATE BANK,86788,86139,0,3027,10380,298681,5.0,10380_20251231,1,1,0.007900795038707893,0.007900795038707893,<1bn
111556,NM,29960.0,20251231,146524,174001,146524,FARMERS&MERCHANTS BANK&TRUST,44646,35380,0,6027,10382,117977,0.0,10382_20251231,1,1,0.04113319319701892,0.04113319319701892,<1bn
283473,SM,51866.0,20251231,406657,519820,406657,STATE BANK FINANCIAL,124536,123369,2403,40320,10383,325895,0.0,10383_20251231,1,1,0.09914989782544012,0.10505905468244738,<1bn
270830,NM,3301.0,20251231,300266,350581,300266,WAUMANDEE STATE BANK,50312,30618,10732,22181,10384,259141,0.0,10384_20251231,1,1,0.07387116756475924,0.10961280997515536,<1bn
67027,NM,0.0,20251231,90090,113355,90090,FARMERS STATE BANK OF BRUSH,38872,23249,2495,4419,10407,62658,0.0,10407_20251231,1,1,0.049050949050949054,0.07674547674547674,<1bn
211199,NM,26901.0,20251231,282111,323043,282111,STATE BANK OF GRAYMONT,96992,71314,21579,7545,10434,185349,0.0,10434_20251231,1,1,0.02674479194359667,0.10323596031349362,<1bn
54056,NM,0.0,20251231,67847,77527,67847,FIRST STATE BANK OF OLMSTED,20970,13396,3013,4898,10437,47994,0.0,10437_20251231,1,1,0.07219184341238374,0.11660058661399915,<1bn
202265,NM,11516.0,20251231,220052,249367,220052,RARITAN STATE BANK,47208,18731,3209,6490,10438,180144,0.0,10438_20251231,1,1,0.029493028920436988,0.04407594568556523,<1bn
123438,NM,0.0,20251231,174681,195909,174681,FREDERICK COMMUNITY BANK THE,70581,51337,48429,18830,10446,99394,0.0,10446_20251231,1,1,0.10779649761565367,0.3850390139740441,<1bn
101504,NM,15953.0,20251231,122000,134146,122000,FARMERS STATE BANK&TRUST CO,25074,20916,0,10826,10458,90867,0.0,10458_20251231,1,1,0.08873770491803279,0.08873770491803279,<1bn
177939,NM,0.0,20251231,243066,283670,243066,TOWN&COUNTRY BANK MIDWEST,27229,65432,7881,52620,10460,196245,0.0,10460_20251231,1,1,0.21648441164128263,0.24890770408037324,<1bn
33443,NM,0.0,20251231,38243,45698,38243,MIDDLETOWN STATE BANK,4750,4989,1501,4507,10463,32417,0.0,10463_20251231,1,1,0.11785163297858432,0.15710064586983238,<1bn
87635,NM,16583.0,20251231,113985,134806,113985,FEDERATED BANK,30655,26454,0,8091,10464,80792,0.0,10464_20251231,1,1,0.07098302408211607,0.07098302408211607,<1bn
143050,NM,14257.0,20251231,161818,189640,161818,GIFFORD STATE BANK,16445,18903,0,23469,10467,139116,0.0,10467_20251231,1,1,0.1450333090261899,0.1450333090261899,<1bn
38804,NM,0.0,20251231,43072,52395,43072,FARMERS&MERCHANTS BK HUTSONV,5900,4306,0,7367,10469,35718,0.0,10469_20251231,1,1,0.17103919019316494,0.17103919019316494,<1bn
34383,SM,31867.0,20251231,42086,57559,42086,CAMP GROVE STATE BANK,33291,7736,0,5006,10471,15382,3250.0,10471_20251231,1,1,0.1189469182150834,0.1189469182150834,<1bn
126999,NM,270.0,20251231,176485,217954,176485,IPAVA STATE BANK,43708,49717,11573,22298,10473,144040,0.0,10473_20251231,1,1,0.1263450151570955,0.19191999320055528,<1bn
327275,NM,57349.0,20251231,447671,497871,447671,CITIZENS STATE BANK,115727,120725,1943,55229,10474,292979,0.0,10474_20251231,1,1,0.12336961741993563,0.12770985835580148,<1bn
73975,NM,6655.0,20251231,101740,123102,101740,FARMERS&MERCHANTS SB,34805,28131,0,1586,10492,78174,3210.0,10492_20251231,1,1,0.015588755651661098,0.015588755651661098,<1bn
126928,NM,22179.0,20251231,153596,186242,153596,MOUNT VERNON BANK&TRUST CO,41252,27098,0,4868,10494,134385,3802.0,10494_20251231,1,1,0.031693533685773066,0.031693533685773066,<1bn
159028,NM,448.0,20251231,179392,204578,179392,IOWA STATE BANK,29618,21273,17305,6062,10497,163336,0.0,10497_20251231,1,1,0.03379191937210132,0.13025664466642883,<1bn
95879,NM,0.0,20251231,112737,135691,112737,FARMERS SAVINGS BANK,27717,17127,1364,11888,10500,88168,0.0,10500_20251231,1,1,0.10544896529089828,0.11754792126808412,<1bn
49429,SM,0.0,20251231,74316,84259,74316,FIRST STATE BANK,40265,25221,0,2498,10503,33142,6025.0,10503_20251231,1,1,0.03361321922600786,0.03361321922600786,<1bn
100238,NM,16371.0,20251231,192042,211716,192042,KANSAS STATE BANK,95265,92084,56116,13089,10505,78578,0.0,10505_20251231,1,1,0.06815696566376105,0.3603638787348601,<1bn
134250,NM,26266.0,20251231,176530,231958,176530,CITIZENS BANK,44129,42386,3024,28943,10520,145795,0.0,10520_20251231,1,1,0.16395513510451482,0.18108536792613153,<1bn
245214,NM,39567.0,20251231,353798,395907,353798,BANK OF COMMERCE&TRUST CO,225477,109133,0,50286,10523,102243,0.0,10523_20251231,1,1,0.1421319510002883,0.1421319510002883,<1bn
88123,NM,60425.0,20251231,169065,188549,169065,EXCHANGE B&T NATCHITOCHES LA,75675,80953,0,11489,10528,98386,0.0,10528_20251231,1,1,0.06795611155472747,0.06795611155472747,<1bn
161426,NM,131.0,20251231,222783,255150,222783,CITIZENS PROGRESSIVE BANK,10569,62260,1976,34758,10531,188307,24406.0,10531_20251231,1,1,0.15601729036775697,0.16488690788794477,<1bn
215352,NM,14308.0,20251231,292123,328148,292123,CLB THE COMMUNITY BANK,58987,77016,25048,44377,10532,211526,0.0,10532_20251231,1,1,0.15191203705288525,0.23765674048260493,<1bn
265342,NM,11054.0,20251231,340819,397020,340819,WINNSBORO STATE B&T CO,44773,77951,994,25651,10533,306080,3001.0,10533_20251231,1,1,0.07526282278863561,0.07817932685677735,<1bn
157880,NM,22965.0,20251231,200356,236982,200356,ARCADIAN BANK,39204,42702,0,2066,10561,181323,13838.0,10561_20251231,1,1,0.010311645271416878,0.010311645271416878,<1bn
43146,NM,0.0,20251231,48136,52447,48136,UNITED MINNESOTA BANK,4772,5139,2236,6699,10567,39490,0.0,10567_20251231,1,1,0.13916819012797074,0.18561991025427954,<1bn
37740,NM,0.0,20251231,41544,47708,41544,FARMERS&MERCHANTS STB ALPHA,4448,3918,3692,7307,10571,30523,0.0,10571_20251231,1,1,0.17588580781821683,0.26475544001540535,<1bn
99092,NM,10849.0,20251231,117179,155122,117179,FIRST SOUTHEAST BANK,14846,18757,1464,2893,10576,131762,13942.0,10576_20251231,1,1,0.02468872408878724,0.03718243029894435,<1bn
159888,NM,26092.0,20251231,212700,261023,212700,BANK OF FRANKLIN,47646,51765,0,9031,10594,188492,5358.0,10594_20251231,1,1,0.04245886224729666,0.04245886224729666,<1bn
191804,NM,9497.0,20251231,244028,266831,244028,COMMUNITY FIRST BANK,19821,52801,4848,24224,10595,204472,0.0,10595_20251231,1,1,0.09926729719540381,0.11913386988378383,<1bn
68515,NM,3067.0,20251231,179713,209289,179713,TBO BANK,17804,111344,0,15552,10597,144732,5635.0,10597_20251231,1,1,0.08653798000144675,0.08653798000144675,<1bn
413816,NM,10245.0,20251231,459197,504724,459197,UNICO BANK,65738,46009,0,10728,10608,407837,0.0,10608_20251231,1,1,0.023362521967695782,0.023362521967695782,<1bn
1032450,NM,59325.0,20251231,1157921,1559375,1157921,BTC BANK,165390,128185,6510,42632,10618,1239663,15874.0,10618_20251231,1,1,0.036817710361933154,0.04243985556873051,1-10bn
1196512,NM,71497.0,20251231,1579639,1881737,1579639,HAWTHORN BANK,208689,384613,5068,105312,10619,1466297,502.0,10619_20251231,1,1,0.06666839701982541,0.06987672499855979,1-10bn
72681,NM,20703.0,20251231,126170,138077,126170,STATE BANK OF MISSOURI,45598,53666,11617,8710,10623,79951,0.0,10623_20251231,1,1,0.06903384322739162,0.16110802884996434,<1bn
97576,NM,9087.0,20251231,119842,130782,119842,PREFERRED BANK,58338,22328,22174,6926,10628,60947,0.0,10628_20251231,1,1,0.05779276046794947,0.24281971262161847,<1bn
5508618,NM,640060.0,20251231,7840122,8860281,7840122,PINNACLE BANK,1413500,2334606,558505,645875,10634,6535146,0.0,10634_20251231,1,1,0.08238073336103699,0.15361750748266417,1-10bn
16172,NM,0.0,20251231,17025,18875,17025,BANK OF STEINAUER,1001,878,501,3668,10635,12155,0.0,10635_20251231,1,1,0.21544787077826724,0.24487518355359766,<1bn
102759,NM,704.0,20251231,119096,144454,119096,FIRST CENTRAL BANK,14223,16556,0,9966,10637,102464,18875.0,10637_20251231,1,1,0.08368039228857392,0.08368039228857392,<1bn
259395,NM,10167.0,20251231,294992,341831,294992,FLATWATER BANK,59759,37320,1588,6140,10639,257019,65509.0,10639_20251231,1,1,0.020814123772848078,0.02619732060530455,<1bn
370973,NM,0.0,20251231,466962,552997,466962,RIVERSTONE BANK,6373,96939,0,4748,10641,479936,2.0,10641_20251231,1,1,0.010167850917205254,0.010167850917205254,<1bn
584668,NM,53178.0,20251231,735306,903206,735306,DUNDEE BANK,82838,152493,0,6439,10643,784393,99592.0,10643_20251231,1,1,0.008756898488520426,0.008756898488520426,<1bn
48365,SM,0.0,20251231,56464,69712,56464,AMERICAN EXCHANGE BANK,15592,8176,0,2308,10647,50100,0.0,10647_20251231,1,1,0.040875602153584586,0.040875602153584586,<1bn
472007,SM,159951.0,20251231,546067,586992,546067,ANDOVER BANK,256327,74858,0,28061,10663,273214,0.0,10663_20251231,1,1,0.051387467105684835,0.051387467105684835,<1bn
1198112,SM,156952.0,20251231,1727625,1964393,1727625,MABREY BANK,371415,530813,2199,74966,10667,1449985,123984.0,10667_20251231,1,1,0.04339251863106866,0.04466536430070183,1-10bn
97858,NM,962.0,20251231,137189,153147,137189,EXCHANGE BANK,77827,39492,0,11195,10672,52714,1.0,10672_20251231,1,1,0.08160275240726297,0.08160275240726297,<1bn
117957,NM,0.0,20251231,143534,167849,143534,BANK OF HYDRO,2843,26461,0,3445,10674,155849,5000.0,10674_20251231,1,1,0.024001281926233506,0.024001281926233506,<1bn
660357,NM,27985.0,20251231,832721,988719,832721,JONESTOWN B&T JONESTOWN PA,49487,172961,0,93966,10677,804769,0.0,10677_20251231,1,1,0.11284211638712126,0.11284211638712126,<1bn
898922,NM,39838.0,20251231,1111534,1251697,1111534,CENTRAL PENN BANK&TRUST,220182,214581,6001,40943,10685,908267,11263.0,10685_20251231,1,1,0.03683468072051777,0.042233525920034834,1-10bn
23520,SM,4805.0,20251231,31095,40610,31095,AVANA BANK,5791,7589,986,17542,10704,12877,0.0,10704_20251231,1,1,0.5641421450393954,0.5958514230583695,<1bn
277797,NM,88912.0,20251231,348013,381018,348013,CROSSROADS BANK,141443,70821,958,17377,10709,207011,0.0,10709_20251231,1,1,0.04993204276851727,0.052684813498346326,<1bn
242810,NM,17835.0,20251231,361861,396191,361861,PEOPLES STB OF HALLETTSVILLE,136712,120127,0,103322,10719,149308,8909.0,10719_20251231,1,1,0.2855295265309055,0.2855295265309055,<1bn
63533,NM,10357.0,20251231,76467,88359,76467,INDEPENDENCE STATE BANK,14443,13071,0,7016,10741,63964,0.0,10741_20251231,1,1,0.09175199759373324,0.09175199759373324,<1bn
96455,SM,31834.0,20251231,123461,172369,123461,ILLINI STATE BANK,48759,27646,0,7297,10788,107257,17000.0,10788_20251231,1,1,0.05910368456435636,0.05910368456435636,<1bn
167955,NM,17021.0,20251231,195184,298738,195184,COMMUNITY BANK,60242,28230,3845,21317,10791,206714,0.0,10791_20251231,1,1,0.10921489466349701,0.12891425526682515,<1bn
116898,NM,0.0,20251231,137793,160037,137793,FIRST STB OF CAMPBELL HILL,31450,21018,1491,13709,10799,104152,0.0,10799_20251231,1,1,0.09948981443179261,0.11031039312592077,<1bn
21417,NM,711.0,20251231,25954,30887,25954,DEWEY BANK,4995,4574,0,1181,10803,22454,0.0,10803_20251231,1,1,0.04550358326269554,0.04550358326269554,<1bn
107522,SM,2794.0,20251231,126921,138540,126921,DU QUOIN STATE BANK,77244,19632,0,3182,10804,46330,0.0,10804_20251231,1,1,0.025070713278338493,0.025070713278338493,<1bn
28092,NM,7220.0,20251231,37411,41979,37411,FIRST STATE BANK OF VAN ORIN,14403,9379,0,14371,10809,11022,0.0,10809_20251231,1,1,0.38413835502926946,0.38413835502926946,<1bn
11147,NM,0.0,20251231,14763,16555,14763,GRAND RIVERS COMMUNITY BANK,1140,3623,196,2340,10816,11563,0.0,10816_20251231,1,1,0.15850436903068482,0.17178080335975074,<1bn
44874,NM,2107.0,20251231,53859,62400,53859,STATE BANK OF INDUSTRY,15028,9145,0,5843,10820,39719,0.0,10820_20251231,1,1,0.10848697525019031,0.10848697525019031,<1bn
59772,NM,35939.0,20251231,93330,105709,93330,CLAY COUNTY STATE BANK,37033,33725,491,20079,10821,46500,0.0,10821_20251231,1,1,0.21513982642237223,0.2204007285974499,<1bn
374043,NM,48989.0,20251231,417935,474925,417935,PETEFISH SKILES&CO,82435,44665,0,22245,10829,337317,0.0,10829_20251231,1,1,0.053225980116525295,0.053225980116525295,<1bn
197825,SM,0.0,20251231,268636,321275,268636,FIRST T&SB OF WATSEKA IL,143644,71143,33044,2614,10831,167755,0.0,10831_20251231,1,1,0.00973063922929168,0.13273723551571642,<1bn
20376,NM,0.0,20251231,22453,25506,22453,CAMPUS STATE BANK,3504,2109,1498,3980,10840,16036,0.0,10840_20251231,1,1,0.17725916358615776,0.2439763060615508,<1bn
29621,NM,4776.0,20251231,32631,37401,32631,CITIZENS BANK OF CHATSWORTH,13228,3062,0,4731,10843,16647,0.0,10843_20251231,1,1,0.1449848303760228,0.1449848303760228,<1bn
220109,N,44667.0,20251231,274627,324277,274627,BUENA VISTA NATIONAL BANK,77330,54920,1476,19473,10844,208767,0.0,10844_20251231,1,1,0.07090708488240413,0.0762816474709333,<1bn
172362,NM,26523.0,20251231,226608,250704,226608,CLAY CITY BANKING CO,45710,54503,4318,5410,10845,162223,0.0,10845_20251231,1,1,0.023873826166772576,0.0429287580314905,<1bn
216603,NM,50752.0,20251231,276069,305175,276069,TOMPKINS STATE BANK,107604,59805,0,10079,10849,170480,0.0,10849_20251231,1,1,0.03650898869485527,0.03650898869485527,<1bn
165623,NM,26028.0,20251231,208196,246489,208196,WEST CENTRAL BANK,48791,43792,0,7330,10853,180852,0.0,10853_20251231,1,1,0.03520720859190378,0.03520720859190378,<1bn
119502,NM,2031.0,20251231,158459,185585,158459,STATE BANK OF BEMENT,45354,42492,8776,10752,10855,118375,0.0,10855_20251231,1,1,0.06785351415823651,0.12323692564007094,<1bn
72869,NM,924.0,20251231,86176,104078,86176,ANDERSON STATE BANK,41289,13374,28624,9204,10858,46434,0.0,10858_20251231,1,1,0.1068046787968808,0.43896212402525064,<1bn
135325,NM,20552.0,20251231,189402,210359,189402,MURPHY-WALL STATE B&T CO,44428,54240,0,24017,10860,129759,6711.0,10860_20251231,1,1,0.12680436320630195,0.12680436320630195,<1bn
78576,NM,0.0,20251231,94268,112073,94268,FIRST STB OF BEECHER CITY,17079,16224,17079,3511,10871,82234,0.0,10871_20251231,1,1,0.03724487631009463,0.2184198243306318,<1bn
19095,NM,403.0,20251231,19800,21365,19800,CHESTERFIELD STATE BANK,627,748,0,5544,10872,14742,0.0,10872_20251231,1,1,0.28,0.28,<1bn
98770,NM,1201.0,20251231,138121,166871,138121,WATERMAN BANK,9773,39463,2993,31629,10878,116616,0.0,10878_20251231,1,1,0.2289948668196726,0.2506642726305196,<1bn
180124,NM,3245.0,20251231,193324,219143,193324,EAGLE VALLEY BANK,31608,13923,26054,4038,10883,167546,4076.0,10883_20251231,1,1,0.02088721524487389,0.15565579027953075,<1bn
449160,NM,83713.0,20251231,570819,648646,570819,LEGENCE BANK,162553,121922,0,21253,10886,421954,0.0,10886_20251231,1,1,0.03723246773495627,0.03723246773495627,<1bn
323447,NM,4368.0,20251231,477577,568581,477577,CENTRAL STATE BANK,101045,156817,0,14433,10903,444069,57201.0,10903_20251231,1,1,0.03022130462731664,0.03022130462731664,<1bn
74793,NM,11284.0,20251231,92558,105839,92558,BALDWIN STATE BANK,44293,17993,22201,11509,10906,47940,0.0,10906_20251231,1,1,0.12434365478942933,0.36420406663929644,<1bn
242247,NM,0.0,20251231,329609,390435,329609,GUARANTY STATE BANK&TRUST CO,100656,88191,21803,4265,10907,269321,4500.0,10907_20251231,1,1,0.012939573858723519,0.07908764627179476,<1bn
160916,NM,41542.0,20251231,258049,308893,258049,GRANT COUNTY BANK,110722,97876,2320,24540,10918,162099,38625.0,10918_20251231,1,1,0.09509821778034404,0.10408875833659499,<1bn
80548,NM,0.0,20251231,101512,122703,101512,STATE BANK OF BERN,42760,21410,0,2896,10919,70823,0.0,10919_20251231,1,1,0.028528646859484592,0.028528646859484592,<1bn
103294,SM,355.0,20251231,156570,203114,156570,FIDELITY STATE BANK&TRUST CO,86911,53388,78370,88450,10920,20979,0.0,10920_20251231,1,1,0.5649230376189563,1.0654659257839945,<1bn
104378,NM,10015.0,20251231,124025,141176,124025,MINERS STATE BANK,37479,19819,0,7412,10928,88230,0.0,10928_20251231,1,1,0.0597621447288853,0.0597621447288853,<1bn
344696,NM,6896.0,20251231,391489,470056,391489,NORTHVIEW BANK,75309,47372,48248,17146,10956,351802,0.0,10956_20251231,1,1,0.04379688829060331,0.16703917606880397,<1bn
662638,NM,36948.0,20251231,815202,954172,815202,UNITED PRAIRIE BANK,97436,154156,5662,29126,10958,786694,40156.0,10958_20251231,1,1,0.03572856788869507,0.042674085686737764,<1bn
62315,NM,4239.0,20251231,79173,94975,79173,JANESVILLE STATE BANK,13129,17271,4334,6068,10960,72090,0.0,10960_20251231,1,1,0.07664228966945802,0.13138317355664178,<1bn
172479,SM,12922.0,20251231,227186,252810,227186,GRAND RAPIDS STATE BANK,46721,54927,10986,45769,10962,143688,0.0,10962_20251231,1,1,0.2014604773181446,0.2498173302932399,<1bn
112437,NM,7311.0,20251231,129161,143503,129161,LAKE REGION BANK,56902,16859,5275,8985,10965,73001,0.0,10965_20251231,1,1,0.0695643421775923,0.1104048435673307,<1bn
153743,N,13969.0,20251231,185705,213562,185705,F&M COMMUNITY BANK NA,37053,32155,1962,4289,10967,150500,4.0,10967_20251231,1,1,0.02309577017312404,0.03366091381492151,<1bn
49922,NM,0.0,20251231,58678,71033,58678,RANDALL STATE BANK,2782,8837,2782,4742,10969,54557,0.0,10969_20251231,1,1,0.08081393367190429,0.12822522921708307,<1bn
97881,NM,534.0,20251231,127546,145502,127546,PRIME SECURITY BANK,3374,29926,2464,12002,10971,125429,6405.0,10971_20251231,1,1,0.09409938375174447,0.1134179041287065,<1bn
449181,NM,59369.0,20251231,666404,757769,666404,ALLIANCE BANK,88453,224309,8904,75409,10973,573017,8000.0,10973_20251231,1,1,0.11315808428520838,0.1265193486233576,<1bn
162622,N,42120.0,20251231,205455,232742,205455,CENTER NATIONAL BANK,64951,43342,4008,4431,10976,156186,0.0,10976_20251231,1,1,0.02156676644520698,0.04107468788785865,<1bn
148867,NM,0.0,20251231,167131,196122,167131,ESB BANK,9533,17174,0,21186,10980,156768,0.0,10980_20251231,1,1,0.12676283873129462,0.12676283873129462,<1bn
37112,NM,234.0,20251231,39414,47269,39414,SECURITY STATE BANK OF OKLEE,22459,2453,22225,3575,10982,20715,0.0,10982_20251231,1,1,0.09070381082863957,0.6545897396864059,<1bn
115450,NM,704.0,20251231,124688,148194,124688,SECURITY BANK MINNESOTA,25644,9962,24154,12216,10984,107091,0.0,10984_20251231,1,1,0.09797253945848838,0.2916880533812396,<1bn
2058087,N,64092.0,20251231,2576191,3343693,2576191,STEARNS BANK NATIONAL ASSN,106384,541565,0,213669,10988,2836308,1077703.0,10988_20251231,1,1,0.0829398907146248,0.0829398907146248,1-10bn
199982,NM,32816.0,20251231,246301,287083,246301,LAKE CENTRAL BANK,80911,46504,498,4961,10989,188256,0.0,10989_20251231,1,1,0.02014202134786298,0.02216393762104092,<1bn
88130,NM,3870.0,20251231,97821,113681,97821,FIRST STATE BANK OF BIGFORK,9773,9854,5903,20308,10991,81050,0.0,10991_20251231,1,1,0.20760368428047146,0.26794859999386633,<1bn
42597,NM,0.0,20251231,65320,80418,65320,BONANZA VALLEY STATE BANK,7072,22818,0,9493,10993,60314,6000.0,10993_20251231,1,1,0.14533067973055724,0.14533067973055724,<1bn
354342,NM,315.0,20251231,620667,705168,620667,FM BANK,189920,268423,58591,17883,10998,465521,0.0,10998_20251231,1,1,0.02881255165813552,0.12321260837131666,<1bn
154678,NM,1021.0,20251231,185180,215960,185180,ST CLAIR COUNTY STATE BANK,25895,31020,19030,18720,11002,157666,0.0,11002_20251231,1,1,0.10109083054325521,0.20385570795982288,<1bn
104204,NM,1322.0,20251231,111933,135132,111933,GRAND MISSOURI BANK,4272,8036,0,11182,11003,111773,5549.0,11003_20251231,1,1,0.09989904675118151,0.09989904675118151,<1bn
105986,NM,66052.0,20251231,137883,164373,137883,FIRST STATE BANK OF SHELBY,122158,32466,0,13354,11013,24868,0.0,11013_20251231,1,1,0.09685022809193301,0.09685022809193301,<1bn
4380616,SM,603306.0,20251231,6604847,7517888,6604847,PEAPACK PRIVATE BANK&TRUST,883524,2230000,0,187820,11035,6187584,790186.0,11035_20251231,1,1,0.028436692023297436,0.028436692023297436,1-10bn
100760000,NM,28074000.0,20251231,162081000,229332000,162082000,FIRST-CITIZENS BANK&TRUST CO,41442000,61809000,11061000,20306000,11063,147163000,6044000.0,11063_20251231,1,1,0.12528303749359887,0.19352669344340176,>=100bn
1376785,NM,263543.0,20251231,2006669,2440615,2006669,SOMERSET TRUST CO,643088,633837,0,45644,11112,1589791,72806.0,11112_20251231,1,1,0.022746152952978292,0.022746152952978292,1-10bn
326985,NM,0.0,20251231,373327,481511,373327,HAMLIN BANK&TRUST CO,139106,47701,0,23513,11113,300331,0.0,11113_20251231,1,1,0.06298231845004514,0.06298231845004514,<1bn
5311735,NM,669986.0,20251231,7970793,9864607,7970793,S&T BANK,986486,2683102,84507,162315,11124,7979789,180438.0,11124_20251231,1,1,0.020363720397706977,0.030965802273374806,1-10bn
59133,NM,12204.0,20251231,68633,82495,68633,FARMERS STATE BANK OF CANTON,32523,9698,0,1166,11133,42985,14078.0,11133_20251231,1,1,0.01698891203939796,0.01698891203939796,<1bn
230912,NM,564.0,20251231,346171,453179,346171,TEXAS CHAMPION BANK,13730,116843,9932,55674,11159,335650,3223.0,11159_20251231,1,1,0.1608280300776206,0.18951905272249842,<1bn
73358,NM,15170.0,20251231,95217,127606,95217,FIRST STATE BANK,21507,21927,0,8007,11175,85718,2507.0,11175_20251231,1,1,0.08409212640599893,0.08409212640599893,<1bn
549307,SI,11582.0,20251231,889077,964795,889077,TRANSPECOS BANKS SSB,47577,365475,0,178005,11178,603627,251567.0,11178_20251231,1,1,0.20021325486993816,0.20021325486993816,<1bn
86491,NM,35335.0,20251231,128538,137595,128538,FIRST STB OF BROWNSBORO,61972,42172,0,8341,11181,63819,0.0,11181_20251231,1,1,0.06489131618665298,0.06489131618665298,<1bn
120590,NM,11807.0,20251231,142756,159462,142756,FIRST COMMUNITY BANK,29102,22502,490,3094,11225,119010,0.0,11225_20251231,1,1,0.02167334472806747,0.025105774888621143,<1bn
263478,NM,7676.0,20251231,379144,513346,379144,FIRST CITIZENS STATE BANK,112121,122674,15836,18860,11228,346268,21042.0,11228_20251231,1,1,0.0497436330259743,0.09151140463781571,<1bn
162777,NM,20446.0,20251231,199495,233046,199495,BANK OF MILTON,39456,36963,0,20504,11232,167694,0.0,11232_20251231,1,1,0.10277951828366626,0.10277951828366626,<1bn
95159,NM,196.0,20251231,109961,128044,109961,BONDUEL STATE BANK,25607,15118,577,11789,11235,85543,15551.0,11235_20251231,1,1,0.10721073835268868,0.11245805330980985,<1bn
1075566,NM,24069.0,20251231,1392108,1586359,1392108,HORICON BANK,82689,318076,22674,104014,11236,1330549,0.0,11236_20251231,1,1,0.07471690414824138,0.09100443356406256,1-10bn
9672031,SM,1450869.0,20251231,17895325,22716797,17895325,CENTENNIAL BANK,4131192,8765483,28841,661622,11241,15297172,435678.0,11241_20251231,1,1,0.036971778942265644,0.03858342891229972,10-100bn
94614,SM,0.0,20251231,147932,195254,147932,PRODUCERS BANK&TRUST,42364,53844,42364,5093,11242,134554,0.0,11242_20251231,1,1,0.034427980423437796,0.32080280128707783,<1bn
188905,SM,24.0,20251231,230458,263755,230458,BANK OF SALEM,8763,41804,0,42278,11243,199382,1642.0,11243_20251231,1,1,0.18345208237509655,0.18345208237509655,<1bn
132898,N,0.0,20251231,159871,230749,159871,FIRST NB OF IZARD COUNTY,62283,27433,0,14558,11252,113139,0.0,11252_20251231,1,1,0.09106091786502868,0.09106091786502868,<1bn
151306,SM,63.0,20251231,206137,250032,206137,GUNNISON BANK&TRUST CO,34168,55014,9259,11921,11259,162162,7581.0,11259_20251231,1,1,0.057830471967671986,0.10274720210345546,<1bn
57153,NM,161.0,20251231,71604,84431,71604,MCCLAVE STATE BANK,4344,14794,0,5027,11261,70798,15176.0,11261_20251231,1,1,0.07020557510753589,0.07020557510753589,<1bn
265431,NM,30756.0,20251231,359946,412938,359946,CITIZENS BANK OF SWAINSBORO,52405,96278,7956,60914,11295,284887,0.0,11295_20251231,1,1,0.16923094019658505,0.19133425569390963,<1bn
281942,NM,0.0,20251231,321905,355015,321905,FARMERS STB OF ALTO PASS ILL,22218,40218,0,8654,11299,297685,0.0,11299_20251231,1,1,0.026883707926251534,0.026883707926251534,<1bn
22594,SM,0.0,20251231,23429,29347,23429,FIRST STATE BANK OF ST PETER,20109,917,0,425,11302,8225,0.0,11302_20251231,1,1,0.01813991207477912,0.01813991207477912,<1bn
383072,NM,55403.0,20251231,539721,597635,539721,FNBC BANK&TRUST,215085,156938,104892,52341,11306,310795,0.0,11306_20251231,1,1,0.09697788301733673,0.2913227389706904,<1bn
203913,NM,0.0,20251231,287785,341323,287785,FARMERS STATE BANK,40723,84357,0,31359,11307,253637,0.0,11307_20251231,1,1,0.10896676338238616,0.10896676338238616,<1bn
264649,NM,38835.0,20251231,326858,349502,326858,BANK OF HERRIN,94826,63682,0,11996,11310,228153,31330.0,11310_20251231,1,1,0.03670095270729185,0.03670095270729185,<1bn
87052,SM,4977.0,20251231,102439,142444,102439,IUKA STATE BANK,12271,15544,0,7248,11317,114557,10906.0,11317_20251231,1,1,0.07075430256054822,0.07075430256054822,<1bn
186271,NM,14802.0,20251231,217325,268185,217325,LONGVIEW COMMUNITY BANK,41750,32009,16578,14977,11319,187545,8000.0,11319_20251231,1,1,0.06891521914183826,0.14519728517197744,<1bn
59824,NM,10182.0,20251231,80879,89385,80879,FARMERS&MERCHANTS STB BUSHNE,32879,21087,15182,12591,11324,39812,0.0,11324_20251231,1,1,0.15567699897377563,0.34338950778323174,<1bn
39085,NM,0.0,20251231,44069,54344,44069,ASHTON STATE BANK,15059,5107,1829,1729,11343,34865,0.0,11343_20251231,1,1,0.039233928611949444,0.08073702602736618,<1bn
240835,NM,56654.0,20251231,347946,500279,347946,GRINNELL STATE BANK,88637,107715,0,9104,11347,355998,0.0,11347_20251231,1,1,0.026164979623274878,0.026164979623274878,<1bn
55376,NM,0.0,20251231,68453,90239,68453,SANBORN SAVINGS BANK,14343,13322,4425,6087,11352,64537,0.0,11352_20251231,1,1,0.0889223262676581,0.1535652199319241,<1bn
87580,NM,8703.0,20251231,97807,118219,97807,BEDFORD LOAN&DEPOSIT BANK,25963,10375,2642,8590,11355,76183,0.0,11355_20251231,1,1,0.0878260247221569,0.11483840624904149,<1bn
203465,NM,0.0,20251231,371707,427367,371707,CUMBERLAND SECURITY BANK INC,34661,168510,17717,44203,11358,340199,2000.0,11358_20251231,1,1,0.11891893346103248,0.16658281926355975,<1bn
337810,NM,8114.0,20251231,532187,589689,532187,HIGHPOINT COMMUNITY BANK,55516,194904,0,161232,11407,350078,0.0,11407_20251231,1,1,0.3029611771802017,0.3029611771802017,<1bn
100493,NM,26514.0,20251231,134037,147317,134037,VALLEY PREMIER BANK,42444,34064,0,3608,11409,87233,0.0,11409_20251231,1,1,0.026917940568648956,0.026917940568648956,<1bn
91170,NM,14516.0,20251231,102555,110211,102555,RUSHFORD STATE BANK INC,20469,13650,3248,17786,11411,59581,0.0,11411_20251231,1,1,0.1734288918141485,0.20509970259860563,<1bn
175912,NM,11919.0,20251231,215233,234948,215233,HARVEST BANK,50104,34252,5032,17755,11415,156725,252.0,11415_20251231,1,1,0.0824919970450628,0.10587131155538416,<1bn
31583,SM,0.0,20251231,38190,44240,38190,WELCOME STATE BANK,4934,6657,2751,9818,11417,28706,0.0,11417_20251231,1,1,0.257083006022519,0.32911757004451425,<1bn
181829,NM,36789.0,20251231,271385,308119,271385,BANK OF YAZOO CITY,108344,89903,4720,18718,11431,161378,0.0,11431_20251231,1,1,0.06897212447261271,0.08636439007314332,<1bn
104517,NM,3348.0,20251231,161487,195560,161487,JEFFERSON BANK,30182,57659,1597,37646,11445,117914,20170.0,11445_20251231,1,1,0.23312093233511055,0.2430102732727712,<1bn
165062,NM,39480.0,20251231,252076,286717,252076,UNITY BANK OF MISSISSIPPI,105137,87844,0,7654,11446,153115,0.0,11446_20251231,1,1,0.03036385851885939,0.03036385851885939,<1bn
369139,NM,76799.0,20251231,497317,551719,497317,CENTURY BANK,121966,130111,0,12463,11448,378049,0.0,11448_20251231,1,1,0.025060474506200272,0.025060474506200272,<1bn
505272,NM,22195.0,20251231,967247,1110588,967247,MID AMERICA BANK,118461,463199,423,132248,11459,792041,0.0,11459_20251231,1,1,0.13672619299930627,0.13716351666120444,1-10bn
102222,NM,1229.0,20251231,137873,150137,137873,INDEPENDENT FARMERS BANK,55775,35858,7781,10819,11462,79456,0.0,11462_20251231,1,1,0.07847076657503645,0.13490676202011997,<1bn
146203,SM,2923.0,20251231,166135,196140,166135,CITIZENS-FARMERS BK COLE CAM,40524,20589,1727,10044,11463,132042,0.0,11463_20251231,1,1,0.06045685737502633,0.07085201793721974,<1bn
43119,NM,0.0,20251231,47649,61506,47649,TRI-COUNTY TRUST CO,16743,4625,0,823,11465,42256,2388.0,11465_20251231,1,1,0.01727213582656509,0.01727213582656509,<1bn
87651,NM,3220.0,20251231,110425,124407,110425,HOMEPRIDE BANK,6442,23008,1451,16223,11466,94534,0.0,11466_20251231,1,1,0.14691419515508264,0.16005433552184742,<1bn
56688,NM,17626.0,20251231,67741,89543,67741,THAYER COUNTY BANK,27243,11162,1010,2715,11475,51176,1711.0,11475_20251231,1,1,0.04007912490220103,0.05498885460799221,<1bn
140945,SM,33700.0,20251231,221430,255476,221430,AUBURN STATE BANK,112530,80894,7614,17815,11477,110889,22047.0,11477_20251231,1,1,0.08045431964955065,0.11483990425868221,<1bn
319949,NM,11416.0,20251231,399748,521779,399748,HOMESTEAD BANK,111798,80279,23710,16760,11482,368025,0.0,11482_20251231,1,1,0.041926413640593574,0.10123878043167195,<1bn
256403,NM,88880.0,20251231,462651,520549,462651,CITIZENS BANK OF CLOVIS,129830,206248,0,59524,11491,310456,39115.0,11491_20251231,1,1,0.1286585352674046,0.1286585352674046,<1bn
711411,NM,155298.0,20251231,1146030,1410775,1146030,INBANK,268329,435923,0,113374,11492,964168,106356.0,11492_20251231,1,1,0.09892760224426934,0.09892760224426934,1-10bn
513306,N,8900.0,20251231,613915,698520,613915,FIRST NB OF SCOTIA,78252,101430,24031,64020,11501,510418,0.0,11501_20251231,1,1,0.10428153734637531,0.14342539276609953,<1bn
2503199,NM,739764.0,20251231,3939912,4393903,3939912,FIDELITY BANK,1075765,1439058,60379,366411,11507,2812838,0.0,11507_20251231,1,1,0.09299979288877518,0.10832475446152097,1-10bn
193693,NM,13227.0,20251231,239872,284643,239872,SECURITY FIRST BANK OF ND,19063,47006,2958,3710,11519,231289,0.0,11519_20251231,1,1,0.015466582177161153,0.02779815901814301,<1bn
250110,SM,25681.0,20251231,380765,435936,380765,CHICKASAW COMMUNITY BANK,26395,130939,0,83438,11521,271608,105367.0,11521_20251231,1,1,0.21913253581605452,0.21913253581605452,<1bn
1060244,N,69637.0,20251231,1189399,1329703,1189399,LIBERTY NATIONAL BANK,238310,130208,109363,195051,11522,853000,412962.0,11522_20251231,1,1,0.16399122582077166,0.25593934415616626,1-10bn
188087,SM,4399.0,20251231,321043,368691,321043,COWBOY BANK,32400,133080,9979,20051,11526,278560,5333.0,11526_20251231,1,1,0.06245580810047252,0.09353887173992269,<1bn
40482,NM,0.0,20251231,47946,58199,47946,FIRST STB OF POND CREEK OK,4200,7517,1003,2616,11527,50008,4243.0,11527_20251231,1,1,0.05456138155424853,0.0754807491761565,<1bn
358240,NM,60462.0,20251231,459698,491150,459698,ENTERPRISE BANK OF SC,170520,102221,23407,26026,11539,276720,0.0,11539_20251231,1,1,0.05661543013021592,0.10753364165169307,<1bn
208686,NM,9905.0,20251231,282407,322701,282407,FIRST STATE BANK OF BURNET,136251,74051,67195,3103,11557,178288,0.0,11557_20251231,1,1,0.010987687982238401,0.24892442467785855,<1bn
228021,NM,206697.0,20251231,483442,541904,483442,FIRST STATE BANK&TRUST CO,299010,255933,0,30123,11559,179493,0.0,11559_20251231,1,1,0.06230943939500499,0.06230943939500499,<1bn
697252,NM,251705.0,20251231,1189802,1373996,1189802,ALLIANCE BANK,334962,502564,0,170054,11569,786230,0.0,11569_20251231,1,1,0.14292630202336187,0.14292630202336187,1-10bn
192189,NM,3856.0,20251231,257079,314700,257079,GLOBAL ONE BANK,4648,65340,0,35776,11570,239661,0.0,11570_20251231,1,1,0.13916344781176215,0.13916344781176215,<1bn
4356984,SM,418782.0,20251231,6410806,7900774,6410806,BURKE&HERBERT BANK&TRUST CO,1615954,2057873,150124,288318,11578,5320218,64410.0,11578_20251231,1,1,0.04497375213038735,0.06839108842164308,1-10bn
358069,NM,322.0,20251231,479844,651181,479844,BANK OF SOUTHSIDE VIRGINIA,315019,123646,3998,12603,11580,277611,0.0,11580_20251231,1,1,0.026264786055468028,0.034596660581355604,<1bn
160123,NM,74095.0,20251231,226064,261722,226064,LEE BANK&TRUST CO,114629,66242,3837,10516,11582,131186,9692.0,11582_20251231,1,1,0.04651780026895039,0.06349086984216859,<1bn
422747,SM,84829.0,20251231,530688,635794,530688,COMMUNITY FIRST BANK,169300,116723,0,33105,11595,396582,0.0,11595_20251231,1,1,0.062381286179450074,0.062381286179450074,<1bn
204831,NM,54830.0,20251231,272275,297047,272275,LAONA STATE BANK,101876,67649,0,26578,11601,156216,0.0,11601_20251231,1,1,0.09761454411899734,0.09761454411899734,<1bn
229899,NM,25172.0,20251231,386065,470624,386065,BLC COMMUNITY BANK,57669,156631,0,22443,11608,379830,45795.0,11608_20251231,1,1,0.05813269786175903,0.05813269786175903,<1bn
423749,NM,31809.0,20251231,773742,894621,773742,BANK CMG,37997,351306,0,79353,11623,595780,20575.0,11623_20251231,1,1,0.10255744162782943,0.10255744162782943,<1bn
2161179,NM,887489.0,20251231,3143135,3677023,3143135,D L EVANS BANK,1321018,986160,0,450217,11666,1730017,0.0,11666_20251231,1,1,0.14323820007731133,0.14323820007731133,1-10bn
118525,NM,0.0,20251231,150897,192041,150897,VERMILION VALLEY BANK,70868,33240,0,3898,11667,112200,0.0,11667_20251231,1,1,0.025832190169453335,0.025832190169453335,<1bn
243776,NM,5680.0,20251231,276510,329290,276510,FIRST STATE BANK OF FORREST,16894,32982,0,21786,11669,280750,8906.0,11669_20251231,1,1,0.0787891938808723,0.0787891938808723,<1bn
930311,NM,65282.0,20251231,1041868,1423224,1041868,CENTRAL BANK ILLINOIS,309951,113815,0,44705,11670,983365,51039.0,11670_20251231,1,1,0.04290850664383588,0.04290850664383588,1-10bn
161063,NM,12391.0,20251231,197432,231029,197432,WARREN-BOYNTON STATE BANK,49463,36778,0,3184,11674,170535,0.0,11674_20251231,1,1,0.016127071599335466,0.016127071599335466,<1bn
115278,SM,37789.0,20251231,147229,170676,147229,FARMERS STB OF WESTERN IL,61471,32039,2469,29459,11680,71631,0.0,11680_20251231,1,1,0.20008965624978775,0.21685945024417744,<1bn
44697,NM,0.0,20251231,55889,65115,55889,ANCHOR STATE BANK,12662,11374,0,17548,11681,31051,6879.0,11681_20251231,1,1,0.31397949507058637,0.31397949507058637,<1bn
74192,NM,0.0,20251231,97697,111837,97697,ANNA STATE BANK,46045,23750,7738,5007,11682,43939,0.0,11682_20251231,1,1,0.05125029427720401,0.13045436400298882,<1bn
86960,NM,25025.0,20251231,107115,137596,107115,STATE BANK OF CHERRY,30659,20362,0,3621,11686,97875,3000.0,11686_20251231,1,1,0.033804789245203755,0.033804789245203755,<1bn
204564,NM,10867.0,20251231,241908,274493,241908,GOODFIELD STATE BANK,22810,37877,0,34748,11699,207284,0.0,11699_20251231,1,1,0.1436413843279263,0.1436413843279263,<1bn
235845,SM,46888.0,20251231,316514,362117,316514,SHELBY COUNTY STATE BANK,100207,81384,0,3874,11702,249986,0.0,11702_20251231,1,1,0.012239584978863495,0.012239584978863495,<1bn
48858,NM,0.0,20251231,58464,65592,58464,1ST COMMUNITY BANK,1950,9758,1937,16362,11706,45572,0.0,11706_20251231,1,1,0.27986453201970446,0.31299603174603174,<1bn
251330,SM,67854.0,20251231,307500,354961,307500,TEUTOPOLIS STATE BANK,142237,56907,20635,23921,11708,177175,0.0,11708_20251231,1,1,0.07779186991869919,0.14489756097560977,<1bn
166916,NM,51005.0,20251231,221147,268215,221147,BANK OF RANTOUL,137563,54794,11923,13424,11711,105111,4085.0,11711_20251231,1,1,0.06070170520061317,0.11461606985398852,<1bn
73440,NM,7446.0,20251231,80061,88620,80061,BANK OF YATES CITY,19402,6767,0,4367,11715,61072,0.0,11715_20251231,1,1,0.054545908744582254,0.054545908744582254,<1bn
12241,SM,0.0,20251231,17292,20271,17292,HARTSBURG STATE BANK,6931,5063,0,6628,11716,6032,0.0,11716_20251231,1,1,0.38329863520703217,0.38329863520703217,<1bn
145929,NM,20489.0,20251231,160556,186498,160556,LIBERTY BANK,39814,15059,0,20668,11719,115554,0.0,11719_20251231,1,1,0.12872767134208626,0.12872767134208626,<1bn
431915,NM,91945.0,20251231,563095,719681,563095,PEOPLES STB OF NEWTON IL,162377,131565,0,17803,11722,504154,0.0,11722_20251231,1,1,0.031616334721494596,0.031616334721494596,<1bn
422016,NM,75202.0,20251231,663329,825048,663329,CIBM BANK,123319,242590,2994,8102,11729,666323,62007.0,11729_20251231,1,1,0.012214150142689374,0.016727747467697025,<1bn
27781,NM,200.0,20251231,36793,42906,36793,FAIRVIEW STATE BANKING CO,8959,9031,0,7098,11731,24178,0.0,11731_20251231,1,1,0.19291713097600088,0.19291713097600088,<1bn
141089,NM,10172.0,20251231,206280,234829,206280,BANK OF FARMINGTON,31443,65477,0,21850,11732,166042,0.0,11732_20251231,1,1,0.10592398681403917,0.10592398681403917,<1bn
231360,NM,41875.0,20251231,276560,312454,276560,FLANAGAN STATE BANK,96018,45757,0,4809,11734,192775,0.0,11734_20251231,1,1,0.017388631761643042,0.017388631761643042,<1bn
428109,NM,94954.0,20251231,563068,676097,563068,BANKORION,180848,136148,11947,22625,11739,438408,10000.0,11739_20251231,1,1,0.040181647687313075,0.061399333650642554,<1bn
298333,NM,90171.0,20251231,376397,483924,376397,SOLUTIONS BANK,190604,78832,0,6858,11741,246806,5000.0,11741_20251231,1,1,0.018220123964856255,0.018220123964856255,<1bn
116287,NM,24632.0,20251231,150030,168081,150030,IROQUOIS FARMERS STATE BANK,50191,34232,2801,4713,11746,104890,13000.0,11746_20251231,1,1,0.03141371725654869,0.050083316669999337,<1bn
156136,NM,43284.0,20251231,179665,209289,179665,FARMERS STATE BANK&TRUST CO,85613,23618,0,6319,11747,97176,0.0,11747_20251231,1,1,0.03517101271811427,0.03517101271811427,<1bn
98267,NM,0.0,20251231,106317,129533,106317,BANK OF KAMPSVILLE,65462,8294,22355,5838,11750,46944,0.0,11750_20251231,1,1,0.05491125596094698,0.26517866380729327,<1bn
87244,NM,29016.0,20251231,99712,125054,99712,CITIZENS STATE BANK,42029,12823,0,7001,11759,69935,3000.0,11759_20251231,1,1,0.07021221116816431,0.07021221116816431,<1bn
575591,SM,11253.0,20251231,754995,898513,754995,VISIONBANK OF IOWA,56699,180443,25845,43492,11763,758990,27446.0,11763_20251231,1,1,0.05760567950781131,0.09183769428936615,<1bn
78544,NM,23418.0,20251231,89745,103588,89745,SIBLEY STATE BANK,27080,11425,1497,2719,11764,68738,0.0,11764_20251231,1,1,0.030296952476461084,0.04697754749568221,<1bn
296371,NM,62949.0,20251231,378018,440816,378018,FREEDOMBANK,76608,82977,0,5853,11767,323852,1000.0,11767_20251231,1,1,0.015483389679856515,0.015483389679856515,<1bn
872905,NM,16742.0,20251231,1350233,1691867,1350233,AVAILA BANK,380609,480014,65023,44557,11771,1151484,94684.0,11771_20251231,1,1,0.03299948971770057,0.08115636338320868,1-10bn
253241,NM,5386.0,20251231,343699,377201,343699,COMMERCIAL BANK,173142,91891,62614,23514,11777,170450,0.0,11777_20251231,1,1,0.06841451386242031,0.25059136046366154,<1bn
123688,SM,79693.0,20251231,215569,279751,215569,CITIZENS ST B&T ELLSWORTH KS,82225,92205,0,21337,11778,165629,9560.0,11778_20251231,1,1,0.09897990898505815,0.09897990898505815,<1bn
153790,NM,13142.0,20251231,212342,242585,212342,BANK OF ABBEVILLE&TRUST CO,81000,58799,21931,27482,11782,117213,0.0,11782_20251231,1,1,0.12942328884535326,0.23270478755969143,<1bn
167832,NM,157.0,20251231,251926,284690,251926,CALDWELL BANK&TRUST CO,13807,84938,0,41492,11785,201130,40653.0,11785_20251231,1,1,0.16469915768916268,0.16469915768916268,<1bn
134100,NM,14487.0,20251231,166700,188701,166700,BANK OF SUNSET&TRUST CO,17727,32927,0,7381,11788,151229,0.0,11788_20251231,1,1,0.04427714457108578,0.04427714457108578,<1bn
145751,NM,0.0,20251231,211786,234652,211786,FRANKLIN STATE BANK&TRUST CO,51191,67281,40170,69409,11792,106808,0.0,11792_20251231,1,1,0.3277317669723211,0.517404361005921,<1bn
651770,NM,23411.0,20251231,903171,1078615,903171,UNITED BANK OF MICHIGAN,85487,251798,6089,84518,11807,836850,0.0,11807_20251231,1,1,0.09357917825085173,0.10032098019090516,1-10bn
202605,SM,46890.0,20251231,279688,320120,279688,HURON COMMUNITY BANK,93487,77396,9362,20995,11810,187693,0.0,11810_20251231,1,1,0.0750657875918881,0.10853880037756357,<1bn
27706625,SM,8380218.0,20251231,44139279,53529044,44139279,CADENCE BANK,9137875,16679873,0,2203988,11813,37018572,734163.0,11813_20251231,1,1,0.04993257819186399,0.04993257819186399,10-100bn
38298,SM,6499.0,20251231,42417,51352,42417,RICHTON BANK&TRUST CO,18246,4128,1615,5547,11817,20276,0.0,11817_20251231,1,1,0.13077303911167693,0.16884739609118984,<1bn
203554,NM,0.0,20251231,333015,395547,333015,LITTLE HORN STATE BANK,15,132220,0,4528,11821,332357,76729.0,11821_20251231,1,1,0.013596985120790354,0.013596985120790354,<1bn
200767,NM,35591.0,20251231,239625,274696,239625,MANHATTAN BANK,66055,39134,0,31823,11823,164210,671.0,11823_20251231,1,1,0.13280333854981743,0.13280333854981743,<1bn
631397,SM,115162.0,20251231,774884,914550,774884,KILLBUCK SAVINGS BANK CO,262320,143822,15800,22867,11860,570796,6956.0,11860_20251231,1,1,0.029510223465705834,0.04990037218473991,<1bn
126232,NM,27937.0,20251231,162299,180231,162299,BANK OF BEAVER CITY,51328,36173,0,5929,11862,106627,0.0,11862_20251231,1,1,0.0365313403040068,0.0365313403040068,<1bn
1519461,NM,169165.0,20251231,2467780,2747949,2467780,FIDELITY DEPOSIT&DISCOUNT BK,523946,953980,0,148060,11868,1891833,0.0,11868_20251231,1,1,0.059997244486947786,0.059997244486947786,1-10bn
31567,NM,2880.0,20251231,39620,50000,39620,DONLEY COUNTY STATE BANK,25616,8776,0,10840,11891,6614,0.0,11891_20251231,1,1,0.2735991923271075,0.2735991923271075,<1bn
128659,NM,88913.0,20251231,156446,184266,156446,FIRST STB OF BEN WHEELER TX,99429,27885,0,3495,11904,68224,0.0,11904_20251231,1,1,0.02233997673318589,0.02233997673318589,<1bn
130588,NM,10824.0,20251231,165318,187074,165318,CITIZENS STATE BANK,51118,35063,0,8643,11905,121341,0.0,11905_20251231,1,1,0.05228105832395746,0.05228105832395746,<1bn
183055,NM,0.0,20251231,299717,343978,299717,SECURITY STATE BANK,43898,119154,28021,8249,11907,262204,32798.0,11907_20251231,1,1,0.027522629680665427,0.12101415668780884,<1bn
87835,NM,29297.0,20251231,110703,134613,110703,BUCKHOLTS STATE BANK,32326,23042,0,19020,11916,82096,0.0,11916_20251231,1,1,0.17181106203083926,0.17181106203083926,<1bn
240757,NM,32686.0,20251231,330638,368714,330638,FIRST STATE BANK OF TEXAS,65975,90395,7076,23470,11922,258093,0.0,11922_20251231,1,1,0.0709839764334408,0.09238502531469463,<1bn
148148,NM,67129.0,20251231,168356,183892,168356,FIRST SECURITY STATE BANK,89151,20393,0,15063,11932,73208,0.0,11932_20251231,1,1,0.08947112072037824,0.08947112072037824,<1bn
244424,NM,4231.0,20251231,588358,662300,588358,DOMINION BANK,4231,344190,0,123766,11934,521409,0.0,11934_20251231,1,1,0.2103583192546035,0.2103583192546035,<1bn
838959,NM,6591.0,20251231,1146613,1295534,1146613,FIRST TEXAS BANK,603212,308019,24311,71795,11935,585838,0.0,11935_20251231,1,1,0.06261484912520615,0.08381729493735027,1-10bn
509992,NM,57964.0,20251231,597291,649037,597291,POCA VALLEY BANK INC,91679,87583,0,22985,11952,488193,0.0,11952_20251231,1,1,0.03848207992419106,0.03848207992419106,<1bn
281924,NM,11645.0,20251231,343326,396733,343326,GRANT COUNTY BANK,48770,61814,1979,6709,11953,299038,0.0,11953_20251231,1,1,0.019541194083757128,0.02530539487251184,<1bn
3148094,NM,408979.0,20251231,3834108,4678327,3834108,BAR HARBOR BANK&TRUST,597424,723481,0,79527,11971,3577089,151592.0,11971_20251231,1,1,0.020741982228982596,0.020741982228982596,1-10bn
10965936,SI,2612346.0,20251231,19322398,24946372,19322398,PROVIDENT BANK,3465490,10520736,266744,211459,12010,19334004,769561.0,12010_20251231,1,1,0.010943724479746252,0.024748636271750536,10-100bn
1173417,SI,74079.0,20251231,1356160,1502562,1356160,UNION COUNTY SAVINGS BANK,1051400,183778,0,151292,12013,278945,108259.0,12013_20251231,1,1,0.11155910806984426,0.11155910806984426,1-10bn
155083,NM,22017.0,20251231,189166,210068,189166,CITIZENS COMMUNITY BANK,55917,34515,0,15532,12079,130633,0.0,12079_20251231,1,1,0.08210777835340388,0.08210777835340388,<1bn
12351,NM,0.0,20251231,15042,18889,15042,SAINTE MARIE STATE BANK,3053,2723,2283,6869,12086,7890,0.0,12086_20251231,1,1,0.45665470017284937,0.6084297300890839,<1bn
147809,NM,1630.0,20251231,183218,214142,183218,SPRING VALLEY CITY BANK,61976,36257,0,17763,12087,127171,0.0,12087_20251231,1,1,0.0969500813238874,0.0969500813238874,<1bn
25934,SM,196.0,20251231,29165,32659,29165,FIRST STATE BANK OF DONGOLA,6317,3260,2720,7481,12098,16778,0.0,12098_20251231,1,1,0.2565060860620607,0.3497685582033259,<1bn
51512,NM,12706.0,20251231,60315,67970,60315,FARMERS STATE BANK,25953,8877,0,5123,12107,34965,0.0,12107_20251231,1,1,0.0849374119207494,0.0849374119207494,<1bn
352476,NM,78756.0,20251231,417725,510030,417725,GERMANTOWN T&SB,201041,66139,9504,7152,12113,279028,0.0,12113_20251231,1,1,0.017121311867855645,0.03987312226943563,<1bn
37614,NM,0.0,20251231,42334,48599,42334,BUCKLEY STATE BANK,6872,4726,985,3659,12121,33429,5.0,12121_20251231,1,1,0.08643170973685453,0.10969905985732509,<1bn
102487,NM,0.0,20251231,123621,144778,123621,CITIZENS SAVINGS BANK,67250,21796,0,5049,12128,66401,1973.0,12128_20251231,1,1,0.04084257529060596,0.04084257529060596,<1bn
69777,NM,564.0,20251231,77237,104739,77237,LYNDON STATE BANK,9232,8484,2905,1725,12135,87710,0.0,12135_20251231,1,1,0.02233385553555938,0.059945362973704314,<1bn
88036,NM,11650.0,20251231,101609,119050,101609,WILSON STATE BANK,22348,14077,0,2919,12136,84734,0.0,12136_20251231,1,1,0.028727770177838577,0.028727770177838577,<1bn
40887,NM,0.0,20251231,48350,60927,48350,FORD COUNTY STATE BANK,24165,7626,13777,1578,12139,30293,0.0,12139_20251231,1,1,0.03263702171664943,0.3175801447776629,<1bn
254746,NM,16931.0,20251231,315020,366580,315020,FIRST STATE BANK,53048,61050,0,10892,12149,284011,21171.0,12149_20251231,1,1,0.034575582502698245,0.034575582502698245,<1bn
115493,NM,10722.0,20251231,162600,193044,162600,ELKTON BANK&TRUST CO,66937,47266,0,32427,12162,85301,0.0,12162_20251231,1,1,0.1994280442804428,0.1994280442804428,<1bn
182389,NM,29547.0,20251231,255358,312856,255358,FARMERS BANK OF MILTON,77928,73349,0,4439,12163,210776,10000.0,12163_20251231,1,1,0.01738343815349431,0.01738343815349431,<1bn
375971,NM,28800.0,20251231,470947,552821,470947,WEST POINT BANK,77742,96246,0,14098,12166,436442,67434.0,12166_20251231,1,1,0.0299354279780952,0.0299354279780952,<1bn
224352,NM,65942.0,20251231,311271,337514,311271,CLEVELAND STATE BANK,121364,88409,0,28768,12201,166419,3999.0,12201_20251231,1,1,0.09242107359824718,0.09242107359824718,<1bn
454974,NM,239584.0,20251231,631040,940070,631040,MERCHANTS&MARINE BANK,319553,176290,0,80433,12203,445537,0.0,12203_20251231,1,1,0.12746101673427992,0.12746101673427992,<1bn
1155555,NM,327816.0,20251231,1337629,1512484,1337629,CITIZENS BK PHILADELPHIA MS,504743,183270,0,68120,12204,833417,0.0,12204_20251231,1,1,0.05092592938699744,0.05092592938699744,1-10bn
93563,SM,28021.0,20251231,116123,139011,116123,BANK OF WINONA,78101,22831,0,5881,12207,46622,0.0,12207_20251231,1,1,0.05064457514876467,0.05064457514876467,<1bn
378977,SM,41681.0,20251231,485829,534840,485829,BELGRADE STATE BANK,80643,107962,0,39344,12208,379974,0.0,12208_20251231,1,1,0.08098322660853922,0.08098322660853922,<1bn
219428,NM,7178.0,20251231,254137,284264,254137,UNITED STATE BANK,14673,34916,476,29465,12214,218517,0.0,12214_20251231,1,1,0.11594140168491798,0.1178144071898228,<1bn
303674,NM,14580.0,20251231,423218,560266,423218,FIRST STB OF ST CHARLES MO,32444,120581,0,34186,12219,437554,0.0,12219_20251231,1,1,0.08077633749037139,0.08077633749037139,<1bn
102813,NM,3586.0,20251231,115167,133598,115167,COUNTY BANK,26388,12428,5439,5626,12220,96803,0.0,12220_20251231,1,1,0.04885079927409761,0.0960778695285976,<1bn
330998,SM,17994.0,20251231,412865,497508,412865,CALLAWAY BANK,76508,82231,25113,19191,12223,376014,0.0,12223_20251231,1,1,0.04648250638828673,0.10730868443680137,<1bn
32680,NM,2963.0,20251231,37250,40888,37250,FMB BANK,20677,4610,0,2711,12225,13135,0.0,12225_20251231,1,1,0.07277852348993288,0.07277852348993288,<1bn
98774,SM,2705.0,20251231,103899,125897,103899,PEOPLES BANK CO,24383,5511,0,3728,12226,89438,10000.0,12226_20251231,1,1,0.035880999817130096,0.035880999817130096,<1bn
4261720,SM,1520215.0,20251231,5973955,6652312,5973955,FIRST BANK,1961052,1714812,0,320887,12229,3989113,49579.0,12229_20251231,1,1,0.053714331627874666,0.053714331627874666,1-10bn
162925,NM,27268.0,20251231,229529,250886,229529,PEOPLES BANK,58870,66784,0,24966,12230,162888,0.0,12230_20251231,1,1,0.1087705692962545,0.1087705692962545,<1bn
110864,NM,12079.0,20251231,148378,167549,148378,BANK OF MONTICELLO,39241,38046,0,21153,12232,94658,1.0,12232_20251231,1,1,0.14256156573076872,0.14256156573076872,<1bn
393634,NM,55626.0,20251231,517918,629309,517918,WASHINGTON COUNTY BANK,80157,125496,11701,12614,12241,507388,10208.0,12241_20251231,1,1,0.024355206808799847,0.04694758629744477,<1bn
87539,NM,37873.0,20251231,127348,207384,127348,FIRST STATE BANK,58403,40020,3615,13282,12244,102889,25655.0,12244_20251231,1,1,0.10429688726952917,0.13268366994377612,<1bn
24222,NM,4900.0,20251231,52101,60314,52101,COMMERCIAL BANK,15147,27913,0,1466,12246,42082,17773.0,12246_20251231,1,1,0.028137655707184125,0.028137655707184125,<1bn
240374,SM,5360.0,20251231,311357,352422,311357,FIRST NEBRASKA BANK,76066,71121,29905,13103,12248,240118,2500.0,12248_20251231,1,1,0.04208352469994251,0.13813082731398363,<1bn
233583,NM,96793.0,20251231,428498,477400,428498,SOUTHWEST CAPITAL BANK,232338,195067,6315,20740,12258,201443,0.0,12258_20251231,1,1,0.048401626145279555,0.0631391511745679,<1bn
407547,SM,165492.0,20251231,637578,708018,637578,LEA COUNTY STATE BANK,426098,230543,86267,34769,12259,222620,51282.0,12259_20251231,1,1,0.05453293557807829,0.18983716502137776,<1bn
283221,NM,132131.0,20251231,405479,479538,405479,MECHANICS&FARMERS BANK,163917,123084,1891,16207,12266,274533,39106.0,12266_20251231,1,1,0.03997001077737688,0.044633630841547894,<1bn
74834,SM,15558.0,20251231,137174,146478,137174,FIRST STATE BANK,81034,62400,0,12854,12283,37287,0.0,12283_20251231,1,1,0.09370580430693863,0.09370580430693863,<1bn
15680,NM,0.0,20251231,16398,18790,16398,FARMERS&MERCHANTS BANK,7323,852,0,3240,12284,6469,0.0,12284_20251231,1,1,0.19758507135016465,0.19758507135016465,<1bn
360732,NM,1064.0,20251231,457531,579108,457531,CATTLEMENS BANK,2538,100047,0,41278,12285,511184,107943.0,12285_20251231,1,1,0.09021902341043558,0.09021902341043558,<1bn
74280,NM,12909.0,20251231,90455,110930,90455,COWBOY BANK OF TEXAS,14119,16323,1000,1441,12298,66336,2239.0,12298_20251231,1,1,0.015930573213199933,0.026985794041235973,<1bn
727616,SI,109446.0,20251231,1046461,1288008,1046461,SOUTHSTAR BANK SSB,171127,321074,0,70160,12299,986991,996.0,12299_20251231,1,1,0.06704502126691773,0.06704502126691773,1-10bn
175993,SM,51164.0,20251231,401039,462831,401039,CITIZENS STATE BANK,59844,225198,5918,29260,12303,346978,0.0,12303_20251231,1,1,0.07296048513984923,0.08771715469069093,<1bn
172682,NM,10935.0,20251231,289346,333214,289346,COLUMBUS STATE BANK,164154,116839,19995,146718,12305,19474,0.0,12305_20251231,1,1,0.5070676629364153,0.5761717804980888,<1bn
107034,NM,35719.0,20251231,133080,153320,133080,FIRST STATE BANK,70115,26099,0,27859,12315,46503,0.0,12315_20251231,1,1,0.20934024646828975,0.20934024646828975,<1bn
460119,NM,0.0,20251231,539390,716171,539390,CHIPPEWA VALLEY BANK,123737,80472,121865,49537,12322,513785,111580.0,12322_20251231,1,1,0.09183892916071859,0.31777007360166115,<1bn
106675,NM,0.0,20251231,125822,144651,125822,BANK OF CASHTON,22260,19395,4462,12246,12325,98806,2000.0,12325_20251231,1,1,0.09732797126098774,0.13279076791022237,<1bn
266208,NM,74126.0,20251231,370910,427009,370910,BANK OF MAUSTON,126649,105960,0,48638,12327,245625,0.0,12327_20251231,1,1,0.13113154134426142,0.13113154134426142,<1bn
315708,NM,21477.0,20251231,423067,505654,423067,STATE BANK OF CHILTON,40251,108812,0,55097,12331,394193,0.0,12331_20251231,1,1,0.13023232726731226,0.13023232726731226,<1bn
171776,NM,0.0,20251231,191746,218672,191746,COMMUNITY BANK OF CAMERON,47153,20265,2522,9162,12349,153125,6568.0,12349_20251231,1,1,0.04778196155330489,0.060934778300459985,<1bn
48081,NM,0.0,20251231,56490,79612,56490,HUSTISFORD STATE BANK,18129,8605,0,2255,12354,56117,1228.0,12354_20251231,1,1,0.03991856965834661,0.03991856965834661,<1bn
212636,N,27951.0,20251231,383072,434309,383072,FIRST NB OF ALLENDALE,81694,171014,1491,53937,12365,275022,0.0,12365_20251231,1,1,0.14080120708378582,0.14469342577896582,<1bn
83809000,SM,25990000.0,20251231,131987000,157412000,131987000,REGIONS BANK,33894000,52253000,2257000,11845000,12368,94567000,1256000.0,12368_20251231,1,1,0.08974368687825317,0.10684385583428671,>=100bn
106849,NM,0.0,20251231,123633,149938,123633,FOWLER STATE BANK,35469,17145,1013,5413,12372,99053,0.0,12372_20251231,1,1,0.04378280879700404,0.05197641406420616,<1bn
1606733,NM,100090.0,20251231,3490782,3810105,3490782,CARROLLTON BANK,260205,1887630,74861,570046,12383,2862757,0.0,12383_20251231,1,1,0.1633003722375101,0.18474571027351464,1-10bn
156295,NM,17917.0,20251231,176127,198341,176127,JERSEY STATE BANK,77074,20075,0,15208,12384,91961,0.0,12384_20251231,1,1,0.08634678385483202,0.08634678385483202,<1bn
259072,NM,36876.0,20251231,282205,325669,282205,STATE BANK OF TOULON,79990,23553,0,7801,12386,215851,0.0,12386_20251231,1,1,0.027643025460215093,0.027643025460215093,<1bn
73491,NM,23358.0,20251231,81473,92724,81473,WILLIAMSVILLE STATE B&T,42198,8074,0,2015,12388,25859,0.0,12388_20251231,1,1,0.024732119843383697,0.024732119843383697,<1bn
73984,NM,2937.0,20251231,93930,109076,93930,EXCHANGE STATE BANK,36065,20165,0,7598,12402,61866,0.0,12402_20251231,1,1,0.0808900244863196,0.0808900244863196,<1bn
122071,NM,41544.0,20251231,151564,182616,151564,LA SALLE STATE BANK,83651,29794,1456,5394,12410,87119,3253.0,12410_20251231,1,1,0.035588926130215616,0.04519542899369244,<1bn
63402,NM,7216.0,20251231,74602,80320,74602,TRI-VALLEY BANK,20351,11332,0,2958,12417,54121,0.0,12417_20251231,1,1,0.039650411517117505,0.039650411517117505,<1bn
36689,NM,13594.0,20251231,49108,56303,49108,SECURITY STATE BANK,19126,12516,1000,3188,12422,20094,0.0,12422_20251231,1,1,0.06491813961065407,0.08528142054247781,<1bn
16649,NM,1.0,20251231,17010,20900,17010,DICKINSON COUNTY BANK,503,431,485,6295,12425,13545,0.0,12425_20251231,1,1,0.3700764256319812,0.3985890652557319,<1bn
16432,NM,0.0,20251231,18100,23968,18100,BAXTER STATE BANK,5154,1670,4954,1541,12432,12811,0.0,12432_20251231,1,1,0.08513812154696132,0.3588397790055249,<1bn
12364680,NM,2600213.0,20251231,21774368,26747636,21774368,RENASANT BANK,3590891,9844570,0,1062781,12437,19019043,0.0,12437_20251231,1,1,0.048808810432523234,0.048808810432523234,10-100bn
15492878,NM,3901479.0,20251231,29554747,35458426,29554747,HANCOCK WHITNEY BANK,8094799,14848538,185332,637360,12441,23683956,1.0,12441_20251231,1,1,0.021565401997858415,0.027836205128062844,10-100bn
59592,NM,0.0,20251231,71830,79657,71830,STATE BANK OF COLD SPRING,22118,12297,19012,12039,12444,43996,0.0,12444_20251231,1,1,0.16760406515383544,0.43228456076848115,<1bn
75253,NM,0.0,20251231,90071,105299,90071,CITIZENS BANK OF EDINA,7216,15055,2486,15370,12457,71310,0.0,12457_20251231,1,1,0.1706431592854526,0.19824360782049716,<1bn
829550,NM,0.0,20251231,1115338,1257098,1115338,FIRST OKLAHOMA BANK,20865,287172,0,93546,12484,1097205,180672.0,12484_20251231,1,1,0.08387233287129103,0.08387233287129103,1-10bn
210298,SM,10184.0,20251231,240850,295234,240850,PAYNE COUNTY BANK,46429,30768,0,6119,12485,219220,0.0,12485_20251231,1,1,0.02540585426614075,0.02540585426614075,<1bn
198664,N,1724.0,20251231,288029,336610,288029,PREMIER BANK NATIONAL ASSN,35185,89545,9964,33075,12493,257231,6133.0,12493_20251231,1,1,0.114832187036722,0.14942592586163198,<1bn
186910,NM,19543.0,20251231,209851,257977,209851,ALLIANCE BANK,43873,23563,3485,8308,12511,196184,0.0,12511_20251231,1,1,0.03958999480583843,0.05619701597800344,<1bn
71159,NM,8925.0,20251231,88493,106343,88493,COMMUNITY FIRST BANK,30402,17425,0,8112,12512,63109,3337.0,12512_20251231,1,1,0.09166826754658561,0.09166826754658561,<1bn
168309,NM,33106.0,20251231,221062,289805,221062,PARTNERS BANK OF WISCONSIN,72475,52954,2181,12596,12513,182961,591.0,12513_20251231,1,1,0.056979489916855905,0.0668455003573658,<1bn
461494,NM,60826.0,20251231,606218,951221,606218,IXONIA BANK,97746,166547,9842,69471,12514,730567,100.0,12514_20251231,1,1,0.11459738905806162,0.13083247280681207,<1bn
1949368,NM,309982.0,20251231,2243475,2666805,2243475,BANK FIVE NINE,362089,299925,0,185007,12517,2017258,216333.0,12517_20251231,1,1,0.08246448032627954,0.08246448032627954,1-10bn
126629,NM,0.0,20251231,135104,194397,135104,PEOPLES BANK,12621,8622,2425,10028,12531,149847,2833.0,12531_20251231,1,1,0.07422430127901468,0.09217343675982946,<1bn
69103,NM,1669.0,20251231,87074,96781,87074,BANK OF CALHOUN COUNTY,13857,18173,2015,26285,12549,51519,0.0,12549_20251231,1,1,0.301869674070331,0.32501091026023843,<1bn
23421,NM,3455.0,20251231,25468,31601,25468,HOPETON STATE BANK,3458,2100,0,7937,12585,13621,0.0,12585_20251231,1,1,0.31164598712109315,0.31164598712109315,<1bn
403708,NM,225982.0,20251231,985471,1089572,985471,CONVERSE COUNTY BANK,526256,583675,0,250336,12591,300695,0.0,12591_20251231,1,1,0.25402675471931696,0.25402675471931696,1-10bn
324440,SM,99637.0,20251231,395213,443958,395213,SECURITY STATE BANK,171626,71241,14111,23158,12592,225595,25000.0,12592_20251231,1,1,0.05859625062940743,0.09430104778941988,<1bn
422433,NM,43767.0,20251231,557032,663023,557032,PUEBLO BANK&TRUST CO,115441,134700,19671,12482,12594,517725,0.0,12594_20251231,1,1,0.02240804837065016,0.05772199801806718,<1bn
113198,NM,24492.0,20251231,142632,219659,142632,FARMERS&DROVERS BANK,82035,29762,967,5298,12602,125120,0.0,12602_20251231,1,1,0.03714453979471647,0.04392422457793482,<1bn
237690,NM,23829.0,20251231,336097,381755,336097,CITY BANK&TRUST CO,94012,98531,10215,50838,12608,227444,0.0,12608_20251231,1,1,0.1512599041348182,0.1816529156761292,<1bn
202488,NM,17743.0,20251231,319019,352880,319019,PATTERSON STATE BANK,86389,118100,0,41606,12609,192775,0.0,12609_20251231,1,1,0.13041856441152408,0.13041856441152408,<1bn
704130,NM,16821.0,20251231,900207,1119590,900207,EVANGELINE BANK&TRUST CO,126085,203143,100161,54361,12611,894529,10000.0,12611_20251231,1,1,0.0603872220500396,0.17165163123592686,1-10bn
4386826,SM,750076.0,20251231,8348199,9620310,8348199,ORIGIN BANK,1127735,3992514,0,424217,12614,7575167,0.0,12614_20251231,1,1,0.050815391439518874,0.050815391439518874,1-10bn
387215,NM,0.0,20251231,478547,593718,478547,LEGENDS BANK,117861,93111,100951,28848,12616,427836,1.0,12616_20251231,1,1,0.06028248009077478,0.2712356362071019,<1bn
660456,NM,9564.0,20251231,902044,1170435,902044,BANK OF WASHINGTON,18908,243823,2000,71533,12627,1025719,402.0,12627_20251231,1,1,0.07930100970684358,0.08151819645161433,1-10bn
9882576,SM,4400805.0,20251231,16767703,20799746,16767703,CENTRAL TRUST BANK,6373423,6922596,928287,2064842,12633,11338224,0.0,12633_20251231,1,1,0.12314399891267158,0.17850560688008368,10-100bn
101499,NM,25036.0,20251231,132017,155143,132017,GREENLEAF BANK,45377,30644,0,7894,12661,92597,0.0,12661_20251231,1,1,0.05979532938939682,0.05979532938939682,<1bn
110257,NM,17.0,20251231,121685,138091,121685,CITIZENS COMMUNITY BANK,25133,11636,7053,10365,12694,92610,0.0,12694_20251231,1,1,0.08517894563832847,0.14314007478325183,<1bn
229928,NM,25314.0,20251231,260719,303919,260719,STATE BANK,55634,31448,0,35647,12706,198150,0.0,12706_20251231,1,1,0.13672574687690578,0.13672574687690578,<1bn
78561,NM,2133.0,20251231,124439,147957,124439,BRIDGE COMMUNITY BANK,8536,46114,1975,26640,12717,96466,0.0,12717_20251231,1,1,0.2140807946061926,0.22995202468679432,<1bn
66994,NM,16.0,20251231,71281,91983,71281,SICILY ISLAND STATE BANK,3842,4444,0,14940,12722,70640,2005.0,12722_20251231,1,1,0.20959301917762097,0.20959301917762097,<1bn
37181,NM,0.0,20251231,39930,45508,39930,BANK OF PRAGUE,6247,2868,301,5133,12745,32861,0.0,12745_20251231,1,1,0.12854996243425995,0.13608815426997245,<1bn
71070,NM,17943.0,20251231,86683,101510,86683,FIRST STATE BANK,24226,15695,1002,5955,12757,68374,0.0,12757_20251231,1,1,0.06869859141930944,0.08025795138608494,<1bn
41773,NM,136.0,20251231,46152,54394,46152,FARMERS STB ALLEN OKLAHOMA,5334,4424,0,1907,12758,40331,0.0,12758_20251231,1,1,0.041319986132778645,0.041319986132778645,<1bn
495337,NM,7948.0,20251231,667794,809540,667794,F&M BANK,129387,173608,40904,47910,12761,595005,2000.0,12761_20251231,1,1,0.07174368143469394,0.1329961035888313,<1bn
1047596,NM,462815.0,20251231,2184192,2451820,2184192,FIRST UNITED BANK,672856,1139151,0,174290,12769,1477815,0.0,12769_20251231,1,1,0.07979609851148617,0.07979609851148617,1-10bn
419792,SM,180194.0,20251231,509885,587481,509885,BARABOO STATE BANK,198074,90947,0,71391,12788,296628,0.0,12788_20251231,1,1,0.1400139247085127,0.1400139247085127,<1bn
653136,NM,144502.0,20251231,779127,966256,779127,PEOPLES STATE BANK,294960,127595,0,12894,12814,606520,0.0,12814_20251231,1,1,0.01654929170725697,0.01654929170725697,<1bn
488289,N,82937.0,20251231,677370,768003,677370,HOME STB NA,169285,189366,0,67507,12815,491500,0.0,12815_20251231,1,1,0.09966045145193912,0.09966045145193912,<1bn
489046,NM,125550.0,20251231,921135,1139311,921135,FARMERS BANK FRANKFORT IN,202819,433613,0,71468,12828,797630,93192.0,12828_20251231,1,1,0.07758689008668654,0.07758689008668654,1-10bn
110017,SM,20535.0,20251231,134390,158066,134390,FIRST STATE BANK OF PORTER,65174,24639,0,2451,12836,76103,0.0,12836_20251231,1,1,0.018237964134236177,0.018237964134236177,<1bn
1992249,SM,360837.0,20251231,2884429,3425975,2884429,FIRST FARMERS BANK&TRUST CO,675834,894194,20106,116557,12839,2489987,261364.0,12839_20251231,1,1,0.04040903762928469,0.047379568018488236,1-10bn
4550064,NM,955070.0,20251231,7841307,9663367,7841307,CENTIER BANK,1381347,3300838,0,195455,12854,7635097,481393.0,12854_20251231,1,1,0.024926329245876996,0.024926329245876996,1-10bn
716890,NM,7875.0,20251231,1244786,1628933,1244786,FARMERS STATE BANK,229688,532098,0,40571,12855,1301398,81382.0,12855_20251231,1,1,0.032592750882481,0.032592750882481,1-10bn
144332,NM,9976.0,20251231,193008,255972,193008,DENVER SAVINGS BANK,49876,49312,12050,19520,12857,172399,14503.0,12857_20251231,1,1,0.10113570421951422,0.16356834949846638,<1bn
446635,NM,51362.0,20251231,569246,630357,569246,FARMERS TRUST&SAVINGS BANK,95550,124368,0,32445,12858,492695,90793.0,12858_20251231,1,1,0.05699644793287963,0.05699644793287963,<1bn
36168,NM,0.0,20251231,40677,57647,40677,SWEDISH-AMERICAN STATE BANK,15415,4561,7877,753,12865,39451,0.0,12865_20251231,1,1,0.01851168965262925,0.21215920544779604,<1bn
551982,NM,25206.0,20251231,628998,760094,628998,FARMERS BANK&TRUST CO,72902,77576,0,12729,12869,638735,46725.0,12869_20251231,1,1,0.02023694828918375,0.02023694828918375,<1bn
854971,NM,131895.0,20251231,962680,1119834,962680,KATAHDIN TRUST CO,165722,108858,0,36666,12874,859707,135191.0,12874_20251231,1,1,0.038087422611875185,0.038087422611875185,1-10bn
59804,SM,6637.0,20251231,64805,80549,64805,FIRST STATE BANK OF MICHIGAN,6637,5099,0,25016,12893,43396,22500.0,12893_20251231,1,1,0.3860195972532984,0.3860195972532984,<1bn
83093,NM,16875.0,20251231,87280,96644,87280,MAYVILLE STATE BANK,34722,4222,0,6965,12899,44801,0.0,12899_20251231,1,1,0.0798006416131989,0.0798006416131989,<1bn
1016984,SM,251825.0,20251231,2324730,2650965,2324730,ORANGE BANK&TRUST CO,419406,1309083,0,204203,12944,1921949,124971.0,12944_20251231,1,1,0.08783944802192083,0.08783944802192083,1-10bn
138067,NM,26383.0,20251231,161083,180561,161083,BANK OF RICHMONDVILLE,76824,23310,0,10311,12956,83767,0.0,12956_20251231,1,1,0.06401047906979632,0.06401047906979632,<1bn
276414,NM,45718.0,20251231,328955,375234,328955,CATTARAUGUS COUNTY BANK,97774,52844,1189,31905,12959,223746,13808.0,12959_20251231,1,1,0.09698894985636333,0.10060342600051679,<1bn
803268,NM,107998.0,20251231,1057521,1189863,1057521,UNION BANK CO,225719,254721,0,48509,12969,816499,1.0,12969_20251231,1,1,0.045870483895828075,0.045870483895828075,1-10bn
711933,SM,105298.0,20251231,1035231,1235216,1035231,RICHWOOD BANKING CO,268061,323833,0,27028,12978,848891,0.0,12978_20251231,1,1,0.02610818261817894,0.02610818261817894,1-10bn
59756,SM,22004.0,20251231,87965,102686,87965,CORN CITY STATE BANK,28229,28300,0,2869,12980,70286,13000.0,12980_20251231,1,1,0.03261524469959643,0.03261524469959643,<1bn
2896983,SM,296093.0,20251231,3490179,4326380,3490179,CIVISTA BANK,680423,647472,32417,61629,12982,3235206,402142.0,12982_20251231,1,1,0.017657833595354278,0.026945895898175996,1-10bn
287057,NM,4460.0,20251231,345007,441709,345007,ELDERTON STATE BANK,19891,58456,4283,33755,12985,363484,8028.0,12985_20251231,1,1,0.09783859457924042,0.11025283544971551,<1bn
247791,NM,40555.0,20251231,354794,440824,354794,TRINITY CAPITAL BANK OF TX,64298,107961,0,24682,13000,335595,15179.0,13000_20251231,1,1,0.06956712909462956,0.06956712909462956,<1bn
162609,NM,58090.0,20251231,270894,300731,270894,PECOS COUNTY STATE BANK,145443,108384,0,13268,13006,121428,0.0,13006_20251231,1,1,0.04897856726247167,0.04897856726247167,<1bn
2198171,SM,87937.0,20251231,2722282,3248653,2722282,FIRST COMMUNITY BANK,121759,524680,0,128099,13012,2283994,531.0,13012_20251231,1,1,0.04705574220451812,0.04705574220451812,1-10bn
52495,NM,862.0,20251231,57783,66846,57783,MINERS&MERCHANTS BANK,28813,5312,0,11240,13018,24234,0.0,13018_20251231,1,1,0.1945208798435526,0.1945208798435526,<1bn
301402,NM,23882.0,20251231,341100,376464,341100,FIRST EXCHANGE BANK,25723,40355,0,41432,13020,288352,20811.0,13020_20251231,1,1,0.12146584579302257,0.12146584579302257,<1bn
311243,NM,6787.0,20251231,384178,436858,384178,FARMERS SAVINGS BANK,149844,73686,0,50283,13025,227474,1000.0,13025_20251231,1,1,0.13088464201489936,0.13088464201489936,<1bn
102165,NM,0.0,20251231,116397,148048,116397,OAKWOOD BANK,1939,14580,0,12094,13030,125473,8052.0,13030_20251231,1,1,0.10390302155553838,0.10390302155553838,<1bn
204944,NM,30447.0,20251231,281651,344556,281651,CITIZENS FIRST BANK,64617,77135,0,14746,13032,245777,30327.0,13032_20251231,1,1,0.05235557480711945,0.05235557480711945,<1bn
214578,SM,0.0,20251231,245866,278969,245866,FARMERS STB OF WAUPACA,65157,32237,0,35464,13033,161730,0.0,13033_20251231,1,1,0.14424117202053152,0.14424117202053152,<1bn
58741,N,0.0,20251231,67245,79746,67245,PARK BANK NATIONAL ASSN,42223,8604,0,6106,13054,24867,0.0,13054_20251231,1,1,0.0908022901330954,0.0908022901330954,<1bn
649020,NM,140601.0,20251231,993305,1175554,993305,CITIZENS BANK,292208,344661,7720,97018,13055,743662,0.0,13055_20251231,1,1,0.09767191346061885,0.10544394722668264,1-10bn
454974,N,105752.0,20251231,580031,756449,580031,HIAWATHA NATIONAL BANK,143699,126193,0,21365,13058,558276,127316.0,13058_20251231,1,1,0.036834238170028843,0.036834238170028843,<1bn
1336913,SI,203025.0,20251231,1628202,2015501,1628202,KENNEBUNK SAVINGS BANK,221412,291666,0,48774,13063,1631896,0.0,13063_20251231,1,1,0.029955742592135372,0.029955742592135372,1-10bn
317197,SM,110.0,20251231,376339,432755,376339,COMMUNITY BANK&TRUST,128001,59730,127824,91662,13068,198844,0.0,13068_20251231,1,1,0.2435623201422122,0.5832135388572537,<1bn
538760,SM,115827.0,20251231,623207,721577,623207,TOWN&COUNTRY BANK,182741,85096,9839,19044,13071,486804,0.0,13071_20251231,1,1,0.03055806497680546,0.04634575670684058,<1bn
475723,SM,43897.0,20251231,657470,742792,657470,FIRST WESTERN BANK,81983,183664,0,16760,13083,598947,33600.0,13083_20251231,1,1,0.025491657414026495,0.025491657414026495,<1bn
2450438,SM,454163.0,20251231,5973527,6984247,5973527,LAKE CITY BANK,1186395,3532046,10119,136995,13102,5309061,50572.0,13102_20251231,1,1,0.022933687250430105,0.024627661346470854,1-10bn
510303,NM,140369.0,20251231,775438,890538,775438,CITIZENS STB NEW CASTLE,258864,265518,0,41156,13107,554784,10097.0,13107_20251231,1,1,0.053074520464563256,0.053074520464563256,<1bn
426042,NM,54062.0,20251231,842608,1065907,842608,JACKSON COUNTY BANK,110875,418021,2057,23493,13109,869873,0.0,13109_20251231,1,1,0.02788129236845603,0.030322522454094905,1-10bn
164367,SM,23347.0,20251231,214934,235158,214934,HENDRICKS COUNTY B&T CO,65074,50709,0,14872,13111,139714,0.0,13111_20251231,1,1,0.06919333376757517,0.06919333376757517,<1bn
225717,NM,53162.0,20251231,313816,389086,313816,OWEN COUNTY STATE BANK,78743,88428,0,20822,13112,266749,19211.0,13112_20251231,1,1,0.06635098274147909,0.06635098274147909,<1bn
154522,NM,15494.0,20251231,196094,244548,196094,PEOPLES TRUST&SAVINGS BANK,47862,41886,0,8356,13113,175012,250.0,13113_20251231,1,1,0.042612216590002756,0.042612216590002756,<1bn
346856,SM,35100.0,20251231,474750,554670,474750,FRIENDSHIP STATE BANK,186546,130362,1373,12182,13130,323058,0.0,13130_20251231,1,1,0.02565982095839916,0.028551869404949973,<1bn
128338,NM,16253.0,20251231,141536,173826,141536,BANK OF CLARKSON,41849,13666,0,4672,13167,117580,6502.0,13167_20251231,1,1,0.03300926972643003,0.03300926972643003,<1bn
252471,SM,0.0,20251231,352567,403404,352567,FIRST COMMUNITY BANK,40110,100182,20665,11410,13179,325469,0.0,13179_20251231,1,1,0.03236264312882374,0.09097561598221048,<1bn
199281,NM,45749.0,20251231,230992,250565,230992,UNION STATE BANK OF HAZEN,89087,32105,0,7520,13195,137244,40706.0,13195_20251231,1,1,0.032555240008311975,0.032555240008311975,<1bn
42716,NM,10503.0,20251231,62362,71566,62362,PEOPLES STATE BANK,13245,19742,0,12154,13196,42919,0.0,13196_20251231,1,1,0.19489432667329462,0.19489432667329462,<1bn
854399,NM,214879.0,20251231,1586156,1785231,1586156,CORNERSTONE BANK,314319,737018,3047,79097,13198,1243177,18462.0,13198_20251231,1,1,0.04986710008347224,0.051788096505009595,1-10bn
208711,NM,16417.0,20251231,237182,274242,237182,FORT JENNINGS STATE BANK,19923,28684,3506,8967,13209,199606,0.0,13209_20251231,1,1,0.03780641026722095,0.052588307713064227,<1bn
323268,NM,18394.0,20251231,436467,517344,436467,SAVINGS BANK,99216,113340,14269,6934,13216,373844,23261.0,13216_20251231,1,1,0.015886653515615155,0.04857870125347392,<1bn
530043,NM,174977.0,20251231,729067,831000,729067,PEOPLES BANK CO,346344,199824,6728,17904,13220,433138,24982.0,13220_20251231,1,1,0.02455741379050211,0.03378564658666487,<1bn
152224,NM,14048.0,20251231,179696,240843,179696,FARMERS&MERCHANTS STATE BANK,17687,28093,0,6704,13242,204917,383.0,13242_20251231,1,1,0.037307452586590684,0.037307452586590684,<1bn
122466,SM,16592.0,20251231,155374,181526,155374,STATE SB OF MANISTIQUE,68592,33059,0,12172,13249,88974,18000.0,13249_20251231,1,1,0.07834000540630993,0.07834000540630993,<1bn
53258,NM,0.0,20251231,64545,86006,64545,CHAMBERS STATE BANK,1370,11489,0,13423,13251,66217,6937.0,13251_20251231,1,1,0.20796343636222792,0.20796343636222792,<1bn
683648,SM,80669.0,20251231,1044708,1252928,1044708,MIDWEST BANK,218181,362102,0,23914,13255,927698,64826.0,13255_20251231,1,1,0.0228906067532746,0.0228906067532746,1-10bn
506786,NM,77310.0,20251231,623040,716304,623040,BANK OF LUXEMBURG,129701,116647,0,18390,13264,534311,10000.0,13264_20251231,1,1,0.029516563944530047,0.029516563944530047,<1bn
128798,SM,5870.0,20251231,158720,186200,158720,BANK OF COMMERCE,26423,29973,0,19140,13274,131762,0.0,13274_20251231,1,1,0.12058971774193548,0.12058971774193548,<1bn
664005,SM,154738.0,20251231,1064959,1183807,1064959,SOLVAY BANK,359837,402916,14212,33167,13297,735312,14958.0,13297_20251231,1,1,0.03114392197258298,0.0444890366671393,1-10bn
174587,NM,2468.0,20251231,249465,328622,249465,BANK OF ENGLAND,136754,75024,3108,57520,13303,96660,0.0,13303_20251231,1,1,0.2305734271340669,0.24303208866975326,<1bn
449257,NM,102205.0,20251231,682874,762918,682874,NEW WASHINGTON STATE BANK,163447,234466,0,51219,13305,496402,0.0,13305_20251231,1,1,0.07500505217653623,0.07500505217653623,<1bn
979635,SM,152122.0,20251231,1317530,1536850,1317530,STATE BANK&TRUST CO,188627,340266,0,68407,13339,1166243,1.0,13339_20251231,1,1,0.05192063937823048,0.05192063937823048,1-10bn
722626,SM,219109.0,20251231,973843,1314050,973843,CROGHAN COLONIAL BANK,383526,253042,2867,28886,13341,820784,0.0,13341_20251231,1,1,0.02966186541362417,0.03260587178836835,1-10bn
269340,SM,16949.0,20251231,375388,418381,375388,EXCHANGE BANK&TRUST CO,71512,106685,0,12298,13366,312022,49010.0,13366_20251231,1,1,0.03276077018977698,0.03276077018977698,<1bn
126394,NM,31361.0,20251231,141187,157993,141187,NORTHEAST MISSOURI STB,67297,15398,0,11611,13381,67527,0.0,13381_20251231,1,1,0.08223844971562537,0.08223844971562537,<1bn
96178,NM,943.0,20251231,121518,141380,121518,FARMERS&MERCHANTS STB SPRING,27522,25464,23977,15614,13382,90796,0.0,13382_20251231,1,1,0.12849125232475847,0.3258035846541253,<1bn
689380,NM,5038.0,20251231,1010249,1405373,1010249,BANK OF UTICA,1189424,322935,0,46882,13397,141178,0.0,13397_20251231,1,1,0.046406381001119525,0.046406381001119525,1-10bn
239973,NM,22119.0,20251231,347771,403992,347771,FARMERS STATE BANK,97288,107968,57993,48235,13407,240051,0.0,13407_20251231,1,1,0.13869759123101122,0.3054538762576523,<1bn
50770,NM,8931.0,20251231,69475,79769,69475,FARMERS&MERCHANTS BANK,33853,18994,19599,11927,13415,25536,0.0,13415_20251231,1,1,0.17167326376394387,0.4537747391147895,<1bn
51177,NM,299.0,20251231,57207,63818,57207,OKLAHOMA STATE BANK,12235,6107,8977,229,13416,49311,0.0,13416_20251231,1,1,0.0040030066250633664,0.1609243624032024,<1bn
6809616,NM,236456.0,20251231,7734474,9093084,7734474,UNION BANK&TRUST CO,1770873,938475,9803,76862,13421,6746224,896357.0,13421_20251231,1,1,0.009937585930213225,0.011205028292809569,1-10bn
163564,SM,2030.0,20251231,186425,205998,186425,WADENA STATE BANK,58947,23414,13275,6764,13430,133151,0.0,13430_20251231,1,1,0.03628268740780475,0.10749094810245408,<1bn
69706,NM,0.0,20251231,82331,92844,82331,INTEGRITY BANK,51443,12652,37026,3952,13450,33386,0.0,13450_20251231,1,1,0.04800136036243942,0.4977226075232901,<1bn
622343,NM,91906.0,20251231,708273,798759,708273,ROYAL BANK,193534,86888,1235,26147,13454,542905,0.0,13454_20251231,1,1,0.036916556186668135,0.03866023411876494,<1bn
63885,NM,2330.0,20251231,84069,95067,84069,STATE EXCHANGE BANK,6531,20318,496,16589,13551,68976,22872.0,13551_20251231,1,1,0.19732600601886546,0.20322592156442923,<1bn
319288,SM,17051.0,20251231,355574,401618,355574,FLEETWOOD BANK,126842,36318,0,15952,13561,237267,0.0,13561_20251231,1,1,0.044862672748851154,0.044862672748851154,<1bn
444768,NM,39863.0,20251231,608287,726479,608287,BANK OF SUN PRAIRIE,83300,165207,0,32003,13565,580103,51032.0,13565_20251231,1,1,0.05261167836892783,0.05261167836892783,<1bn
27575,NM,0.0,20251231,33430,36674,33430,STATE BANK OF NAUVOO,715,5904,0,15361,13582,18498,0.0,13582_20251231,1,1,0.4594974573736165,0.4594974573736165,<1bn
261473,NM,12412.0,20251231,357734,397918,357734,FIRST LOCKHART BANK,22364,96907,5952,55427,13599,299620,0.0,13599_20251231,1,1,0.1549391447276468,0.17157720540960603,<1bn
107234,NM,58444.0,20251231,121897,136897,121897,POINTWEST BANK,70537,14699,6320,9263,13600,48838,0.0,13600_20251231,1,1,0.07599038532531563,0.1278374365242787,<1bn
30840,NM,0.0,20251231,33584,37522,33584,BANK OF MEAD,15715,2794,0,5249,13611,15613,0.0,13611_20251231,1,1,0.15629466412577417,0.15629466412577417,<1bn
73553,NM,0.0,20251231,101411,134331,101411,CORYDON STATE BANK,87874,28361,0,1862,13616,37497,500.0,13616_20251231,1,1,0.018360927315577206,0.018360927315577206,<1bn
799993,NM,103423.0,20251231,920034,1154050,920034,DAYSPRING BANK,212950,121264,5330,40651,13622,798436,362974.0,13622_20251231,1,1,0.04418423666951439,0.04997750083149101,1-10bn
353527,SM,55969.0,20251231,539800,613664,539800,FIRST STATE BANK,101291,186796,0,53381,13632,431200,1.0,13632_20251231,1,1,0.09889032975175992,0.09889032975175992,<1bn
284132,NM,62487.0,20251231,336754,383615,336754,PINE COUNTRY BANK,108824,53408,4913,17926,13652,235344,0.0,13652_20251231,1,1,0.05323173592592813,0.06782102068572311,<1bn
148443,NM,0.0,20251231,241400,289307,241400,UNITED COMMUNITY BANK,44929,93353,30708,33042,13656,194196,0.0,13656_20251231,1,1,0.13687655343827673,0.2640845070422535,<1bn
116827,NM,31.0,20251231,187497,219121,187497,FARMERS&MERCHANTS STB BLOOMF,62230,71466,62111,5374,13662,144618,14829.0,13662_20251231,1,1,0.028661791922004087,0.359925758812141,<1bn
131862,NM,0.0,20251231,154388,170857,154388,BRUNSWICK STATE BANK,5881,22910,0,13618,13692,146065,7654.0,13692_20251231,1,1,0.0882063372800995,0.0882063372800995,<1bn
17506,NM,0.0,20251231,18579,22335,18579,NEBRASKA STATE BANK,0,1112,0,7648,13696,13982,1496.0,13696_20251231,1,1,0.4116475590720706,0.4116475590720706,<1bn
406228,N,85855.0,20251231,529832,623494,529832,GREENVILLE NATIONAL BANK,110457,125700,1978,48898,13703,434102,0.0,13703_20251231,1,1,0.09228963143034018,0.09602289027465309,<1bn
243797,NM,18176.0,20251231,305930,388231,305930,LIBERTYVILLE SAVINGS BANK,103567,62907,0,30585,13712,231234,0.0,13712_20251231,1,1,0.09997385022717616,0.09997385022717616,<1bn
67287,NM,3495.0,20251231,81055,88833,81055,STATE BANK,33143,14155,4468,10005,13715,42836,0.0,13715_20251231,1,1,0.12343470483005367,0.17855776941582877,<1bn
915912,NM,7720.0,20251231,1473787,1901612,1473787,MIDDLEFIELD BANKING CO,155543,555096,0,39823,13716,1562719,23115.0,13716_20251231,1,1,0.0270208652946457,0.0270208652946457,1-10bn
13102,NM,0.0,20251231,13711,16654,13711,PRESCOTT STATE BANK,1730,642,0,5337,13729,8598,0.0,13729_20251231,1,1,0.3892495076945518,0.3892495076945518,<1bn
170941,NM,0.0,20251231,251779,292884,251779,SAVINGS BANK,65518,81232,0,2173,13735,218595,0.0,13735_20251231,1,1,0.008630584758855982,0.008630584758855982,<1bn
74444,NM,0.0,20251231,90570,110766,90570,MAYNARD SAVINGS BANK,56068,16394,0,700,13736,48437,0.0,13736_20251231,1,1,0.007728828530418461,0.007728828530418461,<1bn
142109,NM,38263.0,20251231,180719,212732,180719,FARMERS&MERCHANTS BANK&TRUST,65538,41785,981,5058,13737,124136,0.0,13737_20251231,1,1,0.027988202679297695,0.03341651956905472,<1bn
165017,N,11245.0,20251231,190562,276574,190562,UPSTATE NATIONAL BANK,23750,25844,0,24760,13748,221116,15290.0,13748_20251231,1,1,0.12993146587462348,0.12993146587462348,<1bn
158662,NM,50851.0,20251231,180741,220598,180741,BLUE GRASS SAVINGS BANK,87765,22994,1990,2185,13753,116421,5857.0,13753_20251231,1,1,0.012089122003308602,0.023099352111585085,<1bn
28595,NM,7789.0,20251231,37770,50502,37770,BENTON COUNTY STATE BANK,12942,9261,0,1451,13774,34235,0.0,13774_20251231,1,1,0.03841673285676463,0.03841673285676463,<1bn
170268,NM,55094.0,20251231,197579,229412,197579,FARMERS STATE BANK,75225,27943,0,5060,13775,135790,0.0,13775_20251231,1,1,0.025610009160892604,0.025610009160892604,<1bn
127958,N,0.0,20251231,168837,191111,168837,NORTHERN INTERSTATE BANK N A,94796,40968,0,4387,13784,78183,0.0,13784_20251231,1,1,0.025983641026552238,0.025983641026552238,<1bn
106241,NM,3895.0,20251231,112626,127511,112626,CONCORDIA BK OF CONCORDIA MO,12994,6755,2008,15658,13788,92014,0.0,13788_20251231,1,1,0.13902651252819065,0.15685543302612184,<1bn
81071,NM,16577.0,20251231,98923,113632,98923,MCINTOSH COUNTY BANK,37312,18120,1417,2028,13794,66080,0.0,13794_20251231,1,1,0.020500793546495758,0.03482506596039344,<1bn
61425,N,31304.0,20251231,93360,105400,93360,FIRST NB IN FREDONIA,60929,32072,1577,13456,13798,29827,0.0,13798_20251231,1,1,0.14413024850042844,0.16102185089974294,<1bn
150301,NM,0.0,20251231,280033,304625,280033,FARMERS&MERCHANTS BANK,58588,129827,0,42285,13801,186004,0.0,13801_20251231,1,1,0.15100006070713096,0.15100006070713096,<1bn
111299,SM,12606.0,20251231,135034,145629,135034,TWIN VALLEY BANK,29746,24141,0,3014,13802,93522,0.0,13802_20251231,1,1,0.0223203045158997,0.0223203045158997,<1bn
153586,N,4083.0,20251231,167619,191406,167619,MINNSTAR BANK NATIONAL ASSN,9508,14312,5239,15593,13809,154224,6988.0,13809_20251231,1,1,0.09302644688251333,0.12428185348916292,<1bn
73619,N,19628.0,20251231,124220,137750,124220,FIRST NB IN PINCKNEYVILLE,64587,50798,0,2361,13813,64330,0.0,13813_20251231,1,1,0.01900660119143455,0.01900660119143455,<1bn
99325,SM,20677.0,20251231,133787,164074,133787,BANK 1ST,62340,34720,0,1384,13816,95798,0.0,13816_20251231,1,1,0.01034480181183523,0.01034480181183523,<1bn
184660,NM,0.0,20251231,219144,245803,219144,COMMERCIAL STATE BANK,23562,35345,4941,3637,13819,208738,10000.0,13819_20251231,1,1,0.016596393239148688,0.03914321176943015,<1bn
363445,NM,33341.0,20251231,479406,567622,479406,CROSS BANK,84032,119306,0,18569,13821,443402,84932.0,13821_20251231,1,1,0.038733349186284696,0.038733349186284696,<1bn
31443,NM,163.0,20251231,36477,44037,36477,TRUST BANK,1032,5056,0,17839,13832,21945,0.0,13832_20251231,1,1,0.48904789319297093,0.48904789319297093,<1bn
649868,SM,632.0,20251231,781985,860833,781985,FIELD&MAIN BANK,55983,133795,0,107519,13838,644308,75823.0,13838_20251231,1,1,0.13749496473717526,0.13749496473717526,<1bn
233017,NM,30643.0,20251231,310696,406504,310696,KENTLAND BANK,101243,82212,0,6461,13843,272332,15039.0,13843_20251231,1,1,0.020795246800731262,0.020795246800731262,<1bn
794501,SM,0.0,20251231,953005,1125175,953005,FIRST STATE BANK NEBRASKA,141500,159727,16501,35311,13868,877226,38402.0,13868_20251231,1,1,0.03705227149910022,0.05436697603895048,1-10bn
5132782,NM,389470.0,20251231,7131555,8372231,7131555,CNB BANK,835459,2006055,147944,520969,13876,6421403,254772.0,13876_20251231,1,1,0.0730512489912789,0.09379623378071122,1-10bn
108877,NM,47323.0,20251231,151984,169815,151984,FARMERS STATE BANK,68680,43362,0,6916,13883,85783,200.0,13883_20251231,1,1,0.04550478997789241,0.04550478997789241,<1bn
181552,NM,32126.0,20251231,275572,304556,275572,FARMERS&MERCHANTS BANK,136950,95421,0,9484,13887,120607,0.0,13887_20251231,1,1,0.03441568809603298,0.03441568809603298,<1bn
226222,NM,16098.0,20251231,357399,392581,357399,SANDHILLS STATE BANK,61423,131447,9508,44997,13892,267077,3065.0,13892_20251231,1,1,0.1259013035850688,0.15250462368389392,<1bn
292736,NM,49752.0,20251231,352157,392929,352157,FARMERS STATE BANK,57422,59784,0,27107,13897,294004,0.0,13897_20251231,1,1,0.07697419048890125,0.07697419048890125,<1bn
16363,NM,4143.0,20251231,18473,20955,18473,FARMERS STATE BANK OF MEDORA,10091,2108,0,2263,13902,7305,0.0,13902_20251231,1,1,0.1225031126508959,0.1225031126508959,<1bn
150133,N,38720.0,20251231,195580,217575,195580,FIRST TEXOMA NATIONAL BANK,55141,45664,1009,5542,13905,149250,0.0,13905_20251231,1,1,0.028336230698435425,0.033495244912567744,<1bn
265593,N,8416.0,20251231,521408,593611,521408,SOUTHTRUST BANK N A,138808,256435,130392,91053,13919,338809,0.0,13919_20251231,1,1,0.17462908125690438,0.4247057966122499,<1bn
23920,NM,0.0,20251231,25892,34006,25892,STATE BK OF CANTON CANTON KS,11362,2156,9283,3748,13926,16516,0.0,13926_20251231,1,1,0.14475513672176735,0.5032828672949173,<1bn
34208,NM,173.0,20251231,34268,39756,34268,STATE BANK OF SCHALLER,20823,115,4980,7730,13931,10293,4046.0,13931_20251231,1,1,0.22557488035485002,0.3708999649819073,<1bn
175130,NM,27134.0,20251231,219272,245109,219272,FIRST BANK&TRUST CO,81398,44269,2884,10054,13946,146029,0.0,13946_20251231,1,1,0.045851727534751356,0.05900434163960743,<1bn
163103,NM,0.0,20251231,296083,338190,296083,ALAMOSA STATE BANK,93317,133131,30303,60611,13947,173276,0.0,13947_20251231,1,1,0.2047094902442896,0.3070557917881135,<1bn
325584,NM,232355.0,20251231,825488,879593,825488,COMMUNITY BANK OF LOUISIANA,504320,500593,0,71015,13951,281959,11236.0,13951_20251231,1,1,0.08602790107185083,0.08602790107185083,<1bn
733801,SM,102407.0,20251231,917034,1263445,917034,IOWA STATE BANK,288208,185257,4764,29556,13953,865439,60346.0,13953_20251231,1,1,0.032229993653452325,0.037425002780703875,1-10bn
150296,NM,275.0,20251231,181125,214065,181125,FOUNDATION BANK,23333,33511,6872,66837,13955,110870,0.0,13955_20251231,1,1,0.3690103519668737,0.4069510006901311,<1bn
11149,NM,538.0,20251231,58170,82820,58170,CBW BANK,3635,47023,0,64352,13959,7359,0.0,13959_20251231,1,1,1.1062747120508853,1.1062747120508853,<1bn
46253,NM,5490.0,20251231,49670,63363,49670,BANK OF HOUSTON,5542,3619,0,2588,13960,49827,4520.0,13960_20251231,1,1,0.05210388564525871,0.05210388564525871,<1bn
91266,SM,116.0,20251231,128506,155217,128506,BANK OF HARTINGTON,26454,37477,0,4246,13962,117665,10000.0,13962_20251231,1,1,0.03304125877390939,0.03304125877390939,<1bn
91823,N,12362.0,20251231,103465,116605,103465,GRANVILLE NATIONAL BANK,53842,11743,10439,6727,13983,52315,0.0,13983_20251231,1,1,0.06501715555985116,0.16591117769293964,<1bn
4060,N,401.0,20251231,5164,6598,5164,TRANSACT BANK NATIONAL ASSN,401,1107,0,1270,13986,2305,0.0,13986_20251231,1,1,0.24593338497288925,0.24593338497288925,<1bn
38017,NM,230.0,20251231,43501,47291,43501,PALO SAVINGS BANK,14863,5571,0,7686,13990,22580,0.0,13990_20251231,1,1,0.1766855934346337,0.1766855934346337,<1bn
23193,NM,12250.0,20251231,30509,34044,30509,FARMERS&MERCHANTS STATE BANK,15469,7367,0,1444,13999,13429,0.0,13999_20251231,1,1,0.04733029597823593,0.04733029597823593,<1bn
260370,SM,7117.0,20251231,363019,413915,363019,CHELSEA STATE BANK,85787,102939,7732,57753,14009,248428,0.0,14009_20251231,1,1,0.15909084648461927,0.18039000713461278,<1bn
726591,NM,79734.0,20251231,985198,1128814,985198,MIDDLETOWN VALLEY BANK,140156,258921,0,30707,14017,924948,15000.0,14017_20251231,1,1,0.031168353975546032,0.031168353975546032,1-10bn
40363,NM,83.0,20251231,52782,57579,52782,FARMERS&MERCHANTS BK MOUND C,3164,12586,492,15666,14024,37341,0.0,14024_20251231,1,1,0.29680572922587245,0.306127088780266,<1bn
341186,NM,3356.0,20251231,439263,492806,439263,CONNECTIONS BANK,6276,98987,0,30069,14025,411458,0.0,14025_20251231,1,1,0.06845329563382302,0.06845329563382302,<1bn
59166,NM,0.0,20251231,77862,91674,77862,SCRIBNER BANK,11040,19874,4406,18796,14026,54323,0.0,14026_20251231,1,1,0.24140145385425496,0.29798874932573016,<1bn
2786882,NM,550938.0,20251231,3636734,4075579,3636734,FIRST GUARANTY BANK,999719,874143,98149,845400,14028,2029047,1237229.0,14028_20251231,1,1,0.23246132381416953,0.25944955006332604,1-10bn
590598,NM,25597.0,20251231,735429,851168,735429,FIRST LIBERTY BANK,41848,146624,987,83315,14029,690711,41602.0,14029_20251231,1,1,0.11328761851925882,0.11462969232923913,<1bn
299485,SM,16884.0,20251231,446042,501959,446042,MISSOURI BANK,98314,146764,0,49192,14036,315855,0.0,14036_20251231,1,1,0.11028557848812444,0.11028557848812444,<1bn
251891,NM,20348.0,20251231,285509,335850,285509,FARMERS&MERCHANTS BK ST CLAI,76263,34117,8848,8484,14056,227612,0.0,14056_20251231,1,1,0.02971535047931939,0.0607056169858043,<1bn
259287,NM,4453.0,20251231,300638,369086,300638,GREAT PLAINS STATE BANK,36100,42390,11158,7917,14058,301635,4233.0,14058_20251231,1,1,0.026333996367724637,0.06344839973656025,<1bn
1346123,NM,205385.0,20251231,2015596,2267326,2015596,PINNACLE BANK,384841,672287,20302,65728,14065,1675853,0.0,14065_20251231,1,1,0.0326097094854326,0.04268216448137424,1-10bn
42950,NM,0.0,20251231,45057,57594,45057,STATE BANK OF SCOTIA,16183,2658,0,11603,14069,28325,0.0,14069_20251231,1,1,0.2575182546552145,0.2575182546552145,<1bn
833292,N,120488.0,20251231,1119392,1319644,1119392,COUNTY NATIONAL BANK,170011,286957,12939,15940,14073,1083991,77636.0,14073_20251231,1,1,0.014239873073954433,0.025798826505817444,1-10bn
327233,SM,37523.0,20251231,494538,630720,494538,GNB BANK,117108,168986,37945,17690,14079,451374,39763.0,14079_20251231,1,1,0.03577075977983492,0.11249893840311563,<1bn
77457,NM,524.0,20251231,97583,123554,97583,BISON STATE BANK,2128,20302,501,4170,14083,97514,19024.0,14083_20251231,1,1,0.04273285305842206,0.04786694403738356,<1bn
48685,N,14888.0,20251231,82149,89932,82149,FIRST NB IN FALFURRIAS,26928,33521,12040,39472,14095,22443,0.0,14095_20251231,1,1,0.4804927631498862,0.6270557158334247,<1bn
43407,NM,4996.0,20251231,48494,62228,48494,GENERATIONS BANK,11181,5306,988,1011,14096,46479,3989.0,14096_20251231,1,1,0.020847939951334184,0.04122159442405246,<1bn
313514,NM,20987.0,20251231,421081,481999,421081,PEOPLES STATE BANK,179244,107774,0,17094,14113,268194,0.0,14113_20251231,1,1,0.04059551487718515,0.04059551487718515,<1bn
566549,SI,72555.0,20251231,761557,942403,761557,PASSUMPSIC SAVINGS BANK,127461,195177,0,93017,14134,645065,0.0,14134_20251231,1,1,0.12214056203278284,0.12214056203278284,<1bn
205952,SI,5284.0,20251231,219733,251880,219733,WELLS RIVER SAVINGS BANK,56666,13887,10446,8832,14136,172125,0.0,14136_20251231,1,1,0.04019423573154692,0.08773374959610072,<1bn
1119647,SI,133288.0,20251231,1363156,1610517,1363156,NORTHFIELD SAVINGS BANK,343958,243997,19729,37214,14140,1137615,0.0,14140_20251231,1,1,0.027299883505629584,0.04177291520559642,1-10bn
782300,NM,240564.0,20251231,1217797,1616622,1217797,UNION BANK,328132,437566,2843,21161,14158,1172565,10239.0,14158_20251231,1,1,0.01737645929493996,0.019711002736909355,1-10bn
268102,NM,21760.0,20251231,339187,384277,339187,PEOPLES TR CO OF ST ALBANS,57288,71183,0,8340,14168,287746,0.0,14168_20251231,1,1,0.024588206505555932,0.024588206505555932,<1bn
66448,NM,0.0,20251231,78899,92366,78899,SILEX BANKING CO,23707,12505,4517,4270,14178,61736,0.0,14178_20251231,1,1,0.054119824078885666,0.11137023282931342,<1bn
250645,NM,49378.0,20251231,319593,350225,319593,MARION COMMUNITY BANK,83485,69462,0,24776,14184,218678,5127.0,14184_20251231,1,1,0.07752360032916866,0.07752360032916866,<1bn
416072,SM,33469.0,20251231,556463,641982,556463,FIRST STATE B&T CO INC,123620,141388,4788,17631,14185,455674,53905.0,14185_20251231,1,1,0.03168404727717746,0.04028839293897348,<1bn
233492,SM,0.0,20251231,310947,368610,310947,FARMERS TRUST&SAVINGS BANK,21132,78493,20548,6363,14195,314595,8003.0,14195_20251231,1,1,0.020463294387789557,0.08654529550051938,<1bn
1194159,NM,131876.0,20251231,1514104,1751191,1514104,LINCOLN SAVINGS BANK,330189,323649,14239,128435,14207,1148916,358047.0,14207_20251231,1,1,0.0848257451271511,0.09422998684370426,1-10bn
127976,SM,5013.0,20251231,162626,194161,162626,SECURITY SAVINGS BANK,26616,34997,0,6308,14208,134280,0.0,14208_20251231,1,1,0.03878838562099541,0.03878838562099541,<1bn
799300,NM,42703.0,20251231,911491,1110296,911491,FARMERS STATE BANK,214536,113394,0,28942,14209,836993,36375.0,14209_20251231,1,1,0.03175237056646747,0.03175237056646747,1-10bn
631615,SM,110041.0,20251231,837761,1028747,837761,SECURITY FINANCIAL BANK,212717,206762,24354,32997,14222,724772,39237.0,14222_20251231,1,1,0.03938712830986403,0.06845747176103925,1-10bn
117757,N,13614.0,20251231,165674,183331,165674,HOME NB OF THORNTOWN,37479,48138,10542,5035,14225,130173,0.0,14225_20251231,1,1,0.030391008848702876,0.09402199500223331,<1bn
152361,NM,0.0,20251231,197792,242016,197792,MALVERN BANK,254,46036,0,27110,14230,203707,9295.0,14230_20251231,1,1,0.13706317747937227,0.13706317747937227,<1bn
158733,NM,12928.0,20251231,199622,227243,199622,UNITED BANK&TRUST CO,66773,41362,10789,32483,14247,117944,0.0,14247_20251231,1,1,0.16272254561120517,0.2167696947230265,<1bn
49405,NM,0.0,20251231,55835,69569,55835,WALTERS BANK&TRUST CO,20458,6489,20458,8441,14260,37723,0.0,14260_20251231,1,1,0.15117757678875257,0.5175785797438882,<1bn
732254,SM,43064.0,20251231,865212,1024871,865212,CORNHUSKER BANK,133227,133701,2534,34817,14264,819010,6999.0,14264_20251231,1,1,0.04024100451681206,0.04316976648497709,1-10bn
1317062,N,208997.0,20251231,1846579,2208754,1846579,NATIONAL BANK OF COMMERCE,355886,533173,4938,98353,14266,1649849,215846.0,14266_20251231,1,1,0.05326227580840029,0.05593640997758558,1-10bn
265677,NM,50641.0,20251231,364802,430228,364802,CITIZENS STATE BANK,72445,100800,472,10186,14269,328170,0.0,14269_20251231,1,1,0.02792199604168837,0.029215848597321285,<1bn
134288,NM,0.0,20251231,155103,205067,155103,FARMERS&MERCHANTS BANK,66,21435,0,19095,14275,179205,31831.0,14275_20251231,1,1,0.12311173865108992,0.12311173865108992,<1bn
367504,NM,22156.0,20251231,524445,632867,524445,FIRST BANK UPPER MICHIGAN,110546,157735,0,35775,14276,440815,6.0,14276_20251231,1,1,0.06821497011126047,0.06821497011126047,<1bn
55176,SM,0.0,20251231,65356,80299,65356,FIRST BANK OF UTICA,119,10293,0,8355,14281,59815,5.0,14281_20251231,1,1,0.12783830099761306,0.12783830099761306,<1bn
143906,SM,2662.0,20251231,183531,209440,183531,BANK,15405,40046,0,43063,14291,134536,2071.0,14291_20251231,1,1,0.23463611052083844,0.23463611052083844,<1bn
67957,NM,25810.0,20251231,100344,114514,100344,CITIZENS BANK&TRUST,45504,32521,0,13290,14293,52882,0.0,14293_20251231,1,1,0.1324443912939488,0.1324443912939488,<1bn
123175,NM,15669.0,20251231,148645,240243,148645,ADAMS COUNTY BANK,64974,25758,3501,3654,14311,156356,4110.0,14311_20251231,1,1,0.024582057923239933,0.048134817854620066,<1bn
251075,SM,1270.0,20251231,459682,520720,459682,FIVE POINTS BANK OF HASTINGS,202259,209047,11008,32548,14312,258265,0.0,14312_20251231,1,1,0.07080546986830026,0.09475245930882653,<1bn
77153,NM,2408.0,20251231,96162,118960,96162,CONSERVATION FIRST BANK,5624,19383,0,4325,14316,104887,5410.0,14316_20251231,1,1,0.04497618601942555,0.04497618601942555,<1bn
351747,NM,0.0,20251231,424111,511566,424111,HORIZON BANK,37434,72745,1537,41093,14327,403192,44127.0,14327_20251231,1,1,0.09689208721301734,0.10051613846375124,<1bn
433344,SM,32232.0,20251231,561968,644831,561968,FIRSTBANK,65704,130288,19994,140850,14331,391785,0.0,14331_20251231,1,1,0.2506370469492925,0.28621558522905216,<1bn
262249,NM,0.0,20251231,305506,362357,305506,COMMERCIAL BANK&TRUST OF PA,155781,43265,0,5720,14333,169147,0.0,14333_20251231,1,1,0.01872303653610731,0.01872303653610731,<1bn
349443,NM,43725.0,20251231,462600,561850,462600,UNITED BANK OF UNION,62428,114560,0,27084,14334,452342,1.0,14334_20251231,1,1,0.0585473411154345,0.0585473411154345,<1bn
29932,SM,6613.0,20251231,33330,40991,33330,FARMERS STATE BANK,15288,3475,493,204,14344,21609,0.0,14344_20251231,1,1,0.006120612061206121,0.020912091209120912,<1bn
81158,NM,3965.0,20251231,131640,144917,131640,BANK OF SALEM,32983,50573,0,12982,14349,90422,0.0,14349_20251231,1,1,0.09861744150714069,0.09861744150714069,<1bn
122964,NM,31755.0,20251231,131829,153694,131829,FEDERATION BANK,53742,9201,2956,10023,14352,80447,0.0,14352_20251231,1,1,0.07603031199508455,0.09845329934991542,<1bn
255798,N,14406.0,20251231,307116,367550,307116,FIRST CITIZENS NB UPPER SAND,95962,51536,0,17751,14355,222267,0.0,14355_20251231,1,1,0.05779900754112453,0.05779900754112453,<1bn
1262792,NM,119025.0,20251231,2125580,2520177,2125580,FIDELITY BANK&TRUST,489099,870100,35396,57928,14382,1787961,10675.0,14382_20251231,1,1,0.027252796883674102,0.04390519293557523,1-10bn
96404,NM,3634.0,20251231,153884,199589,153884,FARMERS TRUST&SAVINGS BANK,30560,57730,0,14429,14392,144194,0.0,14392_20251231,1,1,0.09376543370330899,0.09376543370330899,<1bn
57160,N,5698.0,20251231,64844,74151,64844,HASKELL NATIONAL BANK,29999,7730,0,14373,14399,25746,0.0,14399_20251231,1,1,0.2216550490407748,0.2216550490407748,<1bn
22175,N,0.0,20251231,24202,28131,24202,FIRST NB IN TIGERTON,5715,2051,5215,7105,14400,13350,0.0,14400_20251231,1,1,0.29357077927444014,0.5090488389389307,<1bn
482219,NM,0.0,20251231,684101,774887,684101,CITY STATE BANK,70521,203517,33971,107264,14410,575084,0.0,14410_20251231,1,1,0.15679556088940083,0.20645343304570524,<1bn
165171,SM,23455.0,20251231,279363,330646,279363,IOWA ST B&T CO FAIRFLD IA,47413,114902,7915,27437,14413,243360,6000.0,14413_20251231,1,1,0.09821271965149286,0.12654503280677828,<1bn
126411,NM,23440.0,20251231,159081,188475,159081,BELLEVUE STATE BANK,29885,33366,3846,29016,14415,125290,0.0,14415_20251231,1,1,0.18239764648198087,0.20657400946687537,<1bn
172559,NM,39739.0,20251231,237531,272944,237531,FNB BANK,59138,65490,0,14292,14420,187429,11.0,14420_20251231,1,1,0.06016898846887354,0.06016898846887354,<1bn
247518,N,49578.0,20251231,377830,416339,377830,FIRST NB IN DERIDDER,92021,131629,0,72713,14427,237078,0.0,14427_20251231,1,1,0.19244898499325094,0.19244898499325094,<1bn
499970,NM,10407.0,20251231,582235,683303,582235,FARMERS&MERCHANTS UNION BANK,71359,85565,917,18108,14445,562012,6199.0,14445_20251231,1,1,0.03110084416086288,0.03267580959578177,<1bn
251180,NM,0.0,20251231,300436,350183,300436,CITIZENS BANK,7071,51139,0,14140,14488,313021,8016.0,14488_20251231,1,1,0.047064932298393,0.047064932298393,<1bn
155260,SM,1532.0,20251231,203724,228115,203724,BANK OF CHARLOTTE COUNTY,40996,48747,8913,39792,14491,141720,0.0,14491_20251231,1,1,0.19532308417270425,0.23907345231784177,<1bn
510743,NM,24198.0,20251231,600732,711607,600732,HOMEBANK,36216,90762,0,53146,14492,578914,1221.0,14492_20251231,1,1,0.08846873481019822,0.08846873481019822,<1bn
488968,NM,133839.0,20251231,638679,786337,638679,CNB BANK INC,193873,150230,0,11123,14507,550098,10263.0,14507_20251231,1,1,0.01741563445799846,0.01741563445799846,<1bn
448040,SM,50062.0,20251231,607862,675431,607862,THUMB BANK&TRUST,197887,160390,13816,49953,14513,380622,0.0,14513_20251231,1,1,0.08217819176062988,0.10490703482040331,<1bn
1247542,SM,118408.0,20251231,2030289,2415388,2030289,BANK IOWA,439226,790419,0,104015,14521,1764089,193798.0,14521_20251231,1,1,0.05123162269016874,0.05123162269016874,1-10bn
235338,NM,0.0,20251231,306764,337224,306764,PCSB BANK,104612,72239,8995,23942,14522,179279,0.0,14522_20251231,1,1,0.0780469677015556,0.10736918282458176,<1bn
128770,NM,10937.0,20251231,145454,158657,145454,ANTWERP EXCHANGE BANK CO,22768,16786,0,10232,14523,110822,0.0,14523_20251231,1,1,0.07034526379473922,0.07034526379473922,<1bn
4366260,N,32050.0,20251231,8336986,9551998,8336986,AMARILLO NATIONAL BANK,386770,3995496,131440,1846956,14531,7002497,299.0,14531_20251231,1,1,0.22153761563231605,0.23730350512763246,1-10bn
309347,NM,0.0,20251231,374308,438645,374308,NEW ERA BANK,119722,65501,69127,41505,14546,251904,0.0,14546_20251231,1,1,0.1108846190837492,0.29556408091731945,<1bn
75191,NM,1563.0,20251231,88253,104019,88253,EXCHANGE STATE BANK,19456,13241,0,13899,14556,65256,4683.0,14556_20251231,1,1,0.15749039692701663,0.15749039692701663,<1bn
82574,NM,20403.0,20251231,104039,125285,104039,UNION STATE BANK,32211,21610,495,12424,14560,76057,3.0,14560_20251231,1,1,0.11941675717759687,0.12417458837551303,<1bn
301908,N,35518.0,20251231,404252,455000,404252,FIRST NATIONAL BANK IN OLNEY,159919,102610,23771,31162,14567,244788,0.0,14567_20251231,1,1,0.07708558028160652,0.1358880104489279,<1bn
67766,NM,2939.0,20251231,73738,81848,73738,ODIN STATE BANK,14310,6205,0,1206,14574,63288,13201.0,14574_20251231,1,1,0.01635520355854512,0.01635520355854512,<1bn
644150,NM,85910.0,20251231,1127454,1275496,1127454,FARMERS STATE BANK,237723,484032,29981,111781,14578,878663,59120.0,14578_20251231,1,1,0.09914462142136175,0.12573639367991954,1-10bn
50723,NM,0.0,20251231,60875,78510,60875,CLARKSON BANK,30458,10262,8846,2332,14581,43244,0.0,14581_20251231,1,1,0.03830800821355236,0.18362217659137578,<1bn
166892,N,11990.0,20251231,243103,258951,243103,FIRST NB IN TRINIDAD,86036,76258,0,11827,14584,141127,0.0,14584_20251231,1,1,0.048650160631501876,0.048650160631501876,<1bn
500121,NM,18464.0,20251231,893703,1110261,893703,UNIVERSITY BANK,18464,394207,0,20941,14587,986221,243084.0,14587_20251231,1,1,0.02343172172410745,0.02343172172410745,1-10bn
444503,SM,36829.0,20251231,598480,677783,598480,UNION BANK,140645,155164,23335,54499,14597,459268,0.0,14597_20251231,1,1,0.09106235797353295,0.1300528004277503,<1bn
175578,NM,17463.0,20251231,206553,239564,206553,COMMUNITY POINT BANK,25395,31228,0,4573,14604,199399,1600.0,14604_20251231,1,1,0.0221395961327117,0.0221395961327117,<1bn
113368,N,2024.0,20251231,171387,189499,171387,SAVANNAH BANK NATIONAL ASSN,74901,58341,0,19472,14619,91959,21774.0,14619_20251231,1,1,0.11361421811455945,0.11361421811455945,<1bn
354721,NM,0.0,20251231,493875,618449,493875,COMMUNITY SAVINGS BANK,138979,140381,13934,19976,14633,428613,12352.0,14633_20251231,1,1,0.04044748165021513,0.06866109845608706,<1bn
203368,NM,11139.0,20251231,232332,263549,232332,COMMERCIAL BANK,131885,29333,928,17877,14642,100518,0.0,14642_20251231,1,1,0.07694592221476164,0.08094020625656388,<1bn
452943,N,13.0,20251231,635684,712512,635684,MALVERN NATIONAL BANK,283665,184039,107641,13698,14644,371141,52962.0,14644_20251231,1,1,0.021548442307813317,0.19087943066051685,<1bn
523600,N,54338.0,20251231,806715,891361,806715,NEWFIELD NATIONAL BANK,348855,283701,0,10324,14646,453126,0.0,14646_20251231,1,1,0.012797580310270666,0.012797580310270666,<1bn
104810,NM,0.0,20251231,121796,137131,121796,COMMUNITY BANK,32221,17398,0,6041,14649,92976,0.0,14649_20251231,1,1,0.04959933002725869,0.04959933002725869,<1bn
2600630,NM,312754.0,20251231,3371323,4646755,3371323,HILLS BANK&TRUST CO,955584,773968,255527,41542,14650,3514866,36067.0,14650_20251231,1,1,0.012322165511877682,0.08811644568022702,1-10bn
356016,NM,51244.0,20251231,660466,760487,660466,BANK OF PRAIRIE DU SAC,208610,306446,0,160626,14660,376114,0.0,14660_20251231,1,1,0.2432010126183634,0.2432010126183634,<1bn
399094,NM,0.0,20251231,542911,628361,542911,TRUSTBANK,50427,145287,26328,48060,14662,504796,9972.0,14662_20251231,1,1,0.08852279655413134,0.13701693279377283,<1bn
209021,N,56659.0,20251231,258906,313690,258906,FIRST NATIONAL BANK IN AMBOY,163551,50344,988,10489,14674,130723,0.0,14674_20251231,1,1,0.04051277297552007,0.04432882976833291,<1bn
449093,NM,195395.0,20251231,604504,773478,604504,INDUSTRIAL BANK,294986,156967,34094,29023,14679,399687,21703.0,14679_20251231,1,1,0.0480112621256435,0.10441121977687493,<1bn
192477,NM,11847.0,20251231,260332,290405,260332,IOWA SAVINGS BANK,95164,68613,54494,29093,14690,159648,1.0,14690_20251231,1,1,0.11175345328273129,0.3210784690318516,<1bn
269743,SM,14901.0,20251231,430830,493898,430830,PEOPLES BANK,126792,162108,0,12803,14692,321904,19613.0,14692_20251231,1,1,0.029717057772207137,0.029717057772207137,<1bn
55935,NM,307.0,20251231,109322,121368,109322,CEDAR VALLEY BANK&TRUST,4206,53573,0,2204,14694,112233,9587.0,14694_20251231,1,1,0.020160626406395786,0.020160626406395786,<1bn
274884,SM,57340.0,20251231,359806,404054,359806,MA BANK,139411,85736,41536,11763,14695,213803,0.0,14695_20251231,1,1,0.03269261768842098,0.14813260479258267,<1bn
65471,NM,0.0,20251231,101708,118470,101708,BANK OF NEW MADRID,47037,36325,3304,5632,14701,63122,0.0,14701_20251231,1,1,0.05537420851850395,0.08785936209541038,<1bn
173035,NM,9726.0,20251231,223119,256847,223119,DEWITT BANK&TRUST CO,41824,50933,0,956,14705,201752,0.0,14705_20251231,1,1,0.004284709056602083,0.004284709056602083,<1bn
884881,N,154945.0,20251231,1571391,2073342,1571391,FIRST NATIONAL BANK,244514,688219,20001,235630,14712,1443579,4152.0,14712_20251231,1,1,0.14994994880332138,0.16267816221424203,1-10bn
234263,NM,2260.0,20251231,319217,390571,319217,UNION BANK,35953,85770,1996,11231,14722,302429,0.0,14722_20251231,1,1,0.03518296331335737,0.04143576313291585,<1bn
259947,NM,98641.0,20251231,380210,424944,380210,FRONTIER BANK,206442,121959,0,16033,14730,194491,5026.0,14730_20251231,1,1,0.04216880145182925,0.04216880145182925,<1bn
81192,N,10798.0,20251231,121006,137209,121006,CITIZENS NB OF QUITMAN,30786,40117,0,26356,14731,72191,0.0,14731_20251231,1,1,0.2178073814521594,0.2178073814521594,<1bn
326005,NM,11191.0,20251231,438205,492704,438205,FIRST CMTY BK HEARTLAND INC,44090,113387,0,26577,14735,387920,43833.0,14735_20251231,1,1,0.06064969591857692,0.06064969591857692,<1bn
188894,NM,2224.0,20251231,204305,228460,204305,WILLIAMSTOWN BANK INC,16438,15729,0,12065,14744,185804,0.0,14744_20251231,1,1,0.059053865544161914,0.059053865544161914,<1bn
207340,SM,14405.0,20251231,256675,306614,256675,1NB BANK,92489,49791,5686,7674,14761,192930,0.0,14761_20251231,1,1,0.029897730593162558,0.05205025810850297,<1bn
496516,NM,107431.0,20251231,576681,826686,576681,DMB COMMUNITY BANK,110909,83642,0,10832,14769,665926,118905.0,14769_20251231,1,1,0.018783348159554417,0.018783348159554417,<1bn
139140,NM,0.0,20251231,153907,177878,153907,DANVILLE STATE SAVINGS BANK,57061,17344,0,2978,14772,105919,0.0,14772_20251231,1,1,0.01934934733312975,0.01934934733312975,<1bn
144926,NM,0.0,20251231,169750,196340,169750,STATE SAVINGS BANK,0,25451,0,7865,14773,179666,0.0,14773_20251231,1,1,0.04633284241531664,0.04633284241531664,<1bn
210051,N,4645.0,20251231,275139,306138,275139,CITIZENS NB AT BROWNWOOD,138119,65694,60672,52708,14779,100985,0.0,14779_20251231,1,1,0.1915686253130236,0.4120826200574982,<1bn
52191,NM,0.0,20251231,62206,75363,62206,CITIZENS SAVINGS BANK,4268,10096,1994,17012,14785,47493,0.0,14785_20251231,1,1,0.273478442593962,0.3055332283059512,<1bn
279819,NM,82261.0,20251231,461496,535828,461496,FIRST STATE BANK&TRUST,292921,182240,0,17729,14801,209053,0.0,14801_20251231,1,1,0.03841636763915614,0.03841636763915614,<1bn
208186,NM,0.0,20251231,259701,296486,259701,FARMERS SAVINGS BANK,73912,52794,30,31508,14807,171649,12741.0,14807_20251231,1,1,0.12132413814348039,0.12143965560394454,<1bn
156126,NM,12439.0,20251231,200872,267455,200872,HEARTLAND BANK,30327,45188,5739,9641,14809,215881,8016.0,14809_20251231,1,1,0.047995738579792106,0.0765661714922936,<1bn
338212,NM,34959.0,20251231,403537,437153,403537,TS BANK,154973,66123,1812,9378,14812,212917,139294.0,14812_20251231,1,1,0.023239504679868263,0.027729799250130718,<1bn
21579,N,1085.0,20251231,23481,25618,23481,CITIZENS NB OF HAMMOND,1942,1931,0,3448,14820,19673,0.0,14820_20251231,1,1,0.14684212767769686,0.14684212767769686,<1bn
263678,N,15885.0,20251231,408411,455520,408411,FIRST NB IN NEW BREMEN,70841,145054,6983,220498,14836,149089,0.0,14836_20251231,1,1,0.5398924123003543,0.5569903846860148,<1bn
3422559,NM,840475.0,20251231,5479126,6254039,5479126,MIDWESTONE BANK,1128211,2062804,0,241883,14843,4485658,200000.0,14843_20251231,1,1,0.044146274424059606,0.044146274424059606,1-10bn
835707,NM,87054.0,20251231,1136096,1348244,1136096,CITIZENS BANK,212181,305936,0,16508,14851,1050509,54814.0,14851_20251231,1,1,0.01453046221446075,0.01453046221446075,1-10bn
32761,N,470.0,20251231,33641,36807,33641,FIRST NB AT ST JAMES,2466,956,1009,7270,14853,24496,0.0,14853_20251231,1,1,0.21610534764127107,0.24609851074581612,<1bn
283147,NM,14751.0,20251231,305918,348701,305918,STATE STREET BANK&TRUST CO,52668,23163,1011,7500,14857,274709,0.0,14857_20251231,1,1,0.02451637366876091,0.02782118083930988,<1bn
1602437,NM,214452.0,20251231,2555580,3067526,2555580,LINKBANK,288105,954870,0,45282,14863,2525055,35000.0,14863_20251231,1,1,0.017718873993379194,0.017718873993379194,1-10bn
68067,N,10399.0,20251231,112928,124600,112928,STOCKMENS NB IN COTULLA,56922,44903,5016,34840,14864,28494,0.0,14864_20251231,1,1,0.3085151601020119,0.3529328421649192,<1bn
388366,NM,23799.0,20251231,417530,460238,417530,HOME STATE BANK,48694,31054,753,25926,14867,365647,76186.0,14867_20251231,1,1,0.062093741767058654,0.06389720499125812,<1bn
106918,NM,8688.0,20251231,149890,190310,149890,PEOPLES SAVINGS BANK,34823,43787,10435,8108,14868,139697,9002.0,14868_20251231,1,1,0.054093001534458604,0.1237107211955434,<1bn
274743,SM,1232.0,20251231,522687,572351,522687,COMMUNITY STATE BANK,32800,248453,0,138795,14883,381915,0.0,14883_20251231,1,1,0.26554132779273254,0.26554132779273254,<1bn
532272,NM,328513.0,20251231,807530,881951,807530,FIRST BANK,478425,275659,3903,134537,14885,231083,0.0,14885_20251231,1,1,0.1666030983369039,0.17143635530568524,<1bn
184253,NM,3782.0,20251231,238788,269294,238788,FARMERS BANK,44735,54330,2963,33839,14894,183629,0.0,14894_20251231,1,1,0.1417114762885907,0.15411997252793272,<1bn
728790,SM,23633.0,20251231,1163324,1308234,1163324,BLUE SKY BANK,64377,436276,0,81992,14899,1073251,110716.0,14899_20251231,1,1,0.07048079468832415,0.07048079468832415,1-10bn
84622,NM,0.0,20251231,98755,116939,98755,FIRST COMMUNITY BANK,26436,14383,7795,7115,14904,76733,0.0,14904_20251231,1,1,0.07204698496278669,0.15097969723051996,<1bn
77884,NM,0.0,20251231,89633,104038,89633,INTERNATIONAL BK OF AMHERST,28794,11780,11487,20672,14907,51685,0.0,14907_20251231,1,1,0.2306293441031763,0.35878526881840395,<1bn
283403,NM,51881.0,20251231,318536,364718,318536,SHELL LAKE STATE BANK,103912,35729,0,6178,14911,229792,7033.0,14911_20251231,1,1,0.01939498204284602,0.01939498204284602,<1bn
95153,NM,0.0,20251231,113643,132795,113643,BANK OF DIXON COUNTY,19764,18832,983,15488,14912,89222,0.0,14912_20251231,1,1,0.13628644087185307,0.14493633571799408,<1bn
169562,NM,17124.0,20251231,256372,294501,256372,COLLINS STATE BANK,21430,87439,0,24153,14914,232714,0.0,14914_20251231,1,1,0.09421075624483173,0.09421075624483173,<1bn
90763,SM,8593.0,20251231,103377,121183,103377,HAMLER STATE BANK,18842,13520,499,9967,14920,82907,0.0,14920_20251231,1,1,0.09641409597879606,0.10124108844327075,<1bn
250202,NM,0.0,20251231,335103,377441,335103,F&M BANK,11644,85573,9788,57337,14922,295822,0.0,14922_20251231,1,1,0.17110261621053824,0.20031154600227394,<1bn
484182,NM,24399.0,20251231,685517,820226,685517,WEST SHORE BANK,95024,202149,5823,37889,14929,633869,15963.0,14929_20251231,1,1,0.05527069350577739,0.06376501239210698,<1bn
249768,SM,30534.0,20251231,340331,380280,340331,FIRST IOWA STATE BANK,82601,91629,944,6577,14930,277943,20000.0,14930_20251231,1,1,0.019325303895325434,0.02209907413664932,<1bn
163870,NM,10199.0,20251231,185223,213553,185223,LYON COUNTY STATE BANK,51257,21594,8803,3382,14952,140445,0.0,14952_20251231,1,1,0.01825907149760019,0.06578556658730288,<1bn
74118,NM,2663.0,20251231,133471,169620,133471,STATE BANK OF REESEVILLE,79122,59685,489,1917,14960,79530,52958.0,14960_20251231,1,1,0.014362670542664699,0.018026387754643332,<1bn
229957,N,92441.0,20251231,356272,390280,356272,SECURITY NB OF ENID,131242,126487,3950,24737,14966,228879,0.0,14966_20251231,1,1,0.06943290519603,0.08051993982126016,<1bn
1065543,NM,54658.0,20251231,1482200,1973005,1482200,KISH BANK,168790,423404,17899,17306,14969,1690166,131826.0,14969_20251231,1,1,0.011675887194710565,0.023751855350155174,1-10bn
354908,NM,44130.0,20251231,421319,480857,421319,FIRST STATE BANK&TRUST,108523,67533,9842,6633,14974,340005,0.0,14974_20251231,1,1,0.015743415321881993,0.03910338721966016,<1bn
93009,NM,6024.0,20251231,124901,135733,124901,UNION STATE BANK,18620,32266,0,26374,14982,85021,0.0,14982_20251231,1,1,0.21115923811658835,0.21115923811658835,<1bn
213531,NM,23562.0,20251231,287660,329338,287660,FARMERS STATE BANK,47259,74903,0,17462,14991,234415,0.0,14991_20251231,1,1,0.06070360842661476,0.06070360842661476,<1bn
542333,NM,41768.0,20251231,782306,1045511,782306,RIVER BANK,76765,241897,0,100610,14995,834863,7241.0,14995_20251231,1,1,0.12860696453817305,0.12860696453817305,1-10bn
48959,NM,0.0,20251231,53050,65894,53050,PORT AUSTIN STATE BANK,15589,4108,15589,1547,14999,43968,0.0,14999_20251231,1,1,0.029161168708765315,0.32301602262016965,<1bn
151357,NM,13.0,20251231,216380,278519,216380,COLUMBUS BANK&TRUST CO,38717,65435,8853,7894,15010,220929,0.0,15010_20251231,1,1,0.036482114798040484,0.07739624734263795,<1bn
6480201,SM,1841542.0,20251231,10757586,12659342,10757586,FIRST BANK,2561655,4280613,168095,311950,15019,8606628,4887.0,15019_20251231,1,1,0.028998141404586494,0.04462385892150897,10-100bn
721349,SM,109053.0,20251231,1188226,1316947,1188226,FIRST STATE BANK,175550,469251,0,66291,15032,998039,0.0,15032_20251231,1,1,0.05578989182192613,0.05578989182192613,1-10bn
122761,SM,5393.0,20251231,154202,168372,154202,RIVERWIND BANK,33795,31670,493,3455,15035,102962,0.0,15035_20251231,1,1,0.02240567567217027,0.025602780768083422,<1bn
131453,NM,60122.0,20251231,166313,195229,166313,VALLEY STATE BANK,70269,35132,5399,9946,15038,110449,1006.0,15038_20251231,1,1,0.059802901757529475,0.09226578800214054,<1bn
294513,NM,79557.0,20251231,345239,393998,345239,PEOPLES COMMUNITY BANK,109670,50848,0,27096,15046,236357,0.0,15046_20251231,1,1,0.07848475983304319,0.07848475983304319,<1bn
213994,NM,17238.0,20251231,292238,328570,292238,FIRST STATE BANK,71449,78504,18275,6178,15050,239518,0.0,15050_20251231,1,1,0.021140303451296544,0.08367494986962681,<1bn
296141,N,4519.0,20251231,426110,480310,426110,LOUISIANA NATIONAL BANK,15003,130551,1996,13617,15059,413762,15869.0,15059_20251231,1,1,0.03195653704442515,0.03664077350918777,<1bn
63516,N,26643.0,20251231,86387,94552,86387,JUNCTION NATIONAL BANK,49319,22899,754,23649,15078,20809,0.0,15078_20251231,1,1,0.27375646798708136,0.28248463310451805,<1bn
550360,NM,103856.0,20251231,666715,814415,666715,ARTHUR STATE BANK,141295,117159,9815,40976,15085,591691,10000.0,15085_20251231,1,1,0.06145954418304673,0.07618097687917626,<1bn
1873125,NM,167137.0,20251231,2707857,3274376,2707857,LAKE RIDGE BANK,407874,836067,53205,246245,15091,2382398,5633.0,15091_20251231,1,1,0.090937224528474,0.11058560330179917,1-10bn
83343,NM,7006.0,20251231,91819,109867,91819,RICHLAND COUNTY BANK,50783,8624,3961,6855,15092,45984,1000.0,15092_20251231,1,1,0.07465775057449983,0.11779697012600877,<1bn
32725,NM,0.0,20251231,36814,41842,36814,UNION STATE BANK,12743,4185,8458,9165,15098,19483,0.0,15098_20251231,1,1,0.24895420220568262,0.4787037540066279,<1bn
68063,NM,0.0,20251231,89761,105586,89761,SENATH STATE BANK,16427,21764,9042,30030,15101,53389,0.0,15101_20251231,1,1,0.3345550963113156,0.43528926816768976,<1bn
207664,NM,4360.0,20251231,265111,305926,265111,BANK OF YORK,40379,60226,0,161049,15104,96230,0.0,15104_20251231,1,1,0.6074776225807303,0.6074776225807303,<1bn
46757,NM,42301.0,20251231,68264,77833,68264,ZAVALA COUNTY BANK,47341,21588,1496,19319,15105,7945,0.0,15105_20251231,1,1,0.2830042189148014,0.3049191374663073,<1bn
226519,NM,35377.0,20251231,295733,334966,295733,CITIZENS STATE BANK,68485,69776,13056,26814,15111,193335,0.0,15111_20251231,1,1,0.09066962428947734,0.13481755502429557,<1bn
108163,NM,0.0,20251231,132576,152175,132576,BANK OF GREELEYVILLE,27513,24749,20489,14825,15113,104178,0.0,15113_20251231,1,1,0.11182265266714941,0.2663679700699976,<1bn
952705,NM,90420.0,20251231,1212920,2006088,1212920,GATEWAY FIRST BANK,128712,261146,15510,137891,15118,1524033,308806.0,15118_20251231,1,1,0.11368515648187844,0.12647247963591993,1-10bn
556735,NM,136670.0,20251231,894343,1064931,894343,BANK OF WISCONSIN DELLS,169879,340655,0,22338,15136,825206,77316.0,15136_20251231,1,1,0.024976994285190356,0.024976994285190356,1-10bn
145380,NM,895.0,20251231,172345,218199,172345,GREAT NORTH BANK,42428,27293,0,12583,15146,132597,17761.0,15146_20251231,1,1,0.07301053120194957,0.07301053120194957,<1bn
74896,NM,9034.0,20251231,88400,103232,88400,BLACK RIVER COUNTRY BANK,16030,13586,0,6949,15152,75728,0.0,15152_20251231,1,1,0.07860859728506787,0.07860859728506787,<1bn
160609,NM,0.0,20251231,204183,235080,204183,FARMERS STB OF WESTMORELAND,70149,44012,6858,9035,15164,138770,0.0,15164_20251231,1,1,0.04424952126278877,0.077837038343055,<1bn
103106,NM,0.0,20251231,139234,182282,139234,PEOPLES STB OF MUNISING,60884,36201,17549,3191,15165,104852,0.0,15165_20251231,1,1,0.02291825272562736,0.14895786948590142,<1bn
176541,NM,45354.0,20251231,300046,338600,300046,KCB BANK,110197,123746,6913,7942,15194,192122,52632.0,15194_20251231,1,1,0.02646927471121095,0.04950907527512448,<1bn
493252,NM,40607.0,20251231,666664,770875,666664,DECORAH BANK&TRUST CO,153945,175248,6274,16559,15200,566824,5234.0,15200_20251231,1,1,0.024838599354397417,0.034249636998547994,<1bn
311837,NM,11959.0,20251231,417161,494904,417161,BANK3,22713,106156,0,39362,15205,411658,94482.0,15205_20251231,1,1,0.09435685502719574,0.09435685502719574,<1bn
429996,NM,11609.0,20251231,673523,762558,673523,FIRST STATE BANK,198970,244170,56659,48209,15206,483791,0.0,15206_20251231,1,1,0.07157736261419431,0.1557006961900336,<1bn
69553,N,0.0,20251231,78024,98177,78024,FIRST CENTRAL NB OF ST PARIS,19148,8532,12988,8408,15214,57486,0.0,15214_20251231,1,1,0.10776171434430432,0.27422331590279914,<1bn
119950,NM,3627.0,20251231,167741,188769,167741,PEOPLES BANK,13197,48566,5482,61398,15216,107001,0.0,15216_20251231,1,1,0.3660285797747718,0.3987099158822232,<1bn
81405,NM,12937.0,20251231,165468,188095,165468,BANK OF KAUKAUNA,15843,84267,0,19594,15228,122105,0.0,15228_20251231,1,1,0.1184156453211497,0.1184156453211497,<1bn
2194929,NM,374046.0,20251231,3381533,4082035,3381533,FIRST BUSINESS BANK,427297,1220177,4901,39480,15229,3356213,851207.0,15229_20251231,1,1,0.011675178092303106,0.013124520742515303,1-10bn
56334,NM,9724.0,20251231,78369,94077,78369,JOHNSON STATE BANK,38107,22233,952,7863,15237,33544,0.0,15237_20251231,1,1,0.10033303984994066,0.1124807002768952,<1bn
220877,NM,66271.0,20251231,297063,330950,297063,NORTHERN STATE BANK,109087,76309,4981,52450,15242,153423,0.0,15242_20251231,1,1,0.17656187408058224,0.19332936111195267,<1bn
430369,SM,57094.0,20251231,564976,650577,564976,PUTNAM COUNTY BANK,155927,137991,49165,27479,15243,449141,0.0,15243_20251231,1,1,0.048637464246268865,0.13565885984537396,<1bn
166311,NM,6628.0,20251231,193583,219799,193583,UNITED CITIZENS B&T CO,22106,27519,2009,5925,15249,176823,0.0,15249_20251231,1,1,0.0306070264434377,0.04098500384847843,<1bn
64952,NM,98.0,20251231,73516,85117,73516,CITIZENS STATE BANK&TRUST CO,888,8990,502,6506,15254,71588,0.0,15254_20251231,1,1,0.08849774198813863,0.09532618749659938,<1bn
106179,NM,30817.0,20251231,130913,148239,130913,GREENFIELD BANKING CO,47014,25171,0,3114,15255,89722,4327.0,15255_20251231,1,1,0.02378678970002979,0.02378678970002979,<1bn
52959,NM,10808.0,20251231,70303,82121,70303,FARMERS STATE BANK,17109,17592,1238,5152,15258,51393,0.0,15258_20251231,1,1,0.07328279020809923,0.09089228055701748,<1bn
95340,NM,15381.0,20251231,100377,138859,100377,ELK STATE BANK,56039,5299,0,2167,15259,75301,7268.0,15259_20251231,1,1,0.021588610936768383,0.021588610936768383,<1bn
63909,NM,3608.0,20251231,120212,139279,120212,CITIZENS STATE BANK,42595,56647,2609,13696,15261,77756,0.0,15261_20251231,1,1,0.11393205337237547,0.13563537749975044,<1bn
660426,NM,3247.0,20251231,694049,818751,694049,PEOPLES SB OF RHINELAND,73705,112615,15088,51554,15264,640399,20000.0,15264_20251231,1,1,0.07428005803624817,0.09601915714884685,<1bn
176060,NM,69985.0,20251231,413080,509675,413080,MERIT BANK,133804,237122,0,12206,15270,349728,30000.0,15270_20251231,1,1,0.029548755688970658,0.029548755688970658,<1bn
363988,NM,36566.0,20251231,457198,564430,457198,FIRST STATE BANK,126295,94140,0,16410,15271,379674,16967.0,15271_20251231,1,1,0.03589254546170368,0.03589254546170368,<1bn
372893,NM,11631.0,20251231,553316,648460,553316,MARION COUNTY STATE BANK,126051,181552,15654,7651,15272,488404,0.0,15272_20251231,1,1,0.013827541585640032,0.042118789263278125,<1bn
222422,NM,0.0,20251231,266897,327173,266897,HERITAGE COMMUNITY BANK,5922,46270,0,18879,15282,288949,0.0,15282_20251231,1,1,0.07073515251201774,0.07073515251201774,<1bn
269745,NM,1170.0,20251231,444828,494312,444828,NORTHERN STB THIEF RIVER FAL,153349,176143,151512,136777,15286,196378,0.0,15286_20251231,1,1,0.3074828922639762,0.6480909475122969,<1bn
311352,NM,53699.0,20251231,383505,468720,383505,DENISON STATE BANK,117826,72947,13390,19450,15305,305489,0.0,15305_20251231,1,1,0.050716418299631034,0.08563121732441559,<1bn
206786,NM,43047.0,20251231,276044,330031,276044,TRUCOMMUNITY BANK,89322,70285,2468,11500,15306,211940,0.0,15306_20251231,1,1,0.04166002521337178,0.05060062888525018,<1bn
1646665,NM,16559.0,20251231,2424986,2878211,2424986,CB&S BANK INC,894335,787713,0,186580,15310,1558021,0.0,15310_20251231,1,1,0.0769406503790125,0.0769406503790125,1-10bn
123622,NM,40893.0,20251231,160701,202257,160701,IOWA FALLS STATE BANK,82433,37883,7187,2045,15311,98472,4244.0,15311_20251231,1,1,0.012725496418815067,0.05744830461540376,<1bn
398115,NM,23764.0,20251231,523876,626692,523876,FIRST STATE BANK,74096,128412,7839,29756,15321,487901,14000.0,15321_20251231,1,1,0.05679970069253029,0.07176316532920005,<1bn
290235,NM,63218.0,20251231,395217,494067,395217,SILVER LAKE BANK,81610,106093,7438,39205,15323,361943,2940.0,15323_20251231,1,1,0.09919866807348875,0.11801870870939256,<1bn
710956,NM,469.0,20251231,1161514,1286708,1161514,SECURITY BANK&TRUST CO,371664,452303,254377,46913,15324,837640,0.0,15324_20251231,1,1,0.040389526084059255,0.2593942044607297,1-10bn
31156,NM,20864.0,20251231,42079,51648,42079,UNION BANKING CO,36901,11065,0,468,15326,6979,0.0,15326_20251231,1,1,0.011121937308396113,0.011121937308396113,<1bn
299740,SM,0.0,20251231,405284,472271,405284,ROLLING HILLS BANK&TRUST,55365,106690,52868,26487,15334,360236,514.0,15334_20251231,1,1,0.06535417139586068,0.19580096919690884,<1bn
174912,NM,26449.0,20251231,237911,283839,237911,DURDEN BANKING CO INC,38692,63336,996,6202,15336,230547,0.0,15336_20251231,1,1,0.02606857186090597,0.030255011327765424,<1bn
417405,SM,82108.0,20251231,595891,650179,595891,TXN BANK,203705,178772,0,45808,15345,339724,0.0,15345_20251231,1,1,0.07687311941277851,0.07687311941277851,<1bn
43399,NM,194.0,20251231,52498,61415,52498,COMMERCE BANK TEXAS,26489,9203,0,7919,15346,21843,0.0,15346_20251231,1,1,0.15084384167015885,0.15084384167015885,<1bn
109237,NM,5746.0,20251231,151015,166906,151015,SECURITY BK OF PULASKI CNTY,55095,42005,9381,5418,15347,93530,6786.0,15347_20251231,1,1,0.035877230738668345,0.09799688772638479,<1bn
32163,SM,5433.0,20251231,43414,54844,43414,FIRST BANK&TRUST CO,12907,11268,0,19623,15348,20688,0.0,15348_20251231,1,1,0.45199705164232734,0.45199705164232734,<1bn
93638,NM,33652.0,20251231,128699,146656,128699,MARION STATE BANK,61793,35140,1925,18317,15355,60442,0.0,15355_20251231,1,1,0.14232433818444587,0.1572817193606788,<1bn
2458494,NM,898551.0,20251231,4694512,5198701,4694512,SOUTHERN BANK&TRUST CO,1325471,2239532,0,278003,15359,3391750,0.0,15359_20251231,1,1,0.059218721775554095,0.059218721775554095,1-10bn
68597,SM,659.0,20251231,73444,88585,73444,BELT VALLEY BANK,3470,5019,982,11873,15362,71031,0.0,15362_20251231,1,1,0.16166058493546104,0.17503131637710365,<1bn
48133,NM,0.0,20251231,56892,79574,56892,FIRST STATE BANK,8200,8944,0,3848,15364,55704,2000.0,15364_20251231,1,1,0.0676369261056036,0.0676369261056036,<1bn
138250,NM,13958.0,20251231,161352,180931,161352,FARMERS STATE BANK,58091,23320,14163,19114,15367,93916,0.0,15367_20251231,1,1,0.11846150032227676,0.2062385343844514,<1bn
2710715,SM,712506.0,20251231,3565699,4055412,3565699,RCB BANK,1230968,858953,24345,364957,15399,2225432,0.0,15399_20251231,1,1,0.10235216152569243,0.10917971483291214,1-10bn
140309,NM,22611.0,20251231,175046,210084,175046,HOUGHTON STATE BANK,31868,34905,5379,5155,15405,155723,0.0,15405_20251231,1,1,0.02944940187150806,0.06017846737429019,<1bn
108058,NM,3503.0,20251231,124619,143002,124619,PEOPLES BANK OF WYACONDA MO,32897,17061,8722,9841,15415,95893,0.0,15415_20251231,1,1,0.07896869658719778,0.14895802405732672,<1bn
573542,NM,36398.0,20251231,740310,973766,740310,AMERICAN BANK OF FREEDOM,72973,169080,0,123831,15423,731560,55811.0,15423_20251231,1,1,0.16726911699153058,0.16726911699153058,<1bn
123941,NM,9470.0,20251231,176859,199649,176859,CHELSEA SAVINGS BANK,101150,53430,0,11722,15427,82537,5005.0,15427_20251231,1,1,0.06627878705635563,0.06627878705635563,<1bn
28115,NM,1993.0,20251231,38379,44161,38379,ROBERT LEE STATE BANK,23251,10310,0,3278,15442,16283,0.0,15442_20251231,1,1,0.08541129263399255,0.08541129263399255,<1bn
377679,NM,9612.0,20251231,466270,531361,466270,LAKE ELMO BANK,43106,89706,15449,65188,15443,404559,0.0,15443_20251231,1,1,0.1398074077251378,0.1729405709138482,<1bn
344825,NM,198579.0,20251231,568323,647512,568323,AMERICAN ST B&T CO WILLISTON,313314,224536,1483,8798,15444,291662,0.0,15444_20251231,1,1,0.01548063337221967,0.018090064980653606,<1bn
77326,NM,11705.0,20251231,125002,134524,125002,SPUR SECURITY BANK,28221,48248,0,9919,15460,82532,18263.0,15460_20251231,1,1,0.07935073038831379,0.07935073038831379,<1bn
284115,NM,0.0,20251231,430642,491391,430642,STATE BANK OF DE KALB,4021,147044,0,108232,15463,366247,0.0,15463_20251231,1,1,0.2513270883936077,0.2513270883936077,<1bn
621745,NM,212806.0,20251231,771128,841773,771128,UNITED SOUTHERN BANK,297510,149506,0,63634,15465,432891,0.0,15465_20251231,1,1,0.08252067101700367,0.08252067101700367,<1bn
34288,NM,9999.0,20251231,39020,47993,39020,FIRST STATE BANK OF RANSOM,22303,4924,0,1639,15469,20223,2669.0,15469_20251231,1,1,0.042004100461301895,0.042004100461301895,<1bn
53910,NM,15355.0,20251231,67378,74175,67378,FIRST STATE BANK OF CANDO,39766,13801,0,5167,15471,27067,0.0,15471_20251231,1,1,0.0766867523523999,0.0766867523523999,<1bn
506672,NM,52004.0,20251231,620742,723672,620742,FIRST UNITED BANK,133909,117003,20225,20003,15472,525075,33951.0,15472_20251231,1,1,0.03222433796972011,0.06480631244542821,<1bn
270705,NM,27257.0,20251231,450169,504882,450169,CITIZENS BANK OF AMERICUS,109015,179868,42111,118515,15477,260505,0.0,15477_20251231,1,1,0.2632677949836617,0.3568126636885259,<1bn
462720,NM,50976.0,20251231,609904,722777,609904,UNITED VALLEY BANK,119717,150230,2879,51617,15478,508048,0.0,15478_20251231,1,1,0.08463135181930272,0.0893517668354364,<1bn
202837,NM,29405.0,20251231,262335,289717,262335,COLEMAN COUNTY STATE BANK,70500,59803,1013,40564,15480,160627,0.0,15480_20251231,1,1,0.15462671774639297,0.158488192578192,<1bn
503977,NM,59473.0,20251231,660038,719374,660038,WEST PLAINS BANK&TRUST CO,138294,156831,9938,54160,15489,492535,3894.0,15489_20251231,1,1,0.0820558816310576,0.09711259048721438,<1bn
386244,NM,0.0,20251231,528787,668744,528787,FIRST STATE BANK OF BLAKELY,99355,144043,74013,109421,15496,431293,10055.0,15496_20251231,1,1,0.20692830950836538,0.34689582005609065,<1bn
64747,NM,18992.0,20251231,91864,107633,91864,LYTLE STB OF LYTLE TEXAS,53030,27159,0,4186,15501,43598,0.0,15501_20251231,1,1,0.04556736044587651,0.04556736044587651,<1bn
364252,SM,27454.0,20251231,418724,467314,418724,AMERISTATE BANK,37760,54912,9240,67886,15510,330655,0.0,15510_20251231,1,1,0.16212588721926616,0.18419292899380021,<1bn
958238,SM,390453.0,20251231,1630844,1822291,1630844,FIRST STATE BANK,647706,673159,0,38241,15511,984087,0.0,15511_20251231,1,1,0.02344859471537437,0.02344859471537437,1-10bn
154712,NM,12786.0,20251231,244807,273768,244807,CITIZENS STATE BANK,20862,90693,0,40482,15519,203042,0.0,15519_20251231,1,1,0.16536291854399587,0.16536291854399587,<1bn
147731,NM,86292.0,20251231,187638,222278,187638,MUENSTER STATE BANK,130017,39986,0,4935,15523,79399,0.0,15523_20251231,1,1,0.026300642726952962,0.026300642726952962,<1bn
72760,NM,0.0,20251231,91699,111532,91699,CENTREBANK,0,19055,0,16149,15532,90580,0.0,15532_20251231,1,1,0.17610879071745603,0.17610879071745603,<1bn
259559,NM,0.0,20251231,365835,409722,365835,FIRST STATE BANK,17455,107950,13386,17550,15539,363759,5.0,15539_20251231,1,1,0.047972446594776334,0.08456271269834761,<1bn
889599,NM,27056.0,20251231,1134415,1431193,1134415,FRONTIER BANK,83597,248179,16427,13491,15545,1288884,185625.0,15545_20251231,1,1,0.011892473213065765,0.02637306453105786,1-10bn
88205,NM,10696.0,20251231,124769,136565,124769,CHILLICOTHE STATE BANK,47324,36595,26971,14100,15546,71203,0.0,15546_20251231,1,1,0.11300884033694267,0.3291763178353597,<1bn
52723,SM,6734.0,20251231,68317,81804,68317,BANK OF LAKE VILLAGE,20676,15970,744,12953,15547,42684,5579.0,15547_20251231,1,1,0.18960141692404525,0.20049182487521408,<1bn
1417796,SM,46924.0,20251231,1900675,2260937,1900675,CENTRAL BANK,146897,486320,60702,68050,15555,1939530,19960.0,15555_20251231,1,1,0.03580306996198719,0.06774014494850514,1-10bn
566013,NM,162165.0,20251231,905998,1014794,905998,PIONEER BANK&TRUST,351690,340787,11959,84284,15562,531121,0.0,15562_20251231,1,1,0.09302890293356056,0.10622871132165855,1-10bn
562523,NM,161520.0,20251231,898792,1041146,898792,FIRST SOUTHERN BANK,294793,336923,0,16330,15565,667042,0.0,15565_20251231,1,1,0.018168831053235898,0.018168831053235898,1-10bn
208905,NM,19386.0,20251231,309861,352471,309861,HOOSIER HEARTLAND STATE BANK,59180,101201,0,4329,15566,263155,1989.0,15566_20251231,1,1,0.013970780446716432,0.013970780446716432,<1bn
944571,N,215673.0,20251231,1341367,1501598,1341367,FIRST NB OF PULASKI,262421,403416,0,180080,15572,999224,0.0,15572_20251231,1,1,0.13425110353840522,0.13425110353840522,1-10bn
68638,NM,8728.0,20251231,78263,90127,78263,INTEGRITY BANK PLUS,18185,9851,0,1872,15578,64861,0.0,15578_20251231,1,1,0.023919348862169863,0.023919348862169863,<1bn
101000,NM,79149.0,20251231,198082,221411,198082,FIRST BANK OF COASTAL GA,144152,97321,0,6715,15580,64487,20000.0,15580_20251231,1,1,0.03390010197796872,0.03390010197796872,<1bn
647699,NM,3996.0,20251231,826903,927265,826903,MID-MISSOURI BANK,137912,180919,115637,96043,15584,650937,26094.0,15584_20251231,1,1,0.11614784321740276,0.2559913315104674,<1bn
122997,NM,8799.0,20251231,136896,153282,136896,BAY PORT STATE BANK,11178,14334,2018,5918,15585,126324,0.0,15585_20251231,1,1,0.043229897148200094,0.057971014492753624,<1bn
174250,NM,20519.0,20251231,216671,243257,216671,TAYLOR COUNTY BANK,46543,43396,0,11076,15590,173278,0.0,15590_20251231,1,1,0.05111897762044759,0.05111897762044759,<1bn
45811,NM,2042.0,20251231,62753,75071,62753,IPSWICH STATE BANK,14959,17210,4945,13669,15593,34207,0.0,15593_20251231,1,1,0.21782225550969675,0.29662326900705943,<1bn
54908,NM,4358.0,20251231,63021,72151,63021,SECURITY STB OF KENYON,10369,8176,502,5077,15597,48829,0.0,15597_20251231,1,1,0.08056044810460006,0.08852604687326447,<1bn
124169,NM,19670.0,20251231,176827,206010,176827,HORIZON FINANCIAL BANK,27671,53353,0,4926,15598,157046,0.0,15598_20251231,1,1,0.027857736657863334,0.027857736657863334,<1bn
88115,NM,15354.0,20251231,105536,112266,105536,HAMILTON BANK,50864,17681,3687,5486,15606,52278,0.0,15606_20251231,1,1,0.05198226197695573,0.08691820800485142,<1bn
176413,NM,93.0,20251231,238151,267560,238151,FARMERS&MERCHANTS STATE BANK,69963,62595,19737,26905,15610,163259,0.0,15610_20251231,1,1,0.11297454136241292,0.19585053180545117,<1bn
1734232,NM,289825.0,20251231,3474630,4141577,3474630,WEST BANK,468447,1744989,0,349673,15614,2971165,154564.0,15614_20251231,1,1,0.10063603894515387,0.10063603894515387,1-10bn
64177,NM,0.0,20251231,88050,97789,88050,FIRST FARMERS&MERCHANTS STB,12127,24298,4069,13186,15621,69696,0.0,15621_20251231,1,1,0.149755820556502,0.19596819988642816,<1bn
166833,NM,29670.0,20251231,205915,241503,205915,QUOIN FINANCIAL BANK,38834,40714,5047,28997,15629,150771,0.0,15629_20251231,1,1,0.14082024136172694,0.16533035475803123,<1bn
453728,NM,0.0,20251231,751916,889642,751916,GREENFIELD BANKING CO,148813,298375,93794,105331,15632,605567,0.0,15632_20251231,1,1,0.14008346677022435,0.26482346432314247,<1bn
123441,NM,6922.0,20251231,170868,196359,170868,STATE BANK&TRUST CO,63428,47612,11505,17139,15651,108733,0.0,15651_20251231,1,1,0.10030549898167006,0.16763817683826113,<1bn
585797,NM,270134.0,20251231,1003293,1248145,1003293,ALLIANCE BANK CENTRAL TEXAS,278052,419366,0,42047,15657,854171,69580.0,15657_20251231,1,1,0.04190899368379925,0.04190899368379925,1-10bn
474799,NM,228393.0,20251231,852409,949765,852409,FIRST STATE BANK,310406,378996,0,70547,15663,496427,0.0,15663_20251231,1,1,0.08276191358842996,0.08276191358842996,<1bn
326824,NM,32040.0,20251231,374527,422265,374527,FREEDOM BANK INC,75700,48013,0,25639,15664,293287,3267.0,15664_20251231,1,1,0.0684570137800479,0.0684570137800479,<1bn
355336,NM,57069.0,20251231,416543,456080,416543,MCBANK,159724,62150,8967,74170,15669,201436,0.0,15669_20251231,1,1,0.17806084845982287,0.19958803772959816,<1bn
268671,NM,72728.0,20251231,392641,441857,392641,BANK OF CLARENDON,141562,124296,17287,68645,15671,212347,0.0,15671_20251231,1,1,0.17482891496303238,0.21885641081802462,<1bn
202557,NM,55928.0,20251231,328076,376087,328076,CITIZENS BANK&TRUST CO,144688,126438,16483,18410,15675,195724,0.0,15675_20251231,1,1,0.0561150465136127,0.10635645399236762,<1bn
275145,NM,0.0,20251231,308679,388565,308679,GRANT COUNTY STATE BANK,0,34366,0,72613,15687,305890,9933.0,15687_20251231,1,1,0.23523790086141266,0.23523790086141266,<1bn
424335,SM,29450.0,20251231,574348,636139,574348,CLEAR LAKE BANK&TRUST CO,73715,152845,4952,55168,15690,476764,0.0,15690_20251231,1,1,0.09605326387486332,0.1046752143299881,<1bn
387459,NM,8904.0,20251231,509006,569937,509006,PINELAND BANK,57690,123624,41901,64417,15699,398107,0.0,15699_20251231,1,1,0.1265545003398781,0.20887376573164168,<1bn
143736,NM,28648.0,20251231,199980,240230,199980,SEYMOUR BANK,70746,56528,1754,28817,15701,132422,9657.0,15701_20251231,1,1,0.1440994099409941,0.15287028702870287,<1bn
310042,NM,26019.0,20251231,368715,421882,368715,TOWN&COUNTRY BANK&TRUST CO,86375,59147,0,37192,15703,274657,0.0,15703_20251231,1,1,0.10086923504603827,0.10086923504603827,<1bn
240405,SM,119676.0,20251231,305799,439395,305799,CASEY COUNTY BANK INC,182535,66605,2962,30750,15708,212025,0.0,15708_20251231,1,1,0.10055624773135295,0.11024234873233725,<1bn
813217,N,1206.0,20251231,1256203,1396548,1256203,DAKOTA COMMUNITY B&T NA,471369,447478,102284,118183,15728,761839,17204.0,15728_20251231,1,1,0.09407953969223128,0.17550268547360579,1-10bn
228741,NM,22276.0,20251231,348442,415315,348442,PARTNERS BANK,29096,120343,0,25818,15729,347713,11003.0,15729_20251231,1,1,0.07409554531313677,0.07409554531313677,<1bn
92184,NM,0.0,20251231,141982,164016,141982,SECURITY BANK OF TEXAS,886,50421,0,31270,15731,119412,240.0,15731_20251231,1,1,0.22023918524883435,0.22023918524883435,<1bn
395381,NM,0.0,20251231,474740,532836,474740,SECURITY SAVINGS BANK,35869,80503,1976,51143,15734,415332,1613.0,15734_20251231,1,1,0.10772844083077053,0.11189071913047141,<1bn
92013,NM,3391.0,20251231,112881,138281,112881,COMMERCIAL BANK OF MOTT,27291,24391,1692,4223,15741,100870,2691.0,15741_20251231,1,1,0.037411078923822436,0.052400315376369806,<1bn
42755,NM,2895.0,20251231,48992,61088,48992,SECURITY STATE BANK,11986,6351,9008,27767,15749,19765,0.0,15749_20251231,1,1,0.5667660026126714,0.7506327563683867,<1bn
63399,NM,4322.0,20251231,81470,95839,81470,FLAT BRANCH BANK,5828,18095,0,38378,15751,47865,0.0,15751_20251231,1,1,0.47106910519209527,0.47106910519209527,<1bn
990005,NM,62671.0,20251231,1304692,1592935,1304692,FIRST STATE BANK,154207,331528,17485,46193,15752,1312600,44921.0,15752_20251231,1,1,0.03540529105719971,0.048806921480318725,1-10bn
239030,N,29849.0,20251231,282950,345712,282950,CITIZENS NB OF ALBION,91884,44612,0,8086,15760,228333,3000.0,15760_20251231,1,1,0.028577487188549213,0.028577487188549213,<1bn
24850,NM,0.0,20251231,30121,34760,30121,FIRST AMERICAN BANK,5249,5310,1742,2537,15762,21870,1500.0,15762_20251231,1,1,0.0842269512964377,0.14206035656186713,<1bn
135648,N,13092.0,20251231,156726,177505,156726,FIRST NB OF NOKOMIS,59844,21181,3144,5126,15763,98251,0.0,15763_20251231,1,1,0.032706762119878004,0.052767249850056784,<1bn
405733,NM,75688.0,20251231,557207,651699,557207,NORTHEAST GEORGIA BANK,139155,152908,24346,110876,15771,318937,0.0,15771_20251231,1,1,0.19898529630819425,0.24267821473886725,<1bn
168705,NM,0.0,20251231,222330,258421,222330,MEDIAPOLIS SAVINGS BANK,35172,54370,7530,11940,15772,198592,1719.0,15772_20251231,1,1,0.05370395358251248,0.08757252732424774,<1bn
34317,SM,2983.0,20251231,53582,62793,53582,GRANT COUNTY BANK,32093,19512,22501,9202,15778,10872,0.0,15778_20251231,1,1,0.17173677727595088,0.5916725766115487,<1bn
760846,SM,24689.0,20251231,826414,954125,826414,FARMERS&MERCHANTS BANK,161651,67934,0,32124,15779,732771,450917.0,15779_20251231,1,1,0.0388715583230681,0.0388715583230681,<1bn
59410,SM,4720.0,20251231,79974,90011,79974,STOCK EXC BK CALDWELL KS,8004,20760,0,2038,15784,76154,0.0,15784_20251231,1,1,0.025483282066671668,0.025483282066671668,<1bn
65808,NM,12434.0,20251231,69994,80169,69994,PEOPLES BK OF MONITEAU CNTY,24353,4468,0,6470,15792,47884,0.0,15792_20251231,1,1,0.09243649455667628,0.09243649455667628,<1bn
3181908,N,818065.0,20251231,5332023,5888744,5332023,BROADWAY NATIONAL BANK,1681999,2162528,0,629096,15797,3265815,84775.0,15797_20251231,1,1,0.11798448731372689,0.11798448731372689,1-10bn
401662,NM,54865.0,20251231,484089,551388,484089,PREMIER COMMUNITY BANK,98254,83298,0,31869,15799,373582,79917.0,15799_20251231,1,1,0.06583293567918296,0.06583293567918296,<1bn
348342,SM,40061.0,20251231,443946,522946,443946,FARMERS&MERCHANTS BANK,126912,97726,0,18329,15801,340051,0.0,15801_20251231,1,1,0.041286552869042634,0.041286552869042634,<1bn
292919,NM,12359.0,20251231,380672,466961,380672,IOWA STATE BANK,138383,88793,0,48460,15808,261906,0.0,15808_20251231,1,1,0.12730119367854742,0.12730119367854742,<1bn
1344486,NM,6530.0,20251231,1799425,2143301,1799425,SECURITY STATE BANK&TRUST,281846,455487,24264,289570,15809,1467575,0.0,15809_20251231,1,1,0.16092362838128846,0.17440793586840242,1-10bn
2020479,NM,154665.0,20251231,3073285,3943327,3073285,CENTRAL BANK&TRUST CO,479913,1083161,79727,413038,15815,2892205,75000.0,15815_20251231,1,1,0.13439625677410327,0.1603382048850009,1-10bn
32287,NM,2.0,20251231,68968,83557,68968,GENESIS BANK,5198,36788,0,14966,15817,59443,17570.0,15817_20251231,1,1,0.21699918802923096,0.21699918802923096,<1bn
90225,NM,214.0,20251231,103203,120360,103203,RED RIVER STATE BANK,3317,13473,2389,1779,15820,103722,5409.0,15820_20251231,1,1,0.01723787099212232,0.040386422875304015,<1bn
172810,NM,31979.0,20251231,228352,265286,228352,CLAXTON BANK,52727,55659,250,16413,15826,171628,19051.0,15826_20251231,1,1,0.07187587584080718,0.07297067684977579,<1bn
57369,NM,45.0,20251231,84118,113143,84118,SECURITY STATE BANK,19791,26892,1977,11307,15839,78210,0.0,15839_20251231,1,1,0.13441831712594213,0.15792101571601797,<1bn
39035,NM,11268.0,20251231,55742,63317,55742,SUNRISE BANK DAKOTA,23996,16834,7192,10871,15847,25273,249.0,15847_20251231,1,1,0.19502350113020703,0.3240464999461806,<1bn
19709,NM,0.0,20251231,23557,26576,23557,FARMERS STATE BANK,6100,3886,0,5962,15853,13796,3000.0,15853_20251231,1,1,0.253088254022159,0.253088254022159,<1bn
361230,NM,113561.0,20251231,497883,555786,497883,PEOPLES BANK,288816,140702,0,14590,15871,224855,0.0,15871_20251231,1,1,0.02930407344697449,0.02930407344697449,<1bn
139812,NM,6931.0,20251231,163816,211080,163816,MILLEDGEVILLE STATE BANK,54087,24596,0,10722,15873,134982,34862.0,15873_20251231,1,1,0.06545148215070568,0.06545148215070568,<1bn
388008,SM,165740.0,20251231,505332,610154,505332,DEMOTTE STATE BANK,259769,119591,3938,8777,15883,248726,0.0,15883_20251231,1,1,0.017368779337148647,0.025161675888326882,<1bn
361568,SM,100645.0,20251231,614963,706722,614963,FIRST STB OF LIVINGSTON,392554,255963,0,66999,15898,217452,0.0,15898_20251231,1,1,0.10894801801083967,0.10894801801083967,<1bn
125310,SM,250.0,20251231,185455,246634,185455,FUSION BANK,53115,60373,1891,46113,15899,126581,0.0,15899_20251231,1,1,0.24864791998058827,0.25884446361651076,<1bn
70853,NM,5080.0,20251231,79530,91656,79530,FOUR COUNTY BANK,11772,8890,0,18184,15904,60013,0.0,15904_20251231,1,1,0.2286432792656859,0.2286432792656859,<1bn
114784,SM,45359.0,20251231,170153,202261,170153,UNION STATE BANK,60256,55564,0,3824,15908,117572,2000.0,15908_20251231,1,1,0.022473891145028298,0.022473891145028298,<1bn
961882,SI,133752.0,20251231,1352410,1680205,1352410,IVES BANK,143251,391418,0,56548,15912,1382720,130497.0,15912_20251231,1,1,0.0418127638807758,0.0418127638807758,1-10bn
140964,SM,31276.0,20251231,170073,201699,170073,FIRST COMMUNITY BANK&TRUST,65307,29296,10811,19490,15913,101782,0.0,15913_20251231,1,1,0.1145978491588906,0.1781646704650356,<1bn
19069,NM,0.0,20251231,23783,27533,23783,MAXWELL STATE BANK,10282,4791,0,7614,15930,8867,0.0,15930_20251231,1,1,0.32014464113021907,0.32014464113021907,<1bn
707078,NM,134850.0,20251231,978214,1103926,978214,CITIZENS BANK,268746,271706,14765,147484,15932,620579,0.0,15932_20251231,1,1,0.15076864571555917,0.16586247998904124,1-10bn
66799,NM,11598.0,20251231,134272,147817,134272,PEOPLES STATE BANK,82058,67566,31625,18267,15939,44654,0.0,15939_20251231,1,1,0.13604474499523356,0.371574118207817,<1bn
193680,N,528.0,20251231,280791,318796,280791,FOREST PARK NB&T CO,49408,87334,16774,4619,15945,253822,0.0,15945_20251231,1,1,0.016449957441655894,0.0761883393698516,<1bn
278734,NM,0.0,20251231,329535,375883,329535,IOWA STATE BANK,84685,52047,10921,19787,15947,262115,13373.0,15947_20251231,1,1,0.06004521522751756,0.09318585279257136,<1bn
1891939,NM,314830.0,20251231,2551818,2913249,2551818,GUARANTY BANK&TRUST CO,557569,665848,9850,122476,15953,2028471,196946.0,15953_20251231,1,1,0.04799558589209732,0.05185557904207902,1-10bn
279488,SI,15416.0,20251231,294535,489503,294535,FULTON SAVINGS BANK,114869,15047,6121,19817,15966,257944,10215.0,15966_20251231,1,1,0.06728232637886838,0.08806423684791281,<1bn
360379,SI,16647.0,20251231,448969,512006,448969,RONDOUT SAVINGS BANK,48434,88590,0,32370,15969,408393,27695.0,15969_20251231,1,1,0.07209851905142671,0.07209851905142671,<1bn
1020738,SI,99416.0,20251231,1223138,1383907,1223138,ULSTER SAVINGS BANK,167855,240900,0,80236,15970,1045288,0.0,15970_20251231,1,1,0.06559848520771981,0.06559848520771981,1-10bn
691699,SB,63799.0,20251231,820016,968287,820016,WALDEN SAVINGS BANK,158127,128394,21703,23331,15987,734101,29608.0,15987_20251231,1,1,0.02845188386568067,0.05491844061579286,<1bn
568642,SI,12787.0,20251231,762649,941392,762649,WATERTOWN SAVINGS BANK,232468,97713,55020,57450,15990,576414,0.0,15990_20251231,1,1,0.07532954216159728,0.14747282170434892,<1bn
5369032,SI,1270715.0,20251231,5933629,7481657,5933629,RIDGEWOOD SAVINGS BANK,1674762,646909,0,405011,16026,4852692,0.0,16026_20251231,1,1,0.06825687955886693,0.06825687955886693,1-10bn
276533,SI,2945.0,20251231,288861,365975,288861,NORTH COUNTRY SAVINGS BANK,2945,12338,0,18728,16030,308449,0.0,16030_20251231,1,1,0.06483395127760411,0.06483395127760411,<1bn
805960,SI,89352.0,20251231,1115207,1301581,1115207,RHINEBECK BANK,162203,310010,35828,101986,16032,953385,0.0,16032_20251231,1,1,0.09145028680774063,0.12357705789149458,1-10bn
207156,SI,11863.0,20251231,237895,287967,237895,SAWYER SAVINGS BANK,35500,30825,1904,22692,16039,220049,36663.0,16039_20251231,1,1,0.09538662014754408,0.10339015111708948,<1bn
268175,SB,624.0,20251231,297847,347125,297847,GENERATIONS BANK,26216,29675,0,18278,16040,266923,0.0,16040_20251231,1,1,0.0613670777278267,0.0613670777278267,<1bn
12314488,SI,2549127.0,20251231,15709760,19225517,15709760,APPLE BANK,3931933,3415082,153923,790338,16068,13274204,1400624.0,16068_20251231,1,1,0.050308725276516,0.060106647077994825,10-100bn
284382,NM,54352.0,20251231,484987,541188,484987,RAYNE STATE BANK&TRUST CO,133483,201411,0,55488,16075,331826,0.0,16075_20251231,1,1,0.114411314117698,0.114411314117698,<1bn
129208,NM,18742.0,20251231,162137,193601,162137,YORK STATE BANK,27315,33112,1981,14904,16079,136958,0.0,16079_20251231,1,1,0.09192226327118425,0.10414032577388257,<1bn
47793,NM,2302.0,20251231,48113,52892,48113,EXCHANGE STATE BANK,20964,400,0,837,16094,29164,0.0,16094_20251231,1,1,0.017396545632157628,0.017396545632157628,<1bn
422857,SI,62651.0,20251231,503612,644286,503612,MILFORD BANK,92267,80853,2952,18101,16101,502102,0.0,16101_20251231,1,1,0.035942352445930595,0.041804007847311024,<1bn
46207,SM,4179.0,20251231,47706,57936,47706,BUTTE STATE BANK,17260,1578,2977,1513,16110,35743,2747.0,16110_20251231,1,1,0.03171508824885758,0.09411814027585629,<1bn
469027,NM,62314.0,20251231,661249,765504,661249,HIGHLAND BANK,190628,194156,5619,15373,16111,535551,41092.0,16111_20251231,1,1,0.02324842835301074,0.03174598373683741,<1bn
133078,NM,48437.0,20251231,154570,170668,154570,FARMERS STATE BANK&TRUST CO,60710,21789,0,5239,16114,78351,1008.0,16114_20251231,1,1,0.03389402859545837,0.03389402859545837,<1bn
310463,NM,29544.0,20251231,405072,478812,405072,NEBRASKA BANK,67527,95448,14242,24479,16116,352383,494.0,16116_20251231,1,1,0.06043123197851246,0.09559041355610855,<1bn
81417,NM,127.0,20251231,107120,123410,107120,RILEY STB OF RILEY KANSAS,33315,26157,14368,3706,16120,82947,0.0,16120_20251231,1,1,0.034596713965646,0.16872666168782674,<1bn
410094,NM,32120.0,20251231,594291,705038,594291,EASTERN COLORADO BANK,109967,186557,0,33303,16125,476088,17058.0,16125_20251231,1,1,0.056038203506363043,0.056038203506363043,<1bn
116678,NM,12749.0,20251231,194690,240709,194690,CITIZENS BANK OF THE MIDWEST,42470,78641,0,14965,16126,162519,45528.0,16126_20251231,1,1,0.0768657866351636,0.0768657866351636,<1bn
292432,SM,12295.0,20251231,426386,475264,426386,FNB COMMUNITY BANK,123834,135966,10533,40235,16127,275584,0.0,16127_20251231,1,1,0.09436285431510416,0.11906582298668343,<1bn
2166539,N,390931.0,20251231,3734714,5099945,3734714,FIRST NATIONAL BANK ALASKA,2008987,1572104,832761,258738,16130,2696661,0.0,16130_20251231,1,1,0.06927920049567383,0.2922577204037578,1-10bn
58190,SM,2548.0,20251231,67147,73971,67147,STATE BANK,10107,9270,3208,10542,16151,49161,0.0,16151_20251231,1,1,0.1569988234768493,0.2047745990141034,<1bn
167677,NM,2269.0,20251231,224046,256941,224046,PEOPLES BANK,25257,56657,22744,21788,16152,198202,2099.0,16152_20251231,1,1,0.09724788659471716,0.1987627540772877,<1bn
57223,SM,1870.0,20251231,73501,86410,73501,BANK OF ELGIN,14238,16529,4425,9604,16154,59521,500.0,16154_20251231,1,1,0.130664888913076,0.1908681514537217,<1bn
905155,NM,129237.0,20251231,1259866,1601754,1259866,WAUKESHA STATE BANK,276121,355472,18156,49939,16160,1175916,8447.0,16160_20251231,1,1,0.03963834249039184,0.054049398904327924,1-10bn
153190,NM,8677.0,20251231,201167,237700,201167,CAMPBELL COUNTY BANK INC,26051,49151,3204,7623,16161,190877,506.0,16161_20251231,1,1,0.03789388915677024,0.05382095472915538,<1bn
163169,NM,14550.0,20251231,212031,239156,212031,FIRST STATE BANK OF PURDY,34956,49245,3516,35244,16162,159762,3583.0,16162_20251231,1,1,0.16622097712127,0.1828034579849173,<1bn
75967,SM,2193.0,20251231,88971,101222,88971,METAMORA STATE BANK,14518,13079,3591,5414,16167,70979,2486.0,16167_20251231,1,1,0.060851288622135305,0.10121275471782941,<1bn
630716,NM,120597.0,20251231,885448,1001455,885448,WEST ALABAMA BANK&TRUST,242697,256507,0,54916,16175,571708,11650.0,16175_20251231,1,1,0.06202058167165096,0.06202058167165096,1-10bn
95739,NM,13063.0,20251231,121929,139859,121929,JOHNSON CITY BANK,18548,26275,496,4834,16176,86635,0.0,16176_20251231,1,1,0.0396460235054827,0.04371396468436549,<1bn
87108,NM,10249.0,20251231,113532,128685,113532,FIRST STATE BANK,25148,26472,11983,40807,16177,56984,0.0,16177_20251231,1,1,0.3594317020751859,0.46497903674734875,<1bn
92811,NM,54574.0,20251231,99608,118099,99608,SAMSON BANKING CO INC,70062,8664,15488,5955,16185,40197,0.0,16185_20251231,1,1,0.059784354670307606,0.21527387358445105,<1bn
3632910,NM,1617118.0,20251231,6228838,7583294,6228838,STOCKMAN BANK OF MONTANA,2008272,2622583,74922,122939,16191,5005924,1500.0,16191_20251231,1,1,0.019737068133735377,0.031765314814737516,1-10bn
64645,N,2409.0,20251231,75485,86811,75485,MASON CITY NATIONAL BANK,47095,10985,0,4975,16198,32242,8984.0,16198_20251231,1,1,0.06590713386765583,0.06590713386765583,<1bn
141748,NM,37808.0,20251231,228375,274561,228375,BANK OF WOLCOTT,118142,86994,0,4998,16201,144529,0.0,16201_20251231,1,1,0.021885057471264367,0.021885057471264367,<1bn
1108234,SM,153297.0,20251231,1618196,1953484,1618196,FARMERS&MERCHANTS BANK,361061,511658,0,30817,16216,1363539,30025.0,16216_20251231,1,1,0.019044046580265924,0.019044046580265924,1-10bn
368779,NM,57096.0,20251231,635793,771540,635793,RELIABANK DAKOTA,231197,268176,28513,16085,16221,487301,20000.0,16221_20251231,1,1,0.025299114648950207,0.07014547187528017,<1bn
76839,NM,4019.0,20251231,86659,104986,86659,SHERWOOD STATE BANK,16813,10015,0,1980,16222,77911,0.0,16222_20251231,1,1,0.022848175030868115,0.022848175030868115,<1bn
91402,NM,184.0,20251231,146134,170005,146134,WHEELER COUNTY STATE BANK,4174,55213,2992,69001,16228,95549,0.0,16228_20251231,1,1,0.47217622182380553,0.49265058097362696,<1bn
308076,NM,7507.0,20251231,357675,424513,357675,DAKOTA HERITAGE BANK,47750,51266,0,10280,16231,345894,0.0,16231_20251231,1,1,0.028741175648284056,0.028741175648284056,<1bn
652049,NM,139324.0,20251231,849933,960382,849933,BANK OF EASTERN OREGON,201265,198196,0,106790,16243,612649,0.0,16243_20251231,1,1,0.12564519791560042,0.12564519791560042,<1bn
174606,SB,14606.0,20251231,327936,372716,327936,COMMERCIAL BANKING CO,39108,153554,1969,27445,16246,285379,30069.0,16246_20251231,1,1,0.08369011026541764,0.0896943306010929,<1bn
78149,NM,0.0,20251231,94177,113019,94177,NEIGHBORS BANK,9200,16079,0,13455,16247,79550,0.0,16247_20251231,1,1,0.14286927806152244,0.14286927806152244,<1bn
211878,NM,56386.0,20251231,300605,456680,300605,DEVON BANK,197641,88923,491,24627,16249,198932,8875.0,16249_20251231,1,1,0.08192478501688262,0.0835581577152742,<1bn
1524797,SM,346516.0,20251231,1774370,2150999,1774370,MARQUETTE BANK,462396,253221,18698,127016,16250,1404903,0.0,16250_20251231,1,1,0.07158371703759644,0.08212154173030428,1-10bn
659283,NM,1261.0,20251231,1000470,1177250,1000470,PEOPLES BANK,115462,346072,48203,21227,16265,991609,40378.0,16265_20251231,1,1,0.021217027996841484,0.06939738322988195,1-10bn
149275,NM,7534.0,20251231,172625,202944,172625,CITIZENS BANK OF COCHRAN,11577,23667,0,22427,16275,163577,1000.0,16275_20251231,1,1,0.1299174511223751,0.1299174511223751,<1bn
431752,N,56739.0,20251231,598603,659873,598603,CONSTITUTION BANK NA,152620,167187,10440,15846,16276,464859,0.0,16276_20251231,1,1,0.026471634789668613,0.04391224233757599,<1bn
20084,NM,516.0,20251231,21680,24979,21680,BANK OF LUMBER CITY,4797,1603,0,6977,16281,8899,0.0,16281_20251231,1,1,0.32181734317343175,0.32181734317343175,<1bn
28964,NM,11066.0,20251231,52595,59630,52595,BANK OF BEARDEN,14798,24063,0,5812,16282,30394,0.0,16282_20251231,1,1,0.11050480083658143,0.11050480083658143,<1bn
174536,NM,17400.0,20251231,236003,264886,236003,SOUTH COAST BANK&TRUST,35980,61682,0,28154,16283,190984,7139.0,16283_20251231,1,1,0.11929509370643593,0.11929509370643593,<1bn
257047,NM,19772.0,20251231,317029,370876,317029,SOUTHERN BANK,79690,60364,14639,17378,16288,233906,28914.0,16288_20251231,1,1,0.05481517463702059,0.1009907610975652,<1bn
506795,NM,43715.0,20251231,638317,738507,638317,MANUFACTURERS BANK&TRUST CO,163687,133493,15896,11426,16307,515969,27321.0,16307_20251231,1,1,0.017900196924098843,0.042803183997919526,<1bn
56581,NM,0.0,20251231,66498,75915,66498,MARSEILLES BANK,35469,10237,0,2382,16318,36482,0.0,16318_20251231,1,1,0.03582062618424614,0.03582062618424614,<1bn
30710,SM,3004.0,20251231,44215,53974,44215,BATTLE CREEK STATE BANK,8136,13584,1593,1002,16330,38693,9505.0,16330_20251231,1,1,0.022661992536469524,0.05869048965283275,<1bn
330408,NM,139375.0,20251231,455658,502762,455658,FIRST STATE BANK&TRUST,178207,125546,23356,108907,16332,201056,0.0,16332_20251231,1,1,0.23901039814948932,0.2902681397012672,<1bn
158985,NM,14605.0,20251231,199022,230264,199022,FIRST STATE BANK,38643,40256,6224,12296,16333,164354,21435.0,16333_20251231,1,1,0.061782114540101095,0.09305503914140145,<1bn
119724,NM,0.0,20251231,171624,201279,171624,FIRST STATE BANK OF ODEM,62253,52324,62253,38467,16334,92263,0.0,16334_20251231,1,1,0.224135319069594,0.586864308022188,<1bn
213428,NM,31527.0,20251231,222208,243630,222208,TRI-COUNTY BANK,55935,9112,0,4341,16339,151047,29263.0,16339_20251231,1,1,0.019535750288018433,0.019535750288018433,<1bn
51169,NM,654.0,20251231,61882,69434,61882,STATE BANK OF PEARL CITY,19952,10852,332,16563,16344,31437,0.0,16344_20251231,1,1,0.267654568372063,0.2730196179826121,<1bn
381200,NM,389951.0,20251231,883204,978096,883204,CAPRA BANK,469851,503168,15889,15833,16363,459659,25000.0,16363_20251231,1,1,0.01792677569395066,0.035916956897840135,<1bn
127996,NM,12391.0,20251231,190968,241802,190968,CITIZENS BANK,38194,63176,992,17665,16369,173466,5018.0,16369_20251231,1,1,0.09250240878052868,0.09769699635541033,<1bn
167915,NM,17724.0,20251231,194671,217052,194671,HICKSVILLE BANK,52176,27085,0,16185,16370,135991,403.0,16370_20251231,1,1,0.08314027256242584,0.08314027256242584,<1bn
86129,NM,5051.0,20251231,105391,116424,105391,BRANTLEY BANK&TRUST CO,23634,19478,987,11861,16386,74235,9608.0,16386_20251231,1,1,0.11254281674905826,0.12190794280346519,<1bn
1024350,NM,144880.0,20251231,1397008,1555193,1397008,BANK OF TRAVELERS REST,447768,375218,43635,144403,16389,890370,0.0,16389_20251231,1,1,0.10336590771133737,0.13460051767777995,1-10bn
36378,NM,3376.0,20251231,41096,47319,41096,TABLE GROVE STATE BANK,10601,4811,0,2170,16394,33445,0.0,16394_20251231,1,1,0.052803192524819936,0.052803192524819936,<1bn
181949,NM,35716.0,20251231,225179,247355,225179,LAFAYETTE STATE BANK,45316,44110,0,25575,16396,161823,0.0,16396_20251231,1,1,0.11357631040194689,0.11357631040194689,<1bn
656212,NM,92601.0,20251231,1067567,1254344,1067567,BENNINGTON STATE BANK,293299,412864,63976,69545,16402,804276,22001.0,16402_20251231,1,1,0.06514345235474682,0.1250703702905766,1-10bn
157680,NM,3143.0,20251231,206721,229710,206721,ANDOVER STATE BANK,13759,49533,2984,2407,16410,187704,9050.0,16410_20251231,1,1,0.011643713023834056,0.0260786277156167,<1bn
71302,NM,19577.0,20251231,75453,85767,75453,BANK OF STRONGHURST,37743,4292,751,1985,16413,41912,0.0,16413_20251231,1,1,0.026307767749459927,0.036260983658701444,<1bn
355074,N,9912.0,20251231,384575,478802,384575,FSNB NATIONAL ASSN,263894,29588,0,36588,16416,139805,0.0,16416_20251231,1,1,0.09513878957290516,0.09513878957290516,<1bn
130692,NM,0.0,20251231,155015,175876,155015,CITIZENS BANK&TRUST CO,22941,25087,0,20279,16417,127880,0.0,16417_20251231,1,1,0.13081959810340935,0.13081959810340935,<1bn
852345,SB,23305.0,20251231,1339551,1555126,1339551,BANKSOUTH,111658,488785,13255,157440,16418,1201439,48740.0,16418_20251231,1,1,0.11753191927742952,0.12742702592137217,1-10bn
204900,NM,69425.0,20251231,293470,320575,293470,CENTERA BANK,141895,89212,34140,7358,16436,154435,0.0,16436_20251231,1,1,0.02507240944559921,0.14140457286945854,<1bn
99936,NM,44652.0,20251231,148546,172793,148546,FARMERS&MERCHANTS BANK,73111,48996,3012,27678,16440,64451,0.0,16440_20251231,1,1,0.18632612120151335,0.2066026685336529,<1bn
77073,NM,0.0,20251231,99331,107108,99331,SECURITY STATE BANK,38509,22678,23269,3854,16448,56812,0.0,16448_20251231,1,1,0.03879956911739538,0.2730567496551932,<1bn
8625198,SM,2278677.0,20251231,15032901,18052735,15032901,BUSEY BANK,2909088,6457536,0,293891,16450,13399528,70140.0,16450_20251231,1,1,0.01954985268645087,0.01954985268645087,10-100bn
97579,NM,26996.0,20251231,125148,138023,125148,WHITESVILLE STATE BANK,48356,28116,0,8746,16453,73776,245.0,16453_20251231,1,1,0.06988525585706523,0.06988525585706523,<1bn
236543,NM,10497.0,20251231,321505,359338,321505,MERCHANTS&PLANTERS BANK,104572,85128,17388,61001,16464,168792,267.0,16464_20251231,1,1,0.1897357739381969,0.24381891416929752,<1bn
1166099,NM,409381.0,20251231,2723590,2993110,2723590,JEFFERSON BANK,512260,1574979,0,377304,16470,1887948,0.0,16470_20251231,1,1,0.1385318641939499,0.1385318641939499,1-10bn
91200,NM,10986.0,20251231,113722,151957,113722,FIRST BANK,37195,26172,0,4100,16473,99798,10500.0,16473_20251231,1,1,0.036052830586869734,0.036052830586869734,<1bn
52751,NM,0.0,20251231,60615,66931,60615,STATE BANK OF LAKOTA,15370,8004,0,1126,16477,39864,0.0,16477_20251231,1,1,0.018576260001649757,0.018576260001649757,<1bn
510187,N,188980.0,20251231,1039200,1230620,1039200,FIRST BANKERS TRUST CO NA,428948,530683,9311,94318,16501,642790,0.0,16501_20251231,1,1,0.09076020015396459,0.09971997690531177,1-10bn
16599,NM,0.0,20251231,17909,20891,17909,NEBRASKA STATE BANK,0,1336,0,13181,16516,7424,250.0,16516_20251231,1,1,0.7359986598916746,0.7359986598916746,<1bn
509877,NM,32336.0,20251231,576557,651699,576557,METAIRIE BANK&TRUST CO,109983,67042,22734,22119,16539,492096,0.0,16539_20251231,1,1,0.03836394320075899,0.07779456324353012,<1bn
792917,NM,122123.0,20251231,1124242,1259331,1124242,JD BANK,342617,332967,18950,74842,16546,762814,0.0,16546_20251231,1,1,0.06657107633409888,0.08342687784302667,1-10bn
81828,NM,2517.0,20251231,110340,157058,110340,BANK PLUS,17346,28680,0,1200,16547,128170,10501.0,16547_20251231,1,1,0.010875475802066341,0.010875475802066341,<1bn
989664,NM,148159.0,20251231,1142600,1416593,1142600,ELKHORN VALLEY BANK&TRUST,294626,156187,22693,21654,16553,1021438,75930.0,16553_20251231,1,1,0.0189515140906704,0.038812357780500614,1-10bn
20045,NM,0.0,20251231,23102,28039,23102,STATE BANK OF EASTON,5080,3166,2227,3677,16561,18166,0.0,16561_20251231,1,1,0.15916370876980349,0.25556228897930916,<1bn
93357671,N,34973265.0,20251231,196979273,252074150,196979273,BMO BANK NATIONAL ASSN,63650511,104502624,20716747,24168686,16571,137554293,5688560.0,16571_20251231,1,1,0.12269659458028358,0.22786881236991874,>=100bn
60032,NM,2321.0,20251231,66582,80434,66582,CITIZENS STATE BANK,3821,6674,0,889,16581,60444,2066.0,16581_20251231,1,1,0.013351956985371422,0.013351956985371422,<1bn
6657,SM,8.0,20251231,7595,8494,7595,STATE BANK OF BURRTON,1202,1023,100,1208,16583,5401,0.0,16583_20251231,1,1,0.15905200789993418,0.17221856484529297,<1bn
81607,NM,28118.0,20251231,98131,117077,98131,CARVER STATE BANK,40838,17044,10519,24159,16584,44614,24285.0,16584_20251231,1,1,0.2461913156902508,0.35338476118657713,<1bn
22424,NM,1153.0,20251231,22419,31203,22419,VERMONT STATE BANK,5582,93,3980,9259,16585,13094,150.0,16585_20251231,1,1,0.4129979035639413,0.590525893215576,<1bn
448262,NM,37768.0,20251231,596206,663231,596206,CCB COMMUNITY BANK,63492,150144,1984,73608,16595,497530,1000.0,16595_20251231,1,1,0.12346068305250199,0.1267883919316478,<1bn
79451,NM,0.0,20251231,182341,208728,182341,FIRST STATE BANK,142544,102995,0,51850,16600,10205,0.0,16600_20251231,1,1,0.2843573304961583,0.2843573304961583,<1bn
137531,NM,4635.0,20251231,199340,222602,199340,BANK NORTHWEST,30398,62213,2493,16070,16601,167473,0.0,16601_20251231,1,1,0.08061603290859838,0.09312230360188622,<1bn
103975,SM,3836.0,20251231,118561,133871,118561,PEOPLES BANK,5052,15225,0,4900,16603,103969,0.0,16603_20251231,1,1,0.04132893615944535,0.04132893615944535,<1bn
1708790,SM,263724.0,20251231,2622590,3009302,2622590,BANK INDEPENDENT,421926,947477,62275,506557,16604,1786432,33570.0,16604_20251231,1,1,0.1931514266431276,0.21689703689863837,1-10bn
59691,NM,2196.0,20251231,71086,78095,71086,ROCHELLE STATE BANK,10341,11556,0,10454,16609,54721,4285.0,16609_20251231,1,1,0.1470613060236896,0.1470613060236896,<1bn
200493,SM,36576.0,20251231,240127,281929,240127,FNB PICAYUNE BANK,75945,40535,497,18050,16612,182734,0.0,16612_20251231,1,1,0.07516855663877865,0.07723829473570236,<1bn
224178,NM,104483.0,20251231,376746,415050,376746,UNION BANK INC,173036,152765,9987,51245,16620,170979,0.0,16620_20251231,1,1,0.13602002410111852,0.16252860017093745,<1bn
243980,NM,58538.0,20251231,330883,381354,330883,ESB FINANCIAL,91743,87304,19487,22302,16629,252629,0.0,16629_20251231,1,1,0.06740146819268443,0.1262953974667783,<1bn
158110,NM,0.0,20251231,431804,511047,431804,LUMINATE BANK,1999,274699,0,104604,16635,367446,7772.0,16635_20251231,1,1,0.2422487980657891,0.2422487980657891,<1bn
729731,SI,95690.0,20251231,808073,1013850,808073,TORRINGTON SAVINGS BANK,103565,78345,0,65622,16636,773939,0.0,16636_20251231,1,1,0.08120800967239346,0.08120800967239346,1-10bn
35590,SM,23994.0,20251231,54947,61139,54947,FIRST STATE BANK,27344,19375,0,10842,16643,20256,0.0,16643_20251231,1,1,0.1973174149635103,0.1973174149635103,<1bn
295664,NM,41098.0,20251231,633075,715606,633075,SOUTHWEST BANK,145144,340487,39014,61708,16652,479930,0.0,16652_20251231,1,1,0.09747344311495479,0.15909963274493544,<1bn
87293,NM,3023.0,20251231,104519,112585,104519,SECURITY STB OF AITKIN,43164,17337,0,8603,16656,52678,0.0,16656_20251231,1,1,0.08231039332561543,0.08231039332561543,<1bn
516692,NM,76916.0,20251231,716115,828855,716115,NORTHEAST BANK,206101,201213,0,7013,16659,604380,69297.0,16659_20251231,1,1,0.00979311982014062,0.00979311982014062,<1bn
663411,SM,83367.0,20251231,805802,1017221,805802,PADUCAH BANK&TRUST CO,172349,142676,2639,29136,16664,777781,64650.0,16664_20251231,1,1,0.036157765803510045,0.039432763879960586,1-10bn
479411,NM,47119.0,20251231,698987,776732,698987,ITASCA BANK&TRUST CO,168557,219971,19591,34351,16666,546671,38.0,16666_20251231,1,1,0.04914397549596774,0.07717167844323285,<1bn
52317,NM,29553.0,20251231,73836,81814,73836,WASHINGTON STATE BANK,44979,21561,986,6147,16667,29557,0.0,16667_20251231,1,1,0.08325207215992199,0.0966059916571862,<1bn
382344,NM,35707.0,20251231,477675,586150,477675,GIBSLAND BANK&TRUST CO,98231,95699,21414,39523,16689,403228,951.0,16689_20251231,1,1,0.08274035693724813,0.1275700005233684,<1bn
226132,NM,34170.0,20251231,325175,369817,325175,FIRST STATE BANK,91856,100042,15004,51880,16695,217788,0.0,16695_20251231,1,1,0.15954486045975244,0.20568616898593065,<1bn
181494,NM,37039.0,20251231,225894,247818,225894,BANKWEST,94619,44551,23664,5229,16704,133631,0.0,16704_20251231,1,1,0.02314802517995166,0.12790512364206222,<1bn
124400,NM,0.0,20251231,151633,205240,151633,SOUTH CENTRAL STATE BANK,48604,27529,10057,3285,16707,141510,1553.0,16707_20251231,1,1,0.021664149624422126,0.08798876234065144,<1bn
116635,NM,13800.0,20251231,271209,305494,271209,WESTERN BANK,64597,154592,0,42672,16720,176015,0.0,16720_20251231,1,1,0.1573399112861299,0.1573399112861299,<1bn
425686,NM,40072.0,20251231,774283,886375,774283,CAROLINA BANK&TRUST CO,152346,349604,99486,123043,16723,580179,0.0,16723_20251231,1,1,0.15891218068845628,0.2874000849818477,<1bn
277028,NM,10180.0,20251231,370446,406754,370446,NORTH STAR BANK,88286,94588,0,65984,16733,247367,0.0,16733_20251231,1,1,0.17812042780864148,0.17812042780864148,<1bn
14955,NM,0.0,20251231,17863,23833,17863,PEOPLES STATE BANK,250,3107,0,1184,16744,20924,4082.0,16744_20251231,1,1,0.0662822594189106,0.0662822594189106,<1bn
108142,N,961.0,20251231,124786,140608,124786,NATIONAL BANK OF ST ANNE,8723,16897,3475,7487,16752,114693,0.0,16752_20251231,1,1,0.05999871780488196,0.08784639302485855,<1bn
611734,NM,51183.0,20251231,1048435,1206192,1048435,CITIZENS STATE BANK,285116,438842,127282,117383,16753,742781,0.0,16753_20251231,1,1,0.11196020735667925,0.2333621063776009,1-10bn
220081,NM,0.0,20251231,285767,354808,285767,CAMPBELL&FETTER BANK,64545,66059,48062,40080,16757,231278,0.0,16757_20251231,1,1,0.14025412311428542,0.3084400928028779,<1bn
258344,NM,47400.0,20251231,354610,399319,354610,GREAT OAKS BANK,93711,96724,0,17979,16780,272086,20000.0,16780_20251231,1,1,0.05070076985984603,0.05070076985984603,<1bn
47008,NM,2243.0,20251231,62893,70898,62893,UNION STATE BANK,11764,15981,495,2642,16788,53173,534.0,16788_20251231,1,1,0.04200785461021099,0.049878364841874294,<1bn
103200,SM,3.0,20251231,144526,161524,144526,ALL CAPITAL BANK,4028,41531,1196,14090,16795,127961,19792.0,16795_20251231,1,1,0.09749110886622477,0.10576643648893624,<1bn
718514,NM,24984.0,20251231,827401,987619,827401,FARMERS&MERCHANTS BANK,613286,109517,0,36264,16810,245331,497376.0,16810_20251231,1,1,0.043828808522107174,0.043828808522107174,<1bn
236245,NM,53353.0,20251231,433742,511745,433742,CITIZENS BANK,62917,198403,0,79399,16817,312637,0.0,16817_20251231,1,1,0.18305582581350205,0.18305582581350205,<1bn
324345,NM,44064.0,20251231,332382,359945,332382,BANK OF GLEN BURNIE,103469,8074,0,5488,16820,228505,12386.0,16820_20251231,1,1,0.016511122744312268,0.016511122744312268,<1bn
252277,NM,5184.0,20251231,345046,398584,345046,SUNMARK COMMUNITY BANK,15245,93482,0,72630,16825,280017,0.0,16825_20251231,1,1,0.21049367330732713,0.21049367330732713,<1bn
16866354,NM,10515719.0,20251231,28768719,38458815,28768719,PROSPERITY BANK,10613425,11933278,0,1748908,16835,21471626,0.0,16835_20251231,1,1,0.060792001201026714,0.060792001201026714,10-100bn
112271,NM,15316.0,20251231,122000,137652,122000,RIVER FALLS STATE BANK,22913,10322,989,2869,16840,103142,5068.0,16840_20251231,1,1,0.023516393442622952,0.03162295081967213,<1bn
772587,NM,89622.0,20251231,1029444,1166855,1029444,FIRST ARKANSAS BANK&TRUST,249080,258891,0,55005,16849,761816,0.0,16849_20251231,1,1,0.05343175539417394,0.05343175539417394,1-10bn
188310,NM,30363.0,20251231,289158,347895,289158,CITIZENS DEP BK ARLINGTON,66574,102126,0,22047,16852,239811,37478.0,16852_20251231,1,1,0.07624551283381403,0.07624551283381403,<1bn
164461,NM,39811.0,20251231,266017,292100,266017,COMMUNITY 1ST BANK LAS VEGAS,111133,101751,50308,31070,16854,91150,0.0,16854_20251231,1,1,0.11679704680527936,0.3059127800103001,<1bn
452647,NM,65153.0,20251231,720699,853218,720699,FIRST AMERICAN BANK&TRUST CO,141466,268269,28748,18639,16858,657632,0.0,16858_20251231,1,1,0.025862391927836726,0.06575144408414609,<1bn
215486,NM,78331.0,20251231,267062,314606,267062,CITIZENS INDEPENDENT BANK,89638,52040,0,13918,16863,198207,0.0,16863_20251231,1,1,0.05211523915794834,0.05211523915794834,<1bn
190370,NM,18736.0,20251231,335071,380914,335071,WEST TEXAS STATE BANK,61001,146452,0,50824,16866,243232,29229.0,16866_20251231,1,1,0.15168128545890275,0.15168128545890275,<1bn
26734,NM,0.0,20251231,31202,37313,31202,CORN GROWERS STATE BANK,6462,4552,0,3760,16868,25089,0.0,16868_20251231,1,1,0.12050509582719056,0.12050509582719056,<1bn
14945680,SM,4203190.0,20251231,24136285,27929114,24136285,UNITED COMMUNITY BANK,5977142,9811750,513682,403244,16889,19213269,175265.0,16889_20251231,1,1,0.016706962152626223,0.037989524899958715,10-100bn
454065,NM,161057.0,20251231,588249,723028,588249,PILGRIM BANK,182996,135208,0,10642,16891,480919,33000.0,16891_20251231,1,1,0.01809097848020141,0.01809097848020141,<1bn
154037,NM,30024.0,20251231,173379,213338,173379,FIRST STATE BANK OF BEDIAS,54013,19688,2890,21536,16895,125109,0.0,16895_20251231,1,1,0.12421342838521389,0.14088211375080026,<1bn
261631,NM,30422.0,20251231,356150,418551,356150,F&M BANK,98167,94810,0,20201,16897,270940,5117.0,16897_20251231,1,1,0.05672048294258037,0.05672048294258037,<1bn
69972,SM,30177.0,20251231,99243,120998,99243,PRINCEVILLE STATE BANK,34845,29304,977,12743,16900,62305,0.0,16900_20251231,1,1,0.12840200316395112,0.13824652620335942,<1bn
35107,NM,0.0,20251231,38600,48176,38600,STATE BANK OF TAUNTON,11046,3489,6582,635,16906,24711,0.0,16906_20251231,1,1,0.01645077720207254,0.18696891191709844,<1bn
85532,NM,0.0,20251231,101853,116564,101853,SSB BANK,21020,16558,3488,11788,16908,71234,0.0,16908_20251231,1,1,0.11573542261887229,0.1499808547612736,<1bn
174792,NM,16501.0,20251231,223418,272805,223418,22ND STATE BANKING CO,23519,48798,0,7736,16910,210004,50354.0,16910_20251231,1,1,0.03462567922011655,0.03462567922011655,<1bn
68101,NM,5040.0,20251231,76343,90406,76343,F&M BANK&TRUST CO,5040,8624,0,8956,16916,62537,0.0,16916_20251231,1,1,0.11731265472931375,0.11731265472931375,<1bn
57848,NM,13789.0,20251231,73713,81041,73713,FARMERS STATE BANK,31211,16043,0,1485,16941,43290,0.0,16941_20251231,1,1,0.02014570021570144,0.02014570021570144,<1bn
41051,NM,0.0,20251231,48204,62332,48204,BANK OF CLARKS,5731,7228,985,3526,16953,47514,7217.0,16953_20251231,1,1,0.07314745664260228,0.0935814455231931,<1bn
1959148,NM,203581.0,20251231,2645028,3012445,2645028,MINNWEST BANK,370632,694218,24421,325021,16958,2151057,268194.0,16958_20251231,1,1,0.12287998463532333,0.13211277914638334,1-10bn
72643,NM,0.0,20251231,82035,95496,82035,BANK OF BILLINGS,0,9614,0,9067,16959,76877,0.0,16959_20251231,1,1,0.11052599500213324,0.11052599500213324,<1bn
316737,NM,31884.0,20251231,390511,439480,390511,PEOPLES BANK,129104,74447,3803,28522,16968,260264,0.0,16968_20251231,1,1,0.07303763530348698,0.0827761573937738,<1bn
389609,NM,45198.0,20251231,467208,542312,467208,PEOPLES BANK OF KENTUCKY INC,59177,78639,501,56410,16970,398718,4.0,16970_20251231,1,1,0.12073851475145973,0.12181084228009795,<1bn
289444,NM,0.0,20251231,387888,471789,387888,SOLUTIONS NORTH BANK,136722,99412,69040,9588,16971,292350,0.0,16971_20251231,1,1,0.02471847543620839,0.2027079981850431,<1bn
374819,NM,33953.0,20251231,410888,458972,410888,COMMUNITY STB OF ORBISONIA,64324,36234,587,8541,16976,349038,0.0,16976_20251231,1,1,0.020786686396292907,0.022215299546348398,<1bn
4101666,NM,890144.0,20251231,6751808,7710086,6751808,BANK OF COLORADO,1956219,2653023,887042,378043,16980,5167914,0.0,16980_20251231,1,1,0.05599137297743064,0.18736981264870092,1-10bn
684097,SM,44932.0,20251231,1000722,1170761,1000722,BANK OF PONTIAC,166530,318251,21871,92926,16982,835595,17724.0,16982_20251231,1,1,0.09285895583388794,0.11471417636466472,1-10bn
168456,NM,352.0,20251231,209374,255112,209374,FIRST SECURITY BANK&TRUST CO,352,41862,0,2131,17001,213384,13494.0,17001_20251231,1,1,0.010177959058908939,0.010177959058908939,<1bn
324207,NM,5171.0,20251231,351458,413610,351458,CENTRAL BANK OF KANSAS CITY,9157,27549,3986,68576,17009,325491,22967.0,17009_20251231,1,1,0.1951186201480689,0.20645994684997923,<1bn
432560,NM,826.0,20251231,596547,713582,596547,FNB SOUTH,135877,165250,134142,60451,17011,453486,0.0,17011_20251231,1,1,0.10133484872105634,0.3261989415754333,<1bn
502488,NM,123396.0,20251231,750167,844478,750167,WILSON&MUIR BANK&TRUST CO,221876,247955,2965,72893,17040,522219,0.0,17040_20251231,1,1,0.0971690303625726,0.10112148361631476,<1bn
35515,NM,3521.0,20251231,40769,49624,40769,STATE BANK OF BELLINGHAM,19717,5532,0,1607,17062,24635,2000.0,17062_20251231,1,1,0.039417204248325934,0.039417204248325934,<1bn
354776,NM,0.0,20251231,442339,527825,442339,LABETTE BANK,145367,88899,26330,54797,17068,305372,0.0,17068_20251231,1,1,0.12388010100850252,0.18340458336253415,<1bn
72855,NM,0.0,20251231,91852,105828,91852,PEOPLES BANK,31339,19143,0,34101,17073,36696,0.0,17073_20251231,1,1,0.3712602882898576,0.3712602882898576,<1bn
819100,NM,113604.0,20251231,1034675,1155121,1034675,FIRST US BANK,168540,218005,19434,73547,17077,842314,137944.0,17077_20251231,1,1,0.07108222388672772,0.08986493343320366,1-10bn
190885,NM,3383.0,20251231,325771,376443,325771,HOMEBANK TEXAS,17217,135430,0,22119,17094,290815,12000.0,17094_20251231,1,1,0.06789738804252067,0.06789738804252067,<1bn
104526,NM,42699.0,20251231,142097,157573,142097,LIBERTY STATE BANK,81965,38123,0,2494,17096,58340,0.0,17096_20251231,1,1,0.01755139095125161,0.01755139095125161,<1bn
453318,NM,69400.0,20251231,555644,637595,555644,COMMUNITY B&T WACO TEXAS,195967,102957,9993,34532,17108,385251,37582.0,17108_20251231,1,1,0.06214770608519124,0.08013224294692285,<1bn
767016,SI,86019.0,20251231,817755,1064499,817755,PARTNERS BANK OF NEW ENGLAND,131914,51318,5837,19727,17115,859211,50000.0,17115_20251231,1,1,0.02412336213168981,0.031261196813226456,1-10bn
488623,NM,118785.0,20251231,785403,908343,785403,FIRST SECURITY BANK,279332,301854,0,21656,17120,542956,0.0,17120_20251231,1,1,0.027573105781363197,0.027573105781363197,<1bn
25380,NM,7046.0,20251231,29350,32647,29350,LAKE COUNTRY COMMUNITY BANK,8309,4027,736,9204,17122,13801,0.0,17122_20251231,1,1,0.3135945485519591,0.33867120954003405,<1bn
541420,SI,96781.0,20251231,639996,714697,639996,ARTISANS BANK,133376,98683,0,36136,17123,510094,0.0,17123_20251231,1,1,0.05646285289283058,0.05646285289283058,<1bn
11281,NM,3.0,20251231,11870,13643,11870,PEOPLES STATE BANK,1249,599,996,1575,17138,9776,0.0,17138_20251231,1,1,0.13268744734625104,0.21659646166807076,<1bn
341082,NM,29541.0,20251231,399153,593699,399153,HERITAGE BANK,310260,113290,263097,4573,17145,265594,0.0,17145_20251231,1,1,0.011456759688640697,0.6705949848804844,<1bn
1564253,NM,128790.0,20251231,2862457,3575203,2862457,BANK OF UTAH,271193,1304655,4997,249509,17159,2846991,346863.0,17159_20251231,1,1,0.08716602555077684,0.08891172863033402,1-10bn
28561,SM,1.0,20251231,31903,37126,31903,COTTONWOOD VALLEY BANK,22362,3376,0,3389,17160,6025,0.0,17160_20251231,1,1,0.1062282543961383,0.1062282543961383,<1bn
462351,NM,78201.0,20251231,629638,732134,629638,DAIRY STATE BANK,263212,168882,64741,66783,17162,376805,0.0,17162_20251231,1,1,0.10606570759706371,0.20888828183813557,<1bn
110695,NM,26111.0,20251231,132552,151560,132552,STATE BANK&TRUST CO,40266,22226,0,7881,17169,97291,0.0,17169_20251231,1,1,0.05945591164222343,0.05945591164222343,<1bn
27849,NM,8206.0,20251231,33220,35951,33220,PEOPLES STB FAIRMOUNT N D,10044,5464,0,1179,17174,22980,0.0,17174_20251231,1,1,0.03549066827212523,0.03549066827212523,<1bn
972715,SI,79921.0,20251231,1311583,1611246,1311583,MEREDITH VILLAGE SB,103906,339865,13958,33915,17180,1409174,0.0,17180_20251231,1,1,0.02585806616889667,0.036500168117458064,1-10bn
128427,NM,5962.0,20251231,155085,195737,155085,BANK OF CAMILLA,40006,27392,965,23997,17190,117460,18291.0,17190_20251231,1,1,0.1547345004352452,0.1609568946061837,<1bn
107950,NM,0.0,20251231,144129,172802,144129,WARRINGTON BANK,105169,36219,105169,15498,17193,50398,0.0,17193_20251231,1,1,0.10752867223112628,0.8372152724295596,<1bn
37713,NM,4775.0,20251231,47284,53637,47284,POTTER STATE BANK OF POTTER,17237,9632,2287,6614,17205,21103,0.0,17205_20251231,1,1,0.13987818289484816,0.18824549530496573,<1bn
1173310,SM,18221.0,20251231,1458975,1600483,1458975,CITIZENS BANK,99203,287171,0,138051,17211,1254788,152029.0,17211_20251231,1,1,0.09462190921708734,0.09462190921708734,1-10bn
271547,NM,78133.0,20251231,424410,474210,424410,CITIZENS STATE BANK,147618,155606,0,5189,17214,284191,0.0,17214_20251231,1,1,0.012226384863693127,0.012226384863693127,<1bn
383243,NM,35621.0,20251231,483606,635427,483606,HENDERSON STATE BANK,79883,101666,404,17976,17229,508779,111212.0,17229_20251231,1,1,0.03717075470527661,0.03800614549860837,<1bn
317164,N,0.0,20251231,601838,729563,601838,ALBANY B&T CO NA,43073,287085,29889,134977,17230,540066,0.0,17230_20251231,1,1,0.22427463869014586,0.27393750477703305,<1bn
102740,NM,22158.0,20251231,125503,140646,125503,SIDNEY STATE BANK,35502,22964,6728,9302,17232,93319,1461.0,17232_20251231,1,1,0.07411775017330263,0.1277260304534553,<1bn
103646,NM,24508.0,20251231,137257,159348,137257,NORTH CENTRAL BANK,49203,33919,0,11477,17241,85946,0.0,17241_20251231,1,1,0.08361686471363938,0.08361686471363938,<1bn
105446,SM,175.0,20251231,146140,189283,146140,ST ANSGAR STATE BANK,52531,41258,2003,6065,17259,124692,0.0,17259_20251231,1,1,0.04150130012316956,0.05520733543177775,<1bn
368393,SI,0.0,20251231,434739,519868,434739,ESSEX BANK,48836,68409,46361,73791,17262,363513,0.0,17262_20251231,1,1,0.1697363245533527,0.2763773206452607,<1bn
34613722,NM,7497366.0,20251231,54336279,66821352,54336279,COLUMBIA BANK,11223383,19783326,209334,2379541,17266,47572182,3089001.0,17266_20251231,1,1,0.04379285891107854,0.04764542305151223,10-100bn
280425,NM,60226.0,20251231,386761,394447,386761,BANK OF TIOGA,231266,107210,2604,9402,17280,117710,115000.0,17280_20251231,1,1,0.02430958654052503,0.03104242671830924,<1bn
32523009,N,3323680.0,20251231,78538052,98429760,78538052,CITY NATIONAL BANK,19594711,47921587,13352379,6060983,17281,68195885,9588879.0,17281_20251231,1,1,0.07717256598113739,0.2471841547585112,10-100bn
422369,NM,4893.0,20251231,688591,823634,688591,BANKIOWA,91003,268142,22251,17361,17282,674268,19030.0,17282_20251231,1,1,0.025212353922720455,0.05752616575006063,<1bn
3846444,SM,1010784.0,20251231,6615293,7397722,6615293,CENTRAL PACIFIC BANK,1310603,2775763,61291,378653,17308,5230559,0.0,17308_20251231,1,1,0.05723903688015028,0.0665040837949279,1-10bn
231607,NM,0.0,20251231,292432,324327,292432,GOPPERT STATE SERVICE BANK,21025,61873,21025,35923,17317,257608,0.0,17317_20251231,1,1,0.12284223340810856,0.1947392898178038,<1bn
299014,NM,113841.0,20251231,501067,618052,501067,PEOPLES BANK&TRUST,155850,202138,0,7948,17320,415778,10622.0,17320_20251231,1,1,0.015862150171533945,0.015862150171533945,<1bn
2877568,NM,321406.0,20251231,3749877,4469173,3749877,FIRST STATE COMMUNITY BANK,562629,879416,25256,244354,17323,3325403,77745.0,17323_20251231,1,1,0.06516320401975852,0.07189835826615112,1-10bn
197108,NM,38509.0,20251231,249083,278408,249083,BANK OF DICKSON,88110,52762,1967,9316,17327,172340,0.0,17327_20251231,1,1,0.03740118755595524,0.045298153627505694,<1bn
273943,NM,2972.0,20251231,471943,610652,471943,SOUTH STORY BANK&TRUST,6523,200030,0,31498,17348,548666,108053.0,17348_20251231,1,1,0.06674111068497679,0.06674111068497679,<1bn
43519,NM,24309.0,20251231,66923,73718,66923,FIRST STB OF SAN DIEGO,31239,23562,4002,24888,17350,17096,0.0,17350_20251231,1,1,0.3718900826322789,0.4316901513679901,<1bn
127599,NM,12819.0,20251231,183444,204864,183444,CARSON BANK,38392,56201,8349,19442,17369,136598,8565.0,17369_20251231,1,1,0.10598329735505113,0.1514958243387628,<1bn
354982,NM,0.0,20251231,408884,548817,408884,MID-AMERICA BANK,43658,55578,0,7436,17374,427258,18349.0,17374_20251231,1,1,0.01818608700756205,0.01818608700756205,<1bn
29859,NM,11626.0,20251231,51378,55776,51378,STATE EXCHANGE BANK,22823,21609,0,3506,17375,17161,0.0,17375_20251231,1,1,0.06823932422437619,0.06823932422437619,<1bn
249587,NM,23725.0,20251231,382718,478103,382718,M C BANK&TRUST CO,38562,133721,0,91602,17388,308419,0.0,17388_20251231,1,1,0.23934594139810514,0.23934594139810514,<1bn
4070539,NM,993782.0,20251231,7048051,8376930,7048051,GERMAN AMERICAN BANK,1653744,2977465,152090,117833,17393,5805220,36282.0,17393_20251231,1,1,0.01671852261000949,0.03829753785833843,1-10bn
101376,SM,15873.0,20251231,151960,164393,151960,IMPACT BANK,41084,51065,0,5316,17399,100315,14000.0,17399_20251231,1,1,0.034982890234272174,0.034982890234272174,<1bn
80397,NM,1964.0,20251231,110639,130916,110639,BENDENA STATE BANK,38859,30474,3226,3652,17410,83358,0.0,17410_20251231,1,1,0.033008252063015754,0.06216614394562496,<1bn
330036,SM,5782.0,20251231,453153,562231,453153,MOUNTAIN VALLEY BANK,98246,124208,21115,31192,17411,401319,25619.0,17411_20251231,1,1,0.06883326382038737,0.11542900521457433,<1bn
647950,SM,54528.0,20251231,704207,882596,704207,STONE BANK,95286,57215,0,18238,17431,680592,42015.0,17431_20251231,1,1,0.025898634918425974,0.025898634918425974,<1bn
2858696,SM,238771.0,20251231,4321159,4835143,4321159,DACOTAH BANK,568577,1476818,128098,108858,17437,3923712,808605.0,17437_20251231,1,1,0.025191852463656163,0.05483621408052793,1-10bn
3178497,N,0.0,20251231,3836566,6700737,3836566,FIRST NB OF AMERICA,78162,669453,0,275362,17438,6141795,1742682.0,17438_20251231,1,1,0.0717730387017974,0.0717730387017974,1-10bn
12525,NM,0.0,20251231,13770,17002,13770,DYSART STATE BANK,1110,1260,0,2200,17441,11934,0.0,17441_20251231,1,1,0.15976761074800291,0.15976761074800291,<1bn
242494,SI,34290.0,20251231,300457,383228,300457,PISCATAQUA SAVINGS BANK,118701,57981,10177,35026,17443,200138,0.0,17443_20251231,1,1,0.116575749608097,0.15044748499785326,<1bn
209413,NM,70518.0,20251231,416270,467683,416270,MAVERICK BANK,135135,207572,0,35369,17446,265982,0.0,17446_20251231,1,1,0.08496648809666803,0.08496648809666803,<1bn
28676,NM,0.0,20251231,31061,41777,31061,DEFIANCE STATE BANK,4156,2385,0,3474,17450,31522,0.0,17450_20251231,1,1,0.1118444351437494,0.1118444351437494,<1bn
118665,SM,0.0,20251231,174526,192531,174526,HALSTEAD BANK,20474,56029,20376,22289,17451,138854,8976.0,17451_20251231,1,1,0.1277116303588004,0.24446214317637488,<1bn
384715,NM,81555.0,20251231,520905,638557,520905,APPLE RIVER STATE BANK,173810,136536,16991,53197,17453,387203,0.0,17453_20251231,1,1,0.10212418771177086,0.13474241944308463,<1bn
1256740,NM,0.0,20251231,1720509,2184037,1720509,FIRST BANK CHICAGO,476142,466608,0,129775,17470,1488692,356968.0,17470_20251231,1,1,0.07542825989285729,0.07542825989285729,1-10bn
531001,SM,23327.0,20251231,713113,905625,713113,UNITED BANK&TRUST,161426,183152,41600,13091,17477,669353,0.0,17477_20251231,1,1,0.018357539408200382,0.07669331508470607,<1bn
726316,NM,87516.0,20251231,919158,1082291,919158,FIRSTIER BANK,95620,195702,0,11257,17478,769665,0.0,17478_20251231,1,1,0.01224707830427413,0.01224707830427413,1-10bn
5076259,SM,1823115.0,20251231,10914073,12749613,10914073,PLAINSCAPITAL BANK,2157650,5909465,4943,1129410,17491,8826051,15288.0,17491_20251231,1,1,0.1034819906372259,0.10393489213421973,10-100bn
640963,NM,61926.0,20251231,1013467,1143806,1013467,FIRST STB OF THE FL KEYS,258614,376245,22015,32465,17509,824559,0.0,17509_20251231,1,1,0.03203360346217489,0.05375606704510359,1-10bn
218251,N,19461.0,20251231,308059,364093,308059,FISHER NATIONAL BANK,61006,90139,0,11529,17513,269091,20001.0,17513_20251231,1,1,0.03742464917434647,0.03742464917434647,<1bn
2381398,NM,64980.0,20251231,2979494,3288735,2979494,BANTERRA BANK,547063,603077,26528,64094,17514,2544138,412036.0,17514_20251231,1,1,0.02151170635013865,0.03041523157959036,1-10bn
82652399,N,37272907.0,20251231,153659819,181707510,153659819,KEYBANK NATIONAL ASSN,48217097,78984749,7360431,11427924,17534,106385212,3707765.0,17534_20251231,1,1,0.07437158311373515,0.12227240095863968,>=100bn
110911,NM,12540.0,20251231,149154,160856,149154,BANK OF DADE,53070,38613,2495,5160,17543,90237,0.0,17543_20251231,1,1,0.03459511645681645,0.051322793890877884,<1bn
33079,NM,833.0,20251231,35137,42842,35137,COMMUNITY STATE BANK,19340,2126,9670,2724,17551,14371,0.0,17551_20251231,1,1,0.07752511597461366,0.35273358567891394,<1bn
367659,NM,114136.0,20251231,517545,623382,517545,PALMETTO STATE BANK,309064,150983,0,67034,17563,225660,0.0,17563_20251231,1,1,0.12952303664415654,0.12952303664415654,<1bn
141155,N,28826.0,20251231,172563,198046,172563,FIRST NB IN TAYLORVILLE,99937,31495,0,5696,17572,81085,0.0,17572_20251231,1,1,0.03300823467371337,0.03300823467371337,<1bn
290539,NM,0.0,20251231,565842,635442,565842,FNBT BANK,123237,278736,40038,243740,17580,254796,0.0,17580_20251231,1,1,0.4307562888580204,0.5015145570671672,<1bn
155726,NM,1.0,20251231,175924,200048,175924,SIMMESPORT STATE BANK,2115,20485,0,26241,17587,159783,997.0,17587_20251231,1,1,0.14916100134148838,0.14916100134148838,<1bn
561748,NM,107392.0,20251231,792816,878760,792816,FIRST STATE BANK,159035,231609,14593,57542,17588,624602,0.0,17588_20251231,1,1,0.0725792617707009,0.09098580250650845,<1bn
164113,N,6981.0,20251231,285543,321537,285543,NATIONAL BANK OF ANDREWS,49106,121476,18603,8496,17603,218361,0.0,17603_20251231,1,1,0.029753837425536608,0.09490339458505374,<1bn
46947,NM,1733.0,20251231,48335,53601,48335,CITY STATE BANK,8635,1475,1665,6293,17607,35906,0.0,17607_20251231,1,1,0.13019551049963796,0.16464259853108512,<1bn
686969,SM,69188.0,20251231,1180647,1318887,1180647,CENTRAL BANK,199573,494326,15599,68988,17612,1008493,45469.0,17612_20251231,1,1,0.05843236801516457,0.07164461519827688,1-10bn
598705,NM,79938.0,20251231,698504,1020387,698504,FARMERS BANK&TRUST,449160,102587,0,5768,17614,510906,110205.0,17614_20251231,1,1,0.008257647772954771,0.008257647772954771,1-10bn
64093,NM,0.0,20251231,71634,80817,71634,BASILE STATE BANK,165,7983,0,4175,17621,67209,249.0,17621_20251231,1,1,0.05828237987547812,0.05828237987547812,<1bn
209423,NM,60664.0,20251231,273605,313882,273605,ALDEN STATE BANK,75256,64312,3028,34253,17622,190666,0.0,17622_20251231,1,1,0.12519142559529248,0.1362584748085744,<1bn
41426,NM,0.0,20251231,45996,52725,45996,FARMERS STB OF BLUE MOUND,4107,4668,0,1791,17629,41730,0.0,17629_20251231,1,1,0.038938168536394466,0.038938168536394466,<1bn
16050,NM,0.0,20251231,18429,20501,18429,FARMERS STATE BANK,500,2456,249,12401,17632,7412,0.0,17632_20251231,1,1,0.6729068316240707,0.68641814531445,<1bn
309190,NM,95151.0,20251231,384557,435860,384557,ASTRA BANK,161356,75894,973,11125,17636,226143,7540.0,17636_20251231,1,1,0.02892939148162691,0.03145957556357055,<1bn
408808,NM,10941.0,20251231,495201,557123,495201,RVR BANK,80324,87091,5023,21257,17639,423585,0.0,17639_20251231,1,1,0.042926003784321924,0.05306935971454016,<1bn
279706,N,98582.0,20251231,442168,470318,442168,FIRST NATIONAL BANK,196163,162999,0,37565,17643,217964,10054.0,17643_20251231,1,1,0.08495639666371153,0.08495639666371153,<1bn
141146,NM,13466.0,20251231,194182,225192,194182,STOCKGROWERS STB ASHLAND KS,69730,53647,6002,4213,17650,133152,0.0,17650_20251231,1,1,0.021696140733950625,0.05260528782276421,<1bn
1273153,SI,310499.0,20251231,1594662,2082168,1594662,NORWAY SAVINGS BANK,410159,323709,0,31017,17658,1535436,154074.0,17658_20251231,1,1,0.01945051678662939,0.01945051678662939,1-10bn
71233,NM,11716.0,20251231,99197,119453,99197,FIRST STATE BANK OF HEALY,34993,28509,0,1433,17661,69266,21416.0,17661_20251231,1,1,0.014446001391171104,0.014446001391171104,<1bn
85589,NM,0.0,20251231,132262,149616,132262,BANK OF PRAIRIE VILLAGE,4610,46753,1283,14958,17671,119717,0.0,17671_20251231,1,1,0.11309370794332461,0.1227941510033116,<1bn
286134,NM,46430.0,20251231,369720,436018,369720,CITIZENS STATE BANK,171130,84095,10031,7694,17672,222428,0.0,17672_20251231,1,1,0.020810342962241695,0.04794168559991345,<1bn
543212,NM,11105.0,20251231,703652,825888,703652,LEGACY BANK,115229,162062,18710,15289,17676,633170,0.0,17676_20251231,1,1,0.021728070125573436,0.048317918516539424,<1bn
487379,NM,542.0,20251231,585391,661342,585391,OUTDOOR BANK,2618,99434,0,151583,17685,476766,84896.0,17685_20251231,1,1,0.25894316789974564,0.25894316789974564,<1bn
135554,NM,21836.0,20251231,244769,302952,244769,DLP BANK,42391,109233,3251,93640,17734,111953,0.0,17734_20251231,1,1,0.3825647855733365,0.3958466962728123,<1bn
4613626,N,1296941.0,20251231,5449610,6703029,5449610,CITY NB OF WEST VIRGINIA,1493684,931570,0,189732,17735,4486800,0.0,17735_20251231,1,1,0.03481570240806223,0.03481570240806223,1-10bn
264412,SI,71209.0,20251231,395523,457801,395523,HOMETOWN SAVINGS BANK,119526,131609,0,16417,17736,289880,0.0,17736_20251231,1,1,0.041507067856989356,0.041507067856989356,<1bn
359031,NM,53196.0,20251231,723676,882402,723676,PLAINS STATE BANK,74412,365048,4741,148584,17739,639762,86830.0,17739_20251231,1,1,0.20531840215787175,0.21186967648505683,<1bn
1932120,SI,198868.0,20251231,2289271,2854230,2289271,MAINE COMMUNITY BANK,245384,358724,0,49512,17741,2362605,206601.0,17741_20251231,1,1,0.021627845720318825,0.021627845720318825,1-10bn
811221,SI,126110.0,20251231,1032362,1446208,1032362,SACO&BIDDEFORD SVG INST,184751,225150,0,25640,17743,1171185,229025.0,17743_20251231,1,1,0.02483624930014859,0.02483624930014859,1-10bn
581540,SI,206707.0,20251231,1161942,1497823,1161942,BATH SAVINGS INSTITUTION,531558,580629,0,39130,17749,842134,75092.0,17749_20251231,1,1,0.03367637971602713,0.03367637971602713,1-10bn
1241825,SI,102281.0,20251231,1458732,1830082,1458732,ANDROSCOGGIN SAVINGS BANK,130906,217412,0,133368,17751,1477297,395359.0,17751_20251231,1,1,0.09142734923207278,0.09142734923207278,1-10bn
96417,NM,0.0,20251231,112842,121967,112842,BALTIC STATE BANK,5452,16509,0,6441,17759,92143,0.0,17759_20251231,1,1,0.05707981070877865,0.05707981070877865,<1bn
1876643,SI,215022.0,20251231,2284965,3027980,2284965,CENTREVILLE BANK,493575,409860,0,49404,17764,2289114,267007.0,17764_20251231,1,1,0.02162133774477946,0.02162133774477946,1-10bn
206886,NM,44333.0,20251231,264383,306966,264383,GUARANTY BANK&TRUST CO,48807,57666,0,22370,17767,219642,0.0,17767_20251231,1,1,0.08461209684435081,0.08461209684435081,<1bn
232547,NM,94417.0,20251231,318154,370175,318154,BANK OF HAYS,145820,85998,6385,7313,17769,201846,0.0,17769_20251231,1,1,0.022985723894717654,0.0430546213468949,<1bn
158411,NM,9272.0,20251231,176549,193790,176549,BLUE RIDGE BANK,32414,18260,0,22793,17773,129084,0.0,17773_20251231,1,1,0.12910296858096051,0.12910296858096051,<1bn
92716,NM,21689.0,20251231,148197,173690,148197,FIRST STATE BANK,53723,55553,0,55350,17775,58774,0.0,17775_20251231,1,1,0.37348934188951194,0.37348934188951194,<1bn
75235,N,5363.0,20251231,92408,109908,92408,PIKES PEAK NATIONAL BANK,15377,17256,5030,20587,17782,69564,0.0,17782_20251231,1,1,0.2227837416673881,0.2772162583326119,<1bn
491363,SB,155481.0,20251231,686023,847543,686023,ROLLSTONE BANK&TRUST,174967,196245,0,13892,17797,596602,107890.0,17797_20251231,1,1,0.020250049925439818,0.020250049925439818,<1bn
12586031,SM,824270.0,20251231,19711150,23181570,19711150,BEACON BANK&TRUST,1688768,7119892,412037,2045631,17798,17776713,406753.0,17798_20251231,1,1,0.10378039840394904,0.12468415084863135,10-100bn
454022,NM,187874.0,20251231,705666,831732,705666,CITIZENS BANK,335564,251647,65853,79890,17809,358200,0.0,17809_20251231,1,1,0.11321219953915876,0.20653255222725767,<1bn
193446,N,36530.0,20251231,313339,381310,313339,FIRST NB IN PORT LAVACA,107258,120038,514,51455,17811,205982,0.0,17811_20251231,1,1,0.16421511525855384,0.165855511123735,<1bn
34018,NM,14082.0,20251231,67008,74865,67008,BANK OF HAZELTON,19254,33311,4677,18434,17813,32994,0.0,17813_20251231,1,1,0.27510148042024835,0.3448991165234002,<1bn
20005,NM,0.0,20251231,19871,23488,19871,BOELUS STATE BANK,2201,0,1721,16054,17825,5042,0.0,17825_20251231,1,1,0.8079110261184641,0.8945196517538121,<1bn
132616,NM,3706.0,20251231,152234,188785,152234,CITIZENS BANK OF CHARLESTON,15373,19967,2479,16502,17830,137389,0.0,17830_20251231,1,1,0.1083989122009538,0.12468305371993116,<1bn
179076,SM,42183.0,20251231,257446,305934,257446,KAW VALLEY STATE B&T CO,94955,78795,21565,27876,17832,171167,0.0,17832_20251231,1,1,0.10827901773575818,0.19204415683288922,<1bn
10556804,SB,4142880.0,20251231,17933957,21217946,17933957,WILMINGTON SVG FUND SOCIETY,4510577,7475100,0,1689662,17838,13143600,0.0,17838_20251231,1,1,0.09421579409385224,0.09421579409385224,10-100bn
103871,NM,6911.0,20251231,151777,169728,151777,VERMILION BANK&TRUST CO,35448,48257,12328,65305,17841,66013,0.0,17841_20251231,1,1,0.4302694084083886,0.5114938363520164,<1bn
2005762,NM,302767.0,20251231,3790159,4380098,3790159,TEXAS BANK&TRUST CO,433077,1790112,9886,371679,17842,3377502,90911.0,17842_20251231,1,1,0.09806422369087946,0.1006725575365044,1-10bn
190533,NM,38216.0,20251231,360924,481944,360924,STERLING STATE BANK,142863,170748,85668,12658,17863,309238,0.0,17863_20251231,1,1,0.035071095299841516,0.2724285445135264,<1bn
4010899,NM,449926.0,20251231,5570103,6937271,5570103,CAMBRIDGE SAVINGS BANK,740829,1623436,29909,170473,17870,5662533,278948.0,17870_20251231,1,1,0.030604999584388295,0.03597455917781053,1-10bn
113166,N,21787.0,20251231,132208,152333,132208,FIRST NATIONAL BANK CORTEZ,36429,19374,0,2512,17872,96674,0.0,17872_20251231,1,1,0.019000363064262376,0.019000363064262376,<1bn
75929,NM,0.0,20251231,89233,102136,89233,BANK OF LOUISIANA,11861,13434,5805,11549,17878,62006,0.0,17878_20251231,1,1,0.12942521264554593,0.1944796207681015,<1bn
168266,NM,108.0,20251231,246990,301601,246990,FREEDOM BANK,53214,79008,53106,48518,17881,172859,2339.0,17881_20251231,1,1,0.19643710271670917,0.4114498562694846,<1bn
1092281,SI,103889.0,20251231,1387979,1822337,1387979,KENNEBEC SAVINGS BANK,215406,296499,0,41150,17897,1516272,180039.0,17897_20251231,1,1,0.02964742261950649,0.02964742261950649,1-10bn
202615,SM,18344.0,20251231,333273,433686,333273,MAQUOKETA STATE BANK,177246,131575,38556,12315,17903,216937,0.0,17903_20251231,1,1,0.03695168825557426,0.15264062795365962,<1bn
132336,NM,22467.0,20251231,227977,271837,227977,AMERICAN BANK&TRUST CO,51390,95897,0,26681,17906,185036,0.0,17906_20251231,1,1,0.11703373585931914,0.11703373585931914,<1bn
748863,NM,71086.0,20251231,1332812,1549495,1332812,MORRIS BANK,209918,591844,11659,68156,17910,1180104,10099.0,17910_20251231,1,1,0.05113699456487487,0.05988466490397745,1-10bn
113801,N,32654.0,20251231,141183,156853,141183,FIRST NB OF FORT STOCKTON,61494,27450,0,8354,17913,77645,0.0,17913_20251231,1,1,0.05917142998802972,0.05917142998802972,<1bn
75034,NM,2161.0,20251231,89333,99606,89333,STRASBURG STATE BANK,24272,14708,0,6461,17922,53045,0.0,17922_20251231,1,1,0.07232489673468931,0.07232489673468931,<1bn
167735,NM,40300.0,20251231,218032,271367,218032,VINTAGE BANK KANSAS,74716,50602,0,5313,17927,174726,2621.0,17927_20251231,1,1,0.024367982681441257,0.024367982681441257,<1bn
525250,NM,9789.0,20251231,740136,883136,740136,BLUE RIDGE BANK&TRUST CO,123766,216068,56727,112998,17933,614480,2.0,17933_20251231,1,1,0.15267194137293685,0.2293159635526444,<1bn
527388,NM,8761.0,20251231,641608,801268,641608,FRANKLIN BANK&TRUST CO,8761,114051,0,56638,17937,692484,0.0,17937_20251231,1,1,0.0882750838518223,0.0882750838518223,<1bn
5165619,SI,801747.0,20251231,6949290,8984131,6949290,LIBERTY BANK,1401124,1787384,0,193238,17943,6900235,240000.0,17943_20251231,1,1,0.027806869478752504,0.027806869478752504,1-10bn
266251,NM,17035.0,20251231,413564,458534,413564,FIRST STATE BANK,46567,148586,0,52607,17950,332727,56575.0,17950_20251231,1,1,0.12720401195461886,0.12720401195461886,<1bn
641012,SI,95008.0,20251231,794502,917282,794502,FRANKLIN SAVINGS BANK,124377,155521,0,15383,17951,732518,52767.0,17951_20251231,1,1,0.019361814067176672,0.019361814067176672,<1bn
292101,NM,7710.0,20251231,353244,447718,353244,DOLORES STATE BANK,78037,61698,0,7510,17959,316283,0.0,17959_20251231,1,1,0.02126009217424783,0.02126009217424783,<1bn
949718,SI,101688.0,20251231,1135223,1384369,1135223,MERRIMACK COUNTY SB,125598,186037,3965,61354,17960,1141741,0.0,17960_20251231,1,1,0.05404576898107244,0.057538474819484806,1-10bn
1668904,NM,110325.0,20251231,2285822,2600812,2285822,STATE BANK OF SOUTHERN UTAH,480103,620170,154916,121283,17964,1858311,0.0,17964_20251231,1,1,0.053058812103479625,0.12083136832176784,1-10bn
88351,NM,17766.0,20251231,110494,117900,110494,COMMERCIAL BANK OF OZARK,45842,22707,0,12984,17975,51910,0.0,17975_20251231,1,1,0.11750864300324,0.11750864300324,<1bn
151085,NM,31367.0,20251231,279584,306396,279584,CASTROVILLE STATE BANK,63210,128647,5858,57900,17979,179992,1000.0,17979_20251231,1,1,0.20709339590248368,0.22804595398878333,<1bn
7600,NM,292.0,20251231,7960,10869,7960,WALTON STATE BANK,3474,366,3182,2854,17982,3234,0.0,17982_20251231,1,1,0.3585427135678392,0.7582914572864322,<1bn
10461783,NM,5340594.0,20251231,18314862,23958223,20533140,FIRST HAWAIIAN BANK,5609910,10120787,0,1477752,17985,14145431,0.0,17985_20251231,1,1,0.08068594783842761,0.08068594783842761,10-100bn
138539,NM,27344.0,20251231,163061,195126,163061,KEYSTONE SAVINGS BANK,63967,24902,0,6658,17993,117099,5000.0,17993_20251231,1,1,0.04083134532475577,0.04083134532475577,<1bn
39329,NM,0.0,20251231,43311,50663,43311,BANK OF GREELEY,10615,4182,1257,13797,17995,24022,0.0,17995_20251231,1,1,0.3185564868047378,0.34757913693980746,<1bn
1891422,SM,104952.0,20251231,2342726,2749252,2342726,BANK OF NEW HAMPSHIRE,306992,451618,0,155317,18012,2141387,181825.0,18012_20251231,1,1,0.06629755250934168,0.06629755250934168,1-10bn
2275715,SM,182386.0,20251231,2662315,2991929,2662315,MASCOMA BANK,344398,388067,54640,60071,18013,2461004,1252.0,18013_20251231,1,1,0.022563445722989205,0.04308693749612649,1-10bn
200767,NM,0.0,20251231,230806,261243,230806,PATRIOTS BANK,23664,30220,3713,21969,18019,201623,0.0,18019_20251231,1,1,0.09518383404244257,0.1112709374972921,<1bn
286974,SI,29762.0,20251231,354471,416061,354471,SUGAR RIVER BANK,77231,67680,0,24736,18028,287368,0.0,18028_20251231,1,1,0.06978285952870615,0.06978285952870615,<1bn
640774,SI,106121.0,20251231,766815,838861,766815,SAVINGS BANK OF WALPOLE,133568,126435,7184,77326,18030,602150,0.0,18030_20251231,1,1,0.10084048955745518,0.11020911171534203,<1bn
123817,NM,4398.0,20251231,143969,155050,143969,SECURITY BANK OF THE OZARKS,27069,20389,741,19123,18033,99334,0.0,18033_20251231,1,1,0.1328272058568164,0.13797414721224707,<1bn
390821,SI,32756.0,20251231,462768,620413,462768,CLAREMONT SAVINGS BANK,56927,71975,0,53946,18038,474515,15762.0,18038_20251231,1,1,0.11657245099056114,0.11657245099056114,<1bn
11233728,SM,6600544.0,20251231,21269027,24142511,21269027,BANK OF HAWAII,7753812,10121730,241198,946520,18053,13939653,0.0,18053_20251231,1,1,0.04450227083730723,0.05584261094783508,10-100bn
1078659,NM,177671.0,20251231,1909271,2259922,1909271,BANK OF COMMERCE,377055,835030,0,148194,18059,1613341,0.0,18059_20251231,1,1,0.07761810659670629,0.07761810659670629,1-10bn
78648,NM,192.0,20251231,110961,125590,110961,COREBANK,11719,32492,11082,7809,18063,99389,0.0,18063_20251231,1,1,0.07037607808148809,0.17024900640765675,<1bn
66455,NM,505.0,20251231,71773,83202,71773,WATKINS SAVINGS BANK,34923,5602,8330,2167,18071,33418,0.0,18071_20251231,1,1,0.030192412188427404,0.14625276914717233,<1bn
24250,NM,4662.0,20251231,26309,31644,26309,MARQUETTE FARMERS STB MARQUE,12447,2188,250,4404,18094,11078,0.0,18094_20251231,1,1,0.16739518795849329,0.17689763959101448,<1bn
827830,NM,284977.0,20251231,1052027,1291227,1052027,COREFIRST BANK&TRUST,289239,224934,0,66384,18100,860450,0.0,18100_20251231,1,1,0.06310104208352067,0.06310104208352067,1-10bn
40154,NM,821.0,20251231,57635,65809,57635,FARMERS STB OF BUCKLIN KS,10357,17658,199,7943,18101,32995,0.0,18101_20251231,1,1,0.1378155634597033,0.1412683265376941,<1bn
98849,NM,1393.0,20251231,118831,196226,118831,TRICENTURY BANK,1393,20273,0,14010,18109,169853,14397.0,18109_20251231,1,1,0.11789852816184329,0.11789852816184329,<1bn
287919,NM,39626.0,20251231,389418,445545,389418,BANK OF THE PLAINS,79207,103095,0,23383,18118,318239,0.0,18118_20251231,1,1,0.06004601739005388,0.06004601739005388,<1bn
107486,NM,0.0,20251231,142439,176751,142439,FARMERS STB OF ALICEVILLE KS,30072,35622,25090,20309,18120,122314,0.0,18120_20251231,1,1,0.1425803326336186,0.31872591074073814,<1bn
1782904,SM,394062.0,20251231,2345991,3006738,2345991,BANKNEWPORT,453548,565276,100,109164,18129,2316994,35982.0,18129_20251231,1,1,0.04653214782153896,0.04657477373101602,1-10bn
61050,N,2240.0,20251231,74594,85575,74594,FIRST NB OF WAUCHULA,4978,13600,0,14141,18136,61873,213.0,18136_20251231,1,1,0.1895728878998311,0.1895728878998311,<1bn
519670,NM,58834.0,20251231,649631,733880,649631,OCONEE STATE BANK,144883,130566,32372,76069,18143,476958,10226.0,18143_20251231,1,1,0.11709570510028,0.16692707090640688,<1bn
34587,NM,30711.0,20251231,77378,86332,77378,STATE BANK OF EAGLE BUTTE,30971,42811,0,7512,18145,29857,0.0,18145_20251231,1,1,0.0970818578924242,0.0970818578924242,<1bn
112280,NM,22760.0,20251231,214710,260842,214710,BRIDGE CITY STATE BANK,86376,103255,1681,34000,18155,126688,0.0,18155_20251231,1,1,0.1583531274742676,0.16618229239439244,<1bn
68700,NM,8669.0,20251231,87469,104404,87469,GARFIELD COUNTY BANK,13454,19169,296,14219,18164,47544,0.0,18164_20251231,1,1,0.16256044998799574,0.16594450605357328,<1bn
69903,NM,100.0,20251231,95362,128458,95362,STOCKGROWERS STATE BANK,34741,25598,0,1539,18165,83075,0.0,18165_20251231,1,1,0.01613850380654768,0.01613850380654768,<1bn
227886,NM,0.0,20251231,326583,378454,326583,BANK OF O FALLON,22097,99271,21011,66942,18171,276600,0.0,18171_20251231,1,1,0.20497698900432662,0.2693128546188871,<1bn
900558,N,44066.0,20251231,1369699,1622684,1369699,COMMUNITY NB&T OF TEXAS,142358,469955,0,170657,18185,1172351,0.0,18185_20251231,1,1,0.12459452770280185,0.12459452770280185,1-10bn
1931769,SI,318703.0,20251231,2482236,3296954,2482236,UNION SAVINGS BANK,570007,550513,0,191225,18190,2294996,75000.0,18190_20251231,1,1,0.07703739692760882,0.07703739692760882,1-10bn
994784,SI,101411.0,20251231,1284867,1454742,1284867,ASCEND BANK,189195,290749,44142,31373,18194,1129633,1.0,18194_20251231,1,1,0.024417313231641875,0.05877262004549887,1-10bn
1764849,SM,138746.0,20251231,2231226,2732114,2231226,ION BANK,246338,466402,56955,233045,18198,2030596,2808.0,18198_20251231,1,1,0.10444706183954472,0.1299733868285866,1-10bn
1373125,SI,128687.0,20251231,1582348,1870620,1582348,NEWTOWN SAVINGS BANK,215737,209241,7173,99502,18199,1465659,61366.0,18199_20251231,1,1,0.06288250119442752,0.06741563802652767,1-10bn
664229,SI,124413.0,20251231,915709,1194469,915709,DIME BANK,200518,251790,21567,28015,18200,908378,1000.0,18200_20251231,1,1,0.030593780338513656,0.054146022371736,1-10bn
1347712,SI,225435.0,20251231,1775326,2291450,1775326,FIRST COUNTY BANK,299228,428499,0,127554,18204,1708976,60655.0,18204_20251231,1,1,0.0718482126662934,0.0718482126662934,1-10bn
816107,SI,224254.0,20251231,1393977,1919529,1393977,FAIRFIELD COUNTY BANK,239227,577870,0,96972,18213,1460686,0.0,18213_20251231,1,1,0.06956499282269363,0.06956499282269363,1-10bn
86551,NM,1355.0,20251231,210303,238629,210303,TEJAS BANK,39901,123753,19887,12859,18216,127711,0.0,18216_20251231,1,1,0.06114510967508785,0.1557086679695487,<1bn
49090805,N,16509541.0,20251231,68898748,83985466,68898748,WEBSTER BANK NATIONAL ASSN,17979075,23795358,0,2414442,18221,55892585,3134894.0,18221_20251231,1,1,0.035043336346256976,0.035043336346256976,10-100bn
181905,SI,17504.0,20251231,196656,475408,196656,STAFFORD SAVINGS BANK,329049,14753,78788,71822,18227,66072,0.0,18227_20251231,1,1,0.3652164185176145,0.7658550972256123,<1bn
829601,SI,124557.0,20251231,1002966,1204298,1002966,NORTHWEST COMMUNITY BANK,155818,227135,0,16269,18229,976505,0.0,18229_20251231,1,1,0.016220888843689617,0.016220888843689617,1-10bn
340294,SI,18497.0,20251231,390923,484580,390923,JEWETT CITY SAVINGS BANK,28886,50645,0,38653,18237,388246,0.0,18237_20251231,1,1,0.09887624928694398,0.09887624928694398,<1bn
909944,SI,179976.0,20251231,1170727,1755941,1170727,CHELSEA GROTON BANK,306368,260878,0,28748,18238,1302507,0.0,18238_20251231,1,1,0.024555682067638314,0.024555682067638314,1-10bn
1253291,SI,154237.0,20251231,1658991,1905036,1658991,THOMASTON SAVINGS BANK,343513,405702,55070,39967,18258,1404355,17000.0,18258_20251231,1,1,0.024091149379351667,0.05728602505981045,1-10bn
1811473,NM,82776.0,20251231,2589138,3167025,2589138,NORTHERN BANK&TRUST CO,161645,781179,71694,70581,18266,2756335,393630.0,18266_20251231,1,1,0.027260424125712883,0.05495072105078988,1-10bn
1051482,SM,7972.0,20251231,1341915,1716237,1341915,COMMUNITY STATE BANK,285054,293121,0,13352,18272,1267511,152997.0,18272_20251231,1,1,0.009949959572700208,0.009949959572700208,1-10bn
127093,NM,12250.0,20251231,166931,213388,166931,FARMERS SAVINGS BANK,34667,40230,3475,5325,18284,165610,0.0,18284_20251231,1,1,0.03189940753964213,0.05271639180260108,<1bn
407250,N,199168.0,20251231,795261,893251,795261,HAWAII NATIONAL BANK,213795,388487,0,122376,18296,521593,0.0,18296_20251231,1,1,0.15388155586656457,0.15388155586656457,<1bn
4145250,NM,1367469.0,20251231,6942818,8508720,6942818,SOUTHSIDE BANK,2709122,2804975,0,383986,18297,4774223,672199.0,18297_20251231,1,1,0.05530693732717752,0.05530693732717752,1-10bn
72127,NM,0.0,20251231,119041,146655,119041,FIRST STATE BANK,19050,47060,19050,9611,18301,89726,0.0,18301_20251231,1,1,0.0807368889710268,0.24076578657773373,<1bn
30314,NM,0.0,20251231,37695,53505,37695,PRODUCER BANK OF TEXAS,3687,7435,996,24051,18302,19282,0.0,18302_20251231,1,1,0.6380421806605651,0.6644647831277358,<1bn
573943,NM,18291.0,20251231,790180,906177,790180,UBANK,26191,217551,0,138467,18344,710107,95009.0,18344_20251231,1,1,0.1752347566377281,0.1752347566377281,<1bn
931815,NM,3424.0,20251231,1604345,1870071,1604345,NORTH DALLAS BANK&TRUST CO,271177,675009,194919,243183,18355,1263789,0.0,18355_20251231,1,1,0.1515777466816676,0.27307218833854313,1-10bn
132936,NM,12397.0,20251231,174698,198798,174698,CITIZENS STATE BANK,51929,42381,7781,16280,18356,125617,0.0,18356_20251231,1,1,0.09318938968963583,0.13772910966353363,<1bn
353096,NM,28959.0,20251231,435105,543010,435105,COULEE BANK,96685,82256,20191,11903,18361,417128,30659.0,18361_20251231,1,1,0.02735661506992565,0.0737615058434171,<1bn
676907,NM,128048.0,20251231,798325,999097,798325,SECURITY STATE BANK,168708,122871,14293,17865,18374,756835,77142.0,18374_20251231,1,1,0.022378104155575736,0.04028184010271506,<1bn
86865,NM,3222.0,20251231,98296,113597,98296,SECURITY STB OF WANAMINGO,8489,11615,1414,5949,18378,93087,6675.0,18378_20251231,1,1,0.06052128265646618,0.07490640514364776,<1bn
117626,NM,8199.0,20251231,123730,139431,123730,FIRST INDEPENDENT BANK,48951,6358,2493,12981,18380,73352,0.0,18380_20251231,1,1,0.10491392548290633,0.1250626363856785,<1bn
255775,NM,1984.0,20251231,358768,448989,358768,NORTHEAST SECURITY BANK,130859,103868,45239,19741,18384,267030,0.0,18384_20251231,1,1,0.055024416893368414,0.18111983231503367,<1bn
407694,NM,13506.0,20251231,490861,573965,490861,REGIONAL MISSOURI BANK,79940,83952,0,17508,18385,445054,16894.0,18385_20251231,1,1,0.03566793858139066,0.03566793858139066,<1bn
263471,NM,151285.0,20251231,780251,866586,780251,WESTERN COMMERCE BANK,254687,516856,24665,116551,18389,472573,0.0,18389_20251231,1,1,0.14937629045012438,0.18098791286393737,<1bn
93216,NM,6400.0,20251231,115896,139236,115896,FARMERS SAVINGS BANK,28620,22847,0,8167,18394,93707,0.0,18394_20251231,1,1,0.07046835093532132,0.07046835093532132,<1bn
277468,NM,28228.0,20251231,394236,523441,394236,IOWA TRUST&SAVINGS BANK,92447,118337,0,53764,18400,344328,10263.0,18400_20251231,1,1,0.13637516614413703,0.13637516614413703,<1bn
1118921,NM,170465.0,20251231,1582221,1908431,1582221,BLACKHAWK BANK&TRUST,630685,467516,41512,36006,18402,1195012,0.0,18402_20251231,1,1,0.022756618702444224,0.04899315582336475,1-10bn
4659128,SI,1109060.0,20251231,5701411,7354239,5701411,BANGOR SAVINGS BANK,1478274,1040864,18780,104436,18408,5086206,126000.0,18408_20251231,1,1,0.018317570860967573,0.02161149231304321,1-10bn
184721431,N,49903012.0,20251231,283537865,346188188,283537865,TD BANK NATIONAL ASSN,126105349,101767134,44131836,28897223,18409,163682980,5114582.0,18409_20251231,1,1,0.10191662760809743,0.2575636908319106,>=100bn
3414950,NM,985930.0,20251231,4676385,5398922,4676385,MORTON COMMUNITY BANK,1419387,1263379,10383,225729,18429,3530745,500704.0,18429_20251231,1,1,0.048269977771291286,0.05049028255800153,1-10bn
438837,NM,64581.0,20251231,540349,594357,540349,FIRST BANK KANSAS,153784,104255,26144,28903,18431,391868,0.0,18431_20251231,1,1,0.05348950400574443,0.10187304871481209,<1bn
484904,SM,1412.0,20251231,712417,811064,712417,CUSB BANK,113663,229822,0,23905,18443,626337,54000.0,18443_20251231,1,1,0.03355478603121487,0.03355478603121487,<1bn
85560,NM,1423.0,20251231,103531,113729,103531,SECURITY STATE BANK,40233,18150,1469,13519,18448,57644,0.0,18448_20251231,1,1,0.13057924679564575,0.14476823366914257,<1bn
58218,N,7262.0,20251231,72776,85839,72776,ZAPATA NATIONAL BANK,26157,14856,8987,20348,18454,36810,0.0,18454_20251231,1,1,0.27959766956139387,0.4030861822578872,<1bn
31295,NM,0.0,20251231,33948,38567,33948,HERITAGE BANK,12836,2757,0,5661,18463,19194,0.0,18463_20251231,1,1,0.16675503711558853,0.16675503711558853,<1bn
165059,NM,84956.0,20251231,281772,300904,281772,FIRST KANSAS BANK,147529,117107,16454,17307,18474,130608,9956.0,18474_20251231,1,1,0.06142200076657723,0.11981673125789645,<1bn
14836,NM,6.0,20251231,24020,27884,24020,ANDES STATE BANK,1170,9213,0,10322,18483,10684,0.0,18483_20251231,1,1,0.42972522897585347,0.42972522897585347,<1bn
865715,SM,4576.0,20251231,1139261,1340848,1139261,ADAMS BANK&TRUST,230689,274936,0,183709,18489,883651,6.0,18489_20251231,1,1,0.16125277701948895,0.16125277701948895,1-10bn
10481678,NM,652184.0,20251231,20649242,24213489,20911412,CATHAY BANK,1670179,10193267,828193,1424408,18503,19944464,1587599.0,18503_20251231,1,1,0.06898112773340542,0.10908879851376627,10-100bn
52304,NM,3680.0,20251231,74992,87748,74992,FIRST SECURITY STATE BANK,12473,22817,8793,13548,18508,59934,0.0,18508_20251231,1,1,0.1806592703221677,0.2979117772562407,<1bn
150049,NM,1344.0,20251231,232777,276213,232777,FIRST NEW MEXICO BANK,101149,82837,0,17303,18514,121685,0.0,18514_20251231,1,1,0.0743329452652109,0.0743329452652109,<1bn
157748,NM,787.0,20251231,187993,255043,187993,WESTSIDE STATE BANK,13240,31356,985,6163,18518,225613,10033.0,18518_20251231,1,1,0.03278313554228083,0.038022692334289045,<1bn
526277,NM,164.0,20251231,815787,921140,815787,FIRST SERVICE BANK,41919,291315,6988,30520,18519,764866,100480.0,18519_20251231,1,1,0.03741172634523472,0.04597768780331141,<1bn
1963028,N,514424.0,20251231,2453288,2718222,2453288,SUNRISE BANKS NATIONAL ASSN,634922,491775,10713,216437,18561,1744351,0.0,18561_20251231,1,1,0.08822323347279243,0.09259002612004787,1-10bn
230367,N,0.0,20251231,323430,410156,323430,FIRST NB OF BROOKFIELD,2719,93283,0,30587,18564,367251,0.0,18564_20251231,1,1,0.09457069535911944,0.09457069535911944,<1bn
275038,NM,82118.0,20251231,307976,362023,307976,PEOPLES BK OF KANKAKEE CNTY,124178,33225,2982,66305,18566,158130,0.0,18566_20251231,1,1,0.21529275008442217,0.22497532275242227,<1bn
26293,NM,0.0,20251231,36010,44724,36010,COMMUNITY BANK OF EASTON,600,9806,600,26122,18568,15819,0.0,18568_20251231,1,1,0.7254096084420995,0.7420716467647875,<1bn
801685,NM,163211.0,20251231,1189610,1460917,1189610,PEOPLES STATE BANK,265777,390562,0,29652,18569,1096215,97992.0,18569_20251231,1,1,0.024925816023738872,0.024925816023738872,1-10bn
129257,SM,0.0,20251231,420209,525992,420209,BANK OF TEXAS,4427,291463,4427,109994,18576,401269,10000.0,18576_20251231,1,1,0.2617602193194339,0.272295452976971,<1bn
365082,NM,45121.0,20251231,478002,553680,478002,COMMERCIAL BANK,90621,113152,1508,57374,18584,367942,14078.0,18584_20251231,1,1,0.1200287864904331,0.12318358500592047,<1bn
327535,NM,18392.0,20251231,486556,584463,486556,FIRST BANK OF OWASSO,47836,159040,0,2919,18592,463818,0.0,18592_20251231,1,1,0.005999309432007827,0.005999309432007827,<1bn
862699,NM,302460.0,20251231,1300723,1691788,1300723,AMERICAN BANK OF COMMERCE,507438,439760,15778,33110,18609,1053879,69618.0,18609_20251231,1,1,0.025455073832014966,0.037585250664438165,1-10bn
305398,SM,5802.0,20251231,370858,437183,370858,UNION STATE BANK OF EVEREST,87860,66120,11930,6626,18610,323746,0.0,18610_20251231,1,1,0.01786667673341279,0.050035323493089,<1bn
3760634,NM,408006.0,20251231,6565276,7675698,6565276,SMBC MANUBANK,1064633,2805394,491327,1720022,18618,4611414,89101.0,18618_20251231,1,1,0.2619877671555621,0.3368249864895246,1-10bn
153862,NM,0.0,20251231,189193,213207,189193,CITIZENS B&T CO OF JACKSON,23449,35599,16324,18549,18620,155155,10026.0,18620_20251231,1,1,0.09804273942482016,0.18432500145354214,<1bn
142890,NM,0.0,20251231,178445,215854,178445,FIRST B&T CO OF ILLINOIS,4938,35712,0,80970,18641,123918,0.0,18641_20251231,1,1,0.4537532573061728,0.4537532573061728,<1bn
156621,NM,0.0,20251231,262483,290256,262483,CHARTER BANK,106219,106353,0,8962,18660,169785,0.0,18660_20251231,1,1,0.034143163557258945,0.034143163557258945,<1bn
120490,NM,56454.0,20251231,218515,252324,218515,VICTORY BANK,78369,98402,0,34664,18677,125626,20000.0,18677_20251231,1,1,0.15863441868979247,0.15863441868979247,<1bn
252387,NM,5552.0,20251231,361269,430303,361269,TEXAS STATE BANK,102035,109101,0,37026,18698,268652,0.0,18698_20251231,1,1,0.10248872723649137,0.10248872723649137,<1bn
168016,NM,0.0,20251231,214867,260409,214867,NORTH VALLEY BANK,0,47592,0,25211,18710,227198,0.0,18710_20251231,1,1,0.11733304788543611,0.11733304788543611,<1bn
16046173,SM,5153087.0,20251231,23072950,26480975,23072950,FIRSTBANK,8342508,7052872,0,1031999,18714,15954276,0.0,18714_20251231,1,1,0.04472765727832809,0.04472765727832809,10-100bn
47181,NM,701.0,20251231,52536,63802,52536,GRAND TIMBER BANK,3696,5400,0,886,18719,55607,208.0,18719_20251231,1,1,0.01686462616110857,0.01686462616110857,<1bn
27625,NM,0.0,20251231,28347,36097,28347,CITIZENS STATE BANK,0,792,0,3657,18724,30528,3483.0,18724_20251231,1,1,0.1290083606730871,0.1290083606730871,<1bn
1186685,N,0.0,20251231,1512878,1730035,1512878,NEWTEK BANK NATIONAL ASSN,16829,326356,16829,282167,18734,1369604,70015.0,18734_20251231,1,1,0.1865100821084053,0.19763391364009525,1-10bn
565648,NM,65260.0,20251231,713222,939734,713222,HEARTLAND BANK,191317,149033,0,14259,18740,658540,22753.0,18740_20251231,1,1,0.01999237264133748,0.01999237264133748,<1bn
435976,NM,54491.0,20251231,553578,679697,553578,BRUNING BANK,130962,118607,9755,14036,18748,497901,11599.0,18748_20251231,1,1,0.025355053849683333,0.04297678014660987,<1bn
125397,NM,465.0,20251231,150071,177816,150071,FOUNDATION ONE BANK,25369,25135,24497,3476,18761,142027,0.0,18761_20251231,1,1,0.023162369811622497,0.1863984380726456,<1bn
206806,NM,0.0,20251231,273619,308021,273619,SUNDOWN STATE BANK,14810,67139,0,6180,18780,200632,0.0,18780_20251231,1,1,0.02258615081555009,0.02258615081555009,<1bn
129477,NM,121.0,20251231,156214,175105,156214,CEDAR RAPIDS STATE BANK,19575,27022,19335,2379,18820,145373,58281.0,18820_20251231,1,1,0.015229108786664447,0.13900162597462457,<1bn
440244,NM,50021.0,20251231,561872,617491,561872,PHELPS COUNTY BANK,61724,122166,1987,90469,18841,445439,0.0,18841_20251231,1,1,0.16101354045049407,0.16454993308084404,<1bn
94930,SM,0.0,20251231,142744,176252,142744,OKLAHOMA CAPITAL BANK,8760,47930,6026,12177,18856,143661,0.0,18856_20251231,1,1,0.08530656279773581,0.1275219974219582,<1bn
242973,SM,20722.0,20251231,315949,356204,315949,HOCKING VALLEY BANK,94719,73140,36147,43000,18858,203017,0.0,18858_20251231,1,1,0.1360979145368398,0.2505056195778433,<1bn
102151,NM,16724.0,20251231,112955,126968,112955,KENNETT TRUST BANK,32786,11026,0,3331,18879,78954,11000.0,18879_20251231,1,1,0.029489619760081447,0.029489619760081447,<1bn
359181,N,321435.0,20251231,548019,625881,548019,FIRST NB OF GILLETTE,426910,189578,0,42916,18880,152043,0.0,18880_20251231,1,1,0.07831115344540975,0.07831115344540975,<1bn
250214,N,35099.0,20251231,256388,308662,256388,NEIGHBORHOOD NATIONAL BANK,94105,20057,2494,4183,18885,191780,8548.0,18885_20251231,1,1,0.016315116152082,0.0260425604942509,<1bn
42799,N,6101.0,20251231,53742,60243,53742,KRESS NATIONAL BANK,20907,11176,496,23123,18892,15227,0.0,18892_20251231,1,1,0.43025938744371256,0.43948866808083065,<1bn
94068,N,107668.0,20251231,203722,211992,203722,FIRST NB OF LAKE JACKSON,129760,110074,18357,29411,18895,49985,0.0,18895_20251231,1,1,0.14436830582853102,0.23447639430203907,<1bn
1265397,N,391643.0,20251231,1807131,2007657,1807131,TRI CITY NATIONAL BANK,493811,542510,0,252139,18922,1152585,0.0,18922_20251231,1,1,0.13952447276926797,0.13952447276926797,1-10bn
216319,NM,99423.0,20251231,246911,257422,246911,OLD GLORY BANK,162705,30592,4204,54334,18924,18074,0.0,18924_20251231,1,1,0.22005499957474556,0.23708137750039487,<1bn
66194,NM,28519.0,20251231,145509,158840,145509,BANK OF BELLE GLADE,34142,79319,494,56814,18930,66135,0.0,18930_20251231,1,1,0.3904500752530771,0.39384505425781224,<1bn
24298,N,2449.0,20251231,24258,28447,24258,ST MARTIN NATIONAL BANK,12928,0,10479,1474,18937,12688,0.0,18937_20251231,1,1,0.06076345947728584,0.49274466155495095,<1bn
33262,NM,15197.0,20251231,36828,43479,36828,BK SAN JACINTO CNTY COLDSPRI,15197,3586,0,15170,18942,12420,0.0,18942_20251231,1,1,0.41191484739871836,0.41191484739871836,<1bn
3178261,NM,148754.0,20251231,5148329,5801890,5148329,RIVER CITY BANK,675398,1975217,341177,477470,18983,4475855,1399263.0,18983_20251231,1,1,0.09274271321821119,0.15901217657224315,1-10bn
365139,NM,30391.0,20251231,544576,678976,544576,FIRST MIDWEST BANK OF DEXTER,54702,180367,3940,26959,19001,566337,9417.0,19001_20251231,1,1,0.04950456869197321,0.05673955517687155,<1bn
2436347,NM,45400.0,20251231,2734715,3620138,2734715,PARKWAY BANK&TRUST CO,219725,324561,0,419543,19008,2885332,777133.0,19008_20251231,1,1,0.15341379266212385,0.15341379266212385,1-10bn
188798,SM,19412.0,20251231,287280,363648,287280,LEGACY BANK,98524,98776,0,5603,19011,233798,0.0,19011_20251231,1,1,0.019503620161514898,0.019503620161514898,<1bn
203576,N,70526.0,20251231,306110,328441,306110,COMMERCIAL NB OF TEXARKANA,70526,103005,0,7153,19024,240632,0.0,19024_20251231,1,1,0.023367416941622293,0.023367416941622293,<1bn
234450,N,21114.0,20251231,351039,393355,351039,FIRST NB OF CLARKSDALE,103364,117445,0,15973,19070,246321,0.0,19070_20251231,1,1,0.04550206672193118,0.04550206672193118,<1bn
1994639,N,871395.0,20251231,3965967,4546406,3965967,INWOOD NATIONAL BANK,1358876,1972125,40765,566720,19080,2533836,0.0,19080_20251231,1,1,0.1428957931319146,0.15317449691336313,1-10bn
51522,NM,1728.0,20251231,71310,102279,71310,BANK OF LINDSAY,2191,19945,0,11229,19087,80123,20391.0,19087_20251231,1,1,0.15746739587715608,0.15746739587715608,<1bn
451518,NM,63018.0,20251231,652345,728366,652345,HARFORD BANK,109332,201574,18502,60770,19101,536341,0.0,19101_20251231,1,1,0.09315622868267558,0.12151852164115613,<1bn
18088,NM,0.0,20251231,20833,24267,20833,PEOPLES BANK OF MACON,9732,2801,3117,8190,19105,6071,0.0,19105_20251231,1,1,0.3931262900206403,0.5427446839149427,<1bn
1850233,SM,126664.0,20251231,1929723,2308328,1929723,FIRST WESTERN BANK&TRUST,261707,90335,1720,52399,19123,1824786,88098.0,19123_20251231,1,1,0.027153638112827592,0.028044957747821838,1-10bn
416107,NM,15817.0,20251231,559734,681188,559734,UNITED COMMUNITY BANK,44442,145961,14726,93576,19143,494624,0.0,19143_20251231,1,1,0.16717941021985444,0.19348833553080572,<1bn
376752,NM,25157.0,20251231,451813,513050,451813,FIRST STATE BANK,52363,76090,0,28779,19163,412613,45356.0,19163_20251231,1,1,0.06369670638073717,0.06369670638073717,<1bn
713700,N,135801.0,20251231,1054914,1171608,1054914,HILLTOP NATIONAL BANK,398152,341508,10771,152025,19184,599527,0.0,19184_20251231,1,1,0.1441112735256144,0.15432158450831063,1-10bn
485223,NM,23789.0,20251231,655746,739719,655746,FIRST MW BANK OF THE OZARKS,46904,171501,1730,63436,19212,598246,6623.0,19212_20251231,1,1,0.09673867625574536,0.09937689288230504,<1bn
785892,N,164697.0,20251231,1424786,1725546,1424786,SECURITY NB OF OMAHA,221975,639675,46480,131552,19213,1302890,17797.0,19213_20251231,1,1,0.09233105883971347,0.1249535017890406,1-10bn
600376,SM,4393.0,20251231,1412446,1539019,1412446,BENCHMARK BANK,8393,827320,0,443543,19215,1010676,0.0,19215_20251231,1,1,0.314024748556759,0.314024748556759,1-10bn
1374642,SM,521580.0,20251231,2693305,2991873,2693305,ANB BANK,723572,1323010,0,244895,19220,1828514,0.0,19220_20251231,1,1,0.09092731792351776,0.09092731792351776,1-10bn
2935044,NM,185252.0,20251231,5259926,5911501,5259926,FREMONT BANK,327280,2326018,491,600306,19222,4686660,0.0,19222_20251231,1,1,0.1141282215757408,0.11422156889659664,1-10bn
41476,N,215.0,20251231,46613,53689,46613,COMMUNITY NB IN MONMOUTH,12989,5225,1007,5964,19230,33335,0.0,19230_20251231,1,1,0.1279471392100916,0.1495505545663227,<1bn
197522,NM,6719.0,20251231,295353,337683,295353,AMERICAN BANK,9385,99494,0,78399,19234,226101,3091.0,19234_20251231,1,1,0.26544169180607613,0.26544169180607613,<1bn
292690,N,8115.0,20251231,336674,392856,336674,HERITAGE BANK NATIONAL ASSN,27463,45115,0,32793,19254,316182,60637.0,19254_20251231,1,1,0.0974028288492726,0.0974028288492726,<1bn
274751,NM,9736.0,20251231,327296,368862,327296,BANNER CAPITAL BANK,33883,53129,7690,26234,19274,288279,17681.0,19274_20251231,1,1,0.08015374462260462,0.10364929605005867,<1bn
96674,NM,0.0,20251231,137837,146527,137837,CARMINE STATE BANK,50917,41324,0,52444,19278,38684,0.0,19278_20251231,1,1,0.38047839114316184,0.38047839114316184,<1bn
254059,NM,44854.0,20251231,329735,359873,329735,LOGAN BANK&TRUST CO,150906,75790,2615,7494,19285,181810,0.0,19285_20251231,1,1,0.02272734165314571,0.030657952598298635,<1bn
632280,NM,37645.0,20251231,961505,1109740,961505,FIRSTAR BANK,74366,329724,0,69456,19288,884329,1.0,19288_20251231,1,1,0.0722367538390336,0.0722367538390336,1-10bn
2763575,N,600276.0,20251231,4590804,5227427,4590804,AMERICAN NATIONAL BANK,1032388,1829331,67912,264195,19300,3795230,334455.0,19300_20251231,1,1,0.05754874309598057,0.0723417945963278,1-10bn
1234999,NM,355283.0,20251231,2334420,2722839,2334420,REPUBLIC BANK OF CHICAGO,495488,1063136,0,418271,19333,1667250,5120.0,19333_20251231,1,1,0.1791755553842068,0.1791755553842068,1-10bn
155643,NM,32.0,20251231,190269,210887,190269,FIRST MISSOURI BANK OF SEMO,3413,34957,0,10343,19349,185160,3000.0,19349_20251231,1,1,0.054359879959425865,0.054359879959425865,<1bn
116999,NM,21741.0,20251231,140455,157317,140455,BANK OF ESTES PARK,40948,23630,5327,7930,19351,96019,0.0,19351_20251231,1,1,0.05645936420917732,0.09438610231034851,<1bn
66555,NM,1229.0,20251231,98466,116572,98466,HODGE BANK&TRUST CO,21981,32249,16366,13242,19354,80147,8708.0,19354_20251231,1,1,0.13448296874047894,0.3006926248654358,<1bn
694080,NM,209562.0,20251231,844084,943297,844084,ROUND TOP STATE BANK,285697,152107,7195,29282,19358,580797,0.0,19358_20251231,1,1,0.034690860151359346,0.04321489330445785,<1bn
728248,SM,46984.0,20251231,1276446,1485190,1276446,RELYANCE BANK,141815,549982,0,82241,19371,1144250,22004.0,19371_20251231,1,1,0.06442967426745824,0.06442967426745824,1-10bn
136439,NM,11249.0,20251231,144729,161461,144729,PARK STATE BANK&TRUST,11249,8648,0,2395,19381,106145,0.0,19381_20251231,1,1,0.016548169337174998,0.016548169337174998,<1bn
340028,NM,686.0,20251231,500889,599398,500889,UNISON BANK,103820,162772,0,45633,19396,414092,1.0,19396_20251231,1,1,0.09110401705767146,0.09110401705767146,<1bn
401835,NM,73001.0,20251231,589649,673384,589649,CAPITAL BANK,75460,188781,0,10764,19401,570717,0.0,19401_20251231,1,1,0.01825492793170174,0.01825492793170174,<1bn
1737990,NM,334662.0,20251231,4765537,5583080,4765537,CTBC BANK CORP USA,363375,3032093,0,730250,19416,4258807,42691.0,19416_20251231,1,1,0.15323561646882608,0.15323561646882608,1-10bn
220173,NM,0.0,20251231,309364,362206,309364,CITIZENS BANK OF THE SOUTH,36652,89344,5086,31348,19420,279471,0.0,19420_20251231,1,1,0.10133047154807928,0.11777065204742633,<1bn
492120,NM,98261.0,20251231,670923,786267,670923,BAC COMMUNITY BANK,250386,178930,1986,28622,19434,475418,0.0,19434_20251231,1,1,0.04266063318741495,0.04562073442108856,<1bn
177950,NM,8436.0,20251231,237150,244971,237150,FIRST FINANCIAL BANK,71267,59213,0,22112,19440,127527,0.0,19440_20251231,1,1,0.09324056504322159,0.09324056504322159,<1bn
491276,NM,103734.0,20251231,697506,853370,697506,BNA BANK,235318,207649,0,32758,19448,534027,0.0,19448_20251231,1,1,0.04696447055652568,0.04696447055652568,<1bn
2139673,NM,448160.0,20251231,3437069,4088428,3437069,UNITED COMMUNITY BANK,906598,1341077,109036,455157,19459,2571302,148070.0,19459_20251231,1,1,0.13242591289264197,0.16414945408427936,1-10bn
726108,N,153529.0,20251231,1089119,1211874,1089119,CONSUMERS NATIONAL BANK,266998,363464,980,21535,19482,863908,4038.0,19482_20251231,1,1,0.019772862285939368,0.02067267213224634,1-10bn
908969,N,0.0,20251231,1189055,1354670,1189055,FIRST NB OF TENNESSEE,489918,284459,387139,133161,19502,707265,0.0,19502_20251231,1,1,0.11198893238748418,0.4375743762904155,1-10bn
1277999,NM,47253.0,20251231,1649405,1904880,1649405,BANK OF SPRINGFIELD,99845,372598,0,189868,19506,1532041,147169.0,19506_20251231,1,1,0.11511302560620344,0.11511302560620344,1-10bn
697756,NM,26402.0,20251231,917577,1052433,917577,ROYAL BANKS OF MISSOURI,83927,221193,19890,77294,19512,787567,0.0,19512_20251231,1,1,0.08423707220211492,0.10591372713134702,1-10bn
425688,SI,67867.0,20251231,530325,640657,530325,MT MCKINLEY BANK,291369,106191,26838,28054,19525,272036,0.0,19525_20251231,1,1,0.05289963701503795,0.10350634045160986,<1bn
1964588,SI,179024.0,20251231,2328099,2714674,2328099,MACHIAS SAVINGS BANK,212360,365451,11794,254967,19531,2150224,579345.0,19531_20251231,1,1,0.1095172499107641,0.11458318568067767,1-10bn
545093,SI,145620.0,20251231,709375,841551,709375,SKOWHEGAN SAVINGS BANK,173707,164342,1990,20275,19532,607416,0.0,19532_20251231,1,1,0.028581497797356827,0.03138678414096916,<1bn
173076,NM,10045.0,20251231,253070,286073,253070,PIONEER BANK,55372,80867,2430,23410,19540,198446,15.0,19540_20251231,1,1,0.09250405026277314,0.1021061366420358,<1bn
197570,NM,34097.0,20251231,237601,261975,237601,MADISON VALLEY BANK,117854,40554,0,9108,19544,127902,0.0,19544_20251231,1,1,0.03833317199843435,0.03833317199843435,<1bn
1223259,NM,35872.0,20251231,1899372,2389217,1899372,TEXASBANK,87236,679734,0,282181,19559,1951502,49211.0,19559_20251231,1,1,0.1485654205705886,0.1485654205705886,1-10bn
1250255,NM,43745.0,20251231,2471074,2893511,2471074,LAKESIDE BANK,185813,1223609,61467,282888,19573,2279941,85239.0,19573_20251231,1,1,0.11447977680959777,0.13935438598763128,1-10bn
9327332,NM,33176.0,20251231,12375717,14443599,12375717,BELL BANK,211826,3074408,651,1004380,19581,12355638,1083879.0,19581_20251231,1,1,0.08115731799620175,0.08120992100902114,10-100bn
73334,NM,8905.0,20251231,90845,101267,90845,NORTHERN STB OF VIRGINIA,16876,17634,3459,8729,19589,71706,0.0,19589_20251231,1,1,0.09608674115251252,0.13416258462215863,<1bn
215975,NM,20617.0,20251231,298327,333342,298327,ALTAMAHA BANK&TRUST CO,60986,82722,0,9392,19590,250575,4030.0,19590_20251231,1,1,0.03148223258370848,0.03148223258370848,<1bn
76623,NM,31034.0,20251231,96371,111521,96371,COMMERCIAL BANK,56926,20022,0,6939,19595,44449,0.0,19595_20251231,1,1,0.07200298845088253,0.07200298845088253,<1bn
1912295,N,337116.0,20251231,2775244,3320167,2775244,ACADEMY BANK NATIONAL ASSN,355054,872521,0,444992,19600,2398118,60000.0,19600_20251231,1,1,0.1603433788164212,0.1603433788164212,1-10bn
550290,N,147217.0,20251231,904456,997811,904456,HOMETOWN BANK NATIONAL ASSN,244410,355168,0,39361,19603,686050,0.0,19603_20251231,1,1,0.04351897715311746,0.04351897715311746,<1bn
813663,NM,144434.0,20251231,1293941,1571795,1293941,PARK BANK,156530,481013,10401,60778,19608,1300796,35121.0,19608_20251231,1,1,0.0469712297546797,0.055009463337200075,1-10bn
3923145,NM,1648094.0,20251231,6545019,9753348,6545019,INTERNATIONAL BK OF COM,1787900,2634634,0,256446,19629,6749515,0.0,19629_20251231,1,1,0.03918185722608292,0.03918185722608292,1-10bn
273938,NM,0.0,20251231,402784,467042,402784,GUARANTY B&T CO OF DELHI LA,5940,130993,0,118566,19638,331996,0.0,19638_20251231,1,1,0.294366211170255,0.294366211170255,<1bn
310077,SM,112713.0,20251231,495490,553103,495490,FIDELITY BANK,264962,185811,950,5188,19644,264174,0.0,19644_20251231,1,1,0.010470443399463158,0.012387737391269249,<1bn
218418,NM,18804.0,20251231,264849,299215,264849,CITIZENS BANK OF WESTON,53913,47257,0,30828,19674,210937,1000.0,19674_20251231,1,1,0.11639840059807664,0.11639840059807664,<1bn
232587,NM,2511.0,20251231,301029,343126,301029,CITIZENS BANK OF ADA,103224,68677,34182,40722,19679,179208,22225.0,19679_20251231,1,1,0.13527600330865133,0.2488265250191842,<1bn
48528,NM,5818.0,20251231,58273,67781,58273,SECURITY STATE BANK,14032,9766,0,12497,19680,37773,0.0,19680_20251231,1,1,0.2144560945892609,0.2144560945892609,<1bn
220889,NM,32785.0,20251231,235586,321550,235586,COMMUNITY BK OF PARKERSBURG,35042,15328,0,10012,19681,265704,13000.0,19681_20251231,1,1,0.04249828088256518,0.04249828088256518,<1bn
102785,NM,6460.0,20251231,147883,176163,147883,GARDEN PLAIN STATE BANK,69563,45501,479,28003,19687,57908,0.0,19687_20251231,1,1,0.1893591555486432,0.1925982026331627,<1bn
134033,NM,8539.0,20251231,158066,177419,158066,STATE BANK OF WHITTINGTON,36971,24109,0,8553,19689,118409,0.0,19689_20251231,1,1,0.05411030835220731,0.05411030835220731,<1bn
3713647,NM,894.0,20251231,3861110,4947308,3861110,NORTHEAST BANK,10535,147463,4021,446222,19690,4374423,1945585.0,19690_20251231,1,1,0.11556832102685498,0.11660973139848385,1-10bn
199764,NM,35465.0,20251231,262737,302496,262737,VALUEBANK TEXAS,61398,63376,2011,65077,19700,158461,0.0,19700_20251231,1,1,0.24768875339217544,0.25534279526674963,<1bn
430185,NM,23430.0,20251231,604453,774911,604453,FIRST CENTRAL STATE BANK,238217,175956,49974,14543,19716,487844,0.0,19716_20251231,1,1,0.02405976974222975,0.10673617303578607,<1bn
114532,NM,7484.0,20251231,131326,152733,131326,FARMERS STATE BANK,19049,17274,0,13974,19720,117105,0.0,19720_20251231,1,1,0.10640695673362471,0.10640695673362471,<1bn
193128,SM,54075.0,20251231,326950,391246,326950,FIRST WESTROADS BANK INC,115377,134041,48593,13520,19742,254277,0.0,19742_20251231,1,1,0.04135188866799205,0.1899770607126472,<1bn
108179,NM,35778.0,20251231,142515,158997,142515,CITIZENS B&T CO OF VIVIAN LA,66394,34403,0,10747,19744,70187,0.0,19744_20251231,1,1,0.0754096060063853,0.0754096060063853,<1bn
103240,NM,9754.0,20251231,141194,172594,141194,SOUTH LAFOURCHE B&T CO,24549,38189,0,3330,19755,132512,0.0,19755_20251231,1,1,0.023584571582361855,0.023584571582361855,<1bn
1285492,NM,186766.0,20251231,1742715,2077345,1742715,INCREDIBLEBANK,349399,460248,4438,58804,19772,1530714,95000.0,19772_20251231,1,1,0.033742751970345125,0.03628935310707718,1-10bn
723442,SM,126056.0,20251231,1035811,1156839,1035811,PEOPLES BANK,243644,313780,17903,34641,19788,761056,0.0,19788_20251231,1,1,0.03344335984074315,0.05072740104130966,1-10bn
411487,NM,76561.0,20251231,571930,656821,571930,ABBYBANK,143247,161365,4605,50871,19795,425505,1164.0,19795_20251231,1,1,0.08894619970975469,0.09699788435647719,<1bn
51397,NM,18319.0,20251231,57852,69509,57852,MIDLAND COMMUNITY BANK,18319,6545,0,8050,19796,37198,0.0,19796_20251231,1,1,0.1391481711954643,0.1391481711954643,<1bn
104196,NM,10459.0,20251231,202343,228632,202343,PLAQUEMINE BANK&TRUST CO,100020,98631,72612,26971,19800,94295,0.0,19800_20251231,1,1,0.1332934670337002,0.4921494689710047,<1bn
79462,NM,0.0,20251231,100634,138500,100634,HERSHEY BANK,7225,21483,4566,9600,19809,114929,8217.0,19809_20251231,1,1,0.09539519446707873,0.14076753383548304,<1bn
30694,N,681.0,20251231,61511,70414,61511,SOUTHEAST FIRST NB,25977,30961,8375,22584,19819,20389,1061.0,19819_20251231,1,1,0.36715384240217197,0.5033083513517908,<1bn
387174,N,0.0,20251231,628013,734930,628013,PIONEER TRUST BANK NA,48260,241113,40270,196685,19827,482668,0.0,19827_20251231,1,1,0.3131861920055795,0.3773090684428507,<1bn
553091,SM,41869.0,20251231,610489,775801,610489,FRANKLIN SAVINGS BANK,44856,57640,0,22950,19836,658457,54128.0,19836_20251231,1,1,0.03759281494015453,0.03759281494015453,<1bn
1000388,NM,135194.0,20251231,1177323,1403917,1177323,WEST GATE BANK,257841,178574,0,44621,19850,981235,238569.0,19850_20251231,1,1,0.037900389272952285,0.037900389272952285,1-10bn
1748153,NM,14936.0,20251231,2217306,2642787,2217306,KS STATEBANK,419797,474554,12206,154304,19899,2022508,123924.0,19899_20251231,1,1,0.06959075562867732,0.07509563407125584,1-10bn
231579,NM,42648.0,20251231,376497,413219,376497,CENTINEL BANK OF TAOS,147409,145711,0,101663,19904,152801,0.0,19904_20251231,1,1,0.2700233999208493,0.2700233999208493,<1bn
6544694,NM,2298626.0,20251231,12510967,14430208,12510967,ISRAEL DISCOUNT BANK OF NY,2601432,6084210,0,1145485,19977,9874748,2317293.0,19977_20251231,1,1,0.09155847026053222,0.09155847026053222,10-100bn
178626,N,446.0,20251231,257999,287602,257999,PENNSVILLE NATIONAL BANK,117566,79378,81737,37149,19978,126176,0.0,19978_20251231,1,1,0.1439889301896519,0.46080023565982814,<1bn
436144,NM,0.0,20251231,1723058,1863938,1723058,BESSEMER TRUST CO,1300789,1313627,1258531,287927,20015,257779,0.0,20015_20251231,1,1,0.1671023262130468,0.8975078029874792,1-10bn
60413,N,493.0,20251231,74332,84840,74332,EASTERN NATIONAL BANK,699,13919,0,26272,20026,54593,0.0,20026_20251231,1,1,0.35344131733304635,0.35344131733304635,<1bn
494667,NM,90043.0,20251231,528402,593707,528402,ALL AMERICA BANK,96127,34347,0,14253,20093,462394,0.0,20093_20251231,1,1,0.02697378132558166,0.02697378132558166,<1bn
2570247,NM,375.0,20251231,2604554,4500280,2604554,TEXAS EXCHANGE BANK,833400,37716,124552,1046015,20099,942017,2491217.0,20099_20251231,1,1,0.4016100261311534,0.44943088144841686,1-10bn
245780,NM,35513.0,20251231,336893,382391,336893,TOWER COMMUNITY BANK,41200,92026,0,23877,20100,289971,15036.0,20100_20251231,1,1,0.07087413511114805,0.07087413511114805,<1bn
526051,NM,2157.0,20251231,739237,1202363,739237,BANKFIRST,394458,215515,0,13055,20130,727837,55077.0,20130_20251231,1,1,0.017660100887807294,0.017660100887807294,1-10bn
607181,NM,142668.0,20251231,932524,1038067,932524,KIRKPATRICK BANK,220252,326100,0,38161,20156,760751,32166.0,20156_20251231,1,1,0.04092227116942835,0.04092227116942835,1-10bn
564064,NM,28053.0,20251231,1024830,1145757,1024830,CITIZENS BANK OF LAS CRUCES,272645,461199,111917,39856,20161,797733,0.0,20161_20251231,1,1,0.038890352546275965,0.14809578173941043,1-10bn
83147,NM,6689.0,20251231,97418,110274,97418,ASCENT BANK,9364,14349,0,16307,20162,79166,0.0,20162_20251231,1,1,0.16739206306842677,0.16739206306842677,<1bn
1428744,NM,211617.0,20251231,3176480,4087875,3176480,SUNWEST BANK,514616,1748210,271137,124405,20164,3277047,88117.0,20164_20251231,1,1,0.03916442099430816,0.124522112527074,1-10bn
312175,NM,44869.0,20251231,532613,696917,532613,FIRST INDEPENDENCE BANK,118958,221116,9668,24183,20179,415465,115847.0,20179_20251231,1,1,0.045404449384449874,0.06355646595182618,<1bn
401585,NM,44942.0,20251231,528837,606016,528837,SOUTH GEORGIA BANKING CO,100175,127668,0,49081,20198,365975,0.0,20198_20251231,1,1,0.09280931553578892,0.09280931553578892,<1bn
1646321,NM,332223.0,20251231,2353192,2729496,2353192,PINNACLE BANK,574083,707118,161563,131853,20231,1838904,3449.0,20231_20251231,1,1,0.056031552036552905,0.12468850820502535,1-10bn
11434739,N,5893256.0,20251231,21943367,28048551,21943367,CITY NB OF FLORIDA,6263287,10566372,102242,747800,20234,19636395,2551473.0,20234_20251231,1,1,0.03407863524316938,0.038737993125667544,10-100bn
121839,SM,40744.0,20251231,137678,143003,137678,BANK OF CADIZ&TRUST CO,50862,16090,0,4231,20239,78676,0.0,20239_20251231,1,1,0.030731126251107656,0.030731126251107656,<1bn
1342994,N,178503.0,20251231,2271114,2505741,2271114,AMERICAN BANK NATIONAL ASSN,228466,930833,0,233909,20241,1888313,0.0,20241_20251231,1,1,0.1029930685998149,0.1029930685998149,1-10bn
187188,NM,43087.0,20251231,423680,564303,423680,SCALE BANK,51894,236537,3921,12050,20268,449008,2.0,20268_20251231,1,1,0.028441276435045317,0.03769590256797583,<1bn
264861,SM,12373.0,20251231,351510,379768,351510,COMMUNITY STATE BANK,64757,87724,6938,19270,20279,274312,9.0,20279_20251231,1,1,0.05482063099200592,0.07455833404455066,<1bn
2870122,SM,834456.0,20251231,5993592,7187696,5993592,JOHNSON BANK,1033534,3180658,1000,481341,20296,5198326,182915.0,20296_20251231,1,1,0.08030927030068112,0.08047611515765504,1-10bn
399970,NM,88593.0,20251231,563595,628770,563595,AMERICAN BANK,128917,164279,0,77888,20311,385529,0.0,20311_20251231,1,1,0.13819852908560226,0.13819852908560226,<1bn
345870,NM,124332.0,20251231,426471,498181,426471,GULF COAST BANK,154059,81060,0,15990,20353,291021,0.0,20353_20251231,1,1,0.03749375690257954,0.03749375690257954,<1bn
3445883,NM,775012.0,20251231,4371113,5067928,4371113,HEARTLAND BANK&TRUST CO,1274535,928652,85544,122269,20369,3415782,0.0,20369_20251231,1,1,0.02797205196937256,0.047542353629384554,1-10bn
791757,SM,31134.0,20251231,953463,1121969,953537,BANK OF THE ORIENT,33542,168121,0,106556,20387,939927,54214.0,20387_20251231,1,1,0.11175682748045808,0.11175682748045808,1-10bn
173816,NM,316.0,20251231,209385,235880,209385,LIBERTY BANK,30073,36042,0,3550,20429,166366,0.0,20429_20251231,1,1,0.016954414117534684,0.016954414117534684,<1bn
17894,NM,2640.0,20251231,27138,30606,27138,CITIZENS BANK OF EDINBURG,8114,9261,0,12965,20454,8449,0.0,20454_20251231,1,1,0.47774338565848623,0.47774338565848623,<1bn
264132,NM,34376.0,20251231,327044,352106,327044,FIRSTSTATE BANK,144092,63665,0,41312,20468,148733,0.0,20468_20251231,1,1,0.1263193943322611,0.1263193943322611,<1bn
60538,NM,0.0,20251231,81112,93424,81112,FIRST SECURITY BK OF ROUNDUP,40876,20594,8273,17790,20479,26695,0.0,20479_20251231,1,1,0.21932636354670085,0.3213211362067265,<1bn
1125208,SM,15995.0,20251231,1225950,1366254,1225950,BENCHMARK COMMUNITY BANK,99612,101606,19388,70160,20484,1122769,64039.0,20484_20251231,1,1,0.057229087646315104,0.07304376198050491,1-10bn
1169009,SM,112100.0,20251231,1961539,2149132,1961539,FIVE POINTS BANK,562446,796485,0,213960,20488,1276632,0.0,20488_20251231,1,1,0.10907761711594824,0.10907761711594824,1-10bn
11810892,NM,1669179.0,20251231,22459772,27432143,22459772,AMERIS BANK,2409415,10670236,660625,1088919,20504,21788533,1200001.0,20504_20251231,1,1,0.048483083443589724,0.0778967836360939,10-100bn
163913,NM,0.0,20251231,269369,323126,269369,AMERICAN BANK&TRUST CO,91492,106120,54107,17186,20537,196650,8737.0,20537_20251231,1,1,0.06380095705147956,0.26466668399110516,<1bn
440299,NM,100737.0,20251231,496359,561380,496359,LUMBEE GUARANTY BANK,267300,56375,0,32046,20568,228738,5000.0,20568_20251231,1,1,0.06456214151450865,0.06456214151450865,<1bn
4988001,NM,1139028.0,20251231,7687930,9630743,7687930,BYLINE BANK,1415766,2708500,29890,149095,20624,7414156,527408.0,20624_20251231,1,1,0.01939338677641446,0.023281299387481417,1-10bn
59103,NM,0.0,20251231,79604,88099,79604,FIRST SECURITY BK DEER LODGE,0,20657,0,16742,20657,70648,0.0,20657_20251231,1,1,0.21031606451937088,0.21031606451937088,<1bn
292086,NM,11609.0,20251231,362565,403664,362565,SOUTHERN HERITAGE BANK,99803,71985,22836,12560,20698,276491,0.0,20698_20251231,1,1,0.034642064181595024,0.09762663246590267,<1bn
736173,SM,18242.0,20251231,875292,981988,875292,TENNESSEE STATE BANK,181645,143300,9838,48997,20720,704832,54000.0,20720_20251231,1,1,0.05597789080672507,0.06721756853712818,<1bn
441840,N,169027.0,20251231,950530,1130082,950530,DALLAS CAPITAL BANK NA,172788,512678,1802,54005,20727,849831,62325.0,20727_20251231,1,1,0.05681567125708815,0.05871145571418051,1-10bn
1012045,N,123324.0,20251231,1783489,2150738,1783489,PIONEER BANK NATIONAL ASSN,261952,771944,54753,130875,20741,1646255,110226.0,20741_20251231,1,1,0.07338144502152803,0.10408138205506173,1-10bn
710909,NM,65100.0,20251231,912844,1063075,912844,BORDER BANK,104175,204515,251,16010,20776,890034,68588.0,20776_20251231,1,1,0.017538593669893212,0.01781355850506768,1-10bn
1038435,NM,105781.0,20251231,1446383,1594707,1446383,CITIZENS TRI-COUNTY BANK,183728,418288,0,246026,20818,1059808,0.0,20818_20251231,1,1,0.17009740850106783,0.17009740850106783,1-10bn
719895,NM,16149.0,20251231,1215113,1392348,1215113,WALLIS BANK,17720,499142,0,203234,20845,1076096,0.0,20845_20251231,1,1,0.16725522646864943,0.16725522646864943,1-10bn
649759,NM,72410.0,20251231,957063,1105310,957063,LIBERTY BANK&TRUST CO,321669,308782,166257,65695,20856,614758,0.0,20856_20251231,1,1,0.06864229418544025,0.24235813107392096,1-10bn
220472,NM,4746.0,20251231,260221,299764,260221,CITIZENS GUARANTY BANK,8561,40727,0,10506,20872,269520,0.0,20872_20251231,1,1,0.040373374938994164,0.040373374938994164,<1bn
801884,NM,324479.0,20251231,1992713,3013931,2739797,BANK OF GUAM,735923,1940526,0,424758,20884,1697737,0.0,20884_20251231,1,1,0.21315563254718567,0.21315563254718567,1-10bn
1078557,N,348376.0,20251231,1748797,1964949,1748797,CITIZENS NATIONAL BANK,413602,672191,0,199438,20954,1284240,0.0,20954_20251231,1,1,0.11404296782302348,0.11404296782302348,1-10bn
826534,NM,134876.0,20251231,1165620,1344534,1165620,INDEPENDENCE BANK,237449,341003,939,37004,20989,1021100,95601.0,20989_20251231,1,1,0.0317461951579417,0.03255177502101886,1-10bn
474727,SM,15517.0,20251231,582757,653856,582757,HARDIN COUNTY BANK,61552,111575,3022,40839,20993,511989,2.0,20993_20251231,1,1,0.07007895229057738,0.07526464718570519,<1bn
1228504,NM,432036.0,20251231,2621263,2926118,2621263,BANK OF TAMPA,802165,1393050,30060,56704,21031,1911520,0.0,21031_20251231,1,1,0.02163231999230905,0.03310007427717097,1-10bn
88570,NM,5876.0,20251231,109115,130228,109115,FIRST STB OF THE SOUTH INC,48338,20831,983,3528,21050,60447,0.0,21050_20251231,1,1,0.03233285982678825,0.04134170370709801,<1bn
582812,NM,694.0,20251231,810326,935737,810326,TEXAS BANK,155744,228863,0,47271,21074,685035,5000.0,21074_20251231,1,1,0.05833578090793088,0.05833578090793088,<1bn
393748,NM,44808.0,20251231,479797,555143,479797,UNITED MISSISSIPPI BANK,99669,86570,0,20512,21083,404110,0.0,21083_20251231,1,1,0.04275141361867623,0.04275141361867623,<1bn
61961,NM,1279.0,20251231,68145,81565,68145,BANK OF ONTARIO,6187,6420,0,1639,21085,65412,8286.0,21085_20251231,1,1,0.024051654560129136,0.024051654560129136,<1bn
468576,NM,93105.0,20251231,739507,825383,739507,WESTERN STATE BANK,243146,274408,0,34664,21121,530409,33555.0,21121_20251231,1,1,0.046874471776467294,0.046874471776467294,<1bn
220563,NM,42933.0,20251231,332849,393088,332849,BANK OF THE BLUEGRASS&TR CO,65706,113427,0,10460,21161,303622,5284.0,21161_20251231,1,1,0.03142566148613936,0.03142566148613936,<1bn
75384,NM,1891.0,20251231,85787,97267,85787,BANK OF THE MOUNTAINS INC,10090,10403,0,8018,21219,67816,0.0,21219_20251231,1,1,0.09346404466877266,0.09346404466877266,<1bn
380165,NM,55371.0,20251231,468179,545094,468179,CBBC BANK,163611,102719,0,64482,21227,290995,3000.0,21227_20251231,1,1,0.1377293727399136,0.1377293727399136,<1bn
412415,NM,107853.0,20251231,507749,587827,507749,FIRST KENTUCKY BANK INC,188315,96918,3949,19589,21247,353299,8000.0,21247_20251231,1,1,0.03858008582980961,0.04635755067956805,<1bn
43173,SM,0.0,20251231,46758,52937,46758,LAKESIDE BANK OF SALINA,7124,3619,0,4021,21255,38514,0.0,21255_20251231,1,1,0.0859959792976603,0.0859959792976603,<1bn
2113235,NM,95582.0,20251231,4601731,5466642,4601731,BRADESCO BANK,407024,2506697,0,509401,21265,4324769,922939.0,21265_20251231,1,1,0.11069769180336704,0.11069769180336704,1-10bn
85505,NM,0.0,20251231,130337,144348,130337,BANK OF PENSACOLA,49658,44882,49658,17141,21284,75681,0.0,21284_20251231,1,1,0.13151292418883356,0.5125098782387196,<1bn
863859,NM,71326.0,20251231,1083297,1161884,1083297,PEOPLESSOUTH BANK,269918,222549,0,28983,21292,803866,25000.0,21292_20251231,1,1,0.02675443576415332,0.02675443576415332,1-10bn
254274,NM,0.0,20251231,513640,588397,513640,NBT FINANCIAL BANK,7272,259998,4368,117895,21329,438755,4995.0,21329_20251231,1,1,0.22952846351530254,0.238032474106378,<1bn
162390,NM,1696.0,20251231,254842,281511,254842,SONATA BANK,2192,92701,0,40277,21342,230290,42452.0,21342_20251231,1,1,0.15804694673562442,0.15804694673562442,<1bn
66704,SM,10630.0,20251231,83794,102241,83794,FIRST NATURALSTATE BANK,14865,17785,0,3905,21379,80544,0.0,21379_20251231,1,1,0.0466023820321264,0.0466023820321264,<1bn
42615,NM,2690.0,20251231,57530,72204,57530,REDEMPTION BANK,3010,14996,0,14621,21448,51774,0.0,21448_20251231,1,1,0.2541456631322788,0.2541456631322788,<1bn
91574,NM,0.0,20251231,126237,157048,126237,FIDELITY BANK OF TEXAS,0,34857,0,35498,21455,104784,0.0,21455_20251231,1,1,0.28120123260216895,0.28120123260216895,<1bn
174826,NM,14549.0,20251231,198836,237171,198836,CROSSROADS BANK,53724,24767,0,23976,21486,149936,0.0,21486_20251231,1,1,0.12058178599448792,0.12058178599448792,<1bn
194638,NM,45324.0,20251231,218843,241969,218843,CORNERSTONE STATE BANK,73378,24728,6979,5096,21525,152698,0.0,21525_20251231,1,1,0.0232861000808799,0.055176542087249765,<1bn
107172,NM,7980.0,20251231,121086,157582,121086,WEST CENTRAL GEORGIA BANK,48730,14415,887,22738,21526,77529,0.0,21526_20251231,1,1,0.18778388913664668,0.19510926118626432,<1bn
58030,NM,202.0,20251231,114273,134706,114273,BANK OF OAK RIDGE,2434,56439,0,18741,21529,108323,811.0,21529_20251231,1,1,0.16400199522196846,0.16400199522196846,<1bn
231422,NM,10389.0,20251231,276747,310890,276747,THREE RIVERS BANK OF MONTANA,18236,45638,0,16327,21557,255314,0.0,21557_20251231,1,1,0.05899612281253275,0.05899612281253275,<1bn
400704,N,18667.0,20251231,592485,700010,592485,AMERICAN BANK NATIONAL ASSN,32669,193350,474,110551,21567,520567,14089.0,21567_20251231,1,1,0.18658869000902975,0.18738871026270706,<1bn
947681,NM,169153.0,20251231,1824544,2044108,1824544,BANK OF TENNESSEE,265322,877199,3955,28847,21573,1620436,0.0,21573_20251231,1,1,0.015810525808092325,0.017978190715049896,1-10bn
1133863,SB,395637.0,20251231,2650733,3147210,2650733,BANK OF GREENE COUNTY,1222282,361606,63382,125313,21591,1666065,31565.0,21591_20251231,1,1,0.04727484812691433,0.07118597006941099,1-10bn
358531,NM,80639.0,20251231,853783,974892,853783,HCN BANK,116677,495300,12711,83893,21606,743171,0.0,21606_20251231,1,1,0.09826033078662845,0.11314818870837204,<1bn
53253,NM,0.0,20251231,67266,77607,67266,BANK OF BOURBONNAIS,513,14168,513,18697,21635,49937,0.0,21635_20251231,1,1,0.27795617399577793,0.2855826123152856,<1bn
89640,NM,25273.0,20251231,104213,113167,104213,PEOPLES BANK OF GRACEVILLE,68809,14948,0,3003,21692,40157,2000.0,21692_20251231,1,1,0.028815982650916873,0.028815982650916873,<1bn
223396,NM,0.0,20251231,309655,383994,309655,LAKESIDE BANK,0,86344,0,125666,21693,250241,83126.0,21693_20251231,1,1,0.4058258384330949,0.4058258384330949,<1bn
550499,NM,25414.0,20251231,992941,1146708,992941,PREMIER BANK,144690,445414,88387,116175,21714,840425,17525.0,21714_20251231,1,1,0.1170009094195929,0.20601626884175395,1-10bn
5571545,N,3892303.0,20251231,12127912,15634835,12127912,CITIZENS BUSINESS BANK NA,4967068,6557651,35284,389453,21716,8622032,300000.0,21716_20251231,1,1,0.032112122845218534,0.03502144474663075,10-100bn
118470,NM,13397.0,20251231,126705,149960,126705,HERITAGE BANK OF SCHAUMBURG,44502,8688,27900,17988,21721,77107,0.0,21721_20251231,1,1,0.14196756244820646,0.36216408192257604,<1bn
67245,NM,14078.0,20251231,108145,150265,108145,FARMERS&MERCHANTS STATE BANK,59182,41545,0,4212,21728,81594,0.0,21728_20251231,1,1,0.03894770909427158,0.03894770909427158,<1bn
60849,NM,10311.0,20251231,72904,83122,72904,FIRST STATE BANK,18746,12250,0,9499,21752,50805,0.0,21752_20251231,1,1,0.13029463403928454,0.13029463403928454,<1bn
250,SM,0.0,20251231,500,70443,500,JPMORGAN CHASE BANK DEARBORN,0,250,0,68545,21761,0,0.0,21761_20251231,1,1,137.09,137.09,<1bn
364507,NM,28799.0,20251231,521339,582890,521339,FIRST PORT CITY BANK,42141,157650,0,52593,21784,463496,10011.0,21784_20251231,1,1,0.10088061702654127,0.10088061702654127,<1bn
431251,SM,59073.0,20251231,451861,502078,451861,FIRST STATE BANK OF DEQUEEN,171656,21917,0,28769,21805,280257,120776.0,21805_20251231,1,1,0.06366780934845008,0.06366780934845008,<1bn
41915,NM,0.0,20251231,47895,55230,47895,LOVELADY STATE BANK,8695,6069,0,17012,21807,23728,0.0,21807_20251231,1,1,0.35519365278212756,0.35519365278212756,<1bn
956778,SM,331.0,20251231,4009422,5495218,4009422,MIZUHO BANK USA,23011,3077799,0,3471689,21843,1799302,695035.0,21843_20251231,1,1,0.8658826633863933,0.8658826633863933,1-10bn
495876,NM,24235.0,20251231,743272,821884,743272,QUAIL CREEK BANK,127715,248125,0,72902,21848,610446,0.0,21848_20251231,1,1,0.09808253237038392,0.09808253237038392,<1bn
991772,N,0.0,20251231,5480157,6423778,5480157,BESSEMER TRUST CO NA,3498334,4543000,3451207,1346400,21868,926742,0.0,21868_20251231,1,1,0.2456863918314749,0.8754506485854329,1-10bn
137400,NM,0.0,20251231,196919,228019,196919,FIRST PEOPLES BANK OF TN,35325,59820,0,13011,21874,146052,14938.0,21874_20251231,1,1,0.06607285228952006,0.06607285228952006,<1bn
499636,SM,108677.0,20251231,603397,696251,603397,TRUPOINT BANK,129957,104719,4850,82039,21883,435071,0.0,21883_20251231,1,1,0.13596189573365464,0.14399972157634194,<1bn
147439,NM,1822.0,20251231,176259,193808,176259,BANK STAR,37608,29075,5457,5227,21897,143031,16934.0,21897_20251231,1,1,0.029655223279378643,0.06061534446467982,<1bn
739094,SM,66330.0,20251231,913736,1145290,913736,PRIORITYONE BANK,166797,178701,0,19501,21906,892953,10249.0,21906_20251231,1,1,0.0213420506579581,0.0213420506579581,1-10bn
240729,NM,49599.0,20251231,351506,389443,351506,KIRKWOOD BANK&TRUST CO,79087,112298,2979,70589,21928,220985,0.0,21928_20251231,1,1,0.20081876269537363,0.20929372471593657,<1bn
5451753,NM,1325747.0,20251231,8270252,9820725,8270252,TRI COUNTIES BANK,1825168,2826547,0,157013,21943,6988020,0.0,21943_20251231,1,1,0.01898527396746798,0.01898527396746798,1-10bn
133059,SM,4462.0,20251231,259096,290667,259096,STRYV BANK,16267,145799,952,7179,21955,244244,126074.0,21955_20251231,1,1,0.027707876617161207,0.03138219038503103,<1bn
1082594,NM,324195.0,20251231,1816276,2058386,1816276,MONTECITO BANK&TRUST,572135,734345,6105,20850,21956,1330388,0.0,21956_20251231,1,1,0.011479532846329523,0.014840806132988599,1-10bn
338980,NM,27703.0,20251231,466055,588365,466055,FRONTIER STATE BANK,68240,128047,0,41134,21978,458170,30000.0,21978_20251231,1,1,0.08825996931692612,0.08825996931692612,<1bn
241721,NM,28237.0,20251231,276267,314597,276267,COMMUNITY STB OF ROCK FALLS,75833,35613,7649,14809,21988,206381,0.0,21988_20251231,1,1,0.05360394111493591,0.08129092508334329,<1bn
80405,NM,4620.0,20251231,89859,104495,89859,COVINGTON COUNTY BANK,13353,10172,0,13773,21998,73068,0.0,21998_20251231,1,1,0.15327346175675224,0.15327346175675224,<1bn
426640,NM,33841.0,20251231,551089,613829,551089,ANDREW JOHNSON BANK,98208,126423,10509,46671,22015,438361,0.0,22015_20251231,1,1,0.0846886800498649,0.10375819513726459,<1bn
372520,SM,47427.0,20251231,499313,572671,499313,INSOUTH BANK,68544,127656,0,10695,22020,442546,0.0,22020_20251231,1,1,0.02141943029722839,0.02141943029722839,<1bn
107473,N,31500.0,20251231,191399,225348,191399,FIRST NATIONAL BANK USA,57953,84358,992,47503,22046,109419,992.0,22046_20251231,1,1,0.24818833954200387,0.25337122973474263,<1bn
355951,SM,37005.0,20251231,562597,653794,562597,GRAND BANK,73553,207233,0,16085,22065,530227,35200.0,22065_20251231,1,1,0.02859062526106609,0.02859062526106609,<1bn
144412,NM,0.0,20251231,215421,251003,215421,MAIN BANK,21095,71237,21095,4975,22086,190261,10000.0,22086_20251231,1,1,0.023094312996411678,0.1210188421741613,<1bn
307353,NM,7484.0,20251231,381298,422389,381298,COFFEE COUNTY BANK,17251,76343,0,50197,22090,344730,2.0,22090_20251231,1,1,0.13164768763539278,0.13164768763539278,<1bn
457305,N,10750.0,20251231,604832,703236,604832,FIRST NATIONAL CMTY BANK,21293,147791,5062,166516,22092,489451,0.0,22092_20251231,1,1,0.2753095074334691,0.28367877360986193,<1bn
1376001,NM,30513.0,20251231,3159938,3526937,3159938,CACHE VALLEY BANK,136741,1787365,64855,719055,22134,2527988,51648.0,22134_20251231,1,1,0.22755351529048987,0.24807765215646635,1-10bn
266810,NM,2988.0,20251231,326923,366218,326923,RABUN COUNTY BANK,9484,61608,2988,128803,22138,212055,0.0,22138_20251231,1,1,0.39398573976135054,0.40312550661776625,<1bn
416922,NM,23882.0,20251231,687098,767955,687098,PROGRESSIVE BANK,45848,270641,21401,93254,22139,589685,0.0,22139_20251231,1,1,0.1357215419052304,0.1668684816430844,<1bn
442283,SM,47586.0,20251231,662653,1306031,662653,UNITED BANKERS BANK,96121,220658,0,343106,22180,780166,284616.0,22180_20251231,1,1,0.5177762720458521,0.5177762720458521,1-10bn
376075,NM,38423.0,20251231,590415,728215,590415,BARWICK BANKING CO,41382,214815,2959,35991,22205,611618,0.0,22205_20251231,1,1,0.060958817103224004,0.06597054614127351,<1bn
37655,N,6806.0,20251231,56774,66167,56774,COMMONWEALTH NATIONAL BANK,27328,19164,6919,10765,22229,25831,0.0,22229_20251231,1,1,0.18961144185718815,0.31148060732025223,<1bn
68302,NM,31425.0,20251231,216459,239444,216459,UNION BANK&TRUST CO,58776,148211,19945,71505,22242,102946,0.0,22242_20251231,1,1,0.3303396948151844,0.42248185568629626,<1bn
1856581,NM,353125.0,20251231,3098170,3720806,3098170,COLONY BANK,776059,980018,70217,252466,22257,2437200,131906.0,22257_20251231,1,1,0.08148874981037194,0.10415277405694329,1-10bn
60824,SM,10852.0,20251231,73206,80812,73206,AMERICAN STB OF GRYGLA,20218,12448,2441,15276,22263,43371,1079.0,22263_20251231,1,1,0.20867142037537906,0.2420156817747179,<1bn
233922,N,118734.0,20251231,303071,370221,303071,FIRST NATIONAL BANK,174463,69809,13651,7027,22271,149551,0.0,22271_20251231,1,1,0.023185986122063806,0.06822823694777791,<1bn
116970,NM,12623.0,20251231,123490,147404,123490,GUARANTY BANK INC,13948,6999,0,5158,22273,119059,18791.0,22273_20251231,1,1,0.04176856425621508,0.04176856425621508,<1bn
274627,NM,2.0,20251231,441749,540445,441749,FIRST NATIONS BANK,29440,169030,29438,72316,22282,429999,24486.0,22282_20251231,1,1,0.16370382275907813,0.23034347559360632,<1bn
582209,SM,68473.0,20251231,1049785,1186043,1049785,WEST MICHIGAN COMMUNITY BANK,86144,468610,0,38478,22308,1010148,15045.0,22308_20251231,1,1,0.03665321946874836,0.03665321946874836,1-10bn
1244672,SM,67.0,20251231,1545247,1861250,1545247,LEGACY BANK&TRUST CO,1010,303943,0,259584,22319,1511342,119093.0,22319_20251231,1,1,0.16798867753828353,0.16798867753828353,1-10bn
1445837,SM,138730.0,20251231,2016308,2551420,2016308,ONE COMMUNITY BANK,254106,574842,14906,45753,22334,2140524,228793.0,22334_20251231,1,1,0.022691473723260535,0.030084193486312607,1-10bn
348803,NM,49006.0,20251231,458930,569281,458930,PANHANDLE FIRST BANK,121713,111277,0,54902,22340,363760,0.0,22340_20251231,1,1,0.11963044473013314,0.11963044473013314,<1bn
1418855,SM,50324.0,20251231,1856788,2268810,1856788,COMMERCIAL BANK,140866,440569,57511,118990,22354,1843017,47979.0,22354_20251231,1,1,0.06408378339368846,0.09505716323026646,1-10bn
35674,NM,0.0,20251231,48024,59076,48024,PINNACLE BANK INC,14033,12494,0,3213,22355,36856,2796.0,22355_20251231,1,1,0.06690404797601199,0.06690404797601199,<1bn
89334,NM,53144.0,20251231,117799,130698,117799,CITIZENS BANK,68911,28676,0,12946,22358,39430,0.0,22358_20251231,1,1,0.10989906535709132,0.10989906535709132,<1bn
363792,NM,88735.0,20251231,528018,681085,528018,GBC INTERNATIONAL BANK,107457,165221,0,100333,22366,455568,38631.0,22366_20251231,1,1,0.19001814332087164,0.19001814332087164,<1bn
1294478,N,40225.0,20251231,2176494,2448815,2176494,AMERICAN NATIONAL BANK&TRUST,141712,887201,29719,315868,22373,1867750,202036.0,22373_20251231,1,1,0.1451269794449238,0.1587815082421546,1-10bn
131151,N,85385.0,20251231,241677,283957,241677,ANAHUAC NATIONAL BANK,155959,110867,997,26623,22381,85209,0.0,22381_20251231,1,1,0.11015942766585153,0.11428476851334633,<1bn
412401,NM,13.0,20251231,572128,707419,572128,PEOPLES COMMUNITY BANK,156636,160931,425,19080,22394,480918,0.0,22394_20251231,1,1,0.033349180602942,0.0340920213658482,<1bn
745461,N,97524.0,20251231,1344128,1502874,1344128,CENTRAL NATIONAL BANK,111292,602041,5791,239319,22396,1132431,97076.0,22396_20251231,1,1,0.17804777521188458,0.1823561446528902,1-10bn
434719,N,98486.0,20251231,512893,664062,512893,MODERN BANK NATIONAL ASSN,100712,79664,0,60426,22398,479206,174962.0,22398_20251231,1,1,0.11781404698445874,0.11781404698445874,<1bn
30959,NM,4097.0,20251231,35030,43550,35030,WASHITA STATE BANK,8805,4118,0,3900,22430,29605,0.0,22430_20251231,1,1,0.11133314302026834,0.11133314302026834,<1bn
173592,N,8877.0,20251231,202343,251901,202343,BANKCHAMPAIGN NATIONAL ASSN,19423,29247,10546,13289,22434,212254,5005.0,22434_20251231,1,1,0.06567561022620007,0.11779503120938209,<1bn
216161,NM,44767.0,20251231,276165,308913,276165,WRAY STATE BANK,55518,60671,0,29971,22447,209261,1612.0,22447_20251231,1,1,0.10852570021545091,0.10852570021545091,<1bn
64370,NM,8369.0,20251231,71221,80761,71221,FIRST STATE BANK,23805,6933,0,1537,22448,49662,1000.0,22448_20251231,1,1,0.021580713553586723,0.021580713553586723,<1bn
955285,NM,81810.0,20251231,1365269,1608229,1365269,VOLUNTEER BANK,141879,411229,0,25275,22451,1153493,11989.0,22451_20251231,1,1,0.018512835199510132,0.018512835199510132,1-10bn
163479,NM,0.0,20251231,208494,282995,208494,MONTEREY COUNTY BANK,78976,46852,0,15877,22460,149464,0.0,22460_20251231,1,1,0.07615087244716874,0.07615087244716874,<1bn
43496,SM,3111.0,20251231,49172,69856,49172,FIRST CITIZENS BANK OF BUTTE,19426,7060,11100,14985,22502,33894,0.0,22502_20251231,1,1,0.30474660375823637,0.5304848287643374,<1bn
109431,SM,14809.0,20251231,135160,160179,135160,UTAH INDEPENDENT BANK,20088,25910,0,6924,22514,109209,0.0,22514_20251231,1,1,0.05122817401598106,0.05122817401598106,<1bn
137311,NM,0.0,20251231,204614,249668,204614,SPRING HILL STATE BANK,9047,67720,9047,52505,22526,182571,0.0,22526_20251231,1,1,0.25660511988426987,0.3008200807373885,<1bn
255574,NM,5032.0,20251231,307549,392141,307549,FIRST SECURE BANK&TRUST CO,20786,52673,10111,74937,22536,284290,0.0,22536_20251231,1,1,0.2436587340553863,0.27653479608127485,<1bn
548386,NM,164158.0,20251231,1252512,1407730,1252512,PEOPLES BANK OF ALABAMA,212664,705991,0,214660,22537,889282,0.0,22537_20251231,1,1,0.17138358754247465,0.17138358754247465,1-10bn
10240,SM,0.0,20251231,23481,32370,23481,FIRST PROGRESSIVE BANK,17285,13243,0,3471,22549,10384,0.0,22549_20251231,1,1,0.14782164303053533,0.14782164303053533,<1bn
2805074,NM,248185.0,20251231,3357063,3833298,3357063,BRAVERA BANK,791807,606338,122465,54070,22559,2709962,3845.0,22559_20251231,1,1,0.01610634057210127,0.0525861444959478,1-10bn
74874,NM,0.0,20251231,104994,128342,104994,COMMUNITY STATE BANK,20790,30492,0,17832,22567,87443,1966.0,22567_20251231,1,1,0.1698382764729413,0.1698382764729413,<1bn
177949,NM,17002.0,20251231,274553,317062,274553,BRIGHTON BANK,47732,106528,0,39956,22578,212981,10000.0,22578_20251231,1,1,0.14553109964196348,0.14553109964196348,<1bn
2102483,NM,377045.0,20251231,2883364,3826215,2883364,BANK OF THE SIERRA,916141,784318,0,135628,22597,2525365,320090.0,22597_20251231,1,1,0.047038112427012335,0.047038112427012335,1-10bn
76599,SM,12346.0,20251231,111562,119826,111562,FLORA BANK&TRUST,34615,35177,0,13243,22598,62952,3260.0,22598_20251231,1,1,0.11870529391728367,0.11870529391728367,<1bn
112215,NM,2456.0,20251231,248034,291390,248034,VALLEY BANK OF COMMERCE,3519,135872,1002,121104,22600,154301,0.0,22600_20251231,1,1,0.48825564237161034,0.4922954111129926,<1bn
137334,NM,382.0,20251231,165062,183794,165062,CITIZENS BANK,2023,27976,0,8277,22601,162085,0.0,22601_20251231,1,1,0.050144794077376986,0.050144794077376986,<1bn
182277,NM,57219.0,20251231,211297,234381,211297,COMMUNITY BANK OF MARSHALL,102641,29722,0,13397,22636,107736,0.0,22636_20251231,1,1,0.06340364510617756,0.06340364510617756,<1bn
118059,SM,39452.0,20251231,190587,212596,190587,BANK OF COMMERCE,80885,72926,4788,15710,22639,107113,0.0,22639_20251231,1,1,0.0824295466112589,0.10755193166375461,<1bn
4616178,SM,1754224.0,20251231,4873476,5204851,4873476,GREEN DOT BK DBA BONNEVILLE,2467843,257307,0,1594241,22653,110884,246722.0,22653_20251231,1,1,0.3271260595107065,0.3271260595107065,1-10bn
127137,NM,53282.0,20251231,196925,218922,196925,NEVADA BANK&TRUST CO,86137,69800,993,6860,22669,68561,0.0,22669_20251231,1,1,0.034835597308620035,0.039878126190173925,<1bn
192915,SM,23732.0,20251231,272824,320261,272824,CITIZENS B&T CO OF ARDMORE,88847,80358,5967,16152,22717,201619,6000.0,22717_20251231,1,1,0.05920300266838695,0.08107424566753658,<1bn
600145,NM,104821.0,20251231,734400,845540,734400,FIRST UTAH BANK,110856,135050,0,44386,22738,654286,117755.0,22738_20251231,1,1,0.060438453159041394,0.060438453159041394,<1bn
214231,NM,33310.0,20251231,326109,377181,326109,BANK OF ST FRANCISVILLE,49692,113111,0,26708,22739,289244,0.0,22739_20251231,1,1,0.08189899696113875,0.08189899696113875,<1bn
242188,NM,9571.0,20251231,274940,312033,274940,PEOPLES B&T CO PICKETT CNTY,26541,37509,0,5581,22756,221580,1.0,22756_20251231,1,1,0.02029897432167018,0.02029897432167018,<1bn
83197,NM,5032.0,20251231,137174,177286,137174,BRICKYARD BANK,19190,54197,0,29438,22811,122951,0.0,22811_20251231,1,1,0.21460335048915977,0.21460335048915977,<1bn
48283,NM,13564.0,20251231,59657,67208,59657,LAUDERDALE COUNTY BANK,21735,11527,0,5711,22835,29149,3050.0,22835_20251231,1,1,0.09573059322460063,0.09573059322460063,<1bn
32191,NM,0.0,20251231,48928,65420,48928,LATIMER STATE BANK,18044,16813,0,13482,22839,12895,0.0,22839_20251231,1,1,0.2755477436232832,0.2755477436232832,<1bn
62161,SM,1231.0,20251231,84265,105181,84265,OKLAHOMA HERITAGE BANK,8179,22281,0,11746,22855,63870,0.0,22855_20251231,1,1,0.13939357977808106,0.13939357977808106,<1bn
17001806,SM,1544774.0,20251231,27249096,33545963,27249096,UNITED BANK,3057477,10335988,264863,2540136,22858,24442881,540566.0,22858_20251231,1,1,0.09321909247925142,0.10293915805500484,10-100bn
212705,NM,120491.0,20251231,321806,337503,321806,COMMUNITY BANK OF RAYMORE,187640,109207,0,22277,22867,116353,0.0,22867_20251231,1,1,0.06922493676314301,0.06922493676314301,<1bn
474570,NM,25644.0,20251231,628002,713389,628002,HICKORY POINT BANK&TRUST,196888,154587,155617,36338,22874,435694,0.0,22874_20251231,1,1,0.05786287304817501,0.30565985458645034,<1bn
709529,NM,161872.0,20251231,1073737,1233638,1073737,SOUTHWEST MISSOURI BANK,457936,368244,23288,86316,22876,625156,0.0,22876_20251231,1,1,0.08038840051148466,0.10207713807012332,1-10bn
145758,SM,1.0,20251231,158865,184660,158865,FARMERS&MINERS BANK,27879,13651,0,55855,22888,97259,0.0,22888_20251231,1,1,0.35158782614169265,0.35158782614169265,<1bn
170159,NM,0.0,20251231,268765,313743,268765,PUTNAM COUNTY STATE BANK,5714,98968,0,62785,22895,239083,0.0,22895_20251231,1,1,0.23360556620095624,0.23360556620095624,<1bn
2224970,SM,3506.0,20251231,3760938,4208720,3760938,FIRST BANK&TRUST CO,62802,1543926,59077,578867,22918,3409591,0.0,22918_20251231,1,1,0.15391559233361465,0.16962364176170944,1-10bn
79095,NM,12162.0,20251231,152212,181255,152212,INDEPENDENCE BANK,33991,73762,2677,29861,22925,110169,0.0,22925_20251231,1,1,0.19618032743804695,0.21376763987070665,<1bn
107045,N,23853.0,20251231,127460,141915,127460,AMERICAN NB OF MT PLEASANT,43174,20662,0,4392,22942,91042,0.0,22942_20251231,1,1,0.034457869135415035,0.034457869135415035,<1bn
4671784,N,1978428.0,20251231,7804932,9757923,7804932,AMERANT BANK NATIONAL ASSN,2026431,3648436,0,462824,22953,6617959,435655.0,22953_20251231,1,1,0.0592989150962494,0.0592989150962494,1-10bn
35078,NM,727.0,20251231,41786,51557,41786,CITIZENS BK MORGANTOWN INC,10308,6725,969,1225,22954,37650,1.0,22954_20251231,1,1,0.029316038864691522,0.05250562389316996,<1bn
1040891,N,398166.0,20251231,2499733,2812432,2499733,WEST TEXAS NATIONAL BANK,601931,1459637,59241,593613,22957,1515541,2006.0,22957_20251231,1,1,0.23747056185600623,0.26116949290184194,1-10bn
493725,NM,103575.0,20251231,690868,778915,690868,FIRST COMMUNITY BANK,208651,198108,4983,69453,22964,467074,0.0,22964_20251231,1,1,0.10053005784028209,0.1077427236461958,<1bn
223412,NM,17747.0,20251231,246744,301888,246744,FIRST SECURE STATE BANK,52528,24368,29549,46931,22971,184589,0.0,22971_20251231,1,1,0.19020118017054113,0.3099568783840742,<1bn
116735,NM,0.0,20251231,145622,167703,145622,TWIN RIVER BANK,2962,29174,0,44039,22993,118765,0.0,22993_20251231,1,1,0.30241996401642607,0.30241996401642607,<1bn
514636,SM,94747.0,20251231,709044,811846,709044,OREGON PACIFIC BK DBA OR PAC,155158,194601,7405,28385,23007,591399,10001.0,23007_20251231,1,1,0.0400327765272677,0.050476416132144125,<1bn
2088619,NM,320044.0,20251231,3097230,3685157,3097230,COMMUNITY WEST BANK,763325,1010535,9508,118925,23030,2510786,398299.0,23030_20251231,1,1,0.03839721299354584,0.041467052818163326,1-10bn
629615,NM,211416.0,20251231,1123354,1274361,1123354,BANK OF THE PACIFIC,322555,494314,51587,114805,23041,765974,0.0,23041_20251231,1,1,0.10219841652764845,0.14812071706692637,1-10bn
287519,N,1689.0,20251231,381257,520138,381257,NEW OMNI BANK NATIONAL ASSN,1689,96913,0,132325,23086,359719,0.0,23086_20251231,1,1,0.3470755946776059,0.3470755946776059,<1bn
3736583,NM,423180.0,20251231,6078888,6850257,6078888,ALPINE BANK,1773366,2346758,0,456096,23091,4295808,80000.0,23091_20251231,1,1,0.07502951197653256,0.07502951197653256,1-10bn
85048,NM,10555.0,20251231,118460,145904,118460,BANK OF PROTECTION,33856,33709,0,3443,23099,97709,1000.0,23099_20251231,1,1,0.029064663177443863,0.029064663177443863,<1bn
369998,SM,78850.0,20251231,459000,563319,459000,BANK OF BARTLETT,136401,89210,0,6423,23123,385849,8760.0,23123_20251231,1,1,0.013993464052287581,0.013993464052287581,<1bn
70056,SM,1711.0,20251231,82201,94637,82201,HURON STATE BANK,11217,12211,2183,16031,23126,60362,0.0,23126_20251231,1,1,0.19502195837033612,0.22157881290981862,<1bn
382965,NM,26462.0,20251231,550444,656916,550444,SOUTH LOUISIANA BANK,229749,177410,170461,39886,23144,357651,0.0,23144_20251231,1,1,0.0724615038042017,0.38214059922535265,<1bn
239907,NM,79797.0,20251231,342271,400452,342271,FIRST CITIZENS BANK,131241,104042,0,14223,23152,221274,0.0,23152_20251231,1,1,0.04155479137876127,0.04155479137876127,<1bn
206698,NM,36010.0,20251231,296426,319052,296426,COMMUNITY BANK&TRUST CO,86303,90158,2754,24218,23189,188072,4000.0,23189_20251231,1,1,0.08169998583120239,0.0909906688347176,<1bn
149078,SM,9986.0,20251231,247026,441940,247026,BANKERS BANK OF THE WEST,16668,98134,4136,26680,23210,329903,34522.0,23210_20251231,1,1,0.10800482540299401,0.1247480022345826,<1bn
6040283,N,368469.0,20251231,8440909,9248621,8440909,WOODFOREST NATIONAL BANK,1533412,2402667,0,1149486,23220,6050307,0.0,23220_20251231,1,1,0.13618035687862529,0.13618035687862529,1-10bn
33739,NM,0.0,20251231,55334,97625,55334,CALIFORNIA PACIFIC BANK,0,21926,0,13508,23242,72493,0.0,23242_20251231,1,1,0.24411754075252107,0.24411754075252107,<1bn
305172,NM,0.0,20251231,346153,387961,346153,COMMUNITY STATE BANK,87180,41721,0,8957,23257,277388,10015.0,23257_20251231,1,1,0.02587584102983363,0.02587584102983363,<1bn
61548,SM,0.0,20251231,75380,86581,75380,SIOUXLAND BANK,36344,14733,25981,15223,23270,30216,0.0,23270_20251231,1,1,0.201950119395065,0.5466171398248872,<1bn
1099657,SM,359659.0,20251231,1819010,2238358,1819010,PLUMAS BANK,476595,720188,0,80616,23275,1495834,10000.0,23275_20251231,1,1,0.04431861287183688,0.04431861287183688,1-10bn
1007352,SM,83505.0,20251231,1362906,1889460,1362906,FALL RIVER FIVE CENTS SB,266911,355855,1970,77204,23286,1445259,50000.0,23286_20251231,1,1,0.05664660658915582,0.05809204743393895,1-10bn
3691426,NM,367679.0,20251231,4467044,5600777,4467044,CAPE COD FIVE CENTS SB,622623,735486,63534,136658,23287,4500317,27135.0,23287_20251231,1,1,0.030592490246346353,0.04481531858651941,1-10bn
1332298,SI,107644.0,20251231,1753765,2007879,1753765,FLORENCE BANK,599044,422841,17644,86218,23293,1233095,0.0,23293_20251231,1,1,0.04916166076982948,0.05922230173369864,1-10bn
4974654,NM,380846.0,20251231,5955731,8538245,5955731,SALEM FIVE CENTS SB,1532749,1108259,19473,75555,23296,6521887,0.0,23296_20251231,1,1,0.012686100161340396,0.015955723990892134,1-10bn
925704,SM,449039.0,20251231,1249974,1434762,1249974,WATERTOWN SAVINGS BANK,609816,324278,26816,104447,23298,634958,0.0,23298_20251231,1,1,0.08355933803423111,0.10501258426175264,1-10bn
58847,NM,4.0,20251231,67983,100637,67983,UNITED ORIENT BANK,1978,9656,0,9945,23373,81340,0.0,23373_20251231,1,1,0.14628657164291073,0.14628657164291073,<1bn
268737,NM,1496.0,20251231,357541,449272,357541,FIRST JACKSON BANK INC,88058,91311,0,12981,23376,316684,14040.0,23376_20251231,1,1,0.036306325708100606,0.036306325708100606,<1bn
97286,N,0.0,20251231,118153,135202,118153,EVERGREEN NATIONAL BANK,29023,20941,29023,3066,23404,95973,0.0,23404_20251231,1,1,0.025949404585579715,0.2715885335116332,<1bn
139058,N,11363.0,20251231,238154,269128,238154,FIRST NB OF BURLESON,62260,99197,0,99836,23430,100896,0.0,23430_20251231,1,1,0.41920773952988405,0.41920773952988405,<1bn
1170,N,0.0,20251231,1420,1351491,1420,BANK OF NY MELLON TR CO NA,98977,250,98977,254431,23472,0,0.0,23472_20251231,1,1,179.17676056338027,248.87887323943661,1-10bn
1859713,SM,531686.0,20251231,2432335,2929264,2432335,FIRST FIDELITY BANK,630645,576370,2917,61108,23473,2074255,22228.0,23473_20251231,1,1,0.025123184100874264,0.026322443248976805,1-10bn
2716613,N,989651.0,20251231,6516976,6881835,6516976,AMERICAN NB OF TEXAS,1783603,3852262,58877,1522130,23474,3291800,190051.0,23474_20251231,1,1,0.2335638492454169,0.24259825415959796,1-10bn
3508438,SI,88501.0,20251231,4961158,6376892,4961158,TBK BANK SSB,368864,1466364,0,248342,23498,4955252,811015.0,23498_20251231,1,1,0.050057264856309756,0.050057264856309756,1-10bn
108829,NM,18847.0,20251231,139906,155974,139906,CITIZENS BANK INC,57967,31077,0,6389,23523,85625,11112.0,23523_20251231,1,1,0.045666375995311134,0.045666375995311134,<1bn
363891,SM,87761.0,20251231,807950,1420052,807950,BANKERS BANK,182921,448233,12906,43869,23537,1093945,208182.0,23537_20251231,1,1,0.05429667677455288,0.0702704375270747,1-10bn
216597,NM,39339.0,20251231,281996,355036,281996,MUNICIPAL TRUST&SAVINGS BANK,56836,65692,0,34188,23546,256539,0.0,23546_20251231,1,1,0.12123576220939304,0.12123576220939304,<1bn
97701,NM,4645.0,20251231,110059,132564,110059,COMMUNITY BK EL DORADO SPRIN,18811,12605,3878,7553,23551,82896,0.0,23551_20251231,1,1,0.06862682742892448,0.103862473764072,<1bn
294053,N,42736.0,20251231,327631,375922,327631,LAMAR NATIONAL BANK,82092,33578,0,7684,23597,239985,8872.0,23597_20251231,1,1,0.02345321413419365,0.02345321413419365,<1bn
1155153,SI,111426.0,20251231,2017644,2564524,2017644,DEDHAM INST FOR SVG,471178,862873,33268,31176,23620,1969939,111808.0,23620_20251231,1,1,0.015451685232875571,0.03194022334960974,1-10bn
1658070,NM,133569.0,20251231,2551445,3122402,2551445,BRISTOL COUNTY SAVINGS BANK,321094,906479,1374,37919,23622,2629602,0.0,23622_20251231,1,1,0.014861774406267821,0.015400292775270484,1-10bn
3947220,NM,880894.0,20251231,5276842,6624353,5276842,WASHINGTON TR CO OF WESTERLY,953220,1417127,15092,96058,23623,5133510,268527.0,23623_20251231,1,1,0.018203690768076815,0.021063734711026027,1-10bn
3121370,NM,591199.0,20251231,5271632,7038402,5271632,REPUBLIC BANK&TRUST CO,886521,2152181,34854,221971,23627,5478459,102162.0,23627_20251231,1,1,0.04210669485275148,0.04871830962404052,1-10bn
195047,N,137321.0,20251231,2450680,2972669,2450680,TIB NATIONAL ASSN,137321,2255633,0,848276,23647,1769245,0.0,23647_20251231,1,1,0.3461390307996148,0.3461390307996148,1-10bn
405970,N,22332.0,20251231,485562,565153,485562,VAST BANK NATIONAL ASSN,37660,79854,0,72985,23737,376328,117786.0,23737_20251231,1,1,0.15031036201350187,0.15031036201350187,<1bn
172510,N,0.0,20251231,192369,236745,192369,MISSION NATIONAL BANK,0,28824,0,29314,23749,196631,56549.0,23749_20251231,1,1,0.15238421991069248,0.15238421991069248,<1bn
230865,SM,30829.0,20251231,305299,338567,305299,FMS BANK,44998,74693,1993,6324,23764,256357,9000.0,23764_20251231,1,1,0.020714119600784803,0.027242146223865785,<1bn
440907,NM,487347.0,20251231,657878,736936,657878,COMMERCE BANK,490230,219768,0,6431,23772,156216,0.0,23772_20251231,1,1,0.009775368685379355,0.009775368685379355,<1bn
192327,N,23107.0,20251231,323835,383093,323835,MCCURTAIN COUNTY NB,100062,131878,0,60001,23798,146800,0.0,23798_20251231,1,1,0.1852826284990813,0.1852826284990813,<1bn
1043301,SM,382108.0,20251231,2056915,2357533,2056915,TEXAS FIRST BANK,817817,1015124,47484,147612,23799,1280490,0.0,23799_20251231,1,1,0.07176378216892774,0.09484883915961526,1-10bn
118247,NM,3053.0,20251231,151758,186022,151758,UNITED PACIFIC BANK,12106,33701,998,34497,23805,135106,0.0,23805_20251231,1,1,0.22731585814256908,0.23389211771372845,<1bn
584681,NM,222.0,20251231,812186,1052047,812186,TRAILWEST BANK,48975,228582,0,89949,23806,863907,13693.0,23806_20251231,1,1,0.11074926186858675,0.11074926186858675,1-10bn
209862,NM,25927.0,20251231,304409,355807,304409,FIRST STB OF DEKALB COUNTY,81270,95132,12133,29583,23815,190714,0.0,23815_20251231,1,1,0.09718175218209711,0.1370393122410967,<1bn
260,SM,0.0,20251231,1010,39162,1010,BANK OF JACKSON HOLE TRUST,0,750,0,26999,23826,2301,0.0,23826_20251231,1,1,26.73168316831683,26.73168316831683,<1bn
121815,NM,0.0,20251231,220388,278782,220388,SUMMIT BANK,396,99988,396,75262,23864,185070,0.0,23864_20251231,1,1,0.3414977221990308,0.3432945532424633,<1bn
335632,N,9256.0,20251231,560138,625207,560138,AMERICAN BANK NATIONAL ASSN,39366,224985,17729,94666,23886,469105,0.0,23886_20251231,1,1,0.16900478096469085,0.200655909793658,<1bn
453406,NM,133776.0,20251231,516958,761724,516958,ONEUNITED BANK,148550,65563,3026,176822,23966,401576,106200.0,23966_20251231,1,1,0.34204326076779934,0.34789673435753,<1bn
93016,SM,658.0,20251231,112420,128779,112420,MINNESOTA LAKES BANK,20921,19557,18592,20090,23986,80491,0.0,23986_20251231,1,1,0.17870485678704856,0.34408468244084683,<1bn
74361,SM,4989.0,20251231,82202,95121,82202,MINERS EXCHANGE BANK,18072,8094,0,6222,23989,57696,0.0,23989_20251231,1,1,0.07569158901243278,0.07569158901243278,<1bn
1261085,SI,159053.0,20251231,1667921,2202448,1667921,COUNTRY BANK FOR SAVINGS,336005,409043,0,98295,23992,1707742,113581.0,23992_20251231,1,1,0.05893264728964981,0.05893264728964981,1-10bn
656095,NM,96671.0,20251231,1142963,1342534,1142963,STATE BANK OF INDIA CA,121087,490669,18580,37734,23998,1155203,149062.0,23998_20251231,1,1,0.0330141920604604,0.04927018634898943,1-10bn
188202,NM,0.0,20251231,328187,380381,328187,HARBOR BANK OF MARYLAND,116590,140304,0,28923,24015,211068,0.0,24015_20251231,1,1,0.0881296334102204,0.0881296334102204,<1bn
9122,N,0.0,20251231,9887,31222,9887,BRAZOS NATIONAL BANK,0,766,0,5022,24038,21400,0.0,24038_20251231,1,1,0.5079397188226965,0.5079397188226965,<1bn
19872359,SM,2496186.0,20251231,27999648,34710463,27999648,BANC OF CALIFORNIA,4762694,8163820,193022,2303206,24045,24970011,6714911.0,24045_20251231,1,1,0.08225839124834712,0.08915212076951824,10-100bn
52931,NM,29856.0,20251231,78472,88610,78472,ATASCOSA BANK,48602,25695,0,16352,24064,21597,0.0,24064_20251231,1,1,0.208380059129371,0.208380059129371,<1bn
63358,N,1750.0,20251231,90190,103246,90190,CITIZENS NATIONAL BANK,33968,26838,12634,18972,24085,36606,0.0,24085_20251231,1,1,0.21035591528994346,0.350437964297594,<1bn
3579226,NM,700578.0,20251231,6271808,7436315,6271808,OCEAN BANK,991397,2709522,154331,201625,24156,5892502,200000.0,24156_20251231,1,1,0.032147827229404985,0.05675492617120932,1-10bn
3782018,NM,617935.0,20251231,6686435,7822274,6686435,HANMI BANK,834396,2939177,82482,212842,24170,6500868,88503.0,24170_20251231,1,1,0.03183191042760455,0.04416763192942128,1-10bn
107702,N,3374.0,20251231,166226,212529,166226,CAPITOL NATIONAL BANK,3374,58546,0,36551,24199,164670,0.0,24199_20251231,1,1,0.21988738223863896,0.21988738223863896,<1bn
105200,N,0.0,20251231,141565,168938,141565,BANK OF WHITTIER NA,0,36492,0,81011,24211,82484,0.0,24211_20251231,1,1,0.5722530286440858,0.5722530286440858,<1bn
37756,NM,0.0,20251231,60470,74340,60470,PAVILLION BANK,0,22757,0,12670,24303,56983,0.0,24303_20251231,1,1,0.20952538448817595,0.20952538448817595,<1bn
192785,N,34550.0,20251231,286238,319352,286238,LLANO NATIONAL BANK,99276,93888,0,33586,24305,161927,0.0,24305_20251231,1,1,0.11733592325267785,0.11733592325267785,<1bn
176856,NM,0.0,20251231,259394,500519,259394,FIRST CREDIT BANK,7564,88166,1955,68387,24332,378612,77337.0,24332_20251231,1,1,0.26364141036415645,0.2711782076686431,<1bn
1157817,N,26611.0,20251231,2905855,3282339,2905855,LONE STAR NATIONAL BANK,1016602,1750309,81282,391694,24347,1686337,0.0,24347_20251231,1,1,0.1347947505983609,0.1627665523572236,1-10bn
393950,NM,45926.0,20251231,584147,661715,584147,FIRST COMMUNITY BANK,164723,191754,993,19192,24353,448670,0.0,24353_20251231,1,1,0.03285474375456863,0.034554658330865344,<1bn
43275,N,270.0,20251231,55753,65847,55753,CITY NATIONAL BANK,8092,12777,4116,13268,24367,41334,0.0,24367_20251231,1,1,0.2379782253869747,0.31180384912022674,<1bn
1601769,N,7436.0,20251231,2211889,2902760,2211889,INDUSTRIAL&COMMERCIAL BK CHI,7436,618737,0,97574,24387,2719686,555471.0,24387_20251231,1,1,0.04411342522160922,0.04411342522160922,1-10bn
82130,N,156.0,20251231,108542,121253,108542,PROGRESSIVE NATIONAL BANK,12753,26603,10013,16898,24443,81972,0.0,24443_20251231,1,1,0.15568167161098928,0.24793167621750106,<1bn
456356,SM,46546.0,20251231,565768,684117,565768,AMERICAN NATION BANK,160545,110775,9286,29862,24472,467984,12140.0,24472_20251231,1,1,0.05278135207364149,0.06919444012386702,<1bn
214600,NM,14312.0,20251231,258760,291755,258760,FIRST STATE BANK,62169,44391,6658,51525,24498,165304,10392.0,24498_20251231,1,1,0.19912273921780801,0.22485314577214408,<1bn
1029205,NM,388558.0,20251231,2298705,2631077,2298705,INTERAUDI BANK,504505,1276253,250,543541,24516,1522757,85629.0,24516_20251231,1,1,0.2364553085324128,0.2365640654194427,1-10bn
1075154,NM,459.0,20251231,1473041,1806903,1473041,BANK OF NEW ENGLAND,11263,398722,0,180733,24540,1562747,430829.0,24540_20251231,1,1,0.12269380146241686,0.12269380146241686,1-10bn
694463,SM,60611.0,20251231,1924240,2204513,1924240,TEXAS COMMUNITY BANK,625800,1233527,562371,416474,24563,1103608,0.0,24563_20251231,1,1,0.21643557976136032,0.5086917432336923,1-10bn
326135,N,53385.0,20251231,496837,558878,496837,FIRST COMMERCIAL BANK NA,69964,171896,0,153909,24603,306499,0.0,24603_20251231,1,1,0.3097776534356338,0.3097776534356338,<1bn
86231,N,0.0,20251231,166941,197700,166941,TRIAD BANK NATIONAL ASSN,0,80811,0,8960,24677,163805,21495.0,24677_20251231,1,1,0.05367165645347757,0.05367165645347757,<1bn
1242195,NM,6085.0,20251231,1427450,1580518,1427450,INTERNATIONAL FINANCE BANK,51575,188042,21395,269779,24823,1222723,82277.0,24823_20251231,1,1,0.18899366002311815,0.20398192581176222,1-10bn
183701,SM,124287.0,20251231,571006,939576,571006,ATLANTIC CMTY BANKERS BANK,194448,391132,0,117784,24829,549366,42011.0,24829_20251231,1,1,0.20627454002234652,0.20627454002234652,<1bn
100426,NM,1333.0,20251231,124508,147440,124508,FIRST NM BANK OF SILVER CITY,45184,24156,0,3181,24865,81623,0.0,24865_20251231,1,1,0.025548559128730684,0.025548559128730684,<1bn
3812,NM,0.0,20251231,139745,241941,139745,BNY MELLON TRUST OF DELAWARE,0,135933,0,162410,24867,7020,0.0,24867_20251231,1,1,1.1621882714945078,1.1621882714945078,<1bn
1174535,N,125683.0,20251231,2238542,2588004,2238542,COMMUNITY NATIONAL BANK,250365,1066282,23170,630472,24897,1590439,0.0,24897_20251231,1,1,0.2816440343759465,0.29199452143404053,1-10bn
46453,N,17376.0,20251231,66992,77847,66992,FIRST NB OF S PADRE ISL,22572,20559,1245,14471,24902,38589,0.0,24902_20251231,1,1,0.21601086696919036,0.23459517554334847,<1bn
649641,SM,182271.0,20251231,1084382,1194143,1084382,UWHARRIE BANK,379687,435138,23997,73329,24919,692161,0.0,24919_20251231,1,1,0.0676228487746938,0.08975250419132741,1-10bn
1240268,NM,75273.0,20251231,3378806,3956261,3378806,WOORI AMERICA BANK,134425,2158768,0,724700,24920,2994196,76406.0,24920_20251231,1,1,0.21448405146670155,0.21448405146670155,1-10bn
419881,NM,106529.0,20251231,530860,586478,530860,GRAND VALLEY BANK,264328,111294,36775,15684,24922,281685,0.0,24922_20251231,1,1,0.0295445126775421,0.09881889763779528,<1bn
345701,NM,292828.0,20251231,438102,512448,438102,INTERNATIONAL BK OF COM,295541,93682,0,12326,24961,140317,0.0,24961_20251231,1,1,0.028135000524991897,0.028135000524991897,<1bn
164891,SM,12407.0,20251231,183896,203372,183896,VALLEY BANK OF RONAN,21725,19112,0,37903,24966,136833,0.0,24966_20251231,1,1,0.20611106277461175,0.20611106277461175,<1bn
16143295,SM,3658794.0,20251231,25937792,32722351,25937792,COMMERCE BANK,9137509,9955721,3279099,3559553,24998,17596124,0.0,24998_20251231,1,1,0.13723423335340187,0.2636559040954604,10-100bn
63185,N,591.0,20251231,72530,74444,72530,SUMMIT NATIONAL BANK,12259,9426,11661,20452,25054,39119,22000.0,25054_20251231,1,1,0.2819798703984558,0.4427547221839239,<1bn
1250192,NM,243882.0,20251231,1815079,2739028,2346834,HABIB AMERICAN BANK,314330,580263,14994,480287,25093,1827713,100000.0,25093_20251231,1,1,0.26460941920434317,0.2728702166682552,1-10bn
2565351,NM,373143.0,20251231,3953902,4478487,3953902,CITY BANK,567540,1398668,0,552054,25103,3109364,210760.0,25103_20251231,1,1,0.13962258042814416,0.13962258042814416,1-10bn
494987,NM,88105.0,20251231,531909,688184,531909,FINANCE FACTORS LTD,97863,37725,0,8273,25158,471990,0.0,25158_20251231,1,1,0.015553412331808637,0.015553412331808637,<1bn
72688,N,0.0,20251231,99911,121004,99911,COMMUNITY NB OF OKARCHE,63989,27733,16650,2607,25161,42669,0.0,25161_20251231,1,1,0.026093222968441913,0.1927415399705738,<1bn
274720,NM,24194.0,20251231,376542,448059,376542,MEADE COUNTY BANK,40780,102902,0,11517,25173,376381,28000.0,25173_20251231,1,1,0.03058622942460602,0.03058622942460602,<1bn
12389000,N,0.0,20251231,13089000,15505000,13089000,BANK OF AMERICA CA NA,0,762000,0,5717000,25178,9721000,2563000.0,25178_20251231,1,1,0.4367789747115899,0.4367789747115899,10-100bn
111925,N,68363.0,20251231,451600,1067690,451600,FIRST NATIONAL BANKERS BANK,68538,339675,0,315885,25247,530804,0.0,25247_20251231,1,1,0.6994796279893711,0.6994796279893711,1-10bn
475488,N,32474.0,20251231,885777,996220,885777,C3BANK NATIONAL ASSN,32474,410615,0,340081,25249,599338,158797.0,25249_20251231,1,1,0.3839352342632514,0.3839352342632514,<1bn
1152455,N,362740.0,20251231,1389941,1610849,1389941,INTERCREDIT BANK NA,584375,239523,0,143383,25258,841245,203792.0,25258_20251231,1,1,0.10315761604269534,0.10315761604269534,1-10bn
204155,NM,5801.0,20251231,354157,483620,354157,TRUBANK,123727,150941,89854,32644,25267,288221,0.0,25267_20251231,1,1,0.09217380992045901,0.3458861465395291,<1bn
408311,NM,20992.0,20251231,456405,542866,456405,BANK OF THE VALLEY,68260,49136,0,17647,25291,429626,111221.0,25291_20251231,1,1,0.038665220582596596,0.038665220582596596,<1bn
76104,SM,2552.0,20251231,185669,211561,185669,BOC BANK,27746,109707,24858,25065,25328,154623,0.0,25328_20251231,1,1,0.13499830343245237,0.26888171961932256,<1bn
41277,NM,4.0,20251231,47662,60421,47662,CEDAR SECURITY BANK,8491,6534,1235,16998,25591,33336,235.0,25591_20251231,1,1,0.3566363140447317,0.3825479417565356,<1bn
1009440,N,0.0,20251231,1085400,1966557,1085400,CREDIT ONE BANK NA,14009,76520,0,208796,25620,1462174,0.0,25620_20251231,1,1,0.1923677906762484,0.1923677906762484,1-10bn
429268,NM,67166.0,20251231,657972,741121,657972,SAGE CAPITAL BANK,109545,229725,0,82249,25621,461869,0.0,25621_20251231,1,1,0.1250037995537804,0.1250037995537804,<1bn
102982,N,11176.0,20251231,131958,167237,131958,BEACON BUSINESS BANK NA,39178,29181,7861,7041,25644,112002,17035.0,25644_20251231,1,1,0.05335788660028191,0.11292987162582034,<1bn
657154,N,191556.0,20251231,806502,890612,806502,COMMUNITY NATIONAL BANK,332916,150771,3318,96963,25665,411784,0.0,25665_20251231,1,1,0.12022660824151707,0.12434067119486375,<1bn
2679286,NM,1781848.0,20251231,3778750,4387332,3778750,INTERNATIONAL BK OF COM,1981794,1109126,199846,60003,25679,1497416,0.0,25679_20251231,1,1,0.015879060535891498,0.0687658617267615,1-10bn
132974,NM,0.0,20251231,151716,174817,151716,BANK OF WEST,0,18983,0,7625,25703,153365,0.0,25703_20251231,1,1,0.0502583774947929,0.0502583774947929,<1bn
236648,NM,0.0,20251231,304222,365328,304222,MURPHY BANK,0,67871,0,43379,25726,302341,40466.0,25726_20251231,1,1,0.14258995075964262,0.14258995075964262,<1bn
607951,SM,136658.0,20251231,1122926,1360197,1122926,SOVEREIGN BANK,163664,515584,0,28614,25738,1054739,0.0,25738_20251231,1,1,0.025481643492091196,0.025481643492091196,1-10bn
62411,SM,0.0,20251231,68126,73025,68126,SMALL BUSINESS BANK,0,5810,0,7503,25744,61694,0.0,25744_20251231,1,1,0.11013416316824708,0.11013416316824708,<1bn
92331,N,144.0,20251231,105738,147425,105738,EASTBANK NATIONAL ASSN,28755,14612,0,17984,25749,91646,0.0,25749_20251231,1,1,0.17008076566608032,0.17008076566608032,<1bn
90144,NM,0.0,20251231,114431,133307,114431,COMMUNITY BANK,0,25033,0,13782,25750,81901,6000.0,25750_20251231,1,1,0.12043939142365268,0.12043939142365268,<1bn
166055,NM,0.0,20251231,275690,310210,275690,COMMUNITY BANK,0,109827,0,57349,25752,246146,0.0,25752_20251231,1,1,0.20801987739852734,0.20801987739852734,<1bn
269971,NM,97494.0,20251231,494821,547827,494821,PEOPLES BANK&TRUST,225121,225547,5968,41588,25795,256559,0.0,25795_20251231,1,1,0.08404655420849155,0.0961074812912144,<1bn
239516,NM,526.0,20251231,268292,288221,268292,COMMUNITY B&T WEST GEORGIA,23430,29943,0,32079,25796,186254,5000.0,25796_20251231,1,1,0.11956748617178298,0.11956748617178298,<1bn
55934,NM,9353.0,20251231,55934,182351,55934,HATCH BANK,32091,0,0,30459,25803,116324,55841.0,25803_20251231,1,1,0.5445525083133693,0.5445525083133693,<1bn
110616,SM,1213.0,20251231,267273,359188,267273,MIDWEST IND BANKERSBANK,22604,156978,0,43104,25849,253655,39588.0,25849_20251231,1,1,0.16127330482315835,0.16127330482315835,<1bn
3522455,SM,816484.0,20251231,5181640,6326745,5181640,EQUITY BANK,1032576,1666803,33504,609770,25858,4146815,71775.0,25858_20251231,1,1,0.11767895878524946,0.12414486533221142,1-10bn
177490,NM,1531.0,20251231,195827,234246,195827,METROPOLITAN BANK,4672,18581,0,36455,25869,182745,0.0,25869_20251231,1,1,0.1861592119574931,0.1861592119574931,<1bn
301250,SM,23433.0,20251231,436083,610592,436083,FIRST EAGLE BANK,131268,135728,0,30923,25883,421394,869.0,25883_20251231,1,1,0.07091081284984739,0.07091081284984739,<1bn
764009,NM,277592.0,20251231,1164594,1393727,1164594,RIO BANK,396702,401285,25365,67387,25886,780651,735.0,25886_20251231,1,1,0.05786308361540588,0.07964320613020504,1-10bn
317531,N,56969.0,20251231,380703,462466,380703,FIRST NATIONAL BANK,80626,64412,6312,22206,25894,333761,0.0,25894_20251231,1,1,0.058328933578143595,0.07490878716479775,<1bn
82855,NM,1779.0,20251231,135402,164895,135402,VALLEY STATE BANK,63422,53206,0,13401,26021,83618,0.0,26021_20251231,1,1,0.09897195019275934,0.09897195019275934,<1bn
550811,N,15853.0,20251231,736497,834839,736497,TEXAS NB OF JACKSONVILLE,20829,186415,0,131234,26181,660023,0.0,26181_20251231,1,1,0.17818674074707705,0.17818674074707705,<1bn
272249,SM,7685.0,20251231,450012,508166,450012,CHARTER WEST BANK,28999,178479,13401,36387,26185,409349,21068.0,26185_20251231,1,1,0.08085784379083225,0.11063704967867524,<1bn
80139,SM,0.0,20251231,118473,174139,118473,HAVERFORD TRUST CO,23908,38877,2600,25258,26189,112845,0.0,26189_20251231,1,1,0.21319625568694978,0.23514218429515585,<1bn
319252,SM,4786.0,20251231,431290,484210,431290,BANK OF COMMERCE,114018,113046,21379,29908,26217,317075,0.0,26217_20251231,1,1,0.06934545201604489,0.11891534698230889,<1bn
1468281,N,24465.0,20251231,1867661,2219657,1867661,GOLDEN BANK NATIONAL ASSN,63903,417855,6995,253690,26223,1846109,104003.0,26223_20251231,1,1,0.13583300181349828,0.13957832818696755,1-10bn
100125,N,3315.0,20251231,116839,133305,116839,FIRST NB OF DUBLIN,3535,16811,0,32437,26228,92640,0.0,26228_20251231,1,1,0.27762134218882395,0.27762134218882395,<1bn
56709,N,3811.0,20251231,64030,70196,64030,FIRST NB IN MARLOW,13271,7420,957,2482,26260,50598,0.0,26260_20251231,1,1,0.03876307980634078,0.05370919881305638,<1bn
166874,NM,271.0,20251231,195648,246729,195648,HOME BANK OF CALIFORNIA,271,28774,0,16651,26271,225651,0.0,26271_20251231,1,1,0.08510692672554793,0.08510692672554793,<1bn
915224,N,189806.0,20251231,1204061,1472558,1204061,PACIFIC NATIONAL BANK,384350,290016,19931,117152,26299,917185,63314.0,26299_20251231,1,1,0.09729739606215965,0.11385054411695089,1-10bn
2353566,SB,4581298.0,20251231,6243851,6769876,6243851,FIRST AMERICAN TRUST FSB,5937316,3894740,56680,682457,26312,0,0.0,26312_20251231,1,1,0.10930065435578139,0.11837838539068277,1-10bn
176317,N,15885.0,20251231,581323,652158,581323,FLORIDA CAPITAL BANK NA,22445,405060,0,114263,26323,493470,2206.0,26323_20251231,1,1,0.1965568195306224,0.1965568195306224,<1bn
706292,NM,99711.0,20251231,1048205,1308838,1048205,GENESEE REGIONAL BANK,201002,343520,0,121309,26333,919791,105013.0,26333_20251231,1,1,0.11573022452669086,0.11573022452669086,1-10bn
862934,SI,92699.0,20251231,1806624,2049182,1806624,VILLAGE BANK,317874,943693,40902,11760,26336,1660359,0.0,26336_20251231,1,1,0.006509378819278389,0.029149396886125722,1-10bn
120134,NM,33006.0,20251231,138617,155226,138617,FLINT HILLS BANK,56678,18685,10016,3829,26340,79557,0.0,26340_20251231,1,1,0.027622874539197935,0.09987952415648874,<1bn
6599839,N,1171838.0,20251231,7059129,8044396,7059129,RBC BANK GEORGIA NA,4341445,462714,2198774,449800,26342,3126188,0.0,26342_20251231,1,1,0.0637189092308697,0.37519841328866493,1-10bn
125837,N,41689.0,20251231,197079,227767,197079,UNITY NB OF HOUSTON,51842,71964,0,13035,26351,135519,75893.0,26351_20251231,1,1,0.0661409891464844,0.0661409891464844,<1bn
112486,NM,4451.0,20251231,152652,170564,152652,STATE BANK OF SOUTHWEST MO,7423,40290,2972,19568,26358,139024,0.0,26358_20251231,1,1,0.12818698739616907,0.147656106700207,<1bn
268906,NM,3953.0,20251231,310462,411533,310462,COMMUNITY COMMERCE BANK,3953,41582,0,62413,26363,299429,34250.0,26363_20251231,1,1,0.20103265455997835,0.20103265455997835,<1bn
210966,N,64476.0,20251231,326198,382853,326198,PIKE NATIONAL BANK,136566,116251,3280,25116,26379,196348,0.0,26379_20251231,1,1,0.07699618023409095,0.08705142275550433,<1bn
745112,N,281721.0,20251231,1415631,1622375,1415631,BONVENU BANK NATIONAL ASSN,340483,672435,0,192242,26381,1007185,23733.0,26381_20251231,1,1,0.1357995127261271,0.1357995127261271,1-10bn
250,NM,0.0,20251231,3020,140278,3020,DEUTSCHE BANK TR CO DELAWARE,0,2771,0,138397,26392,0,0.0,26392_20251231,1,1,45.82682119205298,45.82682119205298,<1bn
238990,SI,47080.0,20251231,314178,432006,314178,PITTSFIELD COOP BANK,69789,75189,1322,16067,26393,319335,10830.0,26393_20251231,1,1,0.05113979973136248,0.05534760549752051,<1bn
642728,SI,33444.0,20251231,936065,1252824,936065,MUTUALONE BANK,107697,294603,5149,152565,26395,942061,120097.0,26395_20251231,1,1,0.16298547643593125,0.16848616281988965,1-10bn
584750,SM,152728.0,20251231,744039,845767,744039,GREENFIELD COOP BANK,193652,155767,6640,80175,26397,523084,0.0,26397_20251231,1,1,0.10775644825069654,0.11668071162936351,<1bn
368260,SI,62183.0,20251231,520378,636312,520378,HAVERHILL BANK,124669,152137,15080,15066,26411,470027,0.0,26411_20251231,1,1,0.028952031023602075,0.05793096556733759,<1bn
53469,NM,139.0,20251231,59521,68710,59521,COMMUNITY STB OF CANTON,8498,6128,3448,2572,26416,52118,0.0,26416_20251231,1,1,0.04321163958938862,0.10114077384452547,<1bn
392471,N,48061.0,20251231,771188,853422,771188,TERRABANK NATIONAL ASSN,195319,378945,40669,68591,26442,559378,22773.0,26442_20251231,1,1,0.0889419959854147,0.1416775157289792,<1bn
700027,SI,54053.0,20251231,1144175,1605360,1144175,EVERETT COOP BANK,90081,445297,0,94920,26444,1372171,133970.0,26444_20251231,1,1,0.08295933751392925,0.08295933751392925,1-10bn
115297,SM,14073.0,20251231,131743,158955,131743,CANTON COOP BANK,34354,16446,0,16050,26450,102992,14134.0,26450_20251231,1,1,0.12182810471903631,0.12182810471903631,<1bn
790343,SI,124494.0,20251231,1154353,1378852,1154353,FIDELITY COOP BANK,193787,355231,29693,28339,26451,1019223,43589.0,26451_20251231,1,1,0.02454968280933129,0.05027231704686522,1-10bn
446421,SI,109109.0,20251231,554620,790358,554620,SAVERS COOP BANK,125725,108199,0,9915,26455,608572,29957.0,26455_20251231,1,1,0.017877105044895605,0.017877105044895605,<1bn
4201217,SM,80828.0,20251231,5858918,6926702,5858918,NEEDHAM BANK,268959,1659251,95783,334761,26483,5964429,535681.0,26483_20251231,1,1,0.057137000381299076,0.07348524079019368,1-10bn
1901375,SM,239679.0,20251231,2620054,3233778,2620054,NORTH SHORE BANK A COOP BANK,365845,718679,1982,92682,26484,2460015,0.0,26484_20251231,1,1,0.03537408007621217,0.03613055303440311,1-10bn
383599,SM,33042.0,20251231,502158,637370,502158,WALPOLE COOP BANK,69503,118719,0,19937,26487,531730,24999.0,26487_20251231,1,1,0.03970264339112391,0.03970264339112391,<1bn
301265,N,5852.0,20251231,343006,474845,343006,AMERICAN NB OF MINNESOTA,8571,43573,0,6240,26499,399010,95101.0,26499_20251231,1,1,0.01819210159589045,0.01819210159589045,<1bn
102473,SI,2321.0,20251231,125072,138458,125072,METHUEN COOP BANK,15492,22670,7318,13638,26512,103462,0.0,26512_20251231,1,1,0.10904119227325061,0.16755149034156325,<1bn
101504,SM,8651.0,20251231,117654,135259,117654,STOUGHTON COOP BANK,12092,16150,0,9010,26513,109054,0.0,26513_20251231,1,1,0.07658048175157665,0.07658048175157665,<1bn
841345,SI,66665.0,20251231,1337496,1669051,1337496,CAPE&COAST BANK,108641,497802,0,28772,26517,1448028,30250.0,26517_20251231,1,1,0.02151184003540945,0.02151184003540945,1-10bn
107233,NM,0.0,20251231,123976,141764,123976,SECURITY BANK OF SW MO,13530,17172,11038,9286,26520,116591,0.0,26520_20251231,1,1,0.07490159385687552,0.1639349551526102,<1bn
418554,NM,11245.0,20251231,541018,615337,541018,THE BANK,109037,123607,0,105308,26522,371962,0.0,26522_20251231,1,1,0.19464786753860316,0.19464786753860316,<1bn
938612,SM,149846.0,20251231,1332673,1568009,1332673,BANKHOMETOWN,168454,394061,7989,59044,26523,1268292,0.0,26523_20251231,1,1,0.04430494202253666,0.050299660907064225,1-10bn
334468,NM,59852.0,20251231,446390,512791,446390,DENALI STATE BANK,116583,113599,0,6223,26530,365907,20000.0,26530_20251231,1,1,0.01394072447859495,0.01394072447859495,<1bn
223403,SI,3048.0,20251231,314423,390316,314423,BANKGLOUCESTER,30745,92058,10082,10977,26536,337043,7135.0,26536_20251231,1,1,0.03491156817408396,0.06697665247135229,<1bn
81773,NM,0.0,20251231,235897,270937,235897,MICRONESIA,113688,154190,106169,90855,26539,62197,0.0,26539_20251231,1,1,0.3851469073366766,0.83521197810909,<1bn
163020,N,19446.0,20251231,238655,265894,238655,BANK OF DESOTO NATIONAL ASSN,25810,76169,5874,78456,26542,153559,0.0,26542_20251231,1,1,0.3287423267897174,0.3533552617795563,<1bn
724814,N,24715.0,20251231,1034910,1154876,1034910,FIRST NATIONAL BANK,51056,311926,0,82912,26543,973763,275792.0,26543_20251231,1,1,0.08011517909769932,0.08011517909769932,1-10bn
156667,SM,26328.0,20251231,218996,245000,218996,BANK OF EASTON,58760,62329,0,56918,26554,120332,0.0,26554_20251231,1,1,0.259904290489324,0.259904290489324,<1bn
587979,SI,26093.0,20251231,830956,1031209,830956,ONELOCAL BANK,97968,253773,0,5296,26555,881239,24415.0,26555_20251231,1,1,0.00637338198412431,0.00637338198412431,1-10bn
534197,SI,67989.0,20251231,715062,882775,715062,STONEHAMBANK A COOP BANK,94425,180930,0,58052,26559,705671,37074.0,26559_20251231,1,1,0.08118456861083374,0.08118456861083374,<1bn
357226,NM,48059.0,20251231,539267,601620,539267,DELTA BANK,127517,182605,2881,25487,26564,430254,30883.0,26564_20251231,1,1,0.047262302347445696,0.05260473939625455,<1bn
48300,SI,0.0,20251231,61346,88121,61346,NORTH CAMBRIDGE COOP BANK,17262,13131,7930,23674,26567,46547,0.0,26567_20251231,1,1,0.38590943174779124,0.5151762136080592,<1bn
131939,SI,35.0,20251231,171635,188457,171635,WRENTHAM COOP BANK,22714,40083,0,41284,26576,112934,0.0,26576_20251231,1,1,0.24053369068080518,0.24053369068080518,<1bn
74938,NM,5256.0,20251231,93910,103360,93910,DEDICATED COMMUNITY BANK,13250,19018,0,10391,26588,74686,1958.0,26588_20251231,1,1,0.11064849323820679,0.11064849323820679,<1bn
587773,SM,35695.0,20251231,759744,948632,759744,COASTAL HERITAGE BANK,105871,172266,51340,30508,26591,770436,20000.0,26591_20251231,1,1,0.04015563137056693,0.10773102518743155,<1bn
221706,SM,43095.0,20251231,298687,321998,298687,CHARLES RIVER BANK,47772,76863,0,22916,26602,231540,0.0,26602_20251231,1,1,0.07672245527927228,0.07672245527927228,<1bn
9721104,NM,1772971.0,20251231,15620679,18526390,15620679,BANK OF HOPE,2077324,5976406,0,560059,26610,14631256,901957.0,26610_20251231,1,1,0.03585369112315796,0.03585369112315796,10-100bn
775248,SM,116518.0,20251231,1114066,1242761,1114066,READING COOP BANK,139544,340868,0,10911,26620,935004,70078.0,26620_20251231,1,1,0.009793854224076491,0.009793854224076491,1-10bn
586414,SM,129313.0,20251231,811915,1091686,811915,UNITED TEXAS BANK,192239,251335,0,271684,26626,584782,91536.0,26626_20251231,1,1,0.3346212349814944,0.3346212349814944,1-10bn
348220,NM,41250.0,20251231,748114,829874,748114,BANK OF THE WEST,80638,403560,1971,213017,26627,503425,0.0,26627_20251231,1,1,0.2847386895580085,0.28737331476218864,<1bn
570840,SI,64580.0,20251231,701150,862215,701150,MECHANICS COOP BANK,82953,130793,0,9406,26634,723026,82249.0,26634_20251231,1,1,0.013415103758111674,0.013415103758111674,<1bn
2631507,SI,121542.0,20251231,4744354,5717259,4744354,FIRSTRUST SAVINGS BANK,463037,2245979,68022,496609,26647,4639604,184950.0,26647_20251231,1,1,0.10467368160133077,0.11901114461526269,1-10bn
72001,NM,12091.0,20251231,78501,89097,78501,BANDERA BANK,17559,6531,496,21467,26653,48846,0.0,26653_20251231,1,1,0.2734614845670756,0.2797798754155998,<1bn
35521,NM,6677.0,20251231,42581,54940,42581,AMISTAD BANK,7679,7084,0,5612,26658,34691,0.0,26658_20251231,1,1,0.1317958713980414,0.1317958713980414,<1bn
115110,SM,197.0,20251231,218519,329768,218519,BANKERS BANK,13900,103479,8690,17332,26677,261296,63250.0,26677_20251231,1,1,0.07931575743985649,0.11908346642626041,<1bn
102347,NM,25294.0,20251231,143109,157720,143109,PNB COMMUNITY BANK,33762,41023,0,11919,26687,107744,0.0,26687_20251231,1,1,0.0832861664884808,0.0832861664884808,<1bn
137658,NM,198.0,20251231,166097,334062,166097,BANK OF ALMA,46095,29304,0,87902,26689,194220,0.0,26689_20251231,1,1,0.5292208769574406,0.5292208769574406,<1bn
342121,NM,31602.0,20251231,438965,493522,438965,RIVER CITY BANK INC,79402,97757,0,15591,26703,364877,0.0,26703_20251231,1,1,0.035517638080484776,0.035517638080484776,<1bn
269650,NM,0.0,20251231,361383,409500,361383,BALBOA THRIFT&LOAN ASSN,0,91816,0,28327,26704,366905,51656.0,26704_20251231,1,1,0.07838498213806405,0.07838498213806405,<1bn
83373,NM,0.0,20251231,99171,115921,99171,SPECTRA BANK,19513,16230,18263,24463,26708,69377,0.0,26708_20251231,1,1,0.24667493521291506,0.43083159391354325,<1bn
2245387,NM,903907.0,20251231,2841765,3205995,2841765,BANCO DO BRASIL AMERICAS,917158,598020,0,274045,26725,1964719,0.0,26725_20251231,1,1,0.09643478612763547,0.09643478612763547,1-10bn
108340,NM,14893.0,20251231,135464,167747,135464,BANK OF SOUTH TEXAS,16869,27349,0,20591,26727,114652,0.0,26727_20251231,1,1,0.1520034843205575,0.1520034843205575,<1bn
92648,NM,53301.0,20251231,195284,234554,195284,TEXAS FINANCIAL BANK,65943,102690,9916,29753,26738,115759,3127.0,26738_20251231,1,1,0.15235759201982754,0.20313492144773765,<1bn
24103,NM,0.0,20251231,23968,28940,23968,MINNESOTA 1ST CREDIT&SVG INC,0,0,0,2302,26755,25537,948.0,26755_20251231,1,1,0.09604472630173565,0.09604472630173565,<1bn
423523,NM,17574.0,20251231,658967,740169,658967,GREEN BELT BANK&TRUST,60280,240242,30740,13676,26760,623212,4473.0,26760_20251231,1,1,0.020753694798070314,0.06740246476682443,<1bn
168955,N,122291.0,20251231,564369,799671,564369,HANA BANK USA NATIONAL ASSN,122291,397562,0,172446,26790,473888,35057.0,26790_20251231,1,1,0.30555540789802416,0.30555540789802416,<1bn
84934,NM,0.0,20251231,89827,112990,89827,HOME SAVINGS BANK,0,5043,0,13178,26798,95727,18227.0,26798_20251231,1,1,0.14670422033464325,0.14670422033464325,<1bn
289474,NM,12959.0,20251231,332623,478173,332623,EVABANK,79137,45750,0,12537,26799,376417,17883.0,26799_20251231,1,1,0.03769132020335335,0.03769132020335335,<1bn
7687,NM,343.0,20251231,8182,13027,8182,LIBERTY BANK INC,436,534,0,9926,26816,0,0.0,26816_20251231,1,1,1.2131508188706919,1.2131508188706919,<1bn
162045,N,37613.0,20251231,241439,287263,241439,FIRST NATIONAL BANK OF PASCO,62054,79397,0,6016,26829,183002,7715.0,26829_20251231,1,1,0.024917266887288302,0.024917266887288302,<1bn
78658,NM,0.0,20251231,109674,135423,109674,CHESAPEAKE BANK&TRUST CO,19952,31126,17952,5603,26847,103960,0.0,26847_20251231,1,1,0.05108776920692233,0.21477287233072562,<1bn
1137089,NM,302476.0,20251231,1905323,2178874,1905323,FALCON INTERNATIONAL BANK,374454,773962,15353,295913,26856,1404682,881.0,26856_20251231,1,1,0.15530857497652628,0.16336652630551354,1-10bn
74617,SM,7390.0,20251231,95212,128761,95212,COMMUNITY BANKERS BANK,19022,20671,0,8599,26871,88313,29716.0,26871_20251231,1,1,0.09031424610343235,0.09031424610343235,<1bn
6426315,N,819666.0,20251231,10754502,12464657,10758315,SAFRA NB OF NEW YORK,6264249,4435137,4441879,1885586,26876,3273511,4827154.0,26876_20251231,1,1,0.17532992229672745,0.5883549977488497,10-100bn
36503827,N,2349510.0,20251231,39706752,46568135,39706752,SOFI BANK NATIONAL ASSN,2600697,3224723,224240,5405856,26881,36743813,1402355.0,26881_20251231,1,1,0.13614450257729466,0.14179190481256185,10-100bn
233962,SM,54646.0,20251231,255227,284036,255227,LIBERTY BANK MINNESOTA,86765,21449,0,40914,26891,135500,0.0,26891_20251231,1,1,0.16030435651400518,0.16030435651400518,<1bn
1277644,SM,281169.0,20251231,2605231,2942142,2605231,TEXAS REGIONAL BANK,842784,1331057,85165,106272,26906,1670594,127500.0,26906_20251231,1,1,0.04079177623788447,0.07348177570434253,1-10bn
287732,NM,0.0,20251231,501709,576238,501709,BANK OF SOUTH CAROLINA,143870,214831,64182,51339,26912,358433,25269.0,26912_20251231,1,1,0.10232824206860949,0.23025498844947967,<1bn
295112,SI,11555.0,20251231,454661,543451,454661,COOP BANK,47224,159549,4633,17136,26922,452745,9973.0,26922_20251231,1,1,0.03768961929877425,0.04787962899830863,<1bn
36680,NM,2795.0,20251231,47923,52598,47923,PEOPLES BANK OF DEER LODGE,5091,11290,0,1221,26941,35153,0.0,26941_20251231,1,1,0.025478371554368467,0.025478371554368467,<1bn
205811,SM,8081.0,20251231,272370,347700,272370,AMERICAN STATE BANK,73973,66949,3700,18212,26944,239157,3711.0,26944_20251231,1,1,0.06686492638690017,0.08044938869919595,<1bn
1776542,NM,13.0,20251231,1935642,2266431,1935642,FIRST BANK OF THE LAKE,7567,133295,0,100442,26960,2069974,1081413.0,26960_20251231,1,1,0.05189079385547534,0.05189079385547534,1-10bn
3776347,NM,600941.0,20251231,5252535,5876656,5252535,WILSON BANK&TRUST,966504,1503839,0,357588,26962,4298456,0.0,26962_20251231,1,1,0.06807912750700376,0.06807912750700376,1-10bn
12709,NM,0.0,20251231,13264,15763,13264,YOUNG AMERICANS BANK,0,554,0,14536,27010,36,0.0,27010_20251231,1,1,1.0958986731001206,1.0958986731001206,<1bn
109020,SB,0.0,20251231,135321,177864,135321,42 NORTH PRIVATE BANK,0,26724,0,21389,27015,148940,23874.0,27015_20251231,1,1,0.1580612026219138,0.1580612026219138,<1bn
156345,N,44262.0,20251231,334771,392959,334771,NATIVE AMERICAN BANK NA,49462,178697,5200,118766,27026,196351,40495.0,27026_20251231,1,1,0.35476788610721954,0.37030089225171836,<1bn
138169,SM,7685.0,20251231,190085,226423,190085,SANGER BANK,31838,52367,1704,39085,27043,121762,0.0,27043_20251231,1,1,0.20561853907462452,0.21458294973301417,<1bn
1780341,N,147413.0,20251231,2146765,2459535,2146765,COMMUNITY NB&T,470023,369997,58346,176617,27046,1625205,17963.0,27046_20251231,1,1,0.08227123136440179,0.10944980004797916,1-10bn
2074222,N,511076.0,20251231,2923184,3454109,2923184,ST CHARLES B&T CO NA,590366,851059,0,35601,27052,2609623,309143.0,27052_20251231,1,1,0.012178843343422788,0.012178843343422788,1-10bn
245762,NM,0.0,20251231,3167170,3773287,3167170,SUMITOMO MITSUI TR BK U SA,0,2926466,0,3686362,27054,376,0.0,27054_20251231,1,1,1.1639293122882572,1.1639293122882572,1-10bn
1884316,NM,32262.0,20251231,2237555,2772872,2237555,STATE BANK OF TEXAS,165329,369515,0,259578,27074,2236017,154254.0,27074_20251231,1,1,0.11600966233232256,0.11600966233232256,1-10bn
232942,NM,0.0,20251231,344077,377098,344077,PREMIER BANK OF THE SOUTH,68440,111646,0,72937,27118,221672,0.0,27118_20251231,1,1,0.21197871406690943,0.21197871406690943,<1bn
590608,SM,73650.0,20251231,1092008,1247246,1092008,UNITED SECURITY BANK,143254,501513,0,120955,27132,900589,75188.0,27132_20251231,1,1,0.11076384055794464,0.11076384055794464,1-10bn
100626,SB,15626.0,20251231,114499,130338,114499,CITIZENS BANK&TRUST INC,31951,14207,0,10741,27153,81044,0.0,27153_20251231,1,1,0.09380867955178648,0.09380867955178648,<1bn
63798,NM,43026.0,20251231,72786,79477,72786,COMMUNITY STATE BANK,45564,9002,502,2772,27201,27858,250.0,27201_20251231,1,1,0.038084246970571264,0.04498117769900805,<1bn
3075463,SM,0.0,20251231,4815859,5450745,4815859,INTERBANK,0,1742877,0,556292,27210,4688981,577714.0,27210_20251231,1,1,0.11551251811982037,0.11551251811982037,1-10bn
562415,NM,38107.0,20251231,640033,834873,640033,FIRST COMMUNITY BANK OF TN,85902,78665,0,31676,27211,644192,199130.0,27211_20251231,1,1,0.049491198110097445,0.049491198110097445,<1bn
61864,SM,1889.0,20251231,75609,144712,75609,INDEPENDENT CORRESPONDENT BA,1889,13765,0,54237,27219,86208,8020.0,27219_20251231,1,1,0.7173352378685077,0.7173352378685077,<1bn
324193,NM,69530.0,20251231,432071,476618,432071,PEOPLES INDEPENDENT BANK,165460,108355,25647,49995,27233,196182,3175.0,27233_20251231,1,1,0.11571014948932004,0.17506844939836277,<1bn
1531294,NM,477971.0,20251231,2845304,3233515,2845304,STAR FINANCIAL BANK,927015,1314879,58323,282108,27235,1865473,0.0,27235_20251231,1,1,0.0991486322726851,0.11964661772520617,1-10bn
9814446,NM,1753151.0,20251231,14764146,17269411,14764146,ENTERPRISE BANK&TRUST,3733140,5063103,170984,677237,27237,11661244,986569.0,27237_20251231,1,1,0.04587038085372496,0.0574514096514624,10-100bn
558250,SI,15873.0,20251231,736930,907444,736930,WINCHESTER COOP BANK,104976,178680,22454,101306,27238,677312,0.0,27238_20251231,1,1,0.13747031604087226,0.16793996716106008,<1bn
134122,NM,43124.0,20251231,216493,240688,216493,WAYCROSS BANK&TRUST,85326,82589,988,19691,27254,129977,0.0,27254_20251231,1,1,0.09095444194500515,0.09551809989237528,<1bn
653877,NM,259.0,20251231,831821,999961,831821,AMERASIA BANK,130257,183166,0,92762,27267,736738,25894.0,27267_20251231,1,1,0.11151678065353003,0.11151678065353003,<1bn
338212,SI,55840.0,20251231,419164,489208,419164,DEAN COOP BANK,108081,80952,0,15215,27269,343716,4404.0,27269_20251231,1,1,0.036298441660066225,0.036298441660066225,<1bn
74360000,SB,269000.0,20251231,83376000,112115000,83376000,SYNCHRONY BANK,2363000,9055000,1492000,14303000,27314,89862000,5905000.0,27314_20251231,1,1,0.1715481673383228,0.18944300518134716,>=100bn
73442,SM,373.0,20251231,134000,214160,134000,BANKERS BANK OF KANSAS,1464,60636,0,45126,27351,151560,39201.0,27351_20251231,1,1,0.3367611940298507,0.3367611940298507,<1bn
524342,NM,0.0,20251231,701403,805671,701403,PRAIRIE STATE BANK&TRUST,183610,177505,136851,41328,27362,557729,2.0,27362_20251231,1,1,0.05892190367021527,0.25403227531105516,<1bn
511132,NM,115950.0,20251231,893388,1007482,893388,FIRST METRO BANK,255653,387381,9799,81819,27381,580983,0.0,27381_20251231,1,1,0.09158282851347903,0.10255118716615849,1-10bn
41530,SI,0.0,20251231,59684,97630,59684,PORT RICHMOND SAVINGS,0,18225,0,9014,27385,85841,0.0,27385_20251231,1,1,0.15102875142416727,0.15102875142416727,<1bn
7221017,N,0.0,20251231,7253406,9005208,7253406,WELLS FARGO NB WEST,2130977,85826,2130977,1498943,27389,5036122,0.0,27389_20251231,1,1,0.20665367414977184,0.5004435157772776,1-10bn
471609,NM,788.0,20251231,800051,948406,800051,FIRST BANK&TRUST CO,156097,327631,131831,20765,27394,735325,0.0,27394_20251231,1,1,0.025954595394543596,0.19073284078140018,<1bn
136423,NM,16338.0,20251231,161086,177267,161086,PEOPLES BANK,20523,24950,0,4672,27398,144447,12038.0,27398_20251231,1,1,0.029003141179245868,0.029003141179245868,<1bn
175524,NM,56706.0,20251231,242817,278066,242817,COMMERCIAL BANK,70190,67604,0,8807,27409,185561,2753.0,27409_20251231,1,1,0.03627011288336484,0.03627011288336484,<1bn
361067,SB,249.0,20251231,406440,481165,406440,SHOREHAM BANK,15450,45761,0,31779,27417,413540,74054.0,27417_20251231,1,1,0.07818866253321523,0.07818866253321523,<1bn
139972833,N,9378.0,20251231,167788454,211275193,167788454,AMERICAN EXPRESS NB,244580,35608844,0,41080080,27471,165259395,25614195.0,27471_20251231,1,1,0.2448325794813033,0.2448325794813033,>=100bn
7679491,SM,9538.0,20251231,10580144,12118977,10580144,BANCFIRST,808889,2919503,781408,3825488,27476,6783694,0.0,27476_20251231,1,1,0.3615723944778067,0.43542847810010904,10-100bn
258232,NM,15011.0,20251231,347462,410778,347462,BANK OF THE LOWCOUNTRY,88021,89498,0,11246,27496,296821,0.0,27496_20251231,1,1,0.03236612924578803,0.03236612924578803,<1bn
3723235,NM,78007.0,20251231,3743381,7760444,3743381,COMENITY BANK,93491,26942,0,1148986,27499,5986172,3703582.0,27499_20251231,1,1,0.3069380327570183,0.3069380327570183,1-10bn
229440,NM,17775.0,20251231,404232,536341,404232,BERKSHIRE BANK,65710,175872,45893,311307,27503,148635,0.0,27503_20251231,1,1,0.7701196342694294,0.8836509727087415,<1bn
623644,NM,0.0,20251231,1007169,1175700,1007169,METRO BANK,388956,387427,27401,150062,27510,587792,0.0,27510_20251231,1,1,0.1489938629961804,0.17619982346557528,1-10bn
84677,NM,427.0,20251231,166927,198921,166927,BURLING BANK,19390,82492,0,13601,27556,161748,24001.0,27556_20251231,1,1,0.08147873022339107,0.08147873022339107,<1bn
129620,NM,3137.0,20251231,152392,174950,152392,NORTH ALABAMA BANK,11537,23434,0,13371,27560,135393,8025.0,27560_20251231,1,1,0.08774082629009397,0.08774082629009397,<1bn
87127,SI,0.0,20251231,94323,104319,94323,GLEN BURNIE MUTUAL SB,1000,7958,0,12494,27567,84990,0.0,27567_20251231,1,1,0.13245973940608335,0.13245973940608335,<1bn
3914082,N,883201.0,20251231,7213046,9386148,7366496,LAKE FOREST B&T CO NA,992230,3573795,7035,1003549,27589,6770513,882997.0,27589_20251231,1,1,0.1391297102500109,0.14010502636472857,1-10bn
759214,SL,126450.0,20251231,954994,1295729,954994,PIEDMONT FSB,257175,195995,9886,63383,27619,865772,21141.0,27619_20251231,1,1,0.06637005049246383,0.07672194799129628,1-10bn
212620,SB,101175.0,20251231,233680,278465,233680,FIRST FEDERAL BANK OF OHIO,113010,21871,0,29102,27643,119956,1991.0,27643_20251231,1,1,0.12453782951044164,0.12453782951044164,<1bn
442613,SB,95439.0,20251231,556292,621903,556292,HOME FEDERAL BANK,96684,113804,0,14192,27654,472394,0.0,27654_20251231,1,1,0.02551178158233446,0.02551178158233446,<1bn
372625,SB,82811.0,20251231,404502,513696,404502,STERLING FEDERAL BANK FSB,97415,32605,0,18285,27664,350110,2293.0,27664_20251231,1,1,0.04520373199638073,0.04520373199638073,<1bn
2756638,SM,110437.0,20251231,3718371,4544079,3718371,HOMETRUST BANK,142540,971514,0,343401,27677,3742368,271348.0,27677_20251231,1,1,0.09235253824860402,0.09235253824860402,1-10bn
402729,SI,12741.0,20251231,526074,607976,526074,FIRST FEDERAL CMTY BANK SSB,21450,124985,7400,80501,27678,474088,0.0,27678_20251231,1,1,0.153022198397944,0.16708866053064778,<1bn
170048,SB,49372.0,20251231,199576,266760,199576,NORTH SHORE TRUST&SAVINGS,78719,29560,7085,35287,27683,133095,0.0,27683_20251231,1,1,0.17680983685413076,0.21231009740650178,<1bn
420237,SI,864.0,20251231,517245,618613,517245,SLOVENIAN S&LA OF CANONSBURG,320809,97534,0,25786,27686,264782,0.0,27686_20251231,1,1,0.04985258436524278,0.04985258436524278,<1bn
379130,SB,83576.0,20251231,418508,534239,418508,FIFTH DISTRICT SAVINGS BANK,99076,40530,0,33852,27697,376361,0.0,27697_20251231,1,1,0.08088734265533754,0.08088734265533754,<1bn
263331,SI,57924.0,20251231,282630,329753,282630,ALTOONA FIRST SAVINGS BANK,94062,19529,0,18524,27711,199220,0.0,27711_20251231,1,1,0.06554152071613063,0.06554152071613063,<1bn
13464,SB,0.0,20251231,20083,37380,20083,MUTUAL SAVINGS&LOAN ASSN,0,6620,0,4513,27716,30719,0.0,27716_20251231,1,1,0.22471742269581238,0.22471742269581238,<1bn
136592,SI,67570.0,20251231,197492,256630,197492,SECURITY BANK S B,76700,62144,0,49526,27723,117819,0.0,27723_20251231,1,1,0.2507747149251615,0.2507747149251615,<1bn
121732,SB,363.0,20251231,169651,199166,169651,LYONS FEDERAL BANK,4303,47978,0,40861,27727,131522,4436.0,27727_20251231,1,1,0.24085328114776808,0.24085328114776808,<1bn
188838,SI,20010.0,20251231,280273,348951,280273,MUTUAL SAVINGS BANK,75068,91687,0,33837,27742,218327,0.0,27742_20251231,1,1,0.12072871807130904,0.12072871807130904,<1bn
182902,SL,276.0,20251231,211185,245961,211185,HIBERNIA BANK,276,28721,0,39605,27752,185940,0.0,27752_20251231,1,1,0.18753699363117646,0.18753699363117646,<1bn
176172,SI,172926.0,20251231,180950,362660,180950,WEST VIEW SAVINGS BANK,245740,5324,0,12565,27760,90050,62334.0,27760_20251231,1,1,0.06943907156673114,0.06943907156673114,<1bn
516363,SI,30811.0,20251231,596890,664150,596890,INFIRST BANK,33838,83424,0,25265,27763,577473,0.0,27763_20251231,1,1,0.04232773207793731,0.04232773207793731,<1bn
115849,SB,0.0,20251231,120383,144903,120383,UNION FS&LA,5327,4747,0,13777,27767,118259,0.0,27767_20251231,1,1,0.1144430692041235,0.1144430692041235,<1bn
3234663,SB,383615.0,20251231,3562395,3982369,3562395,GATE CITY BANK,478695,333591,52084,330249,27774,2938920,26039.0,27774_20251231,1,1,0.0927042060187037,0.10732470711417459,1-10bn
235531,SB,0.0,20251231,245354,278891,245354,FAIRFIELD FS&LA OF LANCASTER,14387,9864,0,11838,27806,241492,0.0,27806_20251231,1,1,0.04824865296673378,0.04824865296673378,<1bn
3597914,SM,232687.0,20251231,4819251,5499615,4819251,INDEPENDENT BANK,805432,1222858,0,138387,27811,4225529,18659.0,27811_20251231,1,1,0.028715458065994074,0.028715458065994074,1-10bn
351558,SL,45451.0,20251231,399656,572248,399656,SALEM COOP BANK,54107,48141,0,5205,27824,476102,10472.0,27824_20251231,1,1,0.013023700382328803,0.013023700382328803,<1bn
25810,SB,0.0,20251231,26891,40859,26891,CITIZENS FS&LA,5992,1084,2006,2503,27841,31845,0.0,27841_20251231,1,1,0.09307946896731248,0.16767691792793127,<1bn
35029,NM,9627.0,20251231,36437,55509,36437,PIONEER SAVINGS BANK,13138,1409,0,1117,27847,35053,11096.0,27847_20251231,1,1,0.030655652221642835,0.030655652221642835,<1bn
699556,SB,325933.0,20251231,844342,1128948,844342,PIONEER BANK,348554,144822,14673,62583,27872,645121,0.0,27872_20251231,1,1,0.07412043934803669,0.09149846863001011,1-10bn
402711,SB,172972.0,20251231,431963,553093,431963,HUNTINGTON FSB,221920,30281,0,32213,27884,284803,0.0,27884_20251231,1,1,0.07457351671323702,0.07457351671323702,<1bn
33387,SI,0.0,20251231,36553,42375,36553,BLACK MOUNTAIN SB SSB,0,3166,0,13616,27897,27494,0.0,27897_20251231,1,1,0.3725002051815173,0.3725002051815173,<1bn
96503,SL,8596.0,20251231,111176,130159,111176,HOME S&LA OF CARROLL CNTY FA,26996,14940,6378,10948,27898,86647,0.0,27898_20251231,1,1,0.09847449089731597,0.155842987695186,<1bn
86212,SB,0.0,20251231,94191,125679,94191,CENTRAL SAVINGS FSB,0,9210,0,27256,27910,95129,8719.0,27910_20251231,1,1,0.28936947266723995,0.28936947266723995,<1bn
590358,SI,129356.0,20251231,747951,1023361,747951,BRENTWOOD BANK,184242,158206,6841,31859,27943,768189,35362.0,27943_20251231,1,1,0.04259503630585426,0.05174135738838507,1-10bn
185729,SB,14579.0,20251231,242839,269247,242839,GREENVILLE FEDERAL,16127,57236,0,14152,27965,221002,0.0,27965_20251231,1,1,0.058277294833202244,0.058277294833202244,<1bn
180579,SB,14427.0,20251231,237468,297726,237468,COMMUNITY SAVINGS,17614,57051,0,15116,27969,255682,9609.0,27969_20251231,1,1,0.06365489244866676,0.06365489244866676,<1bn
6074476,SB,825960.0,20251231,6820869,9796570,6820869,CAPITOL FEDERAL SAVINGS BANK,829703,776848,0,251081,27981,8181674,0.0,27981_20251231,1,1,0.03681070549808243,0.03681070549808243,1-10bn
212434,NM,12994.0,20251231,300947,362554,300947,OSB COMMUNITY BANK,16002,89033,0,21049,27989,305758,45528.0,27989_20251231,1,1,0.06994254802340612,0.06994254802340612,<1bn
1032590,SI,0.0,20251231,1195463,1356947,1195463,GUARDIAN SAVINGS BANK,0,162963,0,168160,27998,1120164,0.0,27998_20251231,1,1,0.14066516487754116,0.14066516487754116,1-10bn
67519,SI,0.0,20251231,102328,151258,102328,BELMONT SAVINGS BANK SSB,7866,34723,0,8673,28035,127913,10861.0,28035_20251231,1,1,0.08475686029239309,0.08475686029239309,<1bn
139511,SB,10746.0,20251231,165133,184598,165133,CITIZENS FS&LA,27160,25749,0,6736,28060,144531,4300.0,28060_20251231,1,1,0.04079136211417463,0.04079136211417463,<1bn
60749,SB,1882.0,20251231,67535,82742,67535,COVINGTON SAVINGS&LOAN ASSN,18417,6786,2000,17270,28063,46063,0.0,28063_20251231,1,1,0.2557192566817206,0.2853335307618272,<1bn
189587,SL,17221.0,20251231,207362,276510,207362,HARRISON BUILDING&LOAN ASSN,97220,18255,0,10310,28080,150416,5059.0,28080_20251231,1,1,0.04971981365920468,0.04971981365920468,<1bn
14712120,NM,3975806.0,20251231,21505529,27269094,21505529,WAFD BANK,4907074,6812678,0,734866,28088,19851887,1531044.0,28088_20251231,1,1,0.034171026436968836,0.034171026436968836,10-100bn
2097794,N,290975.0,20251231,2980611,3481948,2980611,HOME BANK NATIONAL ASSN,392513,885431,0,141837,28094,2712439,81802.0,28094_20251231,1,1,0.047586551884831664,0.047586551884831664,1-10bn
75838,SB,3765.0,20251231,80807,115617,80807,COLLINSVILLE BLDG&LA,20922,4981,17157,9090,28103,83852,0.0,28103_20251231,1,1,0.1124902545571547,0.324810969346715,<1bn
284842,N,39035.0,20251231,413970,501242,413970,FIRST ROBINSON SB NA,148652,129705,30610,26457,28105,306389,0.0,28105_20251231,1,1,0.06391042829190521,0.13785298451578618,<1bn
1007079,SI,730978.0,20251231,1389297,2007556,1389297,YAKIMA FS&LA,882074,382253,0,82581,28116,905470,0.0,28116_20251231,1,1,0.05944085389949017,0.05944085389949017,1-10bn
207811,SM,701.0,20251231,276195,314248,276195,PROFILE BANK,77732,68384,0,21600,28155,197491,0.0,28155_20251231,1,1,0.07820561559767555,0.07820561559767555,<1bn
111695,SL,12305.0,20251231,154691,184388,154691,CINCINNATUS SAVINGS&LOAN CO,35360,43071,12088,10332,28157,128396,106.0,28157_20251231,1,1,0.06679121603713209,0.14493409442048988,<1bn
11579461,SI,1965481.0,20251231,14162843,16771847,14162843,NORTHWEST BANK,2269751,3737960,0,256885,28178,12879541,200506.0,28178_20251231,1,1,0.018137954364106132,0.018137954364106132,10-100bn
165181,SI,4075.0,20251231,180147,213251,180147,MCS BANK,10595,15041,2379,8983,28186,178438,5326.0,28186_20251231,1,1,0.049864832608924936,0.06307071447207004,<1bn
252078,SB,75907.0,20251231,323507,393078,323507,SAN LUIS VALLEY FEDERAL BANK,75907,71436,0,13656,28208,278088,0.0,28208_20251231,1,1,0.0422123787120526,0.0422123787120526,<1bn
238863,SB,51213.0,20251231,297917,420959,297917,WINTER HILL BANK FSB,80079,59068,502,26611,28213,302292,10621.0,28213_20251231,1,1,0.08932353642121799,0.09100856950090126,<1bn
56165,SB,3269.0,20251231,67377,100548,67377,WARSAW FS&LA,8354,11244,0,13797,28217,71340,7797.0,28217_20251231,1,1,0.20477314217017675,0.20477314217017675,<1bn
328709,SI,101902.0,20251231,350335,407178,350335,HADDON SAVINGS BANK,114026,22113,0,18613,28222,252071,91277.0,28222_20251231,1,1,0.05312914781566215,0.05312914781566215,<1bn
71014,SB,22343.0,20251231,88493,112716,88493,HOME SAVINGS BANK,31462,17591,980,1021,28246,74198,12540.0,28246_20251231,1,1,0.011537635745200185,0.022611958007978033,<1bn
1260649,N,8096.0,20251231,1783392,2114639,1783392,CFBANK NATIONAL ASSN,17496,525178,1000,258730,28263,1744465,400393.0,28263_20251231,1,1,0.145077470348639,0.1456381995657713,1-10bn
61014,SI,7220.0,20251231,64822,76658,64822,CONNECT COMMUNITY BANK,7220,3937,0,8756,28266,59515,0.0,28266_20251231,1,1,0.13507759711209158,0.13507759711209158,<1bn
210164,SB,11845.0,20251231,221978,306272,221978,OZARKS FS&LA,14093,11832,2024,15944,28277,244361,0.0,28277_20251231,1,1,0.0718269378046473,0.08094495850940184,<1bn
63667,SB,12065.0,20251231,75526,102187,75526,AUBURN SAVINGS BANK FSB,12380,11866,0,2670,28288,82892,6982.0,28288_20251231,1,1,0.03535206418981543,0.03535206418981543,<1bn
59446,SB,0.0,20251231,63116,97312,63116,MUTUAL FEDERAL BANK,0,3949,0,8550,28302,85023,0.0,28302_20251231,1,1,0.13546485835604286,0.13546485835604286,<1bn
63116,SI,10406.0,20251231,71114,94218,71114,RIVERSIDE SAVINGS BANK SSB,23894,8021,0,1396,28314,58167,3000.0,28314_20251231,1,1,0.019630452512866665,0.019630452512866665,<1bn
106844,SL,6311.0,20251231,121327,136029,121327,RG BANK A SAVINGS&LOAN ASSN,16406,14483,0,5310,28315,106045,0.0,28315_20251231,1,1,0.043766020753830556,0.043766020753830556,<1bn
797238,SI,158942.0,20251231,915482,1257462,915482,FIDELITY BANK,326346,120949,0,60268,28316,766799,89644.0,28316_20251231,1,1,0.06583198795825587,0.06583198795825587,1-10bn
3495799,SM,336616.0,20251231,4321308,5043770,4321308,SOUTHERN BANK,444965,840886,0,98868,28332,4173362,190386.0,28332_20251231,1,1,0.022879183802681967,0.022879183802681967,1-10bn
431930,NM,48067.0,20251231,469487,583375,469487,BELMONT SAVINGS BANK,139917,38338,0,39254,28348,358663,59000.0,28348_20251231,1,1,0.08361040880791161,0.08361040880791161,<1bn
57001,SB,5025.0,20251231,88504,156223,88504,HOME FS&LA OF NILES,15926,31653,0,10142,28349,119151,13509.0,28349_20251231,1,1,0.1145936906806472,0.1145936906806472,<1bn
6475472,N,1547930.0,20251231,11041860,14471649,11041860,OCEANFIRST BANK NA,2113394,6461426,43385,126551,28359,10976434,609770.0,28359_20251231,1,1,0.011461021965502189,0.015390160715676525,10-100bn
799758,NM,111961.0,20251231,1209632,1339316,1209632,CENTURY BANK,331564,411504,0,105632,28362,819981,6184.0,28362_20251231,1,1,0.08732573212348879,0.08732573212348879,1-10bn
517428,SB,47427.0,20251231,576340,637950,576340,MIDDLESEX FEDERAL SAVINGS FA,77527,61113,9708,19778,28368,510920,0.0,28368_20251231,1,1,0.03431654925911788,0.05116077315473505,<1bn
66271,SB,6566.0,20251231,72689,93026,72689,ROCKLAND SAVINGS BANK FSB,7566,6420,0,2779,28369,78940,0.0,28369_20251231,1,1,0.03823136925807206,0.03823136925807206,<1bn
567632,SM,133158.0,20251231,848093,941604,848093,ADIRONDACK BANK,250224,281161,0,18374,28380,619331,0.0,28380_20251231,1,1,0.021665076825301,0.021665076825301,<1bn
250,SB,0.0,20251231,500,150710,500,EDWARD JONES TRUST CO,84195,250,104,55568,28390,0,0.0,28390_20251231,1,1,111.136,111.344,<1bn
703753,NM,4784.0,20251231,956275,1056466,956275,FIRST PALMETTO BANK,109374,254545,104590,141725,28396,766666,0.0,28396_20251231,1,1,0.14820527567906722,0.2575775796711197,1-10bn
549463,NM,64533.0,20251231,717040,791728,717040,WESTBURY BANK,97522,167576,0,108337,28400,543765,1.0,28400_20251231,1,1,0.15108920004462792,0.15108920004462792,<1bn
280133,SI,21377.0,20251231,316877,431465,316877,EUREKA SAVINGS BANK,128084,37185,12136,27497,28401,264130,0.0,28401_20251231,1,1,0.08677499471403731,0.12507376679279342,<1bn
1233971,NM,129032.0,20251231,1604046,2089518,1604046,FIRST FED BANK,270310,371319,0,78075,28405,1613361,86510.0,28405_20251231,1,1,0.04867379115062785,0.04867379115062785,1-10bn
150314,SB,5221.0,20251231,170172,193794,170172,CENTRAL FS&LA,29931,19878,7561,18532,28425,137901,9137.0,28425_20251231,1,1,0.10890158192887196,0.15333309827703734,<1bn
151547,SB,11.0,20251231,170831,198327,170831,FIRST FSB CHAMPAIGN URBANA,50280,24185,50269,30978,28445,110000,0.0,28445_20251231,1,1,0.1813371109459056,0.4755986911040736,<1bn
1132516,SI,122570.0,20251231,1705895,2005570,1705895,TIMBERLAND BANK,208870,467097,69733,238924,28453,1462568,37525.0,28453_20251231,1,1,0.140057858191741,0.18093552065045035,1-10bn
40707,SL,1045.0,20251231,48506,57878,48506,LIBERTY BANK,19538,7803,0,4875,28463,28543,0.0,28463_20251231,1,1,0.10050303055292129,0.10050303055292129,<1bn
228646,SI,59049.0,20251231,281695,349767,281695,ROXBORO SAVINGS BANK SSB,120644,53950,2850,11994,28471,198015,0.0,28471_20251231,1,1,0.0425779655300946,0.05269529100623014,<1bn
85070,SI,13136.0,20251231,109868,116833,109868,FARMERS&MECHANICS FSB,36511,24893,0,8365,28478,68232,11700.0,28478_20251231,1,1,0.07613681872792806,0.07613681872792806,<1bn
19171,SL,0.0,20251231,19469,21611,19469,COLUMBIA SAVINGS&LOAN ASSN,70,348,0,1176,28480,18006,0.0,28480_20251231,1,1,0.06040371873234372,0.06040371873234372,<1bn
9428161,NM,2052151.0,20251231,13812149,16347870,13812149,BANNER BANK,2977863,4402384,0,422640,28489,11604313,50002.0,28489_20251231,1,1,0.03059914861908889,0.03059914861908889,10-100bn
41542,SB,11748.0,20251231,51316,71226,51316,ARGENTINE FEDERAL SAVINGS,18763,9943,0,1281,28507,48338,0.0,28507_20251231,1,1,0.0249629745108738,0.0249629745108738,<1bn
1098838,SI,167941.0,20251231,1476199,2259133,1476199,WATERSTONE BANK SSB,231139,379955,0,70815,28513,1803131,110260.0,28513_20251231,1,1,0.047971174618056237,0.047971174618056237,1-10bn
281202,SI,10127.0,20251231,361732,368474,361732,TRUSTTEXAS BANK SSB,84659,80635,0,93275,28515,174590,0.0,28515_20251231,1,1,0.2578566452511804,0.2578566452511804,<1bn
682763,SI,145661.0,20251231,999819,1180052,999819,FORWARD BANK,200670,318284,966,25952,28530,861306,0.0,28530_20251231,1,1,0.025956698162367387,0.026922873040020244,1-10bn
854649,NM,95691.0,20251231,1119824,1519486,1119824,FIRST BANK RICHMOND,254663,268186,0,31015,28533,1176057,235947.0,28533_20251231,1,1,0.02769631656403149,0.02769631656403149,1-10bn
88797,NM,17306.0,20251231,99253,126179,99253,CUSTER FEDERAL STATE BANK,31311,10905,0,12335,28543,74562,1.0,28543_20251231,1,1,0.12427835934430194,0.12427835934430194,<1bn
126224,SL,4437.0,20251231,146271,186846,146271,VALLEY CENTRAL BANK,12858,20239,5515,2978,28555,140979,8724.0,28555_20251231,1,1,0.020359469751351944,0.05806345755481264,<1bn
103137,SB,11.0,20251231,107507,122269,107507,MAPLE CITY SAVINGS BANK FSB,17660,4544,2764,4600,28585,91512,17009.0,28585_20251231,1,1,0.042787911484833546,0.0684978652552857,<1bn
525864,NM,79551.0,20251231,892884,997929,892884,STURGIS BANK&TRUST CO,103861,368582,0,41398,28593,784526,12806.0,28593_20251231,1,1,0.04636436535988998,0.04636436535988998,<1bn
627478,SI,38836.0,20251231,732850,1026095,732850,OLYMPIA FS&LA,62153,106062,3887,43808,28599,861977,35020.0,28599_20251231,1,1,0.05977758067817425,0.06508153100907416,1-10bn
265457,SI,0.0,20251231,286579,331853,286579,EQUITABLE BANK SSB,25341,22100,0,4875,28614,287873,0.0,28614_20251231,1,1,0.017011016159592992,0.017011016159592992,<1bn
75388,NM,0.0,20251231,91042,108940,91042,FIRST FEDERAL S&L BANK,0,15792,0,8166,28635,89916,38218.0,28635_20251231,1,1,0.08969486610575339,0.08969486610575339,<1bn
63186,SB,8793.0,20251231,65257,87547,65257,MILTON SAVINGS BANK,22522,2079,0,3616,28637,57883,7764.0,28637_20251231,1,1,0.05541167997302971,0.05541167997302971,<1bn
41600,SB,12.0,20251231,47508,60785,47508,FAIRVIEW SAVINGS&LOAN ASSN,1015,5989,0,6565,28652,45240,0.0,28652_20251231,1,1,0.13818725267323398,0.13818725267323398,<1bn
33578,NM,3065.0,20251231,35202,43936,35202,BROOKVILLE BLDG&SVG ASSN,6287,1635,0,1979,28663,29257,2500.0,28663_20251231,1,1,0.056218396682006705,0.056218396682006705,<1bn
58765,SB,3417.0,20251231,64995,71640,64995,HOMESTEAD SAVINGS BANK,3924,7312,0,11833,28667,51335,0.0,28667_20251231,1,1,0.18206015847372875,0.18206015847372875,<1bn
62312,SL,9489.0,20251231,64576,76111,64576,CONNEAUT SAVINGS BANK,15786,2264,0,2666,28677,52513,0.0,28677_20251231,1,1,0.04128468780971259,0.04128468780971259,<1bn
1895599,SI,102864.0,20251231,2142979,2566563,2142979,NORTH SHORE BANK,260908,247411,0,234244,28679,1949858,0.0,28679_20251231,1,1,0.10930765070492991,0.10930765070492991,1-10bn
315544,SI,44444.0,20251231,438147,516485,438147,AMBLER SAVINGS BANK,96247,125109,0,42601,28701,344816,0.0,28701_20251231,1,1,0.09722992511645635,0.09722992511645635,<1bn
46598,SL,2377.0,20251231,48959,63158,48959,VERSAILLES SAVINGS&LOAN CO,5379,2522,3002,8332,28703,45509,0.0,28703_20251231,1,1,0.1701832145264405,0.23149982638534283,<1bn
641056,SB,143815.0,20251231,852631,1010960,852631,FIRST FS&LA OF GREENE CO,171996,212043,0,85907,28706,700932,0.0,28706_20251231,1,1,0.1007551918708093,0.1007551918708093,1-10bn
83622,SI,1440.0,20251231,118267,149102,118267,GSL SAVINGS BANK,13114,34645,6942,13992,28708,117566,0.0,28708_20251231,1,1,0.11830857297470977,0.1770062654840319,<1bn
2062267,SB,1387386.0,20251231,4048613,5752016,4048613,NORTHFIELD BANK,1420758,1986414,0,163951,28710,3818629,40503.0,28710_20251231,1,1,0.04049559688713147,0.04049559688713147,1-10bn
80545,SL,317.0,20251231,107979,181779,107979,FIRST FS OF MIDDLETOWN,317,27435,0,21319,28712,152016,0.0,28712_20251231,1,1,0.19743653858620658,0.19743653858620658,<1bn
3592,SB,15.0,20251231,3691,3817,3691,KENTLAND FS&LA,15,113,0,469,28722,3295,0.0,28722_20251231,1,1,0.1270658358168518,0.1270658358168518,<1bn
244991,SI,36097.0,20251231,296264,378104,296264,ASCENDIA BANK,38107,51876,0,9154,28729,308156,17500.0,28729_20251231,1,1,0.03089811789485054,0.03089811789485054,<1bn
236753,SB,34776.0,20251231,282591,365240,282591,GOLDEN BELT BANK FSA,70142,47786,9520,5979,28735,259540,0.0,28735_20251231,1,1,0.021157786341390913,0.054846049591105166,<1bn
298916,SI,93605.0,20251231,357250,489987,357250,HOYNE SAVINGS BANK,135022,61738,0,49725,28747,269336,0.0,28747_20251231,1,1,0.13918824352694192,0.13918824352694192,<1bn
3582251,SI,664331.0,20251231,5736456,7605829,5736456,KEARNY BANK,1113197,2158440,0,133460,28765,5717221,757433.0,28765_20251231,1,1,0.023265235539155184,0.023265235539155184,1-10bn
97188,SB,0.0,20251231,104698,137671,104698,FIRST FSB OF ANGOLA,15504,7723,3116,12593,28769,106040,0.0,28769_20251231,1,1,0.12027927945137443,0.15004107050755505,<1bn
723005,NM,126855.0,20251231,895373,1142696,895373,SOMERSET REGAL BANK,140838,172642,0,81842,28778,835368,0.0,28778_20251231,1,1,0.09140548129103737,0.09140548129103737,1-10bn
322391,SB,35318.0,20251231,339131,445221,339131,ARUNDEL FEDERAL SAVINGS BANK,37166,16763,0,31607,28780,364891,0.0,28780_20251231,1,1,0.09319997287184009,0.09319997287184009,<1bn
624936,SI,204018.0,20251231,1011275,1123275,1011275,STURDY SAVINGS BANK,375713,386339,19676,48997,28788,622160,0.0,28788_20251231,1,1,0.04845071815282688,0.06790734468863563,1-10bn
62505,SI,0.0,20251231,77125,93802,77125,SUPERIOR SAVINGS BANK,0,14621,0,11774,28790,79339,0.0,28790_20251231,1,1,0.1526612641815235,0.1526612641815235,<1bn
122941,SI,1399.0,20251231,133897,159702,133897,SHARON BANK,9819,10995,0,3004,28793,132822,0.0,28793_20251231,1,1,0.022435155380628395,0.022435155380628395,<1bn
68662,SB,12746.0,20251231,76668,87422,76668,SUNNYSIDE FS&LA OF IRVINGTON,24092,8006,0,10931,28805,42788,0.0,28805_20251231,1,1,0.14257578129076015,0.14257578129076015,<1bn
1029359,N,3327.0,20251231,1215423,1403478,1215423,BANKFINANCIAL NATIONAL ASSN,138338,186135,134406,506370,28808,700151,0.0,28808_20251231,1,1,0.4166203864827307,0.5272041091866783,1-10bn
354035,SM,52794.0,20251231,438077,481563,438077,ARMOR BANK,56541,84042,0,7847,28812,362568,21363.0,28812_20251231,1,1,0.01791237613478909,0.01791237613478909,<1bn
324321,SI,50309.0,20251231,514497,588900,514497,CREST SAVINGS BANK,50469,190443,0,71462,28818,442505,0.0,28818_20251231,1,1,0.13889682544310267,0.13889682544310267,<1bn
5201016,SB,1006334.0,20251231,8526735,11018560,8526735,COLUMBIA BANK,1524722,3340540,398470,340695,28834,8224808,46179.0,28834_20251231,1,1,0.03995609104774571,0.08668792920150561,10-100bn
236591,SI,0.0,20251231,325980,448273,325980,UNITED SAVINGS BANK,112763,89393,7951,128693,28836,165747,0.0,28836_20251231,1,1,0.39478802380514144,0.4191790907417633,<1bn
209280,SM,17197.0,20251231,252132,285569,252132,BRATTLEBORO S&LA,33175,42948,15978,23277,28837,213050,0.0,28837_20251231,1,1,0.09232068916281948,0.15569225643710438,<1bn
339665,SI,57559.0,20251231,360558,409469,360558,COMMUNITY SAVINGS BANK,142685,21510,18916,18800,28841,226032,0.0,28841_20251231,1,1,0.0521414030474986,0.1046045296457158,<1bn
1002341,SB,121699.0,20251231,1233232,1437160,1233232,FIRST FSB OF TWIN FALLS,272569,231010,0,38907,28845,1056153,0.0,28845_20251231,1,1,0.03154880833452262,0.03154880833452262,1-10bn
356065,SB,0.0,20251231,408893,581010,408893,FIRST PIEDMONT FS&LA GAFFNEY,347,53091,0,68337,28859,498227,0.0,28859_20251231,1,1,0.16712685225719198,0.16712685225719198,<1bn
47563,SL,29200.0,20251231,62069,75664,62069,CENTURY SAVINGS&LOAN ASSN,29335,14513,0,2565,28860,39682,6056.0,28860_20251231,1,1,0.04132497704167942,0.04132497704167942,<1bn
640982,SB,79702.0,20251231,842608,1042613,842608,MIDCOUNTRY BANK,218936,204531,43567,52585,28865,702724,1628.0,28865_20251231,1,1,0.06240743026413231,0.11411237491217743,1-10bn
282722,SI,57650.0,20251231,331615,428509,331615,BROADSTREET BANK SSB,78175,49417,0,9370,28868,303205,18000.0,28868_20251231,1,1,0.028255657916559866,0.028255657916559866,<1bn
319817,SB,33556.0,20251231,396208,464860,396208,WALLKILL VALLEY FS&LA,75198,76536,2983,9101,28870,334637,20970.0,28870_20251231,1,1,0.02297025804627872,0.03049913176917175,<1bn
296809,SB,4893.0,20251231,393672,458092,393672,SECURITY FSB,28167,97779,875,22957,28894,375455,0.0,28894_20251231,1,1,0.05831504399601699,0.06053770651710053,<1bn
1174128,SM,58448.0,20251231,1600921,1896697,1600921,FIRST FINANCIAL BANK,101386,429571,0,71491,28905,1592319,113185.0,28905_20251231,1,1,0.04465616979226333,0.04465616979226333,1-10bn
165979,SI,9903.0,20251231,183361,211724,183361,IRON WORKERS SAVINGS BANK,25475,17461,0,11040,28908,165220,0.0,28908_20251231,1,1,0.060209095718282514,0.060209095718282514,<1bn
461909,SB,0.0,20251231,535055,617248,535055,EVERGREEN FEDERAL BANK,49536,73744,47768,42966,28914,477395,0.0,28914_20251231,1,1,0.08030202502546467,0.1695788283447496,<1bn
289792,SB,22791.0,20251231,327131,422705,327131,FIRST FEDERAL SAVINGS BANK,76192,40861,0,37906,28924,283889,2000.0,28924_20251231,1,1,0.11587406879812674,0.11587406879812674,<1bn
167458,SI,20104.0,20251231,219609,247592,219609,SECURITY SAVINGS BANK,64331,52318,5899,17564,28925,151357,0.0,28925_20251231,1,1,0.07997850725607784,0.1068398836113274,<1bn
383111,SM,2508.0,20251231,546912,638980,546912,VERIMORE BANK,37691,164535,4345,58879,28930,483508,0.0,28930_20251231,1,1,0.10765717336609912,0.115601778713943,<1bn
205766,N,13039.0,20251231,251174,304264,251174,CARTHAGE S&L NA,24797,45418,4935,12569,28942,231591,0.0,28942_20251231,1,1,0.05004100742911288,0.0696887416691218,<1bn
61218,SM,0.0,20251231,65504,75512,65504,AMORY FIRST S&L BANK SSB,8547,4366,0,5232,28949,59984,0.0,28949_20251231,1,1,0.07987298485588666,0.07987298485588666,<1bn
67527,SB,3406.0,20251231,71364,93961,71364,LADYSMITH FS&LA,12453,3847,0,6325,28983,72074,0.0,28983_20251231,1,1,0.08863012162995348,0.08863012162995348,<1bn
132121,NM,5820.0,20251231,172229,227490,172229,WCF FINANCIAL BANK,25467,41406,1977,4884,28989,172330,0.0,28989_20251231,1,1,0.028357593668894322,0.03983649675722439,<1bn
16499,SB,3987.0,20251231,16631,22379,16631,FIRST FS&LA,3987,132,0,2872,29005,13877,0.0,29005_20251231,1,1,0.17268955564908905,0.17268955564908905,<1bn
606371,SI,84665.0,20251231,644622,856258,644622,LIBERTY BANK FOR SAVINGS,271559,44232,86903,3566,29009,551977,0.0,29009_20251231,1,1,0.005531924135384768,0.1403442637700854,<1bn
708712,NM,28759.0,20251231,766142,872515,766142,MECHANICS BANK,83679,57494,9623,44001,29011,702788,2.0,29011_20251231,1,1,0.057431912099845724,0.06999224686807407,<1bn
3496438,NM,1013887.0,20251231,5927199,6962943,5927199,HERITAGE BANK,1281629,2430910,0,233089,29012,4730682,77489.0,29012_20251231,1,1,0.03932532044225274,0.03932532044225274,1-10bn
170454,SI,6152.0,20251231,246645,285643,246645,BEDFORD FEDERAL SAVINGS BANK,6152,76201,0,32022,29024,229004,10083.0,29024_20251231,1,1,0.1298303229337712,0.1298303229337712,<1bn
352836,SB,4869.0,20251231,377866,482443,377866,HANCOCK COUNTY SB FSB,21050,25039,0,24935,29035,427031,0.0,29035_20251231,1,1,0.06598900139202786,0.06598900139202786,<1bn
607829,SI,73612.0,20251231,664673,975927,664673,FIRST FEDERAL BANK OF KS CTY,129586,57941,2816,19918,29047,738848,86952.0,29047_20251231,1,1,0.029966615162643886,0.03420328492356392,<1bn
362968,NM,11006.0,20251231,487566,605018,487566,FIRST FEDERAL SAVINGS BANK,90687,125622,0,18357,29056,449184,87037.0,29056_20251231,1,1,0.0376502873457132,0.0376502873457132,<1bn
23783,SB,3518.0,20251231,26807,36874,26807,TUCUMCARI FS&LA,3542,3055,24,5390,29059,26232,0.0,29059_20251231,1,1,0.20106688551497742,0.20196217405901443,<1bn
45890,SI,0.0,20251231,48709,55087,48709,TARBORO SAVINGS BANK SSB,0,2824,0,7997,29061,41102,0.0,29061_20251231,1,1,0.16417910447761194,0.16417910447761194,<1bn
94228,SL,5519.0,20251231,121179,150741,121179,DEL NORTE BANK,9994,27387,1024,5321,29066,122595,8005.0,29066_20251231,1,1,0.0439102484753959,0.05236055752234298,<1bn
522147,SL,61560.0,20251231,762797,893884,762797,SOUTHWEST HERITAGE BANK,106364,241409,2946,33702,29087,702758,5070.0,29087_20251231,1,1,0.04418213495858007,0.04804423719547927,<1bn
183635,SB,31005.0,20251231,247940,274828,247940,NEWPORT FEDERAL BANK,125336,65286,0,12586,29089,125898,0.0,29089_20251231,1,1,0.05076228119706381,0.05076228119706381,<1bn
214881,SB,19850.0,20251231,254756,295454,254756,FIRST FS&LA,43719,40070,0,22994,29090,212532,1.0,29090_20251231,1,1,0.09025891441222189,0.09025891441222189,<1bn
50360,SM,1146.0,20251231,102638,113696,102638,INVESTORS COMMUNITY BANK,38739,52319,0,14221,29093,53657,1006.0,29093_20251231,1,1,0.13855492117929033,0.13855492117929033,<1bn
347846,SB,76937.0,20251231,404813,597830,404813,PYRAMAX BANK FSB,101375,58118,0,16873,29120,439989,14500.0,29120_20251231,1,1,0.04168097368414552,0.04168097368414552,<1bn
157434,SI,11178.0,20251231,164492,180555,164492,UNION SAVINGS BANK,48246,7394,1000,8495,29121,114308,0.0,29121_20251231,1,1,0.05164384894098193,0.05772317194757192,<1bn
131855,SB,19688.0,20251231,164065,191295,164065,FIRST FS&LA OF VAN WERT,35084,32287,0,10845,29135,128211,0.0,29135_20251231,1,1,0.0661018498765733,0.0661018498765733,<1bn
477666,SB,61388.0,20251231,632468,782859,632468,AMERICAN FEDERAL BANK,72132,165165,0,14298,29140,664302,3094.0,29140_20251231,1,1,0.022606677333873018,0.022606677333873018,<1bn
99427,NM,1231.0,20251231,158293,199336,158293,ARLO BANK,5988,58958,0,8330,29143,146117,20605.0,29143_20251231,1,1,0.05262393156993676,0.05262393156993676,<1bn
1261986,SI,5074.0,20251231,1623022,2058821,1623022,NORTHEAST COMMUNITY BANK,44885,361038,0,79153,29147,1852503,370512.0,29147_20251231,1,1,0.048768901468988095,0.048768901468988095,1-10bn
159023,SB,61.0,20251231,195534,271927,195534,FIRST FS&LA OF VALDOSTA,1864,35544,0,14882,29164,237545,0.0,29164_20251231,1,1,0.07610952570908384,0.07610952570908384,<1bn
220665,SI,18721.0,20251231,292351,367874,292351,UNITED ROOSEVELT SB,38623,71873,0,8391,29170,300438,69304.0,29170_20251231,1,1,0.028701800233281227,0.028701800233281227,<1bn
214894,SB,10968.0,20251231,248238,314166,248238,NEW CARLISLE FSB,16030,33409,1440,9683,29173,273085,0.0,29173_20251231,1,1,0.03900692077764081,0.044807805412547634,<1bn
382909,SM,1275.0,20251231,535207,615914,535207,BANKTENNESSEE,27035,154990,0,44571,29177,498946,1462.0,29177_20251231,1,1,0.0832780587697844,0.0832780587697844,<1bn
66953,SI,0.0,20251231,74136,94124,74136,LAWRENCEBURG FEDERAL BANK,0,7493,0,10554,29186,80020,0.0,29186_20251231,1,1,0.1423599870508255,0.1423599870508255,<1bn
283637,SI,24958.0,20251231,309010,388373,309010,FOX VALLEY SAVINGS BANK,99496,27456,0,9579,29188,247714,2000.0,29188_20251231,1,1,0.030998996796220188,0.030998996796220188,<1bn
123016,SI,15678.0,20251231,132517,157105,132517,GRAHAM SAVINGS&LOAN SSB,26459,9508,0,20943,29206,106469,0.0,29206_20251231,1,1,0.15804010051540557,0.15804010051540557,<1bn
85898,SI,7774.0,20251231,95791,128836,95791,DALHART FS&LA SSB,26026,9980,0,14802,29208,80801,0.0,29208_20251231,1,1,0.15452391143218047,0.15452391143218047,<1bn
9521810,NM,1769517.0,20251231,10798449,13937262,10798449,NEXBANK,2351625,1304350,0,978095,29209,9448436,745284.0,29209_20251231,1,1,0.09057735976712952,0.09057735976712952,10-100bn
404823,SI,82046.0,20251231,501677,586243,501677,WASHINGTON SAVINGS BANK,174225,97616,0,32101,29227,340208,12655.0,29227_20251231,1,1,0.06398738630632858,0.06398738630632858,<1bn
66907,SB,2872.0,20251231,81097,89061,81097,COUNTY SAVINGS BANK,17096,14353,0,14599,29231,54035,0.0,29231_20251231,1,1,0.18001898960504087,0.18001898960504087,<1bn
58896,SB,13299.0,20251231,63211,98041,63211,WOODRUFF FS&LA,13299,4413,0,12336,29238,64457,0.0,29238_20251231,1,1,0.19515590640869468,0.19515590640869468,<1bn
81635,SB,3632.0,20251231,86459,116908,86459,HENDERSON FSB,11901,4975,4932,22852,29241,80421,0.0,29241_20251231,1,1,0.2643102511016783,0.32135463051851165,<1bn
63674,SB,1232.0,20251231,65013,91602,65013,EUREKA HOMESTEAD,2370,1353,0,6001,29268,77180,9295.0,29268_20251231,1,1,0.09230461599987695,0.09230461599987695,<1bn
232819,SB,132422.0,20251231,272923,328797,272923,CUMBERLAND FEDERAL BANK FSB,147109,41173,0,3986,29293,171425,109199.0,29293_20251231,1,1,0.014604851917940224,0.014604851917940224,<1bn
616973,SB,38445.0,20251231,748154,979247,748154,PREVAIL BANK,162416,132634,6855,12053,29294,721256,25013.0,29294_20251231,1,1,0.016110319533144245,0.0252728716280338,<1bn
302743,NM,23195.0,20251231,621197,732162,621197,FIRST SOUTHERN BANK,63687,318898,22923,150357,29332,498514,0.0,29332_20251231,1,1,0.24204398926588505,0.2789453265228261,<1bn
196788,SB,45463.0,20251231,203110,242165,203110,FIRST FS&LA,99983,6395,11615,20952,29345,107398,0.0,29345_20251231,1,1,0.10315592536064201,0.16034168677071536,<1bn
119573,SB,347.0,20251231,132791,155405,132791,FAMILY BANK,347,13335,0,15354,29357,133562,0.0,29357_20251231,1,1,0.11562530593187792,0.11562530593187792,<1bn
21674,SB,16842.0,20251231,42941,50817,42941,SIDNEY FS&LA,16842,21271,0,1760,29379,8699,0.0,29379_20251231,1,1,0.040986469807410164,0.040986469807410164,<1bn
148322,SB,40322.0,20251231,172099,207356,172099,PERU FEDERAL SAVINGS BANK,68031,23779,574,20999,29384,108754,0.0,29384_20251231,1,1,0.12201697859952701,0.12535226817122702,<1bn
50469,SB,3023.0,20251231,54113,63692,54113,GN BANK,25925,4043,21300,8017,29399,26874,0.0,29399_20251231,1,1,0.14815293921978082,0.5417736957847468,<1bn
104217,SB,4440.0,20251231,107859,132936,107859,WORTHINGTON FSB FSB,14940,3969,2158,13679,29426,88360,0.0,29426_20251231,1,1,0.12682298185594154,0.1468305843740439,<1bn
47448,SI,983.0,20251231,49022,55528,49022,COMPASS SAVINGS BANK,1230,1575,0,2482,29430,50705,0.0,29430_20251231,1,1,0.05063032923993309,0.05063032923993309,<1bn
32214,SB,3803.0,20251231,34575,42800,34575,NORTH SIDE FS&LA OF CHICAGO,5138,2361,996,3700,29449,31850,0.0,29449_20251231,1,1,0.10701373825018076,0.13582067968185105,<1bn
78816,SI,13027.0,20251231,83202,95470,83202,ARMSTRONG COUNTY BLDG&LA,26712,4496,500,2312,29471,64096,0.0,29471_20251231,1,1,0.027787793562654744,0.033797264488834404,<1bn
373522,SB,51500.0,20251231,456604,535704,456604,HOME FS&LA OF GRAND ISLAND,59073,84851,0,28108,29476,424668,27617.0,29476_20251231,1,1,0.061558812450175644,0.061558812450175644,<1bn
29610,SB,0.0,20251231,31930,37451,31930,KINGSTREE FS&LA,6065,2448,0,1462,29486,25072,0.0,29486_20251231,1,1,0.04578766050735985,0.04578766050735985,<1bn
1777607,SB,90193.0,20251231,2176159,2909587,2176159,FIRST FS&LA OF LAKEWOOD,157887,401595,0,192088,29488,2385788,188166.0,29488_20251231,1,1,0.0882692854704091,0.0882692854704091,1-10bn
22966,SB,2.0,20251231,24203,26991,24203,FIRST FS&LA OF RAVENSWOOD,2,1237,0,6265,29490,20178,0.0,29490_20251231,1,1,0.2588522084039169,0.2588522084039169,<1bn
286934,SB,113201.0,20251231,320096,384837,320096,GREENWAY BANK,162329,33525,0,8003,29495,199569,137585.0,29495_20251231,1,1,0.0250018744376687,0.0250018744376687,<1bn
162259,N,10914.0,20251231,245320,312206,245320,SENECA SB NA,49364,83088,14795,5328,29496,226234,16708.0,29496_20251231,1,1,0.021718571661503344,0.08202755584542638,<1bn
551951,N,16188.0,20251231,703315,881423,703315,AFFINITY BANK NATIONAL ASSN,38759,152896,0,18094,29510,733764,79479.0,29510_20251231,1,1,0.025726736952858962,0.025726736952858962,<1bn
83157,SL,5517.0,20251231,92898,119958,92898,PIONEER FS&LA,12530,9798,0,7140,29517,89786,0.0,29517_20251231,1,1,0.07685848995672673,0.07685848995672673,<1bn
800546,SI,141666.0,20251231,1262909,1473936,1262909,WASHINGTON FINANCIAL BANK,288076,464343,0,29743,29520,1072173,148499.0,29520_20251231,1,1,0.023551182230865407,0.023551182230865407,1-10bn
90871,SB,18965.0,20251231,97466,131018,97466,FIDELITY FS&LA OF DELAWARE,42066,6664,0,1782,29521,77789,3000.0,29521_20251231,1,1,0.0182832987913734,0.0182832987913734,<1bn
1275376,NM,104665.0,20251231,1727494,2020532,1727494,PEOPLES BANK,316227,503020,0,119642,29523,1433977,245.0,29523_20251231,1,1,0.06925754879611738,0.06925754879611738,1-10bn
121013,SI,12433.0,20251231,148455,174240,148455,DEWITT SAVINGS BANK,71037,27253,0,7456,29535,87162,34034.0,29535_20251231,1,1,0.050223973594691995,0.050223973594691995,<1bn
321172,SB,41625.0,20251231,542931,610742,542931,FIRST FEDERAL BANK&TRUST,59914,221928,0,15736,29537,489045,0.0,29537_20251231,1,1,0.02898342514978883,0.02898342514978883,<1bn
3771100,NM,536295.0,20251231,4544883,5603078,4544883,GREAT SOUTHERN BANK,703031,1722471,0,194275,29546,4363691,663427.0,29546_20251231,1,1,0.04274587486630569,0.04274587486630569,1-10bn
183093,NM,36622.0,20251231,334738,363568,334738,PINNACLE BANK,176921,152360,14899,23576,29548,130849,20983.0,29548_20251231,1,1,0.07043120291093333,0.11494064014243977,<1bn
4669299,SB,1193192.0,20251231,5113142,6295144,5419610,UNITED FIDELITY BANK FSB,1312520,830384,4901,223731,29566,3434274,1581101.0,29566_20251231,1,1,0.04375607014238994,0.04471458058469724,1-10bn
157903,NM,6949.0,20251231,188346,240440,188346,HOME S&L KENTON OH DBA HSLC,19903,31009,1440,13209,29571,192033,21063.0,29571_20251231,1,1,0.07013156637252715,0.07777706986078813,<1bn
135523,SL,10308.0,20251231,148858,179087,148858,HERITAGE BANK OF ST TAMMANY,11665,13345,0,11151,29577,144522,1497.0,29577_20251231,1,1,0.07491031721506403,0.07491031721506403,<1bn
97013,SB,8804.0,20251231,130944,148185,130944,MONROE FS&LA,22305,33934,0,1997,29578,111351,3113.0,29578_20251231,1,1,0.015250794232649072,0.015250794232649072,<1bn
27136,SB,18138.0,20251231,30184,37683,30184,PEE DEE FEDERAL SAVINGS BANK,18138,3081,0,5694,29582,13394,0.0,29582_20251231,1,1,0.18864298966339782,0.18864298966339782,<1bn
1015587,SL,126972.0,20251231,1058410,1320116,1058410,ROSEDALE BANK,184910,42904,0,107626,29613,948765,0.0,29613_20251231,1,1,0.10168649200215417,0.10168649200215417,1-10bn
78808,SB,7730.0,20251231,91188,112463,91188,FIRST MUTUAL BANK FSB,23849,12428,0,9544,29617,68791,0.0,29617_20251231,1,1,0.10466289424047023,0.10466289424047023,<1bn
499548,SL,63623.0,20251231,570654,669416,570654,FIRST FS&LA OF MCMINNVILLE,159416,71302,49868,70925,29624,402859,0.0,29624_20251231,1,1,0.12428722132851079,0.2116746750219923,<1bn
23593,SB,28.0,20251231,24690,43948,24690,SECOND FS&LA OF PHILADELPHIA,4105,1098,0,3755,29627,34981,0.0,29627_20251231,1,1,0.15208586472255975,0.15208586472255975,<1bn
502247,SL,88067.0,20251231,707298,874750,707298,WINDSOR FEDERAL BANK,124994,205170,0,12157,29632,685216,5000.0,29632_20251231,1,1,0.01718794624048138,0.01718794624048138,<1bn
131735,SB,428.0,20251231,139735,186457,139735,FIRST FS&LA OF BATH,14145,8000,13372,8822,29636,146687,0.0,29636_20251231,1,1,0.06313378895766987,0.15882921243782874,<1bn
276917,SB,84284.0,20251231,324676,392170,324676,BIG HORN FSB,171865,63334,0,23967,29637,172823,0.0,29637_20251231,1,1,0.07381820645813057,0.07381820645813057,<1bn
165966,SI,22870.0,20251231,188155,225118,188155,FIRST FS&LA OF CNTL IL S B,34664,22221,0,15673,29645,161665,4191.0,29645_20251231,1,1,0.08329834445005448,0.08329834445005448,<1bn
555759,SI,49790.0,20251231,609214,1034904,609214,GREAT MIDWEST BANK SSB,61721,55044,0,6698,29657,919197,153562.0,29657_20251231,1,1,0.01099449454543067,0.01099449454543067,1-10bn
399728,SI,149288.0,20251231,637146,745663,637146,CFSBANK,215783,239077,0,11533,29672,466227,135863.0,29672_20251231,1,1,0.018101031788632434,0.018101031788632434,<1bn
498212,SB,169368.0,20251231,654893,830382,654893,IROQUOIS FS&LA,184755,158621,0,9041,29675,592281,24885.0,29675_20251231,1,1,0.01380530865347469,0.01380530865347469,<1bn
157370,SL,3198.0,20251231,172622,213314,172622,PAPER CITY SAVINGS BANK SA,8319,16173,1469,8365,29676,187615,0.0,29676_20251231,1,1,0.04845848153769508,0.056968404954177335,<1bn
62337,SI,57.0,20251231,90669,104179,90669,NASHVILLE SAVINGS BANK,23696,28427,1978,3192,29677,67371,0.0,29677_20251231,1,1,0.035204976342520594,0.05702059138183944,<1bn
116052,SB,3615.0,20251231,171447,202822,171447,ANTHEM BANK&TRUST,48653,55625,42681,3446,29679,123688,0.0,29679_20251231,1,1,0.020099505969774917,0.2690452443029041,<1bn
1682154,SB,0.0,20251231,2162549,2730135,2162549,HOME FEDERAL BANK OF TN,1179657,485200,49857,86914,29683,1394468,0.0,29683_20251231,1,1,0.04019053441101219,0.06324527213025,1-10bn
24017,SB,1875.0,20251231,25176,32439,25176,MARTINSVILLE FIRST SB,2873,1159,0,8935,29685,18837,0.0,29685_20251231,1,1,0.35490149348585953,0.35490149348585953,<1bn
281718,NM,41665.0,20251231,457916,559044,457916,FIRST FEDERAL SAVINGS BANK,93803,177489,0,8550,29690,425358,55907.0,29690_20251231,1,1,0.018671546746564873,0.018671546746564873,<1bn
79847,SI,34758.0,20251231,96629,127847,96629,KEYSAVINGS BANK,40811,16897,0,4329,29691,76896,10028.0,29691_20251231,1,1,0.04480021525628952,0.04480021525628952,<1bn
299139,SB,6525.0,20251231,322043,387752,322043,LINCOLN FSB OF NEBRASKA,63962,25007,2857,1863,29692,301396,4978.0,29692_20251231,1,1,0.005784941762435451,0.014656427868328142,<1bn
253709,SL,0.0,20251231,307370,376010,307370,HOME LOAN SAVINGS BANK,12273,55509,1989,9768,29695,338937,38355.0,29695_20251231,1,1,0.03177928880502326,0.03825031720727462,<1bn
145541,SM,13.0,20251231,177538,208181,177538,BUFFALO FEDERAL BANK,23791,32048,0,4549,29696,142754,0.0,29696_20251231,1,1,0.02562268359449808,0.02562268359449808,<1bn
319876,SB,97221.0,20251231,760937,876512,760937,CENTURY NEXT BANK,142109,441132,2953,48298,29700,644907,0.0,29700_20251231,1,1,0.06347174601839574,0.06735248778808232,<1bn
250734,SL,5037.0,20251231,278727,350930,278727,FIRST FED CMTY BK OF BUCYRUS,21490,28789,5036,18050,29705,290061,4575.0,29705_20251231,1,1,0.06475870654798423,0.08282656506187057,<1bn
1705708,SB,61474.0,20251231,1895946,2966175,1895946,NORTH AMERICAN SB FSB,490609,191254,45949,81989,29708,2150650,68291.0,29708_20251231,1,1,0.043244375103510334,0.06747976999344918,1-10bn
57135,SI,1886.0,20251231,76185,95149,76185,FIRST FSB OF WASHINGTON,6527,19400,1768,6083,29710,72056,6479.0,29710_20251231,1,1,0.07984511386755923,0.10305178184682023,<1bn
79749,NM,23151.0,20251231,103284,129587,103284,SOUTHERN BANK CO,40896,23565,0,27088,29731,57957,0.0,29731_20251231,1,1,0.26226714689593744,0.26226714689593744,<1bn
148044,SL,11216.0,20251231,178467,203885,178467,AROOSTOOK COUNTY FS&LA,42479,32629,19255,10635,29743,147311,0.0,29743_20251231,1,1,0.05959084872833633,0.16748194344052403,<1bn
363780,SB,99236.0,20251231,488579,599500,488579,FIRST SEACOAST BANK,152406,123878,0,13414,29744,416276,69131.0,29744_20251231,1,1,0.027455130081317454,0.027455130081317454,<1bn
150756,SI,1160.0,20251231,185728,247632,185728,MARATHON BANK,4526,35179,0,12909,29745,211580,12035.0,29745_20251231,1,1,0.06950486733287388,0.06950486733287388,<1bn
150815,SB,39020.0,20251231,175074,205030,175074,SOUTHERN HILLS CMTY BANK,63660,24750,0,8482,29749,108195,0.0,29749_20251231,1,1,0.048448084809851834,0.048448084809851834,<1bn
582620,SI,43863.0,20251231,750080,821598,750080,KS BANK INC,95158,167834,0,35503,29771,664205,106365.0,29771_20251231,1,1,0.04733228455631399,0.04733228455631399,<1bn
153797,SB,3462.0,20251231,166234,218786,166234,VIDALIA FEDERAL SAVINGS BANK,91782,12785,0,17339,29772,95391,0.0,29772_20251231,1,1,0.10430477519640988,0.10430477519640988,<1bn
28562,SB,3551.0,20251231,34185,40520,34185,CARROLLTON FEDERAL BANK,9253,5790,0,2759,29774,26281,0.0,29774_20251231,1,1,0.08070791282726342,0.08070791282726342,<1bn
666326,SI,70245.0,20251231,943529,1072130,943529,FIRST FEDERAL BANK,246165,280604,0,172627,29782,607798,0.0,29782_20251231,1,1,0.18295887036858433,0.18295887036858433,1-10bn
349359,SM,31314.0,20251231,437306,532976,437306,HIGH COUNTRY BANK,57137,88032,3201,11927,29783,444015,0.0,29783_20251231,1,1,0.027273808271553557,0.03459362551622891,<1bn
553861,N,11663.0,20251231,785442,890207,785442,FIRST FEDERAL CMTY BANK NA,63441,231951,0,74834,29787,706135,5.0,29787_20251231,1,1,0.09527629029259958,0.09527629029259958,<1bn
349258,SI,24754.0,20251231,386094,544915,386094,LISLE SAVINGS BANK,178120,36886,0,23027,29800,285267,0.0,29800_20251231,1,1,0.05964091646075826,0.05964091646075826,<1bn
143220,SB,46000.0,20251231,190713,279648,190713,CATALYST BANK,62497,47717,0,25205,29804,167843,8371.0,29804_20251231,1,1,0.13216193966850712,0.13216193966850712,<1bn
629172,SI,268701.0,20251231,674419,794422,674419,FIRST SB OF HEGEWISCH,338702,45323,0,74458,29809,358953,0.0,29809_20251231,1,1,0.11040317666020678,0.11040317666020678,<1bn
117847,NM,3758.0,20251231,125834,156418,125834,PEOPLES SAVINGS&LOAN CO,61060,8178,2255,12685,29813,71087,0.0,29813_20251231,1,1,0.1008074129408586,0.11872784779948185,<1bn
402269,SB,21580.0,20251231,432783,541205,432783,MILFORD FEDERAL BANK,22960,31226,0,25094,29835,464024,0.0,29835_20251231,1,1,0.05798286901287712,0.05798286901287712,<1bn
487402,SB,41889.0,20251231,506202,573099,506202,FIRST FS&LA OF LORAIN,69172,19327,22217,24642,29838,446987,99480.0,29838_20251231,1,1,0.04868017115696896,0.09256976463941273,<1bn
358531,NM,25701.0,20251231,517216,586674,517216,CROSSROADS BANK,105127,158813,6922,13008,29839,435967,3221.0,29839_20251231,1,1,0.025150034028336325,0.038533224030192416,<1bn
81850,SM,35862.0,20251231,135017,205345,135017,COMMONWEALTH COOP BANK,44407,53168,0,12124,29842,132530,0.0,29842_20251231,1,1,0.0897960997504018,0.0897960997504018,<1bn
385547,SB,84042.0,20251231,442021,523765,442021,EATON COMMUNITY BANK,140390,56775,0,21734,29846,319559,61829.0,29846_20251231,1,1,0.0491696095886847,0.0491696095886847,<1bn
1127527,NM,104150.0,20251231,1335942,1494856,1335942,MAIN STREET BANK CORP,155603,208629,0,61626,29847,1209489,0.0,29847_20251231,1,1,0.0461292481260414,0.0461292481260414,1-10bn
19596,SB,8144.0,20251231,21007,27870,21007,LIBERTY SAVINGS ASSN FSA,13214,1452,1006,4289,29857,10099,0.0,29857_20251231,1,1,0.2041700385585757,0.252058837530347,<1bn
231094,NM,0.0,20251231,260060,282545,260060,SSB COMMUNITY BANK,0,29184,0,22862,29858,247499,0.0,29858_20251231,1,1,0.08791048219641621,0.08791048219641621,<1bn
153973,SB,24683.0,20251231,183206,288514,183206,DEARBORN FSB,57926,29638,0,21342,29874,199880,20000.0,29874_20251231,1,1,0.11649181795356048,0.11649181795356048,<1bn
180570,NM,20694.0,20251231,342994,380875,342994,AMERICAN CMTY BANK OF IN,27059,162455,0,31560,29878,303194,0.0,29878_20251231,1,1,0.09201327136917847,0.09201327136917847,<1bn
283745,SB,34735.0,20251231,360851,433469,360851,HOME BANK SB,109755,77383,0,31833,29881,255242,0.0,29881_20251231,1,1,0.08821646607602585,0.08821646607602585,<1bn
169988,SB,0.0,20251231,182524,318795,182524,ELIZABETHTON FSB,106801,12555,8974,21781,29904,172789,0.0,29904_20251231,1,1,0.11933225219697136,0.16849838925292016,<1bn
111802,NM,3347.0,20251231,226394,265372,226394,LOGANSPORT SAVINGS BANK,53514,114822,984,7536,29907,180863,0.0,29907_20251231,1,1,0.033287101248266296,0.037633506188326546,<1bn
52827,SL,15236.0,20251231,61306,76457,61306,SCOTTSBURG BLDG&LA,20171,8558,0,1724,29910,46846,3236.0,29910_20251231,1,1,0.028121227938537826,0.028121227938537826,<1bn
927040,NM,188606.0,20251231,1239095,1509890,1239095,RIVERVIEW BANK,301585,314832,0,28641,29922,1069885,0.0,29922_20251231,1,1,0.0231144504658642,0.0231144504658642,1-10bn
201227,SB,6607.0,20251231,230948,257648,230948,UNION SAVINGS&LOAN ASSN,17843,29848,999,11639,29933,215751,0.0,29933_20251231,1,1,0.05039662608032977,0.0547222751441883,<1bn
176475,SB,4509.0,20251231,214002,289077,214002,FIRST FSB OF KENTUCKY,8858,37928,0,14006,29937,251945,26000.0,29937_20251231,1,1,0.06544798646741619,0.06544798646741619,<1bn
564545,SI,100914.0,20251231,658814,902534,658814,BOGOTA SAVINGS BANK,158065,95083,0,35598,29941,648103,109749.0,29941_20251231,1,1,0.05403346012683398,0.05403346012683398,<1bn
50813036,N,13783643.0,20251231,76307419,104148024,82137678,SANTANDER BANK N A,20531452,27271360,2786435,15580022,29950,53028860,0.0,29950_20251231,1,1,0.20417440668514814,0.24069031872248228,>=100bn
1070008,SM,48901.0,20251231,1702359,2394540,1702359,FIRST SAVINGS BANK,254644,636554,26793,30898,29961,1930983,185000.0,29961_20251231,1,1,0.01815010817342288,0.03388885658077997,1-10bn
6204,NM,3.0,20251231,6602,8941,6602,EQUITABLE SAVINGS&LOAN CO,209,416,0,1788,29966,6715,0.0,29966_20251231,1,1,0.27082702211451076,0.27082702211451076,<1bn
130662,SL,4550.0,20251231,162013,180218,162013,PEOPLES SAVINGS BANK,8442,31455,0,12189,29975,155861,0.0,29975_20251231,1,1,0.07523470338799973,0.07523470338799973,<1bn
97510,SL,5986.0,20251231,105242,116677,105242,MIDLAND FS&LA,55763,7733,41740,11461,29980,46514,0.0,29980_20251231,1,1,0.10890138917922502,0.5055111077326543,<1bn
228138,SL,60687.0,20251231,252019,402685,252019,MUTUAL SAVINGS ASSN,90034,27520,0,4897,29988,274024,19533.0,29988_20251231,1,1,0.019431074641197688,0.019431074641197688,<1bn
477601,SI,48141.0,20251231,545393,641207,545393,PHOENIXVILLE FEDERAL B&T,65799,67794,0,42703,29995,494450,0.0,29995_20251231,1,1,0.07829766792019699,0.07829766792019699,<1bn
10156886,SB,450544.0,20251231,10540199,17487528,10540199,THIRD FS&LA OF CLEVELAND,450544,401454,0,454868,30012,15756128,877981.0,30012_20251231,1,1,0.04315554193995768,0.04315554193995768,10-100bn
13392,SI,0.0,20251231,13417,17463,13417,HUNTINGDON SAVINGS BANK,0,50,0,3105,30031,13744,0.0,30031_20251231,1,1,0.23142282179324739,0.23142282179324739,<1bn
706231,SI,65556.0,20251231,876397,1014686,876397,HAVEN SAVINGS BANK,122079,172451,0,41475,30039,798003,87810.0,30039_20251231,1,1,0.04732444314619973,0.04732444314619973,1-10bn
44801,SI,11361.0,20251231,54081,73023,54081,BEARDSTOWN SAVINGS S B,26926,9383,0,1720,30043,41082,1501.0,30043_20251231,1,1,0.03180414563340175,0.03180414563340175,<1bn
1279515,SI,145027.0,20251231,1536354,2162432,1536354,BLUE FOUNDRY BANK,328243,344104,95785,53334,30052,1676140,275000.0,30052_20251231,1,1,0.03471465560671564,0.09706031292267277,1-10bn
97895,SB,21511.0,20251231,133582,151384,133582,FIRST FS&LA OF GREENSBURG,42479,35756,0,14782,30058,84339,0.0,30058_20251231,1,1,0.11065862167058436,0.11065862167058436,<1bn
20874,SL,0.0,20251231,20890,43608,20890,PEOPLES CMTY BK SB MONTICELL,0,16,0,1844,30065,40830,0.0,30065_20251231,1,1,0.08827190043082815,0.08827190043082815,<1bn
33993,SM,0.0,20251231,37427,44636,37427,CORNERSTONE BANK,4451,3533,2373,11428,30067,26674,0.0,30067_20251231,1,1,0.3053410639377989,0.36874448927245035,<1bn
90519,SI,3158.0,20251231,114516,147395,114516,SCHUYLER SAVINGS BANK,7558,24172,0,8324,30072,124983,13857.0,30072_20251231,1,1,0.07268853260679731,0.07268853260679731,<1bn
1808015,SL,385917.0,20251231,3149641,4038203,3149641,SPENCER SAVINGS BANK SLA,494398,1341852,40454,56237,30076,3232389,0.0,30076_20251231,1,1,0.01785505078197801,0.030699054273169546,1-10bn
138656,NM,3705.0,20251231,149409,174434,149409,MERCER SAVINGS BANK,9887,11158,0,4126,30084,149672,27666.0,30084_20251231,1,1,0.02761547162486865,0.02761547162486865,<1bn
302624,SI,6311.0,20251231,358987,455994,358987,PRESENCE BANK,18787,57314,1969,38745,30085,351595,11216.0,30085_20251231,1,1,0.10792869936794369,0.11341357765044417,<1bn
77477,SI,5965.0,20251231,88129,114466,88129,MONROE SAVINGS BANK,6965,10760,0,18388,30103,86951,0.0,30103_20251231,1,1,0.20864868544973844,0.20864868544973844,<1bn
473306,SB,109316.0,20251231,557137,663576,557137,OCONEE FS&LA,127521,86866,2785,9489,30111,482044,0.0,30111_20251231,1,1,0.0170317175129277,0.0220304880128227,<1bn
359133,SI,64303.0,20251231,530519,674114,530519,RELIANCE SAVINGS BANK,109640,171610,936,50496,30117,478006,8109.0,30117_20251231,1,1,0.09518226491416895,0.09694657495773007,<1bn
189683,SI,35296.0,20251231,199108,238563,199108,PENNCREST BANK,63794,9476,4223,9477,30119,152994,0.0,30119_20251231,1,1,0.04759728388613215,0.06880687867890793,<1bn
72845,SI,28402.0,20251231,76548,105995,76548,INVESTMENT SAVINGS BANK,42302,3724,0,7138,30121,45837,0.0,30121_20251231,1,1,0.09324868056644198,0.09324868056644198,<1bn
45625,SI,6153.0,20251231,51323,69242,51323,BOONVILLE FSB,9576,5721,0,6681,30128,49643,7544.0,30128_20251231,1,1,0.13017555481947665,0.13017555481947665,<1bn
133434,SB,8042.0,20251231,144247,187629,144247,CITIZENS FSB,34604,10994,0,7494,30150,132904,0.0,30150_20251231,1,1,0.05195255360596754,0.05195255360596754,<1bn
20002,SI,4.0,20251231,23868,27383,23868,MILFORD BUILDING&LOAN ASSN,4,4020,0,8602,30152,18307,0.0,30152_20251231,1,1,0.3603988603988604,0.3603988603988604,<1bn
209605,SI,74515.0,20251231,221599,316160,221599,SEWICKLEY SAVINGS BANK,217527,13674,0,15946,30154,54801,0.0,30154_20251231,1,1,0.07195880847837761,0.07195880847837761,<1bn
397852,SB,22798.0,20251231,434905,585529,434905,HATBORO FEDERAL SAVINGS FA,41581,37071,0,23875,30155,474545,0.0,30155_20251231,1,1,0.05489704648141548,0.05489704648141548,<1bn
205775,SB,6832.0,20251231,295182,431245,295182,CULLMAN SAVINGS BANK,21848,89652,0,17272,30167,358112,15000.0,30167_20251231,1,1,0.058513052963934116,0.058513052963934116,<1bn
33020,NM,3344.0,20251231,34188,41443,34188,HOME SB OF WAPAKONETA,4060,1264,0,465,30176,35995,1737.0,30176_20251231,1,1,0.013601263601263602,0.013601263601263602,<1bn
1459403,SM,107251.0,20251231,1807259,2103648,1807259,OPPORTUNITY BANK OF MONTANA,281229,354593,44308,62976,30182,1509101,3214.0,30182_20251231,1,1,0.034846139927924,0.059362825140170834,1-10bn
137478,SI,29444.0,20251231,146842,167455,146842,MILLVILLE SAVINGS BANK,66077,9474,1957,24425,30183,69166,0.0,30183_20251231,1,1,0.1663352446847632,0.17966249438171641,<1bn
161602,NM,5564.0,20251231,198666,247421,198666,HOMETOWN BANK,34582,37668,8824,4921,30219,190601,0.0,30219_20251231,1,1,0.02477021734972265,0.06918647378011336,<1bn
43192,N,0.0,20251231,109050,116171,109050,CHESTER NATIONAL BANK,98,66048,0,38987,30220,57570,0.0,30220_20251231,1,1,0.3575149014213663,0.3575149014213663,<1bn
371739,SI,11306.0,20251231,452247,529925,452247,CROSS COUNTY SAVINGS BANK,29807,78802,950,55318,30260,400015,9030.0,30260_20251231,1,1,0.12231811377411017,0.12441873577934182,<1bn
247179,SI,8861.0,20251231,273971,318533,273971,CITIZENS SAVINGS BANK,46220,27069,979,10642,30270,247356,0.0,30270_20251231,1,1,0.03884352723463432,0.04241689813885411,<1bn
49598,SI,0.0,20251231,53918,66056,53918,FIRST FED BK LITTLEFIELD TX,6304,4760,5404,6406,30291,49665,0.0,30291_20251231,1,1,0.11881004488297044,0.21903631440335325,<1bn
1229105,SB,0.0,20251231,1403765,2199882,1403765,MASPETH FS&LA,48905,174660,0,149432,30303,1937091,0.0,30303_20251231,1,1,0.10645086606376424,0.10645086606376424,1-10bn
204643,SI,7187.0,20251231,217878,270520,217878,EAST WISCONSIN SAVINGS BANK,58721,13734,8799,5773,30313,189527,0.0,30313_20251231,1,1,0.026496479681289528,0.06688146577442422,<1bn
328388,SB,28102.0,20251231,383079,477003,383079,FIRST FSB OF LINCOLNTON,77502,54720,12818,32614,30315,347778,0.0,30315_20251231,1,1,0.0851364862078057,0.11859694736594802,<1bn
38147,SI,0.0,20251231,45421,66029,45421,ABBEVILLE BLDG&L STATE-CHART,3680,7452,3680,12168,30332,43864,0.0,30332_20251231,1,1,0.2678937055546994,0.3489134981616433,<1bn
58142,SB,0.0,20251231,78528,99379,78528,BEAUREGARD FSB,13974,20499,7911,5851,30339,73897,0.0,30339_20251231,1,1,0.07450845558272208,0.17524959250203748,<1bn
429646,SB,66067.0,20251231,490796,637039,490796,BANK OF BENNINGTON,107164,61200,0,15975,30350,488782,0.0,30350_20251231,1,1,0.03254916502986984,0.03254916502986984,<1bn
96685,SI,3154.0,20251231,105243,154768,105243,STREATOR HOME SAVINGS BANK,106307,8724,0,3084,30357,39843,0.0,30357_20251231,1,1,0.02930361164162937,0.02930361164162937,<1bn
38672,SB,4146.0,20251231,41537,55539,41537,FIRST SAVINGS&LOAN ASSN,11147,3117,0,526,30358,36886,0.0,30358_20251231,1,1,0.012663408527337073,0.012663408527337073,<1bn
178663,SI,2593.0,20251231,237163,300925,237163,1ST BANK OF SEA ISLE CITY,25001,58801,0,15199,30367,241771,0.0,30367_20251231,1,1,0.06408672516370598,0.06408672516370598,<1bn
9164607,NM,3337973.0,20251231,16466671,19111594,16723991,FIRSTBANK PUERTO RICO,4823619,8153627,497342,657844,30387,12893016,593555.0,30387_20251231,1,1,0.039950029972664176,0.07015297749010714,10-100bn
76502,SL,14063.0,20251231,82857,101955,82857,GUNNISON SAVINGS&LOAN ASSN,33398,6355,4265,3187,30388,57723,0.0,30388_20251231,1,1,0.03846385942044728,0.08993808610014845,<1bn
448840,SB,26472.0,20251231,584856,695941,584856,CARVER FEDERAL SAVINGS BANK,44476,136758,0,45851,30394,575884,114993.0,30394_20251231,1,1,0.07839707551944411,0.07839707551944411,<1bn
35344,SB,9486.0,20251231,36679,53441,36679,TECUMSEH FEDERAL BANK,15135,4035,3168,8174,30395,25910,1500.0,30395_20251231,1,1,0.2228523133127948,0.30922326126666483,<1bn
440633,SB,1445.0,20251231,490058,652429,490058,GEDDES FS&LA,49014,49426,0,9496,30397,571556,0.0,30397_20251231,1,1,0.01937729819735623,0.01937729819735623,<1bn
1757417,SI,252909.0,20251231,2420582,3029370,2420582,PENN COMMUNITY BANK,602836,764090,0,166745,30401,2093258,84941.0,30401_20251231,1,1,0.06888632568531039,0.06888632568531039,1-10bn
261174,SI,38775.0,20251231,302495,334410,302495,FRANKLIN BANK,52906,41330,0,56705,30402,209820,0.0,30402_20251231,1,1,0.1874576439279988,0.1874576439279988,<1bn
153533,SB,16423.0,20251231,209442,275735,209442,FIRST FEDERAL BANK OF WI,29660,56200,0,7932,30422,216175,20000.0,30422_20251231,1,1,0.037872060045263126,0.037872060045263126,<1bn
388783,SI,147454.0,20251231,506407,649598,506407,CENTURY SAVINGS BANK,224233,115550,0,36903,30428,321504,9803.0,30428_20251231,1,1,0.07287221543146126,0.07287221543146126,<1bn
127485,SB,0.0,20251231,147331,199928,147331,MASSENA SAVINGS&LOAN,0,19847,0,10256,30429,180033,1.0,30429_20251231,1,1,0.06961196218039652,0.06961196218039652,<1bn
172082,SI,1912.0,20251231,318757,368085,318757,SSB BANK,5744,147156,0,65155,30431,277917,18895.0,30431_20251231,1,1,0.20440335427927858,0.20440335427927858,<1bn
60025,SI,152.0,20251231,70490,107424,70490,MORGANTON SAVINGS BANK SSB,8055,10465,0,23457,30434,63946,0.0,30434_20251231,1,1,0.3327706057596822,0.3327706057596822,<1bn
671192,SL,302070.0,20251231,975712,1136884,975712,FIRST FEDERAL BANK OF LA,323821,305797,0,97324,30441,653324,0.0,30441_20251231,1,1,0.09974664655144141,0.09974664655144141,1-10bn
34704,SL,9896.0,20251231,37192,52393,37192,RAYNE BUILDING&LOAN ASSN,14422,2488,0,5435,30447,25375,0.0,30447_20251231,1,1,0.1461335771133577,0.1461335771133577,<1bn
2043727,SI,59092.0,20251231,2971364,3425142,2971364,MANASQUAN BANK,145901,927759,9877,322629,30470,2828377,20098.0,30470_20251231,1,1,0.10857942682215979,0.11190348944121285,1-10bn
167438,SI,15794.0,20251231,193242,221316,193242,CROSSBRIDGE COMMUNITY BANK,17976,26094,0,14733,30516,174988,0.0,30516_20251231,1,1,0.07624118980345887,0.07624118980345887,<1bn
520418,NM,20360.0,20251231,595739,727591,595739,LAKE SHORE BANK,56138,75396,0,64731,30530,555450,0.0,30530_20251231,1,1,0.10865664326156253,0.10865664326156253,<1bn
871701,SI,135985.0,20251231,1033777,1366747,1033777,MARQUETTE SAVINGS BANK,277395,162235,0,19246,30544,968503,17630.0,30544_20251231,1,1,0.018617167919193406,0.018617167919193406,1-10bn
117282,SB,36490.0,20251231,121610,167209,121610,WESTMORELAND FS&LA,71353,4705,0,22281,30551,69750,0.0,30551_20251231,1,1,0.1832168407203355,0.1832168407203355,<1bn
56516,SI,3817.0,20251231,66175,76912,66175,MAYVILLE SAVINGS BANK,14696,9878,0,5485,30585,44956,0.0,30585_20251231,1,1,0.08288628636191915,0.08288628636191915,<1bn
142643,SM,15100.0,20251231,164622,182112,164622,F&M BANK&TRUST CO,47959,22210,985,11201,30595,116145,0.0,30595_20251231,1,1,0.06804072359708908,0.07402412800233261,<1bn
83090,SI,7718.0,20251231,113043,137411,113043,ABBEVILLE FIRST BANK SSB,33510,30030,0,10804,30619,87393,5023.0,30619_20251231,1,1,0.09557425050644446,0.09557425050644446,<1bn
239356,SI,0.0,20251231,254596,344495,254596,GREENVILLE SAVINGS BANK,43889,15519,0,12247,30637,270061,0.0,30637_20251231,1,1,0.048103662272777264,0.048103662272777264,<1bn
55387,SI,0.0,20251231,58279,63507,58279,NORTH COUNTY SAVINGS BANK,25630,3006,797,8778,30656,27562,0.0,30656_20251231,1,1,0.15062029204344618,0.16429588702620154,<1bn
265231,SB,10890.0,20251231,296974,358898,296974,FIRST SHORE FS&LA,19210,31831,0,31091,30680,287513,0.0,30680_20251231,1,1,0.10469266669809478,0.10469266669809478,<1bn
67986,NM,0.0,20251231,86245,105299,86245,PEOPLES FIRST SAVINGS BANK,1458,18338,1257,8745,30688,89586,6021.0,30688_20251231,1,1,0.10139718244535915,0.11597194040234217,<1bn
85257,NM,17.0,20251231,131378,178071,154046,BANKPACIFIC LTD,39389,45686,39372,38055,30692,89129,0.0,30692_20251231,1,1,0.2896603693160194,0.5893452480628416,<1bn
486857,SI,66624.0,20251231,864917,1044737,864917,MAGYAR BANK,93141,379061,0,34112,30704,867692,63157.0,30704_20251231,1,1,0.03943962253025435,0.03943962253025435,1-10bn
116124,SL,9610.0,20251231,129901,170327,129901,EQUITABLE SAVINGS&LOAN ASSN,9610,13779,0,7247,30707,145099,0.0,30707_20251231,1,1,0.055788639040500076,0.055788639040500076,<1bn
237529,SB,46118.0,20251231,275415,371160,275415,UNIVERSAL BANK,64490,38145,0,17255,30722,263358,48316.0,30722_20251231,1,1,0.06265090862879655,0.06265090862879655,<1bn
5665442,N,962441.0,20251231,6351773,7563929,6351773,PATHWARD NATIONAL ASSN,1346086,686333,0,331223,30776,5011984,58344.0,30776_20251231,1,1,0.052146542390604955,0.052146542390604955,1-10bn
16708460,NM,3715733.0,20251231,24781560,31955659,24781560,GLACIER BANK,7119181,8110570,1112921,1235261,30788,20711663,4076.0,30788_20251231,1,1,0.04984597418403038,0.09475521315042314,10-100bn
215612,SB,19578.0,20251231,247294,379288,247294,FIRST FS&LA,34959,31791,0,12970,30812,313320,5220.0,30812_20251231,1,1,0.05244769383810363,0.05244769383810363,<1bn
177176,SI,99868.0,20251231,225098,288935,225098,COMMUNITY PARTNERS SB,125051,48468,0,12581,30819,131272,9965.0,30819_20251231,1,1,0.05589121182773725,0.05589121182773725,<1bn
68140,SL,12.0,20251231,73450,101650,73450,BAR HARBOR SAVINGS&LOAN ASSN,4457,5562,3506,4922,30878,87321,1815.0,30878_20251231,1,1,0.06701157249829816,0.11474472430224643,<1bn
718851,SB,100302.0,20251231,884267,1227875,884267,PROVIDENT SAVINGS BANK FSB,101023,166415,0,54370,30879,1037654,129151.0,30879_20251231,1,1,0.06148595390306322,0.06148595390306322,1-10bn
72153,SL,0.0,20251231,77483,107554,77483,PEOPLES SAVINGS&LOAN CO,1793,5526,0,3866,30889,96223,0.0,30889_20251231,1,1,0.04989481563697844,0.04989481563697844,<1bn
1762951,N,46144.0,20251231,2601114,3348187,2601114,FIDELITY BANK NATIONAL ASSN,321109,842811,260421,130449,30895,2594971,262921.0,30895_20251231,1,1,0.0501512044454799,0.15027023037052586,1-10bn
90768,N,1.0,20251231,93969,115892,93969,MID-CENTRAL NATIONAL BANK,13919,3299,8335,5351,30943,89026,0.0,30943_20251231,1,1,0.056944311421851884,0.14564377613893945,<1bn
1919222,SB,1218382.0,20251231,2135407,2474106,2135407,EL DORADO SAVINGS BANK FSB,1248291,220810,0,662967,30953,503695,0.0,30953_20251231,1,1,0.3104640005394756,0.3104640005394756,1-10bn
160718,SM,8626.0,20251231,178730,198892,178730,FIRST FSB OF MASCOUTAH,30732,18328,0,11112,30969,151102,0.0,30969_20251231,1,1,0.06217199127175069,0.06217199127175069,<1bn
134933,SL,13247.0,20251231,161317,202109,161317,GOUVERNEUR SAVINGS&LOAN ASSN,42797,26386,3931,4116,30976,133133,0.0,30976_20251231,1,1,0.025514979822337386,0.0498831493271013,<1bn
99135,SL,55732.0,20251231,119071,150329,119071,SPRATT SAVINGS BANK,80651,20121,0,15022,30987,46538,0.0,30987_20251231,1,1,0.1261600221716455,0.1261600221716455,<1bn
50841,SB,438719.0,20251231,566906,899183,566906,CENLAR FSB,443622,518852,0,41499,30996,270291,0.0,30996_20251231,1,1,0.07320261207325376,0.07320261207325376,<1bn
490008,NM,80985.0,20251231,585880,663179,585880,HOMETOWN BANK,157384,96752,8861,14809,31028,445381,7559.0,31028_20251231,1,1,0.025276507134566806,0.04040076466170547,<1bn
82363,NM,15788.0,20251231,257322,275696,257322,INTERSTATE BANK,74272,175200,0,51703,31043,140250,0.0,31043_20251231,1,1,0.20092724290966182,0.20092724290966182,<1bn
174569,SB,12016.0,20251231,247472,271878,247472,FIRST FEDERAL BANK,46698,72960,0,18654,31077,195780,4000.0,31077_20251231,1,1,0.07537822460722829,0.07537822460722829,<1bn
131298,SL,8545.0,20251231,145100,164764,145100,JARRETTSVILLE FS&LA,16977,13832,0,19111,31083,111161,0.0,31083_20251231,1,1,0.13170916609235012,0.13170916609235012,<1bn
101715,SB,15159.0,20251231,114456,134612,114456,PICKENS SAVINGS&LOAN ASSN FA,36996,12967,0,7869,31089,83246,2549.0,31089_20251231,1,1,0.06875131054728455,0.06875131054728455,<1bn
34403,SB,4392.0,20251231,39626,57460,39626,BLUE GRASS FS&LA,4392,5223,0,9114,31090,40590,0.0,31090_20251231,1,1,0.2300005047191238,0.2300005047191238,<1bn
1039111,NM,486524.0,20251231,1372707,1551930,1372707,SECURITY FEDERAL BANK,721879,334438,0,64863,31100,676182,11129.0,31100_20251231,1,1,0.04725188987890351,0.04725188987890351,1-10bn
168054,SM,18317.0,20251231,187556,218663,187556,CECIL BANK,19410,20888,0,29265,31121,153483,0.0,31121_20251231,1,1,0.15603339802512317,0.15603339802512317,<1bn
101305,SB,672.0,20251231,110507,173044,110507,FIRST FEDERAL BANK A FSB,672,10026,0,12853,31127,142813,0.0,31127_20251231,1,1,0.1163093740668012,0.1163093740668012,<1bn
230063,NM,17351.0,20251231,317136,381445,317136,SECURITY FSB OF MCMINNVILLE,36777,87688,4915,32523,31146,299963,0.0,31146_20251231,1,1,0.1025522173452399,0.1180503001866707,<1bn
174101,NM,44022.0,20251231,249819,294776,249819,FIRST SOUTHERN BANK,92639,76081,1719,29163,31158,154316,0.0,31158_20251231,1,1,0.11673651723848066,0.12361749906932619,<1bn
279880,SB,11289.0,20251231,300718,355221,300718,CITIZENS SAVINGS BANK,38479,20841,2012,9583,31184,290759,0.0,31184_20251231,1,1,0.03186706482485252,0.038557718526992066,<1bn
1609286,N,331241.0,20251231,2061697,3214470,2061697,PONCE BANK NATIONAL ASSN,365178,454535,2979,126402,31189,2602646,68273.0,31189_20251231,1,1,0.06130968808704674,0.06275461428134202,1-10bn
47356,SB,2480.0,20251231,60149,86487,60149,FIRST FS&LA,2480,12902,0,2763,31197,78395,12382.0,31197_20251231,1,1,0.04593592578430231,0.04593592578430231,<1bn
142439,SB,66.0,20251231,157436,204894,157436,GREENEVILLE FEDERAL BANK FSB,1342,15322,0,22479,31198,168979,14000.0,31198_20251231,1,1,0.14278182880662618,0.14278182880662618,<1bn
355060,SM,32570.0,20251231,439368,497355,439368,LIFESTORE BANK,108286,84649,0,57686,31217,302437,0.0,31217_20251231,1,1,0.13129313013237195,0.13129313013237195,<1bn
794870,NM,192676.0,20251231,1126003,1269801,1126003,FIRST HARRISON BANK,424190,333328,2461,138183,31223,655564,0.0,31223_20251231,1,1,0.12271992170535957,0.12490552867088275,1-10bn
55315,SB,2540.0,20251231,57661,76228,57661,HIGHLAND FS&LA,2540,2816,0,30401,31232,36747,0.0,31232_20251231,1,1,0.5272367804928808,0.5272367804928808,<1bn
384975,NM,32616.0,20251231,512887,570574,512887,HEARTHSIDE BANK CORP,90985,127914,7359,15076,31236,432373,2.0,31236_20251231,1,1,0.029394389017463884,0.04374257877466187,<1bn
21556,SI,0.0,20251231,23380,30543,23380,JACKSON SAVINGS BANK SSB,0,1859,0,6996,31266,22799,0.0,31266_20251231,1,1,0.2992301112061591,0.2992301112061591,<1bn
48067,SB,171.0,20251231,49575,66807,49575,HOMEWOOD FSB,408,1509,0,11093,31267,54287,0.0,31267_20251231,1,1,0.223761976802824,0.223761976802824,<1bn
244872,SM,20402.0,20251231,299245,346592,299245,COMMUNITY BANK,27109,54331,0,3543,31272,292488,41236.0,31272_20251231,1,1,0.011839796822002039,0.011839796822002039,<1bn
1792326,SB,1564425.0,20251231,3204540,4310472,3204540,FIRST FEDERAL BANK,2388884,1418434,24935,84183,31313,1371058,711864.0,31313_20251231,1,1,0.026269917055177967,0.034051065051458246,1-10bn
71967,SL,0.0,20251231,75613,99086,75613,WEST PLAINS S&LA,10133,3662,0,13031,31329,73695,0.0,31329_20251231,1,1,0.17233809001097694,0.17233809001097694,<1bn
16474,SI,648.0,20251231,17193,19429,17193,HERTFORD SAVINGS BANK SSB,1680,721,0,4109,31345,13377,0.0,31345_20251231,1,1,0.2389926132728436,0.2389926132728436,<1bn
339043,SB,958.0,20251231,405663,675249,405663,COLONIAL SAVINGS FA,6597,66677,0,540259,31361,86317,0.0,31361_20251231,1,1,1.3317926456196398,1.3317926456196398,<1bn
369026,N,10171.0,20251231,658464,784087,658464,AXIOM BANK NATIONAL ASSN,157046,289953,145173,109558,31390,483849,60499.0,31390_20251231,1,1,0.16638419108713612,0.38685638091072555,<1bn
131724,SB,0.0,20251231,175569,221074,175569,FIRST FS&LA OF SAN RAFAEL,0,43967,0,10248,31406,198014,17250.0,31406_20251231,1,1,0.05837021342036464,0.05837021342036464,<1bn
28312,SB,0.0,20251231,29625,40359,29625,FIRST FS&LA,0,1316,0,2845,31409,36256,0.0,31409_20251231,1,1,0.0960337552742616,0.0960337552742616,<1bn
107143,SL,1798.0,20251231,126041,141788,126041,1ST FSB OF SC INC,13048,18907,0,7889,31410,115023,0.0,31410_20251231,1,1,0.06259074428162265,0.06259074428162265,<1bn
602245,SI,183283.0,20251231,686757,940390,686757,HARLEYSVILLE BANK,186558,84513,0,8819,31461,703287,0.0,31461_20251231,1,1,0.012841514538621375,0.012841514538621375,<1bn
4902217,NM,2778228.0,20251231,10265021,12384752,10265021,ORIENTAL BANK,2780533,5385842,1651,981759,31469,8014246,336712.0,31469_20251231,1,1,0.0956412071636288,0.09580204463293353,10-100bn
123117,NM,12949.0,20251231,143173,158615,143173,FIRST FIDELITY BANK,56469,20071,0,7757,31479,70845,0.0,31479_20251231,1,1,0.05417920976720471,0.05417920976720471,<1bn
381679,SM,9002.0,20251231,450273,515536,450273,EQUITABLE BANK,36975,69241,19960,10153,31485,443128,996.0,31485_20251231,1,1,0.02254854277293997,0.06687720560637657,<1bn
154244,SM,2580.0,20251231,169724,189337,169724,PROGRESSIVE OZARK BANK,10566,13784,947,13799,31488,156172,0.0,31488_20251231,1,1,0.08130258537390116,0.08688223233013599,<1bn
381584,SB,1969.0,20251231,535378,673135,535378,FIRST FEDERAL SAVINGS BANK,18082,154526,0,23558,31516,576674,74498.0,31516_20251231,1,1,0.044002555203986715,0.044002555203986715,<1bn
126101,NM,9206.0,20251231,227583,266829,227583,WILMINGTON SAVINGS BANK,33138,100286,21987,23359,31539,199547,0.0,31539_20251231,1,1,0.10263947658656403,0.19925038337661424,<1bn
113173,NM,7373.0,20251231,134377,153062,134377,CENTRAL BANK,29389,22003,964,12234,31545,103074,0.0,31545_20251231,1,1,0.09104236588106596,0.09821621259590554,<1bn
30029341,SM,12276460.0,20251231,63332712,79661753,67208343,EAST WEST BANK,16109304,33431037,1534579,3559040,31628,56089375,3219837.0,31628_20251231,1,1,0.05619591973260201,0.0804263521827393,10-100bn
295324,SI,6605.0,20251231,344732,387496,344732,VOLUNTEER FSB,84012,49457,979,38470,31694,246576,0.0,31694_20251231,1,1,0.11159393383846002,0.1144338210551965,<1bn
92792,NM,10729.0,20251231,139058,161941,139058,RIVERBANK,13971,46516,0,3881,31711,123960,12142.0,31711_20251231,1,1,0.027909217736484058,0.027909217736484058,<1bn
18770,SB,10.0,20251231,19154,26685,19154,HOME SAVINGS BANK FSB,10,384,0,4762,31723,21067,0.0,31723_20251231,1,1,0.24861647697608855,0.24861647697608855,<1bn
109306,NM,71.0,20251231,156799,177118,156799,GREATER STATE BANK,6003,47741,5932,28340,31762,133031,989.0,31762_20251231,1,1,0.18074094860298853,0.21857282253075594,<1bn
29729,SL,0.0,20251231,33666,40350,33666,HOME FS&LA,600,3964,0,6477,31774,30977,0.0,31774_20251231,1,1,0.19238994831580825,0.19238994831580825,<1bn
186882,SB,0.0,20251231,266617,320479,266617,INTERAMERICAN BANK A FSB,0,79844,0,90139,31823,220777,0.0,31823_20251231,1,1,0.33808421818563705,0.33808421818563705,<1bn
700325,SM,0.0,20251231,873690,1096886,873690,FINANCIAL FEDERAL BANK,0,180124,0,34286,31840,1044587,51680.0,31840_20251231,1,1,0.0392427520058602,0.0392427520058602,1-10bn
211148,SB,0.0,20251231,244717,277467,244717,GRAND BANK FOR SAVINGS FSB,0,26426,0,73474,31864,189105,8197.0,31864_20251231,1,1,0.3002406861803634,0.3002406861803634,<1bn
105913,SI,23549.0,20251231,122492,188014,122492,CBL STATE SAVINGS BANK,41304,17702,0,16140,31900,115680,0.0,31900_20251231,1,1,0.13176370701760115,0.13176370701760115,<1bn
165698,SI,16695.0,20251231,184191,226918,184191,CYPRESS BANK SSB,68858,18809,0,8713,31905,136342,498.0,31905_20251231,1,1,0.04730415709779522,0.04730415709779522,<1bn
250405,SM,436.0,20251231,352941,403830,352941,FIRST SENTINEL BANK,1445,103220,0,54821,31928,330620,13571.0,31928_20251231,1,1,0.15532624432978884,0.15532624432978884,<1bn
321199,SI,29572.0,20251231,445999,495999,445999,FAYETTE SAVINGS BANK SSB,32489,125027,0,51075,31936,398084,0.0,31936_20251231,1,1,0.11451819398698203,0.11451819398698203,<1bn
4342616,SB,210629.0,20251231,5557429,6440470,5557429,TRUSTCO BANK,314703,1218513,0,730475,31945,5200255,0.0,31945_20251231,1,1,0.1314411754068293,0.1314411754068293,1-10bn
36176,SB,1.0,20251231,44317,66730,44317,FIRST WESTERN FSB,1,8943,0,9463,31972,56059,13193.0,31972_20251231,1,1,0.21352979669201436,0.21352979669201436,<1bn
157510,SB,11894.0,20251231,164196,178940,164196,SLOVENIAN S&LA FRANKLIN-CONE,44753,7475,983,8880,31994,117868,0.0,31994_20251231,1,1,0.054081707227947085,0.060068454773563304,<1bn
361692,SM,0.0,20251231,457060,626368,457060,MADISON COUNTY BANK,113699,95682,1928,6410,31999,466564,0.0,31999_20251231,1,1,0.01402441692556776,0.01824268148601934,<1bn
69464,SI,0.0,20251231,76170,85899,76170,ANGELINA SAVINGS BANK SSB,0,6908,0,39468,32018,45102,0.0,32018_20251231,1,1,0.5181567546278062,0.5181567546278062,<1bn
204390,SM,9918.0,20251231,263334,297849,263334,UNITED BANK,9918,59518,0,24110,32025,252371,19738.0,32025_20251231,1,1,0.09155673023612598,0.09155673023612598,<1bn
220288,N,8251.0,20251231,261490,307212,261490,VIKING BANK NATIONAL ASSN,16853,42665,1011,23201,32082,243635,559.0,32082_20251231,1,1,0.08872614631534667,0.09259245095414739,<1bn
728044,NM,3208.0,20251231,890685,1013686,890685,GRAND SAVINGS BANK,89539,164230,4398,76813,32084,814180,7201.0,32084_20251231,1,1,0.08624036556133763,0.09117813817455105,1-10bn
272682,SI,10774.0,20251231,359565,454036,359565,SHELBY SAVINGS BANK SSB,36444,87385,3890,78895,32135,314848,5099.0,32135_20251231,1,1,0.21941790774964193,0.23023653581410872,<1bn
88450000,SB,42277000.0,20251231,93391000,107989000,93391000,USAA FEDERAL SAVINGS BANK,50027000,4952000,6068000,11511000,32188,43145000,204000.0,32188_20251231,1,1,0.12325598826439378,0.18823012924157573,>=100bn
674616,NM,6854.0,20251231,891111,1004586,891111,SUMMIT STATE BANK,66375,216796,0,65524,32203,831793,52234.0,32203_20251231,1,1,0.0735306824851225,0.0735306824851225,1-10bn
780652,SB,79592.0,20251231,983933,1107903,983933,LIBERTY SAVINGS BANK FSB,254607,203478,0,43395,32242,784661,8589.0,32242_20251231,1,1,0.04410361274598982,0.04410361274598982,1-10bn
7155108,SB,1520205.0,20251231,10127762,12513390,10127762,DOLLAR BANK FSB,2058614,3010841,0,166080,32245,9601724,274041.0,32245_20251231,1,1,0.01639848961695585,0.01639848961695585,10-100bn
219884,SB,0.0,20251231,254325,316086,254325,ABACUS FEDERAL SAVINGS BANK,0,37646,0,49582,32257,250687,4302.0,32257_20251231,1,1,0.1949552737638848,0.1949552737638848,<1bn
65661,NM,5338.0,20251231,93004,125534,93004,EASTERN INTERNATIONAL BANK,9254,27344,0,19151,32277,94198,0.0,32277_20251231,1,1,0.2059158745860393,0.2059158745860393,<1bn
684765,SB,0.0,20251231,938874,1434308,938874,MALAGA BANK FSB,0,255182,0,164973,32282,1237202,166640.0,32282_20251231,1,1,0.17571367403932797,0.17571367403932797,1-10bn
78047,NM,1265.0,20251231,82737,110202,82737,COMMUNITY SAVINGS BANK,5539,4730,0,6428,32286,92555,8024.0,32286_20251231,1,1,0.07769196369218125,0.07769196369218125,<1bn
94548,NM,6339.0,20251231,104844,115054,104844,WOODSFIELD SAVINGS BANK,19068,10541,0,6085,32292,84561,0.0,32292_20251231,1,1,0.05803860974400061,0.05803860974400061,<1bn
90654,NM,52.0,20251231,103125,133530,103125,MIAMI SAVINGS BANK,5069,12499,0,26666,32293,93624,0.0,32293_20251231,1,1,0.25857939393939394,0.25857939393939394,<1bn
2991310,SL,0.0,20251231,3484698,4044411,3484698,UNION SAVINGS BANK,8003,493554,0,245749,32296,3537603,0.0,32296_20251231,1,1,0.07052232359877383,0.07052232359877383,1-10bn
13364,SL,484.0,20251231,14487,17957,14487,NEW FOUNDATION SAVINGS BANK,819,1124,0,377,32306,14008,0.0,32306_20251231,1,1,0.026023331262511218,0.026023331262511218,<1bn
61544,NM,12971.0,20251231,63766,78672,63766,GALION BUILDING&LOAN BANK,13663,2262,0,6991,32307,54929,0.0,32307_20251231,1,1,0.10963522880531945,0.10963522880531945,<1bn
177525,SI,4640.0,20251231,200122,216374,200122,TAYLORSVILLE SB SSB,18806,22693,0,18233,32348,164873,3095.0,32348_20251231,1,1,0.0911094232518164,0.0911094232518164,<1bn
180743,SB,6968.0,20251231,237490,366521,237490,EASTERN SAVINGS BANK FSB,19749,57472,4990,43350,32360,278090,58263.0,32360_20251231,1,1,0.18253400143163923,0.20354541243841845,<1bn
801225,SB,41926.0,20251231,944877,1057047,944877,PRESIDENTIAL BANK FSB,59457,192101,0,176395,32363,778829,19998.0,32363_20251231,1,1,0.1866856744316985,0.1866856744316985,1-10bn
386268,N,2433.0,20251231,419457,506658,419457,UNITED MIDWEST SB NA,2845,34949,0,116664,32441,347085,0.0,32441_20251231,1,1,0.27813101223724956,0.27813101223724956,<1bn
398337,SB,7133.0,20251231,555560,638162,555560,HOMELAND FSB,21542,159018,0,36288,32459,551986,0.0,32459_20251231,1,1,0.06531787745698034,0.06531787745698034,<1bn
6285529,SB,1345993.0,20251231,8180399,8979486,8180399,AMERICAN SAVINGS BANK FSB,1857737,1895699,156026,399955,32526,6030413,0.0,32526_20251231,1,1,0.048891869455267405,0.06796502224402502,1-10bn
531995,NM,15189.0,20251231,689285,903014,689285,BAYVANGUARD BANK,38961,157638,12346,55702,32527,748137,50250.0,32527_20251231,1,1,0.08081127545209892,0.09872258934983352,<1bn
159089,NM,14654.0,20251231,228101,256134,228101,SOUTH GEORGIA BANK,53510,69642,2964,56581,32532,137674,0.0,32532_20251231,1,1,0.24805239784130714,0.2610466416192827,<1bn
48921390,N,12981540.0,20251231,65999563,87511954,65999563,FLAGSTAR BANK NATIONAL ASSN,15765561,17537165,1016391,5893441,32541,59966654,6769129.0,32541_20251231,1,1,0.08929515184820239,0.10469511745100495,10-100bn
8755331,N,290701.0,20251231,9948426,11472011,9948426,LENDINGCLUB BANK NA,3696626,1200373,0,901246,32551,6231766,643702.0,32551_20251231,1,1,0.09059181824340856,0.09059181824340856,10-100bn
987071,NM,105468.0,20251231,1125418,3548056,1125418,MONET BANK,1344041,727103,1101336,1518943,32574,394152,528645.0,32574_20251231,1,1,1.3496700781398556,2.3282718065643166,1-10bn
1501732,N,36226.0,20251231,3503173,4102536,3503173,NATIONAL COOP BANK N A,515691,2002040,0,316814,32612,3153571,27156.0,32612_20251231,1,1,0.09043629874973345,0.09043629874973345,1-10bn
721775,SB,183878.0,20251231,1238304,1541563,1238304,FIRST SAVINGS BANK,304354,526057,13057,81878,32629,1102469,0.0,32629_20251231,1,1,0.0661210817376024,0.07666534227459493,1-10bn
1886089,NM,60222.0,20251231,2594701,2952557,2594701,NORTHWEST BANK,303506,718849,99114,107020,32647,2390976,2000.0,32647_20251231,1,1,0.041245600167418135,0.07944422112605652,1-10bn
480185,NM,257497.0,20251231,1021906,1137676,1021906,HELM BANK USA,416090,544020,40650,68288,32718,632446,0.0,32718_20251231,1,1,0.06682415016645367,0.10660275994073819,1-10bn
17062291,NM,3988967.0,20251231,25666442,30579383,25666442,EASTERN BANK,4425126,10208279,50350,315194,32773,22775984,84703.0,32773_20251231,1,1,0.012280393207597688,0.014242098690578148,10-100bn
2129947,NM,1105955.0,20251231,3450939,3904329,3450939,BANK OF MARIN,1327812,1323064,0,225303,32779,2090765,0.0,32779_20251231,1,1,0.06528744785115008,0.06528744785115008,1-10bn
45972,NM,0.0,20251231,68651,82168,68651,TUSTIN COMMUNITY BANK,0,22687,0,8288,32908,62287,0.0,32908_20251231,1,1,0.12072657353862289,0.12072657353862289,<1bn
1183905,SM,427546.0,20251231,1598809,1900058,1598809,WHITAKER BANK,629805,415488,0,77083,32912,1065283,0.0,32912_20251231,1,1,0.048212763375737815,0.048212763375737815,1-10bn
1113084,SM,424045.0,20251231,2702108,3148738,2702108,WESTSTAR BANK,597193,1595740,50586,32756,32941,2360605,0.0,32941_20251231,1,1,0.012122387410125723,0.030843326765621508,1-10bn
56135,NM,6057.0,20251231,74506,83394,74506,BANK47,19777,18695,0,16137,32968,41140,0.0,32968_20251231,1,1,0.2165865836308485,0.2165865836308485,<1bn
2486284,NM,455271.0,20251231,3151890,3630639,3151890,GULF COAST BANK&TRUST CO,702684,672087,58386,244353,32974,2535346,64228.0,32974_20251231,1,1,0.07752586543312108,0.09604998905418653,1-10bn
165449000,N,30609000.0,20251231,205145000,253348000,205145000,MORGAN STANLEY BANK NA,90056000,40973000,55447000,15806000,32992,101315000,57298000.0,32992_20251231,1,1,0.07704794169977333,0.3473299373613785,>=100bn
1774663,NM,32212.0,20251231,2207469,2595483,2207469,FCB BANKS,465385,438394,246405,63139,33005,1992441,0.0,33005_20251231,1,1,0.028602440170167734,0.14022575175461127,1-10bn
473292,NM,35864.0,20251231,553364,665500,553364,COUNTY BANK,86258,83198,15303,57880,33009,483342,0.0,33009_20251231,1,1,0.10459661271784937,0.1322511041556733,<1bn
216265,NM,18235.0,20251231,383048,444580,383048,FIRST PEOPLES BANK,45079,167497,9979,76203,33010,301792,5000.0,33010_20251231,1,1,0.19893851423320316,0.22499007957227293,<1bn
40718,N,0.0,20251231,45794,57377,45794,ASIAN PACIFIC NATIONAL BANK,4477,5496,0,17847,33013,30257,0.0,33013_20251231,1,1,0.38972354456915753,0.38972354456915753,<1bn
114881,NM,799.0,20251231,165839,192590,165839,SURETY BANK,31847,50998,0,62491,33026,88483,4201.0,33026_20251231,1,1,0.37681727458559205,0.37681727458559205,<1bn
173186,SB,12485.0,20251231,203030,260466,203030,GATEWAY BANK FSB,27840,29931,0,10780,33103,212608,11968.0,33103_20251231,1,1,0.05309560163522632,0.05309560163522632,<1bn
1255551,SB,420281.0,20251231,1395065,2723291,1395065,COLORADO FSB,459178,142348,14449,249136,33111,1691857,224263.0,33111_20251231,1,1,0.17858379358667875,0.18894101708522543,1-10bn
1272895,NM,216391.0,20251231,1932253,2094353,1932253,HERITAGE BANK INC,436390,664878,0,275687,33119,1257619,124888.0,33119_20251231,1,1,0.1426764507546372,0.1426764507546372,1-10bn
269828000,SM,25145000.0,20251231,418796000,644997000,438331000,GOLDMAN SACHS BANK USA,88493000,178227000,61670000,111452000,33124,226576000,85921000.0,33124_20251231,1,1,0.26612479584332227,0.41338026151157126,>=100bn
66986,N,0.0,20251231,121985,143996,121985,FIRST FARMERS&MERCHANTS NB,15267,55693,9858,15497,33131,109923,0.0,33131_20251231,1,1,0.12704020986186826,0.20785342460138542,<1bn
422282,SM,35670.0,20251231,553629,616118,553629,WOODLANDS BANK,113247,131858,17348,27925,33136,433638,0.0,33136_20251231,1,1,0.05043991553910651,0.08177497927312334,<1bn
24951,NM,0.0,20251231,39940,45595,39940,SOUND BANKING CO,0,15004,0,1574,33183,39052,0.0,33183_20251231,1,1,0.03940911367050576,0.03940911367050576,<1bn
758540,NM,101156.0,20251231,1587388,1896869,1587388,SHINHAN BANK AMERICA,112164,837948,4939,67103,33188,1649584,10000.0,33188_20251231,1,1,0.04227258868027225,0.04538398929562275,1-10bn
414835,NM,11237.0,20251231,626514,709956,626514,PREMIER BANK MINNESOTA,69334,213250,50089,55518,33204,555928,3690.0,33204_20251231,1,1,0.08861414110458825,0.16856287329572842,<1bn
1754889,NM,4798.0,20251231,2827532,3270854,2827532,NORTHRIM BANK,447411,1072888,201412,145457,33216,2473727,57719.0,33216_20251231,1,1,0.05144309595788836,0.12267553470659218,1-10bn
16747507,SM,1445344.0,20251231,50773784,63978350,50773784,CIBC BANK USA,9245539,33721433,7797110,11202248,33306,39264805,4973618.0,33306_20251231,1,1,0.22063055217629635,0.3741962190566691,10-100bn
307976,SM,0.0,20251231,461004,578551,461004,ENTERPRISE BANK,14404,153856,1004,94094,33380,458901,12963.0,33380_20251231,1,1,0.20410668887905528,0.20628454416881414,<1bn
779049,N,35969.0,20251231,882603,1059568,882603,LEDYARD NATIONAL BANK,244323,103940,0,83141,33418,666191,69871.0,33418_20251231,1,1,0.09419977045172065,0.09419977045172065,1-10bn
436288,NM,23091.0,20251231,558943,658631,558943,ARBOR BANK,53959,123259,7906,17924,33450,563794,20547.0,33450_20251231,1,1,0.03206767058537275,0.04621222557577427,<1bn
923951,SM,110816.0,20251231,1793192,2022957,1793192,OAK VALLEY COMMUNITY BANK,546956,869509,0,203099,33457,1129607,0.0,33457_20251231,1,1,0.11326115664134125,0.11326115664134125,1-10bn
246979,NM,50920.0,20251231,301075,350587,301075,TODAYS BANK,73476,54886,0,25999,33470,232281,0.0,33470_20251231,1,1,0.08635389853026655,0.08635389853026655,<1bn
816891,NM,104433.0,20251231,844993,971152,844993,CRESCENT BANK,139686,31582,6967,62710,33492,706607,25139.0,33492_20251231,1,1,0.07421363253896777,0.08245867125526483,<1bn
24610000,SM,16266000.0,20251231,25005000,27022000,25005000,CHARLES SCHWAB PREMIER BK SS,19836000,395000,1988000,3214000,33497,3487000,0.0,33497_20251231,1,1,0.1285342931413717,0.2080383923215357,10-100bn
1360673,NM,19029.0,20251231,2324458,2956346,2324458,UNITY BANK,115762,993715,0,216468,33503,2513729,274203.0,33503_20251231,1,1,0.09312622555451637,0.09312622555451637,1-10bn
285440,N,19554.0,20251231,465447,518614,465447,FIRST NB OF COFFEE COUNTY,143160,180444,118718,116772,33506,239745,0.0,33506_20251231,1,1,0.25088141077286996,0.5059437486974887,<1bn
3172122,NM,146886.0,20251231,6350066,7601679,6350066,PREFERRED BANK,584935,3193245,275755,807903,33539,5986242,910239.0,33539_20251231,1,1,0.1272274965331069,0.17065302943307992,1-10bn
92987,NM,8957.0,20251231,141675,160396,141675,BOONE BANK&TRUST CO,76829,49099,7659,4144,33552,75875,9941.0,33552_20251231,1,1,0.029250044115052054,0.08331039350626433,<1bn
33366148,N,6334502.0,20251231,55223931,67179734,55223931,SOUTHSTATE BANK NA,8361786,21969832,0,3147567,33555,48358673,3791963.0,33555_20251231,1,1,0.056996431492716444,0.056996431492716444,10-100bn
201845,N,20247.0,20251231,285757,353090,285757,DESJARDINS BANK NA,20471,83972,0,57549,33565,268810,0.0,33565_20251231,1,1,0.20139139198689796,0.20139139198689796,<1bn
38433,NM,3676.0,20251231,41743,50677,41743,UNITED BANK OF PHILADELPHIA,4929,3319,0,16083,33568,26782,0.0,33568_20251231,1,1,0.38528615576264286,0.38528615576264286,<1bn
335673,SI,38526.0,20251231,510002,601311,510002,LEE BANK,93393,174398,17041,53527,33645,426517,1.0,33645_20251231,1,1,0.10495449037454756,0.13836808483103988,<1bn
608936,NM,84562.0,20251231,847072,965048,847072,INTERNATIONAL BK OF CHICAGO,131544,239737,3877,84199,33708,729950,96325.0,33708_20251231,1,1,0.09940005099920668,0.10397699369120925,<1bn
216289,NM,50649.0,20251231,318280,364989,318280,CITIZENS COMMUNITY BANK,69114,103107,1009,53290,33739,224505,0.0,33739_20251231,1,1,0.16743119266055045,0.1706013572954631,<1bn
302065,NM,55654.0,20251231,442837,532051,442837,CITIZENS COMMUNITY BANK,189869,141549,3220,43044,33753,282296,10000.0,33753_20251231,1,1,0.09720055008953633,0.10447184855827313,<1bn
1005979,NM,277404.0,20251231,1784439,2064114,1784439,STARION BANK,531226,783783,55966,240407,33758,1247292,10000.0,33758_20251231,1,1,0.13472413458795734,0.16608749304403234,1-10bn
266556,NM,67062.0,20251231,361129,418381,361129,VILLAGE BANK,104939,95641,12161,9354,33761,288018,519.0,33761_20251231,1,1,0.02590210146512742,0.05957704864466714,<1bn
999,N,373642.0,20251231,847138,924891,847138,STIFEL TRUST CO NA,767812,846139,0,138421,33785,0,0.0,33785_20251231,1,1,0.1633984073433136,0.1633984073433136,<1bn
63196,SI,3452.0,20251231,67075,70298,67075,TIOGA-FRANKLIN SAVINGS BANK,3459,4154,0,6295,33802,56551,1195.0,33802_20251231,1,1,0.09385016772269847,0.09385016772269847,<1bn
2395808,N,816077.0,20251231,3834887,4478347,3834887,WHEATON B&T NA,874462,1442099,0,311721,33803,3038129,401961.0,33803_20251231,1,1,0.08128557634162363,0.08128557634162363,1-10bn
152203,SM,47011.0,20251231,187624,199404,187624,COMMUNITY BANK OF ELMHURST,63302,35681,0,10356,33805,122216,11000.0,33805_20251231,1,1,0.055195497377734194,0.055195497377734194,<1bn
258549,N,53996.0,20251231,350714,419253,350714,AMERICAN NB FOX CITIES,71375,92482,0,5349,33812,324295,134852.0,33812_20251231,1,1,0.015251743585941821,0.015251743585941821,<1bn
101410,SB,10667.0,20251231,124740,148356,124740,PRIORITY BANK,23928,23597,0,11682,33818,108239,1994.0,33818_20251231,1,1,0.09365079365079365,0.09365079365079365,<1bn
892349,NM,49377.0,20251231,1192205,1428530,1192205,CAPITAL COMMUNITY BANK,50763,301041,1386,207976,33823,1083464,135582.0,33823_20251231,1,1,0.17444650877994974,0.1756090605223095,1-10bn
3210308,N,952896.0,20251231,4877944,6118157,4877944,HINSDALE B&T CO NA,1009105,1671446,0,166772,33849,4517280,592738.0,33849_20251231,1,1,0.034188994379599276,0.034188994379599276,1-10bn
90090,NM,7010.0,20251231,98489,111682,98489,BANK OF MILAN,30793,8597,0,21123,33851,54679,0.0,33851_20251231,1,1,0.21447065154484257,0.21447065154484257,<1bn
250,N,0.0,20251231,500,38846,500,CREDIT FIRST NATIONAL ASSN,0,252,0,36418,33855,0,0.0,33855_20251231,1,1,72.836,72.836,<1bn
1089444,N,412892.0,20251231,2836368,3094891,2836368,NATIONAL BANK OF INPOLIS,581091,1747967,57919,346218,33860,1994020,0.0,33860_20251231,1,1,0.12206385067099897,0.1424839795118264,1-10bn
1169421,SM,19117.0,20251231,2302236,2691426,2302236,QUAD CITY BANK&TRUST CO,320209,1134694,0,64367,33867,2004195,227886.0,33867_20251231,1,1,0.027958471677100003,0.027958471677100003,1-10bn
36622375,SM,4330601.0,20251231,39278356,43374103,39278356,RAYMOND JAMES BANK,4511091,3454725,7708,2313701,33893,35681944,7936710.0,33893_20251231,1,1,0.05890524033134177,0.05910148072388773,10-100bn
2566958,SM,1040030.0,20251231,4914567,5761171,4914567,HERITAGE BANK OF COMMERCE,1122669,2353094,55309,647028,33905,3604383,0.0,33905_20251231,1,1,0.1316551386927882,0.1429092328988495,1-10bn
266121,SB,35486.0,20251231,311391,341879,311391,FRONTIER BANK,97184,46245,0,4639,33922,230065,65279.0,33922_20251231,1,1,0.014897668847204962,0.014897668847204962,<1bn
183066,NM,3575.0,20251231,212847,239636,212847,CHARLEVOIX STATE BANK,75474,29815,30967,25418,33926,128100,0.0,33926_20251231,1,1,0.11941911325975936,0.2649085963156634,<1bn
784647,N,192802.0,20251231,978454,1088831,978454,PATRIOT BANK NATIONAL ASSN,224677,194254,0,186461,33928,610236,150502.0,33928_20251231,1,1,0.190566955625916,0.190566955625916,1-10bn
4612613,N,471443.0,20251231,8334919,9575716,8334919,WINTRUST BANK NATIONAL ASSN,557986,3854686,0,736485,33935,7785125,98579.0,33935_20251231,1,1,0.08836138659535864,0.08836138659535864,1-10bn
28708408,N,6503865.0,20251231,28737467,34631887,28737467,TD BANK USA NATIONAL ASSN,18119486,333247,4093140,4922659,33947,8795785,1371126.0,33947_20251231,1,1,0.17129759557444643,0.313729773052023,10-100bn
142312,N,4572.0,20251231,190323,278951,190323,NATBANK NATIONAL ASSN,4572,48288,0,58304,33959,211017,15250.0,33959_20251231,1,1,0.306342375855782,0.306342375855782,<1bn
392267,NM,47385.0,20251231,834170,1107990,834170,EVERTRUST BANK,77081,446455,4827,107859,34010,832142,0.0,34010_20251231,1,1,0.12930098181425848,0.13508757207763405,1-10bn
1663006,N,585530.0,20251231,2869437,3499023,2869437,VILLAGE B&T NA,610894,1210588,0,53501,34011,2646503,349194.0,34011_20251231,1,1,0.01864512097669334,0.01864512097669334,1-10bn
98913,N,28606.0,20251231,128685,139733,128685,TEXAS NATIONAL BANK,82579,29838,1438,12549,34014,36022,0.0,34014_20251231,1,1,0.09751719314605432,0.1086917667171776,<1bn
106583,SM,492.0,20251231,161070,188107,161070,COMMUNITY BANK,9567,54572,2996,33681,34020,131194,2152.0,34020_20251231,1,1,0.20910784131123114,0.22770844974234805,<1bn
192829,NM,11565.0,20251231,258825,301517,258825,TNBANK,45090,66892,0,16418,34023,222535,4000.0,34023_20251231,1,1,0.06343282140442384,0.06343282140442384,<1bn
484375,NM,10919.0,20251231,587183,693280,587183,TIME BANK,76800,103699,15058,100922,34038,479401,0.0,34038_20251231,1,1,0.17187486694948592,0.19751934235153265,<1bn
154180,SM,33610.0,20251231,205718,288224,205718,FIRST AMERICAN STATE BANK,72076,53438,0,6626,34040,202511,13958.0,34040_20251231,1,1,0.03220914066829349,0.03220914066829349,<1bn
1177453,NM,300554.0,20251231,1755534,2057446,1755534,FIRST COMMUNITY BANK,489225,581295,24093,161100,34047,1307950,0.0,34047_20251231,1,1,0.09176694954355769,0.10549097881328416,1-10bn
171938,NM,97863.0,20251231,266436,309682,266436,BAY BANK,133352,94774,2819,40201,34052,124146,69640.0,34052_20251231,1,1,0.1508842648891291,0.16146466693690043,<1bn
319079,SI,107865.0,20251231,340125,403682,340125,LUSITANIA SAVINGS BANK,127615,21047,0,30692,34058,223003,0.0,34058_20251231,1,1,0.09023741271591326,0.09023741271591326,<1bn
1095120,N,0.0,20251231,1797491,2086882,1797491,THOMASVILLE NATIONAL BANK,55591,704083,55591,232598,34068,1727327,48583.0,34068_20251231,1,1,0.1294014823996337,0.16032848008696565,1-10bn
1303,N,0.0,20251231,5130,772799,5130,WILMINGTON TRUST NA,1109,3836,1109,649326,34069,26573,0.0,34069_20251231,1,1,126.57426900584795,126.79044834307992,<1bn
1937424,N,403185.0,20251231,2652886,3135699,2652886,LIBERTYVILLE B&T CO NA,470856,718140,0,97138,34073,2379025,301590.0,34073_20251231,1,1,0.03661597219028635,0.03661597219028635,1-10bn
403130,NM,60906.0,20251231,542795,633691,542795,CAPITOL BANK,87641,140186,762,47173,34074,471978,99042.0,34074_20251231,1,1,0.08690758020983981,0.08831142512366547,<1bn
195403,NM,7930.0,20251231,491971,541959,491971,PAN AMERICAN BANK&TRUST,34081,296569,0,17658,34108,441513,109940.0,34108_20251231,1,1,0.03589235950899545,0.03589235950899545,<1bn
1495115,NM,119625.0,20251231,2741282,3340777,2741282,BANK OF ANN ARBOR,245701,1248751,52643,153750,34120,2692699,0.0,34120_20251231,1,1,0.056086896568831666,0.07529068516117642,1-10bn
357941,NM,14934.0,20251231,410757,482991,410757,PEOPLES BANK OF SENECA,22356,54227,1473,22145,34146,408001,85697.0,34146_20251231,1,1,0.053912653953554046,0.05749871578573219,<1bn
273643,SM,75929.0,20251231,350893,401462,350893,BANK OF STAR VALLEY,143260,77896,1012,13293,34148,227150,0.0,34148_20251231,1,1,0.03788334335538184,0.04076741342802507,<1bn
438379,NM,86917.0,20251231,544750,593979,544750,FIRST UNITED BANK&TRUST CO,136640,107245,0,7498,34150,400380,8286.0,34150_20251231,1,1,0.013764111977971547,0.013764111977971547,<1bn
186923,NM,24584.0,20251231,267388,301984,267388,COMMUNITY BANKING CO,40694,80648,14369,43478,34160,158929,0.0,34160_20251231,1,1,0.16260265980522687,0.21634104746660285,<1bn
222831,NM,967.0,20251231,261120,368821,261120,WEST POINTE BANK,29307,38990,14520,2014,34162,313425,43117.0,34162_20251231,1,1,0.007712928921568628,0.06331954656862746,<1bn
148948,NM,17766.0,20251231,220613,272233,220613,EAGLE ROCK BANK,30549,72013,989,16162,34171,208965,0.0,34171_20251231,1,1,0.0732595087324863,0.07774247211179758,<1bn
81041,NM,0.0,20251231,220777,262658,220777,APPLIED BANK,0,139737,0,206595,34193,54934,0.0,34193_20251231,1,1,0.9357632362066701,0.9357632362066701,<1bn
1246756,N,62684.0,20251231,1635238,1850039,1635238,GREAT PLAINS NATIONAL BANK,102255,390091,0,81220,34207,1562272,0.0,34207_20251231,1,1,0.049668610930029757,0.049668610930029757,1-10bn
739795,SM,19952.0,20251231,974606,1171499,974606,PLATTE VALLEY BANK,147694,239476,15477,39736,34211,917148,30444.0,34211_20251231,1,1,0.040771347600979266,0.056651611009987626,1-10bn
166928000,N,25805000.0,20251231,222599000,254706000,222599000,MORGAN STANLEY PRIVATE BK NA,42554000,56367000,15328000,29712000,34221,174033000,47602000.0,34221_20251231,1,1,0.1334776885790143,0.20233693772209219,>=100bn
357359,NM,209359.0,20251231,554045,616991,554045,CITIZENS BANK OF GEORGIA,244902,197419,0,45007,34229,315154,0.0,34229_20251231,1,1,0.08123347381530381,0.08123347381530381,<1bn
405852,NM,41379.0,20251231,580762,657265,580762,MARINE BANK&TRUST CO,138515,175169,3928,20982,34233,468775,0.0,34233_20251231,1,1,0.03612839683037113,0.04289192474714255,<1bn
211275,NM,0.0,20251231,317155,386221,317155,WOLF RIVER COMMUNITY BANK,40496,106313,7923,8167,34240,291683,0.0,34240_20251231,1,1,0.02575081584714099,0.050732291781620975,<1bn
133068,SM,101939.0,20251231,516742,1138599,516742,PACIFIC COAST BANKERS BANK,101939,383681,0,394730,34252,481915,1.0,34252_20251231,1,1,0.7638821694385206,0.7638821694385206,1-10bn
1033434,NM,180217.0,20251231,1703611,1948950,1703611,PLANTERS BANK INC,274957,671423,0,172458,34254,1437548,0.0,34254_20251231,1,1,0.10123085610506154,0.10123085610506154,1-10bn
289894,NM,6830.0,20251231,442629,628954,442629,CROWN BANK,20798,153037,0,58004,34259,507971,17453.0,34259_20251231,1,1,0.1310442831355379,0.1310442831355379,<1bn
4275736,NM,1096194.0,20251231,4993853,5739598,4993853,CFG BANK,1095856,728818,0,472628,34294,3869507,1073111.0,34294_20251231,1,1,0.09464195281679297,0.09464195281679297,1-10bn
542915,NM,0.0,20251231,539519,743751,539519,EAGLEMARK SAVINGS BANK,45000,2022,0,20183,34313,669346,536644.0,34313_20251231,1,1,0.03740924786708161,0.03740924786708161,<1bn
685953,N,46105.0,20251231,1215447,1377158,1215447,SOUTHWESTERN NATIONAL BANK,51055,531225,0,171239,34319,1116244,45114.0,34319_20251231,1,1,0.14088561656740278,0.14088561656740278,1-10bn
250,N,0.0,20251231,500,4457,500,DSRM NATIONAL BANK,3233,250,0,956,34331,0,0.0,34331_20251231,1,1,1.912,1.912,<1bn
66990,NM,0.0,20251231,92046,120324,92046,AMERICAN METRO BANK,0,25423,0,20614,34334,96364,30668.0,34334_20251231,1,1,0.22395324077091888,0.22395324077091888,<1bn
569940,N,190895.0,20251231,987767,1344459,987767,CITY FIRST BANK NA,256835,413462,4988,9408,34352,1016540,217695.0,34352_20251231,1,1,0.009524513372080663,0.01457428725600268,1-10bn
656205,NM,106556.0,20251231,902538,1084909,902538,CORE BANK,122824,249061,0,17708,34363,884951,124253.0,34363_20251231,1,1,0.01962022651677824,0.01962022651677824,1-10bn
15529587,SM,4666380.0,20251231,26740905,31263826,26740905,TEXAS CAPITAL BANK,4707725,11234297,0,1884891,34383,23774006,729172.0,34383_20251231,1,1,0.07048718059467322,0.07048718059467322,10-100bn
458203,NM,20794.0,20251231,628893,764131,628893,PREMIER BANK,53506,173841,0,21486,34384,661934,68603.0,34384_20251231,1,1,0.03416479432908301,0.03416479432908301,<1bn
50355,NM,0.0,20251231,72301,117990,72301,SPRING VALLEY BANK,0,22270,0,10203,34386,106533,13887.0,34386_20251231,1,1,0.14111838010539274,0.14111838010539274,<1bn
60439,NM,0.0,20251231,83257,125503,83257,1ST EQUITY BANK,95,22894,0,23302,34393,93786,0.0,34393_20251231,1,1,0.2798803704193041,0.2798803704193041,<1bn
162805,N,28059.0,20251231,184181,238205,184181,SECURITY NB OF SOUTH DAKOTA,49429,22107,8422,3440,34394,158598,0.0,34394_20251231,1,1,0.01867727941535772,0.06440403733284106,<1bn
2776908,N,485187.0,20251231,3666507,4769383,3666507,BARRINGTON B&T CO NA,514126,892476,0,75213,34395,3764691,437509.0,34395_20251231,1,1,0.020513529634608636,0.020513529634608636,1-10bn
617625,NM,103056.0,20251231,1082296,1364455,1082296,FORTIS BANK,189842,464745,13082,45910,34401,1069623,71083.0,34401_20251231,1,1,0.042419079438526984,0.05450634576862522,1-10bn
3546276,SM,48247.0,20251231,4186671,4737899,4186671,COASTAL COMMUNITY BANK,48247,641305,0,736650,34403,3651217,1.0,34403_20251231,1,1,0.17595125100587078,0.17595125100587078,1-10bn
2060998,NM,6382.0,20251231,2390034,2940956,2390034,WEBBANK,216212,341738,0,386541,34404,2126315,1910703.0,34404_20251231,1,1,0.16173033521698854,0.16173033521698854,1-10bn
130520,NM,13628.0,20251231,170851,205021,170851,NORTHSTAR BANK,33711,40582,7947,18098,34407,136583,0.0,34407_20251231,1,1,0.10592855763208878,0.1524427717718948,<1bn
306623,NM,0.0,20251231,362980,428656,362980,THE BANK,60236,57139,46289,26212,34409,323747,0.0,34409_20251231,1,1,0.07221334508788363,0.19973827759105184,<1bn
922812,SB,227355.0,20251231,971365,1076009,971365,FIRST COMMAND BANK,398269,48578,2837,161150,34415,494696,0.0,34415_20251231,1,1,0.1659005626103473,0.16882119491643202,1-10bn
590455,SM,123281.0,20251231,896776,1077045,896776,AMERICAN BANK,135416,307099,6393,44406,34422,839533,0.0,34422_20251231,1,1,0.04951738226714363,0.05664625279891523,1-10bn
64735,NM,10119.0,20251231,94106,105029,94106,STATE BANK,10616,29471,0,1045,34441,88072,8529.0,34441_20251231,1,1,0.011104499181773744,0.011104499181773744,<1bn
12441275,SM,1853624.0,20251231,21001171,24881148,21001171,CUSTOMERS BANK,2645308,8595155,0,4406535,34444,16626861,6816310.0,34444_20251231,1,1,0.20982329985313677,0.20982329985313677,10-100bn
62655,N,5547.0,20251231,88199,93872,88199,FIRST NATIONAL BANK,43041,25577,0,2404,34455,40485,0.0,34455_20251231,1,1,0.02725654485878525,0.02725654485878525,<1bn
504004,SI,63608.0,20251231,864854,1018424,864854,KEYSTONE BANK SSB,75783,361601,0,102135,34456,807043,83667.0,34456_20251231,1,1,0.11809507731940883,0.11809507731940883,1-10bn
127528,SM,16539.0,20251231,198451,224068,198451,BANK OF JACKSON,89366,71667,0,58070,34457,51175,0.0,34457_20251231,1,1,0.2926163133468715,0.2926163133468715,<1bn
115217,NM,9237.0,20251231,169941,194774,169941,MILLENNIAL BANK,17719,55083,0,9440,34460,151937,18726.0,34460_20251231,1,1,0.055548690427854375,0.055548690427854375,<1bn
250,N,0.0,20251231,2000,15607,2000,CEDAR HILL NATIONAL BANK,10998,1750,0,3138,34478,0,0.0,34478_20251231,1,1,1.569,1.569,<1bn
87570,NM,3963.0,20251231,122377,148236,122377,HIAWATHA BANK&TRUST CO,37256,35070,0,2258,34488,102777,4017.0,34488_20251231,1,1,0.01845117955171315,0.01845117955171315,<1bn
229222,N,7564.0,20251231,376027,426939,376027,EDISON NATIONAL BANK,89597,146991,81958,170952,34489,150777,0.0,34489_20251231,1,1,0.4546269283854617,0.6725846814191534,<1bn
365458,NM,14264.0,20251231,637858,835864,637858,FIRST COMMERCIAL BANK USA,43844,273803,0,65607,34496,704748,52807.0,34496_20251231,1,1,0.10285518093368744,0.10285518093368744,<1bn
4989482,SB,3579178.0,20251231,8790488,9333205,8790488,PRINCIPAL BANK,5932564,3801577,62509,382942,34507,2847620,802.0,34507_20251231,1,1,0.04356322424875615,0.05067420602815225,1-10bn
325602,NM,45640.0,20251231,391270,436990,391270,PEOPLES BANK OF EAST TN,100021,66162,1947,24480,34517,289470,6972.0,34517_20251231,1,1,0.06256549185984103,0.06754159531781123,<1bn
7018185,NM,145909.0,20251231,7235566,9251625,7235566,MERRICK BANK,287634,229036,0,590512,34519,7548753,5729110.0,34519_20251231,1,1,0.08161241290591503,0.08161241290591503,1-10bn
138823,NM,16129.0,20251231,171963,188462,171963,PRAIRIE COMMUNITY BANK,29401,33405,5536,21956,34526,124866,0.0,34526_20251231,1,1,0.1276786285421864,0.15987160028610806,<1bn
1898119,NM,188169.0,20251231,2772980,3422679,2772980,FIRST COMMUNITY BANK,321048,877143,0,146052,34533,2757828,204165.0,34533_20251231,1,1,0.05266969109045143,0.05266969109045143,1-10bn
63158,N,1647.0,20251231,302634,395143,302634,TCM BANK NATIONAL ASSN,17172,242410,15525,49070,34535,304652,247275.0,34535_20251231,1,1,0.1621430506816815,0.21344264028496468,<1bn
168531,N,598.0,20251231,183349,226050,183349,NEIGHBORHOOD NATIONAL BANK,12705,15011,486,8848,34548,160840,10721.0,34548_20251231,1,1,0.04825769434248346,0.0509083769205177,<1bn
2279096,SM,124781.0,20251231,3268062,3625025,3268062,ENCORE BANK,445441,990458,0,307463,34562,2694905,313683.0,34562_20251231,1,1,0.09408114044347995,0.09408114044347995,1-10bn
295195,NM,33214.0,20251231,338887,398534,338887,ALLIANCE BANK,40515,44470,475,21764,34566,297855,5000.0,34566_20251231,1,1,0.06422199730293579,0.06562364445965764,<1bn
196771,SI,0.0,20251231,247575,328045,247575,PACIFIC CREST BANK,30163,50804,0,65587,34585,227679,27483.0,34585_20251231,1,1,0.26491770170655354,0.26491770170655354,<1bn
20156845,SM,3471323.0,20251231,30494591,37497884,30494591,ATLANTIC UNION BANK,5075489,10788124,88946,939758,34589,27519545,1128283.0,34589_20251231,1,1,0.030817202959042802,0.03373398252824575,10-100bn
2231643,NM,23458.0,20251231,4895988,6241994,4895988,MERCANTILE BANK,903864,2671806,0,426072,34598,4579538,130512.0,34598_20251231,1,1,0.08702472309981152,0.08702472309981152,1-10bn
440356,NM,97458.0,20251231,675222,805554,675222,PITNEY BOWES BANK INC,176756,235570,0,113241,34599,470812,92977.0,34599_20251231,1,1,0.16770928672347762,0.16770928672347762,<1bn
1626845,NM,297993.0,20251231,2849442,3266143,2849442,MVB BANK INC,416666,1224298,4986,244125,34603,2321336,305221.0,34603_20251231,1,1,0.085674668935181,0.08742448521499999,1-10bn
250165,NM,4655.0,20251231,329494,395292,329494,AMERICAN BANK OF OKLAHOMA,18152,79572,0,19648,34606,235038,0.0,34606_20251231,1,1,0.05963082787546966,0.05963082787546966,<1bn
3232138,NM,790772.0,20251231,4854321,5549405,4854321,FIRST INTERNET BANK OF IN,1031983,1632787,0,457077,34607,3799650,275339.0,34607_20251231,1,1,0.09415879172390948,0.09415879172390948,1-10bn
202342,NM,28046.0,20251231,257835,303229,257835,COMMUNITY FIRST BANKING CO,38834,55642,0,21999,34610,225744,2944.0,34610_20251231,1,1,0.08532200826109722,0.08532200826109722,<1bn
1876725,N,154882.0,20251231,3059742,3664026,3059742,MACATAWA BANK NATIONAL ASSN,179422,1184425,0,202474,34618,2685599,365802.0,34618_20251231,1,1,0.06617355319500795,0.06617355319500795,1-10bn
351,NM,9239.0,20251231,500,30565,500,ITS BANK,27983,153,13505,2034,34619,0,0.0,34619_20251231,1,1,4.068,31.078,<1bn
297919,NM,0.0,20251231,483382,568962,483382,SUNSTATE BANK,70324,185833,395,68824,34643,330255,0.0,34643_20251231,1,1,0.1423801465507611,0.14319730565060346,<1bn
62066,NM,0.0,20251231,109948,120996,109948,KEY COMMUNITY BANK,3026,48111,3026,20334,34644,95396,0.0,34644_20251231,1,1,0.18494197256885073,0.21246407392585587,<1bn
1959225,N,76000.0,20251231,2459125,2884603,2459125,AMERICAN FIRST NATIONAL BANK,100215,529996,0,349246,34656,2376451,0.0,34656_20251231,1,1,0.142020434097494,0.142020434097494,1-10bn
121318,NM,31440.0,20251231,152705,173769,152705,COMMUNITY BANK,64011,31490,14204,8633,34666,91548,0.0,34666_20251231,1,1,0.05653383975639305,0.14954978553419992,<1bn
1123081,N,294920.0,20251231,1731879,2076351,1731879,CRYSTAL LAKE B&T CO NA,309924,612852,0,54925,34681,1591056,211253.0,34681_20251231,1,1,0.0317141093575244,0.0317141093575244,1-10bn
452960,NM,85255.0,20251231,661982,788704,661982,PEOPLES BANK OF COMMERCE,114078,209065,0,37707,34685,576156,28382.0,34685_20251231,1,1,0.05696076328359381,0.05696076328359381,<1bn
170490,NM,10312.0,20251231,199681,222667,199681,CHARTER BANK,53092,29544,11761,4629,34686,156934,0.0,34686_20251231,1,1,0.023181975250524588,0.08208091906591013,<1bn
5510795,NM,1665933.0,20251231,6256254,8449841,6276206,WEX BANK,4414184,749936,397480,765039,34697,2959390,930927.0,34697_20251231,1,1,0.12228387786045772,0.18581710397308038,1-10bn
5450346,SM,880293.0,20251231,7432272,8254538,7432272,METROPOLITAN COMMERCIAL BANK,941168,1984373,0,393587,34699,6713152,2143637.0,34699_20251231,1,1,0.05295648490797969,0.05295648490797969,1-10bn
250,SB,111368.0,20251231,500,166878,500,NATIONWIDE TRUST CO FSB,111474,250,106,30434,34710,0,0.0,34710_20251231,1,1,60.868,61.08,<1bn
86051,SI,32.0,20251231,94070,120160,94070,FARMERS BLDG&SVG BANK,27170,8020,0,26664,34711,57866,0.0,34711_20251231,1,1,0.28344849580099923,0.28344849580099923,<1bn
2481562,N,702424.0,20251231,3714842,4511450,3714842,TOWN BANK NATIONAL ASSN,760832,1237362,0,131570,34717,3299192,423832.0,34717_20251231,1,1,0.03541738787275475,0.03541738787275475,1-10bn
366203,NM,33668.0,20251231,503981,639861,503981,FARMERS&MERCHANTS BK COLBY,97229,140731,982,6515,34719,455115,84232.0,34719_20251231,1,1,0.012927074631781754,0.014875560785029595,<1bn
1080853,NM,6205.0,20251231,1472780,1755074,1472780,INDEPENDENT BANK,6205,418409,0,72096,34728,1295922,355249.0,34728_20251231,1,1,0.04895232146009587,0.04895232146009587,1-10bn
6921311,SM,1257918.0,20251231,9142300,10445598,9142300,EAGLEBANK,1788082,2253203,0,682727,34742,7211505,3332565.0,34742_20251231,1,1,0.07467781630443106,0.07467781630443106,10-100bn
112205,SB,49847.0,20251231,112816,134656,112816,CLEARPOINT FEDERAL B&T,124803,611,10842,4040,34748,0,0.0,34748_20251231,1,1,0.03581052333002411,0.13191391292015317,<1bn
84998,NM,3758.0,20251231,103749,137231,103749,FIRST CMTY BANK OF HILLSBORO,40675,18808,0,5777,34752,86060,0.0,34752_20251231,1,1,0.05568246440929551,0.05568246440929551,<1bn
1042239,N,120507.0,20251231,1432797,1647875,1432797,VIRGINIA NATIONAL BANK,247990,391989,0,70613,34755,1229307,0.0,34755_20251231,1,1,0.04928332485341608,0.04928332485341608,1-10bn
267212,SM,49478.0,20251231,479891,660393,479891,ASIAN BANK,81957,216503,0,66865,34759,493416,36978.0,34759_20251231,1,1,0.13933372369975683,0.13933372369975683,<1bn
428909,SM,51705.0,20251231,467846,533410,467846,PORTAGE COMMUNITY BANK,104670,40210,7047,8493,34760,394168,0.0,34760_20251231,1,1,0.018153409455248095,0.03321605827558641,<1bn
32229192,N,7210753.0,20251231,36963768,46033756,36963768,EVERBANK NATIONAL ASSN,8247187,5066544,39406,1043315,34775,35617829,1303079.0,34775_20251231,1,1,0.02822534217831905,0.029291413148140093,10-100bn
245945,NM,109288.0,20251231,304630,384410,304630,FIRST TRUST BANK OF ILLINOIS,186287,59297,3888,24690,34778,148726,0.0,34778_20251231,1,1,0.08104914158159078,0.09381216557791419,<1bn
1173296,NM,130947.0,20251231,1393660,1601203,1393660,TRANSPORTATION ALLIANCE BK D,139825,223013,0,158053,34781,1207232,500157.0,34781_20251231,1,1,0.1134085788499347,0.1134085788499347,1-10bn
262758,NM,17388.0,20251231,432915,556376,432915,COMMERCIAL CAPITAL BANK,35272,172822,0,83300,34784,414284,4976.0,34784_20251231,1,1,0.19241652518392757,0.19241652518392757,<1bn
256900,NM,0.0,20251231,389648,491714,389648,ENTERPRISE BANK,0,135291,0,114690,34786,336862,166445.0,34786_20251231,1,1,0.29434258612901903,0.29434258612901903,<1bn
886102,NM,498435.0,20251231,3954053,4406593,3954053,AMERICAN BUSINESS BANK,1019163,3068910,0,245529,34788,3012378,0.0,34788_20251231,1,1,0.06209552578076217,0.06209552578076217,1-10bn
250,SB,10133.0,20251231,2000,16358,2000,THRIVENT TRUST CO,15363,1750,103,120,34799,0,0.0,34799_20251231,1,1,0.06,0.1115,<1bn
462811,NM,39854.0,20251231,803685,942613,803685,RESOURCE BANK,98011,343294,33392,9869,34803,793259,48182.0,34803_20251231,1,1,0.012279686693169587,0.05382830337756708,<1bn
949822,SM,117570.0,20251231,1657937,1884030,1657937,MISSION BANK,243219,708177,8740,135515,34805,1438713,70814.0,34805_20251231,1,1,0.08173712270128479,0.087008734348772,1-10bn
459647,SM,11186.0,20251231,751794,986380,751794,NEBRASKALAND BANK,160810,293094,97071,55674,34811,702671,46404.0,34811_20251231,1,1,0.0740548607730309,0.20317400777340602,<1bn
207318,SM,41877.0,20251231,1113216,1460893,1113216,NORTH AMERICAN BANKING CO,470503,907116,68426,122192,34836,754201,10000.0,34836_20251231,1,1,0.10976486144647579,0.1712318184431413,1-10bn
261803,SM,21832.0,20251231,416660,477612,416660,SOUTHERN BANK OF TENNESSEE,52842,156875,14655,33878,34847,369174,14012.0,34847_20251231,1,1,0.08130850093601498,0.11648106369701915,<1bn
192387,SM,36223.0,20251231,309712,364702,309712,PREMIER BANK,59683,117335,999,40796,34849,252764,492.0,34849_20251231,1,1,0.13172237433486594,0.1349479516453996,<1bn
65622,NM,2925.0,20251231,83168,103468,83168,COMMUNITY BANK OF OELWEIN,22847,17797,0,3877,34857,65794,5967.0,34857_20251231,1,1,0.04661648711042709,0.04661648711042709,<1bn
106251,NM,13222.0,20251231,198119,235442,198119,NEW REPUBLIC BANK,22591,91999,0,1905,34860,189137,13079.0,34860_20251231,1,1,0.009615433148764127,0.009615433148764127,<1bn
275448,N,239.0,20251231,445206,523386,445206,CONNECTICUT CMTY BANK NA,21684,169759,0,191537,34876,293865,0.0,34876_20251231,1,1,0.43022106620306105,0.43022106620306105,<1bn
1515274,SM,40798.0,20251231,2565359,2882520,2565359,SUSSER BANK,100016,1052329,53597,650659,34885,2037388,199362.0,34885_20251231,1,1,0.25363272742723336,0.27452531984802125,1-10bn
1038045,NM,9000.0,20251231,1762565,2249033,1762565,PARKE BANK,13524,728398,0,156863,34888,2000578,215329.0,34888_20251231,1,1,0.08899700152902162,0.08899700152902162,1-10bn
714159,SM,58526.0,20251231,799452,910158,799452,NEW PEOPLES BANK INC,96433,86564,5461,76958,34890,701480,8000.0,34890_20251231,1,1,0.09626344045671285,0.10309436964320559,<1bn
57683,NM,10700.0,20251231,67559,73319,67559,PREFERRED BANK,12693,9969,0,7818,34900,47046,0.0,34900_20251231,1,1,0.11572107343211119,0.11572107343211119,<1bn
1139467,NM,403577.0,20251231,2176403,2435900,2176403,COGENT BANK,433553,1038360,0,78532,34908,1886696,90738.0,34908_20251231,1,1,0.036083390805838805,0.036083390805838805,1-10bn
226739,N,7300.0,20251231,333451,375313,333451,FIRST NB OF HEREFORD,21699,109489,0,37946,34918,295094,0.0,34918_20251231,1,1,0.11379782936623371,0.11379782936623371,<1bn
505275,NM,72062.0,20251231,795274,899140,795274,LEGENDS BANK,185593,293120,0,12721,34936,651436,49527.0,34936_20251231,1,1,0.015995744862776853,0.015995744862776853,<1bn
124827,SM,27803.0,20251231,137706,158618,137706,COMMERCE BANK,33650,13085,0,3680,34938,109752,0.0,34938_20251231,1,1,0.02672359955267018,0.02672359955267018,<1bn
4522596,NM,0.0,20251231,4888513,7022546,4888513,NORTHPOINTE BANK,6085,378987,0,496459,34953,6320305,2886978.0,34953_20251231,1,1,0.10155624010818831,0.10155624010818831,1-10bn
297194,N,54037.0,20251231,417742,467874,417742,AMERICAN B&T CO NA,104359,121622,0,14853,34955,317509,0.0,34955_20251231,1,1,0.0355554385242566,0.0355554385242566,<1bn
618754,SM,33844.0,20251231,941662,1139207,941662,FIRST CAPITAL BANK,63960,326408,0,45314,34966,978642,106464.0,34966_20251231,1,1,0.0481213004241437,0.0481213004241437,1-10bn
8304203,SM,469544.0,20251231,12033706,15061146,12033706,POPULAR BANK,1479280,3787174,998076,1134220,34967,11583124,866772.0,34967_20251231,1,1,0.09425359070597204,0.1771936259702539,10-100bn
23338000,SM,4361000.0,20251231,54354000,59766000,54800000,BANCO POPULAR DE PUERTO RICO,26438000,31114000,21910000,3949000,34968,26810000,88000.0,34968_20251231,1,1,0.07265334657982853,0.4757515546233948,10-100bn
653217,SI,24137.0,20251231,836686,970149,836686,FIRST CENTRAL SAVINGS BANK,31962,183606,0,55936,34969,839865,22742.0,34969_20251231,1,1,0.06685423205360194,0.06685423205360194,<1bn
366852,NM,52845.0,20251231,514667,575849,514667,PEOPLES SAVINGS BANK,197845,148890,0,11545,34973,327936,27971.0,34973_20251231,1,1,0.022431980290168206,0.022431980290168206,<1bn
757847,NM,136570.0,20251231,1056876,1236971,1056876,SYNERGY BANK,277656,299945,110442,58127,34978,811972,0.0,34978_20251231,1,1,0.054998883501943464,0.15949742448499163,1-10bn
2013893,NM,531706.0,20251231,2971679,3349731,2971679,RED RIVER BANK,772960,963914,0,212855,34980,2228418,0.0,34980_20251231,1,1,0.07162785751758517,0.07162785751758517,1-10bn
95514,NM,494.0,20251231,108820,127251,108820,FIRST CENTRAL BANK MCCOOK,14664,13542,2073,6127,34995,86976,20618.0,34995_20251231,1,1,0.05630398823745635,0.0753537952582246,<1bn
1008809,N,22668.0,20251231,1184707,1295707,1184707,BAYFIRST NATIONAL BANK,31857,176988,0,206982,34997,939426,195544.0,34997_20251231,1,1,0.17471155315196077,0.17471155315196077,1-10bn
931630,NM,113957.0,20251231,1026020,1256004,1026020,NBKC BANK,122062,94527,0,144541,35014,880104,76460.0,35014_20251231,1,1,0.140875421531744,0.140875421531744,1-10bn
166726,NM,15296.0,20251231,203475,241572,203475,CURRENCY BANK,24178,36998,1005,38538,35019,161400,0.0,35019_20251231,1,1,0.18939918908956874,0.19433837080722446,<1bn
407835,NM,71041.0,20251231,671728,742332,671728,COMMUNITY FIRST BANK,117566,264176,5007,64729,35020,530573,0.0,35020_20251231,1,1,0.09636192030107424,0.10381583021699259,<1bn
143836,NM,16.0,20251231,247230,279792,247230,AB&T,32303,103481,0,15072,35029,184517,4260.0,35029_20251231,1,1,0.06096347530639486,0.06096347530639486,<1bn
124999,SM,1035.0,20251231,202014,273808,202014,FREEDOM FINANCIAL BANK,13299,77409,1016,21842,35031,230437,33061.0,35031_20251231,1,1,0.10812121932143316,0.11315057372261328,<1bn
157733,NM,7427.0,20251231,262109,321435,262109,AMERICAN COMMUNITY BANK,22502,104452,0,42375,35033,235046,0.0,35033_20251231,1,1,0.1616693818220664,0.1616693818220664,<1bn
141062,NM,34877.0,20251231,187981,202295,187981,MADISON CNTY CMTY BANK,69613,47042,0,12088,35056,105145,0.0,35056_20251231,1,1,0.06430437118644969,0.06430437118644969,<1bn
94501,SM,10471.0,20251231,113667,136917,113667,SETTLERS BANK,25317,19301,2965,10487,35060,87813,0.0,35060_20251231,1,1,0.09226072650813341,0.11834569400089735,<1bn
6882,NM,0.0,20251231,6802,27738,6802,PHILADELPHIA TRUST CO,9267,0,9267,8800,35075,5464,0.0,35075_20251231,1,1,1.2937371361364305,2.656130549838283,<1bn
169862,SM,0.0,20251231,201453,250287,201453,PETIT JEAN STATE BANK,61660,32008,0,43021,35084,134897,0.0,35084_20251231,1,1,0.2135535335785518,0.2135535335785518,<1bn
46245,NM,0.0,20251231,54653,63386,54653,COMMUNITY BANK OF MEMPHIS,16034,8498,10612,15808,35094,25002,0.0,35094_20251231,1,1,0.28924304246793403,0.483413536310907,<1bn
8915592,NM,1402767.0,20251231,16603306,19687341,16603306,TOWNEBANK,2867320,7880426,179414,1334902,35095,13342906,440641.0,35095_20251231,1,1,0.08039977098536882,0.09120569120390842,10-100bn
146733,SM,11388.0,20251231,216811,247601,216811,BUCKEYE COMMUNITY BANK,25775,70208,3866,16561,35101,192931,23322.0,35101_20251231,1,1,0.07638450078639922,0.09421569938794619,<1bn
124081,NM,73.0,20251231,212993,243448,212993,IDAHO TRUST BANK,14836,88930,14763,68559,35103,153598,0.0,35103_20251231,1,1,0.32188381777804903,0.3911959547966365,<1bn
86599,NM,14108.0,20251231,111501,121452,111501,COMMUNITY BK OF WICHITA INC,16831,25011,0,1640,35118,96730,0.0,35118_20251231,1,1,0.014708388265576093,0.014708388265576093,<1bn
442481,NM,72021.0,20251231,616071,748217,616071,SAUK VALLEY BANK&TRUST CO,156980,173867,1977,12944,35131,544629,61983.0,35131_20251231,1,1,0.021010565340683136,0.02421961105132363,<1bn
462198,NM,30852.0,20251231,707822,791767,707822,MILLENNIUM BANK,72167,247984,11918,79972,35138,596798,18062.0,35138_20251231,1,1,0.1129832076425994,0.12982077414943305,<1bn
755445,SI,17377.0,20251231,931103,1035314,931103,SEATTLE BANK,34721,179936,0,144137,35139,819918,1.0,35139_20251231,1,1,0.1548024225032032,0.1548024225032032,1-10bn
8107047,NM,319084.0,20251231,8618246,12814515,8618246,BMW BANK OF NORTH AMERICA,2538767,575251,0,577438,35141,9619716,6903762.0,35141_20251231,1,1,0.06700180059840483,0.06700180059840483,10-100bn
598751,NM,2262.0,20251231,822206,953009,822206,NEW MILLENNIUM BANK,3445,224408,0,145877,35151,787950,88709.0,35151_20251231,1,1,0.1774214734506924,0.1774214734506924,<1bn
224805,N,14293.0,20251231,368001,887785,368001,BTG PACTUAL BANK NA,68072,144364,3000,515085,35154,280700,49917.0,35154_20251231,1,1,1.3996836965116943,1.4078358482721514,<1bn
787487,SB,132106.0,20251231,939369,1090919,939369,FARM BUREAU BANK FSB,181802,153152,0,102887,35157,767904,7051.0,35157_20251231,1,1,0.10952777875361014,0.10952777875361014,1-10bn
401655,SB,46220.0,20251231,487601,548664,487601,MURRAY BANK,98512,88374,5811,11759,35161,398714,16152.0,35161_20251231,1,1,0.024116029294443612,0.03603356022649666,<1bn
250,SB,121048.0,20251231,500,191417,500,CAPITAL BANK&TRUST CO,122354,250,806,8870,35164,0,0.0,35164_20251231,1,1,17.74,19.352,<1bn
250,SB,0.0,20251231,500,64447,500,FIDELITY PERSONAL TR CO FSB,57400,272,0,94,35206,0,0.0,35206_20251231,1,1,0.188,0.188,<1bn
725683,SM,61041.0,20251231,940597,1031900,940597,BANK OF THE JAMES,217719,215546,0,81870,35207,664830,0.0,35207_20251231,1,1,0.08704046472612606,0.08704046472612606,1-10bn
80908,NM,54951.0,20251231,231630,257201,231630,COMMUNITY BANK OF THE SOUTH,78319,150806,0,98415,35212,71113,0.0,35212_20251231,1,1,0.42488019686569095,0.42488019686569095,<1bn
555165,NM,93917.0,20251231,949891,1091534,949891,FIRST RELIANCE BANK,195896,395302,0,32571,35214,783350,74751.0,35214_20251231,1,1,0.034289197392121835,0.034289197392121835,1-10bn
195585,SM,38870.0,20251231,226526,255035,226526,WYOMING COMMUNITY BANK,80628,31684,500,4466,35220,159612,0.0,35220_20251231,1,1,0.019715176182866424,0.021922428330522766,<1bn
336081,NM,4570.0,20251231,495630,578840,495630,FREEDOM BANK,50895,160429,4944,12694,35221,496689,0.0,35221_20251231,1,1,0.025611847547565725,0.03558703064786232,<1bn
337721,NM,3073.0,20251231,422403,525843,422403,FIRST SECURE COMMUNITY BANK,74064,85699,44959,50759,35223,374590,0.0,35223_20251231,1,1,0.12016723366074578,0.2266035042364756,<1bn
84146,NM,8765.0,20251231,115878,137861,115878,SOUTHERN ILLINOIS BANK,36352,31818,0,5798,35229,80489,0.0,35229_20251231,1,1,0.050035382039731444,0.050035382039731444,<1bn
1,SB,0.0,20251231,1273821,3397348,1273821,JOHN DEERE FINANCIAL FSB,0,1273820,0,5121,35237,3364387,0.0,35237_20251231,1,1,0.004020188079800851,0.004020188079800851,1-10bn
505309,NM,125204.0,20251231,675365,777905,675365,OPTUS BANK,144683,173553,0,114519,35241,447682,355211.0,35241_20251231,1,1,0.16956608648656651,0.16956608648656651,<1bn
42441,NM,5924.0,20251231,64413,81470,64413,TWIN CITY BANK,20712,21978,988,5534,35261,52011,3.0,35261_20251231,1,1,0.08591433406299971,0.101252852685017,<1bn
1542698,N,184619.0,20251231,1934652,2411390,1934652,BLUE RIDGE BANK NA,333162,397009,0,115820,35274,1861042,238737.0,35274_20251231,1,1,0.059866063767540625,0.059866063767540625,1-10bn
534078,NM,35030.0,20251231,717392,803148,717392,FREEDOM BANK OF SOUTHERN MO,69299,184858,0,14438,35276,649347,20004.0,35276_20251231,1,1,0.02012567745388853,0.02012567745388853,<1bn
1850140,N,70962.0,20251231,3105079,3547608,3105079,CAPITAL BANK NATIONAL ASSN,230083,1263574,137236,257694,35278,2887596,376558.0,35278_20251231,1,1,0.08299112518554279,0.12718839037589705,1-10bn
293461,NM,2073.0,20251231,407405,495936,407405,GREAT AMERICAN BANK,3523,114549,1450,18204,35292,396535,0.0,35292_20251231,1,1,0.044682809489328804,0.04824192142953572,<1bn
2246336,NM,75840.0,20251231,3732295,4406861,3732295,SOUTHERN FIRST BANK,127730,1493186,0,249776,35295,3816370,552889.0,35295_20251231,1,1,0.06692289864547149,0.06692289864547149,1-10bn
13239,NM,2887.0,20251231,14987,18546,14987,BHM BANK,3382,1758,495,3528,35314,9834,0.0,35314_20251231,1,1,0.23540401681457263,0.2684326416227397,<1bn
234159,NM,11954.0,20251231,326828,380108,326828,GEORGIA COMMUNITY BANK,62424,94157,0,43635,35320,252201,0.0,35320_20251231,1,1,0.13351059272767327,0.13351059272767327,<1bn
570599,NM,9927.0,20251231,780157,967454,780157,FINWISE BANK,37682,212191,27755,163400,35323,697807,448009.0,35323_20251231,1,1,0.20944502196352785,0.24502119445188597,<1bn
305210,N,7882.0,20251231,381065,442002,381065,LIBERTY BANK NATIONAL ASSN,7882,76654,0,74230,35331,345921,125188.0,35331_20251231,1,1,0.19479616338419956,0.19479616338419956,<1bn
237862,NM,23766.0,20251231,406532,471618,406532,OAK BANK,60048,169729,0,28253,35333,363074,17661.0,35333_20251231,1,1,0.06949760412464455,0.06949760412464455,<1bn
1946357,NM,51483.0,20251231,4209689,4752354,4209689,FIVE STAR BANK,96888,2265854,0,506951,35361,4030520,319476.0,35361_20251231,1,1,0.12042481047887385,0.12042481047887385,1-10bn
441451,SM,58220.0,20251231,538690,657818,538690,BANK OF OAK RIDGE,96442,97478,0,19310,35365,509651,33346.0,35365_20251231,1,1,0.03584621953256975,0.03584621953256975,<1bn
201974,N,186998.0,20251231,376514,492949,376514,CHINO COMMERCIAL BANK N A,207606,174622,0,46360,35366,214207,5014.0,35366_20251231,1,1,0.1231295516235784,0.1231295516235784,<1bn
71906,NM,0.0,20251231,184838,221600,184838,ALPINE CAPITAL BANK,6538,113358,3187,104260,35377,105101,0.0,35377_20251231,1,1,0.5640615025048962,0.5813036280418529,<1bn
250,SB,158690.0,20251231,500,241350,500,SEI PRIVATE TRUST CO,180947,261,0,1583,35388,0,0.0,35388_20251231,1,1,3.166,3.166,<1bn
97089,SB,24.0,20251231,121208,170606,121208,UNITED TRUST BANK,24,24798,0,22346,35393,140661,14329.0,35393_20251231,1,1,0.18436076826612105,0.18436076826612105,<1bn
1250,SB,43995.0,20251231,50500,91402,50500,MASSMUTUAL PRIVATE WEALTH&TR,77931,49250,0,3658,35394,0,0.0,35394_20251231,1,1,0.07243564356435643,0.07243564356435643,<1bn
336948,NM,115.0,20251231,508852,633300,508852,BANKVISTA,23386,173903,4424,24845,35406,570193,12448.0,35406_20251231,1,1,0.04882559172411625,0.05751967173166264,<1bn
528488,NM,41866.0,20251231,622087,684430,622087,YAMPA VALLEY BANK,129749,94564,22806,25861,35407,517728,22787.0,35407_20251231,1,1,0.0415713557749961,0.07823182288007947,<1bn
531791,NM,30651.0,20251231,983641,1140613,983641,AMERICAN COMMUNITY B&T,251700,468767,202673,100342,35412,754070,0.0,35412_20251231,1,1,0.10201079458867615,0.30805446295955535,1-10bn
330237,NM,41272.0,20251231,459698,539541,459698,TRISTAR BANK,104952,130259,0,16788,35417,380110,35000.0,35417_20251231,1,1,0.03651962810366806,0.03651962810366806,<1bn
278172,NM,146.0,20251231,363019,405789,363019,BRANSON BANK,11157,85297,3022,24263,35420,335788,10035.0,35420_20251231,1,1,0.06683672204485165,0.07516135519077514,<1bn
190234,N,19476.0,20251231,257295,312069,257295,UNITED NATIONAL BANK,24559,68394,0,49918,35427,226208,11309.0,35427_20251231,1,1,0.19401076585242621,0.19401076585242621,<1bn
631795,NM,12344.0,20251231,933325,1111487,933325,OPTIMUMBANK,28502,302820,0,97554,35430,947294,80000.0,35430_20251231,1,1,0.10452307609889375,0.10452307609889375,1-10bn
125811,NM,40562.0,20251231,209723,240692,209723,BANK OF BROOKHAVEN,79458,84701,0,11327,35439,138122,103.0,35439_20251231,1,1,0.05400933612431636,0.05400933612431636,<1bn
354969,NM,113539.0,20251231,545630,630238,545630,FOUR CORNERS COMMUNITY BANK,154922,192853,0,26435,35441,416974,22683.0,35441_20251231,1,1,0.04844858237267013,0.04844858237267013,<1bn
72966,NM,9273.0,20251231,82729,96054,82729,CITIZENS BK CUMBERLAND CNTY,16126,9921,499,4651,35442,65518,0.0,35442_20251231,1,1,0.05621970530285631,0.062251447497250055,<1bn
7931213,N,1370292.0,20251231,8176103,9349048,8176103,BCORP BANK NATIONAL ASSN,1671750,246199,0,112649,35444,7189865,667605.0,35444_20251231,1,1,0.013777835235197013,0.013777835235197013,1-10bn
152020,NM,35448.0,20251231,183734,201862,183734,CENTURY BANK OF KENTUCKY INC,48213,31766,0,6106,35450,138672,0.0,35450_20251231,1,1,0.03323282571543645,0.03323282571543645,<1bn
198232,NM,36786.0,20251231,259746,299794,259746,HOMETOWN BANK OF CORBIN INC,86671,61646,0,14336,35455,182879,0.0,35455_20251231,1,1,0.05519238024839651,0.05519238024839651,<1bn
370184,NM,21428.0,20251231,792085,881807,792085,1ST COLONIAL COMMUNITY BANK,131654,422313,19935,100120,35456,613006,75550.0,35456_20251231,1,1,0.12640057569579022,0.15156832915659305,<1bn
205111,NM,21863.0,20251231,280087,359258,280087,CITIZENS FIRST BANK,64123,75575,1075,7728,35477,273018,20370.0,35477_20251231,1,1,0.027591426949483553,0.03142952011339334,<1bn
174233,NM,39438.0,20251231,369459,444394,369459,CROWN BANK,61269,197180,0,29565,35480,339252,45029.0,35480_20251231,1,1,0.08002241114710969,0.08002241114710969,<1bn
437771,SI,882.0,20251231,603578,676826,603578,QUAINT OAK BANK,882,166527,0,55465,35497,601654,118246.0,35497_20251231,1,1,0.09189367405703985,0.09189367405703985,<1bn
112221,NM,21828.0,20251231,173096,208923,173096,CYPRESS BANK&TRUST,24331,60954,0,15624,35506,155929,10011.0,35506_20251231,1,1,0.09026205111614365,0.09026205111614365,<1bn
250,SB,7055.0,20251231,500,12633,500,DAVIDSON TRUST CO,11257,250,0,0,35510,0,0.0,35510_20251231,1,1,0.0,0.0,<1bn
441412,NM,205.0,20251231,542368,629594,542368,COMMUNITY BK OF PICKENS CNTY,72547,101426,63573,75396,35513,462771,0.0,35513_20251231,1,1,0.13901262611363502,0.2562263997875981,<1bn
712732,SB,3627.0,20251231,827671,1138673,827671,FEDERAL SAVINGS BANK,3627,116049,0,53981,35518,1003598,257398.0,35518_20251231,1,1,0.06522035929735366,0.06522035929735366,1-10bn
792670,SM,4885.0,20251231,1148901,1383343,1148901,NORTH STATE BANK,53698,356940,0,93554,35519,1152529,0.0,35519_20251231,1,1,0.08142912226553899,0.08142912226553899,1-10bn
718289,SM,52480.0,20251231,897670,1050158,897670,INSBANK,74167,184409,0,63096,35521,853088,185269.0,35521_20251231,1,1,0.07028863613577373,0.07028863613577373,1-10bn
2304354,NM,299388.0,20251231,2801094,3317401,2801094,FIRST CAROLINA BANK,312090,499787,0,132211,35530,2627281,753545.0,35530_20251231,1,1,0.04719977266025346,0.04719977266025346,1-10bn
5022,NM,0.0,20251231,271373,482146,271373,FIRST ELECTRONIC BANK,2741,266351,0,348581,35533,120896,251.0,35533_20251231,1,1,1.2845087757440865,1.2845087757440865,<1bn
1484475,NM,74487.0,20251231,2674220,3278810,2674220,BCB COMMUNITY BANK,135566,1192043,0,277103,35541,2691091,80455.0,35541_20251231,1,1,0.10362012100724698,0.10362012100724698,1-10bn
299398,NM,14518.0,20251231,341661,408740,341661,BANK OF FRANKLIN COUNTY,39895,45331,0,8500,35543,331443,0.0,35543_20251231,1,1,0.02487846139887198,0.02487846139887198,<1bn
19329120,SB,532269.0,20251231,23506039,27205173,23506039,AXOS BANK,1688568,4179684,746100,1126975,35546,23242540,1816152.0,35546_20251231,1,1,0.04794406237477952,0.07968484184000546,10-100bn
53604,SM,4016.0,20251231,90703,104776,90703,CENTURY BANK OF FLORIDA,14620,37136,757,9975,35558,61353,0.0,35558_20251231,1,1,0.10997431176477074,0.11832023196586662,<1bn
570870,NM,43150.0,20251231,757541,875578,757541,AMERICAN BANK&TRUST CO INC,106805,187908,10554,11362,35568,700985,39235.0,35568_20251231,1,1,0.014998528132470717,0.028930447328923452,<1bn
27414945,NM,3143738.0,20251231,47876135,57636946,47876135,PINNACLE BANK,9172565,21022283,1602146,3564864,35583,38809822,7333949.0,35583_20251231,1,1,0.07446014595789739,0.10792454319881921,10-100bn
205299,N,0.0,20251231,316195,362101,316195,COMMUNITY FIRST NB,9164,112247,2990,60847,35585,282885,4599.0,35585_20251231,1,1,0.19243504799253625,0.20189123800186592,<1bn
125197,SM,11393.0,20251231,154869,171206,154869,NEW FRONTIER BANK,25019,29992,0,6894,35597,127202,0.0,35597_20251231,1,1,0.04451504174495864,0.04451504174495864,<1bn
250,SB,3338.0,20251231,784,37758,784,COUNTRY TRUST BANK,22013,534,0,4,35602,0,0.0,35602_20251231,1,1,0.00510204081632653,0.00510204081632653,<1bn
204661,N,56128.0,20251231,637651,995058,637651,SERVBANK NATIONAL ASSN,80224,433361,0,342130,55130,535894,0.0,55130_20251231,1,1,0.5365474217087404,0.5365474217087404,<1bn
217835,NM,88709.0,20251231,380093,455338,380093,BANK OF CLOVIS,131742,162399,0,79588,57022,210604,10000.0,57022_20251231,1,1,0.20939085960541237,0.20939085960541237,<1bn
97019,NM,10564.0,20251231,129057,145842,129057,AMERICAN HERITAGE BANK,42752,32333,17518,14662,57025,77648,0.0,57025_20251231,1,1,0.11360871552879735,0.24934718767676298,<1bn
22167,NM,5879.0,20251231,29400,46329,29400,CHAMPION BANK,10902,7291,5023,17326,57031,14848,0.0,57031_20251231,1,1,0.5893197278911565,0.7601700680272109,<1bn
231375,NM,98436.0,20251231,330173,452346,330173,WILLAMETTE VALLEY BANK,106092,99108,1960,16461,57033,293766,2941.0,57033_20251231,1,1,0.04985568171837188,0.05579196360695757,<1bn
5464463,N,496781.0,20251231,7919883,9170369,7919883,NICOLET NATIONAL BANK,864215,2462652,24054,660499,57038,6781159,407116.0,57038_20251231,1,1,0.08339757039340101,0.0864347364727484,1-10bn
1728513,N,225871.0,20251231,3390316,4030860,3390316,CALIFORNIA BK OF COM NA,287826,1662081,2472,193771,57044,3024644,59534.0,57044_20251231,1,1,0.057154259366973464,0.05788339494017667,1-10bn
3130224,NM,0.0,20251231,3442128,4792448,3442128,CELTIC BANK,340945,316811,0,263785,57056,3932755,3054326.0,57056_20251231,1,1,0.07663427972463546,0.07663427972463546,1-10bn
174192,SM,50890.0,20251231,249769,289737,249769,PEOPLES BANK,102912,75896,9953,24783,57058,151311,0.0,57058_20251231,1,1,0.09922368268279891,0.13907250299276533,<1bn
487048,N,21214.0,20251231,924970,1030772,924970,CORNERSTONE NB&T CO,196200,438356,131982,77600,57061,741570,0.0,57061_20251231,1,1,0.08389461279825292,0.22658248375622994,1-10bn
543345,NM,5589.0,20251231,870228,988623,870228,STORY BK DBA STORY FINL PART,10124,327537,0,101681,57069,839983,11681.0,57069_20251231,1,1,0.11684409143350938,0.11684409143350938,<1bn
1279662,NM,53582.0,20251231,2372650,2693811,2372650,GEORGIA BANKING CO,91898,1095750,21912,241297,57071,2204719,202753.0,57071_20251231,1,1,0.10169936568815459,0.11093460898151855,1-10bn
259843,NM,53503.0,20251231,384540,428747,384540,COMMUNITY BK OF SANTA MARIA,96404,124885,0,31287,57073,285235,0.0,57073_20251231,1,1,0.08136214698080824,0.08136214698080824,<1bn
153352,NM,29367.0,20251231,209303,242794,209303,BANKCDA,78440,56031,1825,17721,57074,132264,0.0,57074_20251231,1,1,0.08466672718499019,0.0933861435335375,<1bn
3005103,N,860884.0,20251231,4874811,5850740,4874811,NORTHBROOK B&T CO NA,913997,1872976,0,572952,57082,4183407,663051.0,57082_20251231,1,1,0.11753317205528584,0.11753317205528584,1-10bn
4370366,NM,140470.0,20251231,4312100,5766998,4312100,EMIGRANT BANK,239152,697295,209,534082,57083,4012601,142996.0,57083_20251231,1,1,0.12385658959671622,0.12390505786043923,1-10bn
205687,NM,0.0,20251231,285105,322649,285105,TRADITIONS FIRST BANK,49031,80409,0,7628,57092,252198,0.0,57092_20251231,1,1,0.02675505515511829,0.02675505515511829,<1bn
500,SB,304926.0,20251231,50500,465274,50500,NORTHWESTERN MUTUAL WEALTH M,432373,51365,13494,195,57093,0,0.0,57093_20251231,1,1,0.0038613861386138613,0.2710693069306931,<1bn
1295157,NM,136389.0,20251231,1960783,2368823,1960783,DOGWOOD STATE BANK,188177,669356,4170,60442,57095,1974660,238055.0,57095_20251231,1,1,0.03082544065304524,0.03295214207793519,1-10bn
711883,SM,64854.0,20251231,943647,1143445,943647,NORTHSTAR BANK,90336,232272,0,26519,57097,952544,40397.0,57097_20251231,1,1,0.0281026697483275,0.0281026697483275,1-10bn
387544,NM,35673.0,20251231,635726,759501,635726,MISSION VALLEY BANK,45325,248436,0,65444,57101,601946,75989.0,57101_20251231,1,1,0.10294372103705056,0.10294372103705056,<1bn
1313720,N,344447.0,20251231,1960991,2301404,1960991,SCHAUMBURG B&T CO NA,401936,649013,0,83067,57103,1686625,221868.0,57103_20251231,1,1,0.04235970486351034,0.04235970486351034,1-10bn
250,SB,8282.0,20251231,500,14531,500,EVERENCE TRUST CO,8425,253,0,986,57109,0,0.0,57109_20251231,1,1,1.972,1.972,<1bn
402713,N,3302.0,20251231,846202,983746,846202,FIRST CENTURY BANK NA,442839,443808,231095,257228,57123,262237,200000.0,57123_20251231,1,1,0.3039794280798202,0.5770761591203991,<1bn
401295,NM,129405.0,20251231,623616,675702,623616,FIRST CMTY BANK OF CNTL AL,162218,224510,0,18701,57124,456433,0.0,57124_20251231,1,1,0.029988005439244663,0.029988005439244663,<1bn
299514,NM,83371.0,20251231,525466,590895,525466,GUARDIAN BANK,177663,226536,3174,35898,57127,361250,10058.0,57127_20251231,1,1,0.0683165038270792,0.0743568565806351,<1bn
63798,SB,52653.0,20251231,753456,866395,753456,COMMUNITY FSB,88707,690983,24066,369370,57129,350727,0.0,57129_20251231,1,1,0.49023433352445267,0.5221751502410227,<1bn
2790735,N,1469.0,20251231,3914875,5031931,3914875,LEADER BANK NATIONAL ASSN,302550,1137214,301081,492799,57134,4103400,425313.0,57134_20251231,1,1,0.12587860404227466,0.20278552955075194,1-10bn
130248,NM,53818.0,20251231,171513,185803,171513,MISSION BANK,84197,41539,0,26080,57137,68226,0.0,57137_20251231,1,1,0.15205844454939277,0.15205844454939277,<1bn
66492,NM,0.0,20251231,78127,91142,78127,COMMUNITY BANK OF MISSOURI,8110,11743,2012,17230,57141,61334,0.0,57141_20251231,1,1,0.220538354218132,0.24629129494284946,<1bn
250,N,110.0,20251231,500,18458,500,NATIONAL ADVISORS TRUST CO,9782,250,9672,5015,57160,0,0.0,57160_20251231,1,1,10.03,29.374,<1bn
248390,SM,47263.0,20251231,1333165,1485516,1333165,COMMERCE WEST BANK,156017,1085289,14655,511134,57176,785094,5000.0,57176_20251231,1,1,0.38339890411164407,0.3943915419321689,1-10bn
679739,SM,78974.0,20251231,915294,1064409,915294,FREEDOM BANK OF VIRGINIA,177689,236218,0,74618,57184,752938,202956.0,57184_20251231,1,1,0.08152353232950287,0.08152353232950287,1-10bn
110467,NM,0.0,20251231,130766,142512,130766,GOGEBIC RANGE BANK,61544,20427,994,14654,57192,57907,0.0,57192_20251231,1,1,0.11206276860957741,0.119664132878577,<1bn
647316,N,77418.0,20251231,977765,1098773,977765,BNC NATIONAL BANK,114670,331868,10583,210941,57197,728382,132881.0,57197_20251231,1,1,0.21573793293889637,0.22656159711178045,1-10bn
35812000,NM,245000.0,20251231,38116000,47613000,38116000,BARCLAYS BANK DELAWARE,245000,2374000,0,7934000,57203,33932000,10478000.0,57203_20251231,1,1,0.2081540560394585,0.2081540560394585,10-100bn
1093314,NM,187985.0,20251231,1640990,1800976,1640990,EMBASSY BK LEHIGH VALLEY,341930,554874,76198,112317,57228,1279201,0.0,57228_20251231,1,1,0.06844465840742478,0.11487882314944027,1-10bn
173874,N,10826.0,20251231,291954,324628,291954,DOUGLAS NATIONAL BANK,26469,118195,0,52574,57230,235647,0.0,57230_20251231,1,1,0.1800763133918357,0.1800763133918357,<1bn
1307047,SM,39815.0,20251231,1983603,2870944,1983603,CEDAR RAPIDS BANK&TRUST CO,353692,677964,9060,87653,57244,1962588,226492.0,57244_20251231,1,1,0.044188781726988716,0.048756227934722826,1-10bn
251995,NM,16057.0,20251231,327771,501479,327771,CORNERSTONE BANK,24668,77433,501,29660,57250,436646,127995.0,57250_20251231,1,1,0.0904900067425123,0.09201851292518252,<1bn
1074233,N,146495.0,20251231,1549572,1779367,1549572,CITIZENS CMTY FEDERAL NA,216795,478420,0,116592,57265,1322878,5168.0,57265_20251231,1,1,0.07524142150219544,0.07524142150219544,1-10bn
553477,N,0.0,20251231,1143546,1305556,1143546,SIGNATURE BANK NATIONAL ASSN,95876,590980,78989,197614,57269,994577,0.0,57269_20251231,1,1,0.17280808992379842,0.24188183072652958,1-10bn
89957,NM,10809.0,20251231,121496,137793,121496,FIRST COMMERCE BANK,20022,31763,998,4149,57273,109892,3000.0,57273_20251231,1,1,0.03414927240402976,0.042363534601962204,<1bn
259289,SM,7205.0,20251231,327394,359778,327394,FLATIRONS BANK,50228,68330,0,55577,57280,242613,64407.0,57280_20251231,1,1,0.16975570719072433,0.16975570719072433,<1bn
317745,N,0.0,20251231,617208,741001,617208,AMG NATIONAL TRUST BANK,216829,300346,0,203360,57295,280800,344.0,57295_20251231,1,1,0.32948373967933015,0.32948373967933015,<1bn
285899,NM,72724.0,20251231,448256,523473,448256,UNITED CMTY BANK OF W KY INC,169408,163232,1801,9409,57301,317480,26009.0,57301_20251231,1,1,0.020990237721302114,0.025008031125071387,<1bn
14710065,SM,114238.0,20251231,17855157,19412996,17855157,STIFEL BANK&TRUST,3472022,3150606,0,661113,57311,14844770,0.0,57311_20251231,1,1,0.037026445636966394,0.037026445636966394,10-100bn
96815,NM,0.0,20251231,202384,231855,202384,TOWN&COUNTRY BANK,14807,105824,0,41662,57312,163201,7850.0,57312_20251231,1,1,0.20585619416554668,0.20585619416554668,<1bn
139192,SM,0.0,20251231,270527,291178,270527,FARMERS BANK,76334,131848,0,42574,57335,165428,9618.0,57335_20251231,1,1,0.15737431014279535,0.15737431014279535,<1bn
181882,NM,9485.0,20251231,215527,254615,215527,DRAKE BANK,33007,34417,12095,17250,57336,196377,39643.0,57336_20251231,1,1,0.08003637595289685,0.1361546349181309,<1bn
2456675,NM,834.0,20251231,3140156,3482560,3140156,SOUTHEAST BANK,834,692338,0,287007,57348,3003573,576527.0,57348_20251231,1,1,0.09139896234454593,0.09139896234454593,1-10bn
9111365,SM,531882.0,20251231,10807482,11735326,10807482,STIFEL BANK,3672323,1701673,0,288647,57358,7663067,425201.0,57358_20251231,1,1,0.026708071315779198,0.026708071315779198,10-100bn
321163,NM,0.0,20251231,375613,496927,375613,AMERICAN EAGLE BANK,2630,58102,995,52832,57359,428029,125909.0,57359_20251231,1,1,0.14065540862536707,0.14330441172163902,<1bn
19849,NM,2986.0,20251231,22419,28550,22419,CHEYENNE STATE BANK,4261,2577,0,1065,57363,16466,0.0,57363_20251231,1,1,0.047504348989696236,0.047504348989696236,<1bn
1926009,NM,75256.0,20251231,2851199,3353033,2851199,BANKWELL BANK,192122,933172,74668,214568,57368,2804441,558772.0,57368_20251231,1,1,0.07525535748293963,0.10144363827288098,1-10bn
1170571,NM,377593.0,20251231,2359913,2788916,2359913,U S CENTURY BANK,461431,1191740,0,38477,57369,2163757,256816.0,57369_20251231,1,1,0.01630441461189459,0.01630441461189459,1-10bn
306789,NM,54367.0,20251231,409946,449569,409946,OREGON COAST BANK,122274,103695,0,9559,57373,272734,0.0,57373_20251231,1,1,0.023317705258741394,0.023317705258741394,<1bn
78685,NM,6536.0,20251231,109002,122915,109002,UNITED BANK&TRUST CO,36699,31886,4977,12906,57391,68303,0.0,57391_20251231,1,1,0.11840149722023449,0.16406120988605713,<1bn
138545,NM,7280.0,20251231,190962,220404,190962,BANK OF LINCOLN COUNTY,24356,53007,0,20887,57396,163028,5000.0,57396_20251231,1,1,0.10937778196709293,0.10937778196709293,<1bn
15689000,NM,3123000.0,20251231,16038000,20819000,16038000,OPTUM BANK INC,9197000,368000,686000,1455000,57408,8864000,1592000.0,57408_20251231,1,1,0.09072203516647961,0.13349544831026314,10-100bn
328683,SM,0.0,20251231,550008,611422,550008,WORTHINGTON BANK,15720,221904,14841,93578,57414,484225,0.0,57414_20251231,1,1,0.17013934342773196,0.19712258730782098,<1bn
1199369,N,225439.0,20251231,1494746,1652914,1494746,FORCHT BANK NATIONAL ASSN,299022,296087,0,134831,57415,1091396,0.0,57415_20251231,1,1,0.0902032853742375,0.0902032853742375,1-10bn
268315,SM,55155.0,20251231,376320,426185,376320,PATRIOT BANK,151702,109334,0,9781,57416,235218,0.0,57416_20251231,1,1,0.025991177721088436,0.025991177721088436,<1bn
1171897,NM,396153.0,20251231,3069453,3701611,3069453,COMMERCIAL BANK OF CA,589343,1900814,33618,237264,57417,2727948,125640.0,57417_20251231,1,1,0.07729846327668155,0.08825090333684862,1-10bn
136929,SM,32507.0,20251231,165175,189749,165175,HIGHLANDS COMMUNITY BANK,86922,28478,3990,5805,57420,85968,9169.0,57420_20251231,1,1,0.03514454366580899,0.05930074163765703,<1bn
659585,NM,33901.0,20251231,817697,1011843,817697,SANIBEL CAPTIVA CMTY BANK,33901,159246,0,65515,57425,858119,80740.0,57425_20251231,1,1,0.08012136524898587,0.08012136524898587,1-10bn
107595,SM,8169.0,20251231,163984,188931,163984,COMMERCE BANK&TRUST,24598,56514,2452,33911,57429,122087,0.0,57429_20251231,1,1,0.2067945653234462,0.22174724363352522,<1bn
230937,NM,2924.0,20251231,312173,378189,312173,AMERICAN CONTINENTAL BANK,2924,81657,0,69517,57444,290527,3000.0,57444_20251231,1,1,0.22268742011640982,0.22268742011640982,<1bn
2087894,NM,42303.0,20251231,2089515,2620589,2089515,MEDALLION BANK,61970,5109,0,143743,57449,2337083,2062499.0,57449_20251231,1,1,0.06879251883810358,0.06879251883810358,1-10bn
186915000,SM,144818000.0,20251231,230499000,253772000,230499000,CHARLES SCHWAB BANK SSB,167814000,43647000,8441000,24646000,57450,54699000,9725000.0,57450_20251231,1,1,0.10692454197198252,0.14354509130191453,>=100bn
769980,NM,3407.0,20251231,954192,1092309,954192,SOUND COMMUNITY BANK,9592,184699,0,138410,57451,897470,0.0,57451_20251231,1,1,0.14505466405084091,0.14505466405084091,1-10bn
1550479,NM,147671.0,20251231,2805961,3280733,2805961,PCB BANK,160009,1280706,0,207142,57463,2799096,280541.0,57463_20251231,1,1,0.07382212368596712,0.07382212368596712,1-10bn
558267,NM,36538.0,20251231,787263,892579,787263,FIRST COMMERCE BANK,79999,232031,0,23592,57465,706699,14923.0,57465_20251231,1,1,0.029967113912377438,0.029967113912377438,<1bn
80663,NM,4533.0,20251231,90349,98369,90349,COMMUNITY BANK OWATONNA,19942,10000,1917,1785,57468,71350,1906.0,57468_20251231,1,1,0.019756721159060974,0.040974443546691164,<1bn
250,SB,21139.0,20251231,500,34525,500,MEMBERS TRUST CO,22564,250,1172,2825,57470,0,0.0,57470_20251231,1,1,5.65,7.994,<1bn
693676,NM,263623.0,20251231,991349,1088715,991349,CITIZENS BANK&TRUST,308570,299572,8767,79428,57483,622293,5101.0,57483_20251231,1,1,0.08012112787726623,0.08896463304043278,1-10bn
157430,NM,23999.0,20251231,202073,235465,202073,METROPOLITAN CAPITAL B&T,52415,45006,0,39392,57488,131440,44428.0,57488_20251231,1,1,0.19493945257406978,0.19493945257406978,<1bn
235267,NM,22922.0,20251231,305730,351911,305730,BANK OF COMMERCE,29804,71234,0,48460,57491,241634,0.0,57491_20251231,1,1,0.1585058711935368,0.1585058711935368,<1bn
101476,NM,17788.0,20251231,257000,290358,257000,PRIMEBANK OF TEXAS,33777,155920,0,77089,57495,165966,9760.0,57495_20251231,1,1,0.29995719844357976,0.29995719844357976,<1bn
926036,NM,240665.0,20251231,1192127,1416480,1192127,PATHFINDER BANK,406933,266358,0,31165,57497,873144,101856.0,57497_20251231,1,1,0.02614234892758909,0.02614234892758909,1-10bn
298439,N,22155.0,20251231,424644,602611,424644,LIBERTY NATIONAL BANK,58010,127290,0,7604,57505,451989,5000.0,57505_20251231,1,1,0.01790676425429301,0.01790676425429301,<1bn
1276248,NM,212982.0,20251231,2191600,2562570,2191600,AVIDBANK,218160,915488,0,154569,57510,2126178,475408.0,57510_20251231,1,1,0.07052792480379631,0.07052792480379631,1-10bn
479324,NM,5934.0,20251231,767615,932697,767615,COMMUNITY FIRST BANK OF IN,12749,275619,1877,98424,57511,759876,86661.0,57511_20251231,1,1,0.1282205272174202,0.1306657634360975,<1bn
54354961,SM,8823026.0,20251231,77639392,92735703,77639392,WESTERN ALLIANCE BANK,20404689,27630010,5944256,3595784,57512,61829867,14761264.0,57512_20251231,1,1,0.046313912401580885,0.1228762842449874,10-100bn
298596,NM,31860.0,20251231,913956,1010913,913956,TOLLESON PRIVATE BANK,50596,615791,0,237090,57522,706404,42441.0,57522_20251231,1,1,0.25941073749720994,0.25941073749720994,1-10bn
434585,NM,52818.0,20251231,544546,638746,544546,HOMETOWN BANK OF ALABAMA,175063,149362,0,38127,57540,394965,12035.0,57540_20251231,1,1,0.07001612352308162,0.07001612352308162,<1bn
11449789,NM,749379.0,20251231,13206169,15431880,13206169,TOYOTA FINANCIAL SB,4205216,1850305,3415943,900663,57542,7618901,10617748.0,57542_20251231,1,1,0.06820017220739792,0.32686284720421194,10-100bn
252659,N,0.0,20251231,483141,553357,483141,TRINITY BANK N A,141254,231002,0,54647,57543,337834,25045.0,57543_20251231,1,1,0.11310776771170321,0.11310776771170321,<1bn
147828,SM,942.0,20251231,235131,311150,235131,HERITAGE BANK,37837,111130,35902,12321,57548,231877,0.0,57548_20251231,1,1,0.052400576699797134,0.2050899285929971,<1bn
603093,NM,10048.0,20251231,745417,856183,745417,TRADITIONS BANK,27145,144240,0,94151,57554,688810,32000.0,57554_20251231,1,1,0.12630648348508286,0.12630648348508286,<1bn
72755392,NM,4408972.0,20251231,104634334,119317920,104634334,UBS BANK USA,10516593,31949876,6103181,18904214,57565,88574373,33022827.0,57565_20251231,1,1,0.18066932026346152,0.23899798511643416,>=100bn
134734,NM,13954.0,20251231,173842,196920,173842,PEOPLESTRUST BANK,24260,39739,0,7066,57569,132260,4256.0,57569_20251231,1,1,0.040646103933456815,0.040646103933456815,<1bn
9584564,NM,93175.0,20251231,10445771,13626906,10445771,COMENITY CAPITAL BANK,109273,871010,0,2354409,57570,10335156,1078332.0,57570_20251231,1,1,0.22539351092418167,0.22539351092418167,10-100bn
63962,NM,9056.0,20251231,143900,187809,143900,CONTINENTAL BANK,16166,80506,0,2654,57571,141965,21641.0,57571_20251231,1,1,0.01844336344683808,0.01844336344683808,<1bn
270606,NM,27703.0,20251231,381424,425932,381424,HERITAGE BANK OF THE OZARKS,47709,111736,0,28232,57576,315956,11949.0,57576_20251231,1,1,0.07401736650027266,0.07401736650027266,<1bn
190477,NM,1371.0,20251231,219201,247629,219201,COMMUNITY BANK OF GEORGIA,15505,30352,3249,4004,57579,162436,24566.0,57579_20251231,1,1,0.01826634002582105,0.0330883526991209,<1bn
453016,NM,0.0,20251231,811101,953547,811101,GOLDEN STATE BANK,500,358784,0,123609,57585,809827,49149.0,57585_20251231,1,1,0.1523965572721523,0.1523965572721523,<1bn
293190,NM,14326.0,20251231,362335,445277,362335,INTEGRITY BANK&TRUST,54980,69423,23047,18329,57587,349224,45110.0,57587_20251231,1,1,0.05058578387403922,0.11419266700705148,<1bn
1119052,NM,177990.0,20251231,2479075,2883698,2479075,WEST COAST COMMUNITY BANK,391152,1360763,83366,190782,57591,2134291,0.0,57591_20251231,1,1,0.07695692949991428,0.11058479473190605,1-10bn
572906,NM,41078.0,20251231,825468,911121,825468,MAINSTREET CMTY BANK OF FL,148384,253317,30499,15738,57598,664861,3466.0,57598_20251231,1,1,0.01906554827079911,0.056013073795713464,<1bn
559323,N,56815.0,20251231,820473,920918,820473,FALCON NATIONAL BANK,61962,262877,997,84118,57603,741730,34182.0,57603_20251231,1,1,0.10252378810759159,0.10373894083047218,<1bn
1741737,NM,114799.0,20251231,2754378,3151853,2754378,FIRST WESTERN TRUST BANK,141227,1013470,247,200281,57607,2669150,426485.0,57607_20251231,1,1,0.0727136943440588,0.07280336976261065,1-10bn
350785,NM,39671.0,20251231,472191,531608,472191,REDWOOD CAPITAL BANK,76257,121544,17353,19920,57610,375595,0.0,57610_20251231,1,1,0.04218631867189337,0.07893627790449204,<1bn
5927744,NM,275146.0,20251231,6801160,7907878,6801160,FORBRIGHT BANK,1303721,887948,958347,647939,57614,5596349,940823.0,57614_20251231,1,1,0.09526889530609484,0.2361782401825571,1-10bn
198581,NM,3137.0,20251231,237610,266271,237610,CLARION CNTY CMTY BANK,23273,39535,0,5197,57624,222089,4113.0,57624_20251231,1,1,0.021871975085223688,0.021871975085223688,<1bn
240621,NM,9506.0,20251231,420044,480460,420044,1ST STATE BANK,66759,179941,50742,71385,57626,313197,0.0,57626_20251231,1,1,0.16994648179714505,0.29074811210254164,<1bn
175714,NM,21646.0,20251231,211751,227704,211751,HOMELAND COMMUNITY BANK,72097,37102,2911,12688,57632,131764,0.0,57632_20251231,1,1,0.05991943367445726,0.07366671231776946,<1bn
1973519,SI,173567.0,20251231,2691384,3196183,2691384,1ST SECURITY BANK OF WA,321891,718116,0,28099,57633,2666928,362541.0,57633_20251231,1,1,0.01044035336466294,0.01044035336466294,1-10bn
61864,NM,3510.0,20251231,85049,95547,85049,BANK OF WALKER COUNTY,8789,23408,0,5194,57640,73186,0.0,57640_20251231,1,1,0.06107067690390246,0.06107067690390246,<1bn
216862,NM,0.0,20251231,263071,301455,263071,GATEWAY BANK,18351,47535,17148,53586,57644,225792,25923.0,57644_20251231,1,1,0.20369405977853888,0.26887798351015507,<1bn
127038,NM,0.0,20251231,146073,178792,146073,HERITAGE COMMUNITY BANK,2470,19457,1982,16935,57656,149495,8952.0,57656_20251231,1,1,0.11593518309338481,0.1295037412800449,<1bn
396380,SM,2868.0,20251231,506668,616840,506668,EMPIRE STATE BANK,11915,110537,2004,36645,57672,544586,15040.0,57672_20251231,1,1,0.07232546756455904,0.07628072031389391,<1bn
287355,NM,19737.0,20251231,311239,369248,311239,CEDARSTONE BANK,54062,24206,984,5521,57684,288953,41606.0,57684_20251231,1,1,0.017738779523131742,0.020900337040023906,<1bn
325457,N,0.0,20251231,385122,485001,385122,AMERICAN COMMERCE BANK NA,0,61408,0,66074,57686,405455,19710.0,57686_20251231,1,1,0.17156641272116369,0.17156641272116369,<1bn
258273,N,16975.0,20251231,345211,370987,345211,FIRST NB OF DECATUR COUNTY,57124,87571,493,42885,57694,247108,58569.0,57694_20251231,1,1,0.124228370474869,0.1256564825570448,<1bn
1537272,N,315981.0,20251231,2133322,2522542,2133322,BEVERLY B&T CO NA,328185,620784,0,135814,57701,1955313,242838.0,57701_20251231,1,1,0.06366315071048816,0.06366315071048816,1-10bn
727045,N,8363.0,20251231,839690,979747,839690,T BANK NATIONAL ASSN,43700,113852,0,68764,57703,823523,50122.0,57703_20251231,1,1,0.08189212685633984,0.08189212685633984,<1bn
751532,NM,8502.0,20251231,1121854,1277562,1121854,SUMMIT BANK,22076,370382,11776,120982,57706,1101581,42863.0,57706_20251231,1,1,0.10784112727681142,0.1183380368568459,1-10bn
95092,NM,395637.0,20251231,1187377,1304624,1187377,GREENE CNTY COMMERCIAL BANK,1170723,1092354,62570,120130,57710,0,0.0,57710_20251231,1,1,0.10117258461297465,0.15386856912337024,1-10bn
1191816,SM,89822.0,20251231,2221090,2576971,2221090,UNITED BUSINESS BANK,179708,1031080,0,206417,57716,2046442,0.0,57716_20251231,1,1,0.09293500038269498,0.09293500038269498,1-10bn
265389,NM,15964.0,20251231,629993,710327,629993,PACIFIC VALLEY BANK,23239,364846,979,140304,57740,527941,5000.0,57740_20251231,1,1,0.22270723642961113,0.22426122195008516,<1bn
383071,NM,187610.0,20251231,497042,663549,497042,FIRST SOUTHWEST BANK,244742,114589,11857,52213,57741,329426,61753.0,57741_20251231,1,1,0.10504746077796243,0.12890258770888577,<1bn
1367125,SM,16053.0,20251231,1902250,2209046,1902250,MAINSTREET BANK,70753,538089,0,162755,57742,1841833,638456.0,57742_20251231,1,1,0.08555920620318044,0.08555920620318044,1-10bn
952246,NM,2607.0,20251231,1366207,1572778,1366207,PROVIDENCE BANK&TRUST,101602,415471,67314,300766,57754,1092361,0.0,57754_20251231,1,1,0.2201467273992887,0.2694174455261904,1-10bn
1279926,SM,160566.0,20251231,1990249,2304649,1990249,COASTAL STATES BANK,330503,719449,5850,79402,57756,1769505,307294.0,57756_20251231,1,1,0.03989551056174378,0.04283484126860508,1-10bn
1462421,NM,97087.0,20251231,2163368,2560367,2163368,MERIDIAN BANK,228167,707775,16206,35778,57777,2182789,484298.0,57777_20251231,1,1,0.01653810170068153,0.024029198915764678,1-10bn
203996,NM,28938.0,20251231,253364,279950,253364,NANTAHALA BANK&TRUST CO,56967,49482,0,16163,57784,193395,28.0,57784_20251231,1,1,0.06379359340711388,0.06379359340711388,<1bn
104771,NM,11610.0,20251231,166254,188217,166254,LAKEVIEW BANK,26692,61900,4146,16112,57785,138869,10794.0,57785_20251231,1,1,0.09691195399809929,0.12184969985684554,<1bn
140454000,SM,20808000.0,20251231,155037000,184648000,155037000,ALLY BANK,22885000,16712000,1561000,9663000,57803,134313000,6703000.0,57803_20251231,1,1,0.06232705741210163,0.07239562169030618,>=100bn
668544,SB,3.0,20251231,739628,831982,739628,QUONTIC BANK,4878,72317,0,215127,57807,583850,0.0,57807_20251231,1,1,0.2908583774546123,0.2908583774546123,<1bn
1082874,NM,37504.0,20251231,1342848,1524662,1342848,STERLING BANK,51917,263151,5029,367924,57813,1018407,0.0,57813_20251231,1,1,0.27398782289581547,0.2777328483938614,1-10bn
2505199,NM,659815.0,20251231,3694466,5477082,4584464,BANESCO USA,1122713,2082964,259440,281647,57815,3839191,332122.0,57815_20251231,1,1,0.07623483339676153,0.14645878457130204,1-10bn
660852,SM,251480.0,20251231,1241606,1414946,1241606,TRUXTON TRUST CO,505325,582057,0,49743,57825,806138,499812.0,57825_20251231,1,1,0.040063433971807484,0.040063433971807484,1-10bn
3403115,NM,266312.0,20251231,3550782,14512815,3550782,BEAL BANK USA,9053625,3739482,8514098,737941,57833,3927901,2597283.0,57833_20251231,1,1,0.20782492419979598,2.6056341955096087,10-100bn
250,NM,0.0,20251231,500,3491,500,EMIGRANT MERCANTILE BANK,0,250,0,3491,57834,0,0.0,57834_20251231,1,1,6.982,6.982,<1bn
513204,NM,61157.0,20251231,689057,803174,689057,VALLIANCE BANK,61157,177210,0,39321,57841,665772,207357.0,57841_20251231,1,1,0.05706494528028886,0.05706494528028886,<1bn
473127,NM,29730.0,20251231,689496,819481,689496,TIMBERLINE BANK,103111,216827,36517,34938,57857,620378,25081.0,57857_20251231,1,1,0.05067179505029761,0.10363366865072458,<1bn
206671,NM,14215.0,20251231,231730,269780,231730,UNITED CITIZENS BANK OF S KY,21698,26519,0,9745,57867,228919,0.0,57867_20251231,1,1,0.042053251629051054,0.042053251629051054,<1bn
191036,NM,4167.0,20251231,301945,332075,301945,1ST TRUST BANK INC,27040,111217,0,32836,57869,261156,5250.0,57869_20251231,1,1,0.1087482819718823,0.1087482819718823,<1bn
258844,NM,25054.0,20251231,342329,386098,342329,PACIFIC WEST BANK,45197,94322,996,53516,57872,273375,1596.0,57872_20251231,1,1,0.15632914535432288,0.15923862716860096,<1bn
1057078,SM,31063.0,20251231,1707699,2006978,1707699,COMMONWEALTH BUSINESS BANK,65730,664177,0,435936,57873,1446494,65658.0,57873_20251231,1,1,0.25527683742861007,0.25527683742861007,1-10bn
580239,NM,26444.0,20251231,754362,888558,754362,PARAGON BANK,51017,177007,11143,8744,57874,796279,69681.0,57874_20251231,1,1,0.011591251945352496,0.026362674684037638,<1bn
103552,NM,14504.0,20251231,164525,191285,164525,LEGACY STATE BANK,40156,61042,997,13786,57882,132569,0.0,57882_20251231,1,1,0.08379273666616016,0.08985260598693208,<1bn
61987,NM,0.0,20251231,69057,83489,69057,PARAMOUNT BANK,0,7199,0,8889,57884,70202,24540.0,57884_20251231,1,1,0.12871975324731744,0.12871975324731744,<1bn
43928832,N,26761342.0,20251231,129196051,165262283,137520133,HSBC BANK USA NATIONAL ASSN,48444707,88322392,16666106,23856130,57890,53954351,22710772.0,57890_20251231,1,1,0.184650612889089,0.3136491842153906,>=100bn
156233,NM,4032.0,20251231,202521,289161,202521,SOUTHERNTRUST BANK,29290,46640,0,39257,57897,205472,0.0,57897_20251231,1,1,0.1938416263004824,0.1938416263004824,<1bn
126289,NM,1956.0,20251231,195634,215622,195634,1ST ADVANTAGE BANK,3089,69679,0,32909,57899,174539,0.0,57899_20251231,1,1,0.16821718106259648,0.16821718106259648,<1bn
161760,NM,18059.0,20251231,245689,308647,245689,ONE WORLD BANK,33056,84172,14997,51948,57901,211646,0.0,57901_20251231,1,1,0.21143803751897725,0.27247862134649903,<1bn
4093804,NM,142853.0,20251231,5908014,7585280,5908014,POPPY BANK,965788,1819455,0,763371,57903,5387584,230632.0,57903_20251231,1,1,0.12920940945637568,0.12920940945637568,1-10bn
47581,NM,337.0,20251231,57362,69870,57362,FIRST STATE BANK,3392,9868,1491,10540,57910,54541,0.0,57910_20251231,1,1,0.18374533663400858,0.2097381541787246,<1bn
147414,NM,0.0,20251231,204525,235548,204525,BANK OF GRAND LAKE,65833,57359,247,14521,57915,147679,9610.0,57915_20251231,1,1,0.07099865542109766,0.07220633174428553,<1bn
6273163,NM,949557.0,20251231,11296431,13993791,11296431,CONNECTONE BANK,1262711,5150662,0,380895,57919,11299366,868682.0,57919_20251231,1,1,0.033718171695113264,0.033718171695113264,10-100bn
848066,NM,106661.0,20251231,968322,1073318,968322,PRIME ALLIANCE BANK,169633,121536,0,6767,57920,823817,155058.0,57920_20251231,1,1,0.00698837783299357,0.00698837783299357,1-10bn
423302,NM,21071.0,20251231,692763,837883,692763,HARMONY BANK,77138,271414,4898,101136,57922,586424,0.0,57922_20251231,1,1,0.14598932102320708,0.15305956005156166,<1bn
314493,NM,85128.0,20251231,711603,786088,711603,PEACH STATE BANK&TRUST,151837,397429,35583,96916,57923,502791,13.0,57923_20251231,1,1,0.13619391711389636,0.18619792215603362,<1bn
261333,SM,10140.0,20251231,454867,570745,454867,ANCHOR BANK,47358,193794,27445,82982,57931,417755,31.0,57931_20251231,1,1,0.18243134806437925,0.24276766615296339,<1bn
70258,NM,0.0,20251231,198295,226770,198295,VALLEY BANK OF NEVADA,26661,128063,0,38018,57933,130682,0.0,57933_20251231,1,1,0.19172445094430016,0.19172445094430016,<1bn
1201763,NM,187157.0,20251231,2281519,2650892,2281519,OPEN BANK,196542,1093843,0,167416,57944,2177137,374027.0,57944_20251231,1,1,0.0733791829040214,0.0733791829040214,1-10bn
71826,NM,2333.0,20251231,86941,98746,86941,BANK OF BOZEMAN,12631,15597,4917,1796,57952,77005,0.0,57952_20251231,1,1,0.0206576873972004,0.07721328257093892,<1bn
493592,N,2436.0,20251231,1035086,1175798,1035086,LEGACY NATIONAL BANK,52337,542865,0,33638,57953,1031608,20000.0,57953_20251231,1,1,0.03249778279292735,0.03249778279292735,1-10bn
109245799,N,37572752.0,20251231,186283426,225863637,186283426,CITIZENS BANK NATIONAL ASSN,43879879,86877125,3123328,13703219,57957,142165126,4768664.0,57957_20251231,1,1,0.07356112829919716,0.09032766554336401,>=100bn
543613,NM,19581.0,20251231,730171,817306,730171,FIRST RESOURCE BANK,27635,187257,0,90522,57967,673479,118756.0,57967_20251231,1,1,0.12397369931153114,0.12397369931153114,<1bn
2599190,SM,157422.0,20251231,3431464,4029759,3431464,PRIMIS BANK,178358,835397,0,144545,57968,3403366,0.0,57968_20251231,1,1,0.04212342020781801,0.04212342020781801,1-10bn
58139,N,82.0,20251231,76484,90899,76484,CALIFORNIA INTL BANK N A,82,18501,0,22301,57974,63964,12016.0,57974_20251231,1,1,0.29157732336174885,0.29157732336174885,<1bn
166134,NM,14695.0,20251231,237003,270369,237003,HURON VALLEY STATE BANK,17243,71445,0,13056,57990,225890,0.0,57990_20251231,1,1,0.055087910279616716,0.055087910279616716,<1bn
5283979,NM,535402.0,20251231,14245239,17725922,14245239,SERVISFIRST BANK,1728902,9685929,772544,1121734,57993,13536973,0.0,57993_20251231,1,1,0.07874448438527426,0.1329762175278351,10-100bn
988293,NM,0.0,20251231,2354990,2896836,2354990,BRYANT BANK,615333,1386806,224517,807036,57997,1367569,0.0,57997_20251231,1,1,0.34269190102718056,0.4380286115864611,1-10bn
100301,NM,0.0,20251231,125304,143660,125304,FREEDOM BANK,0,25069,0,11203,58010,130019,0.0,58010_20251231,1,1,0.08940656323820469,0.08940656323820469,<1bn
861097,NM,113031.0,20251231,1021221,1177313,1021221,TWO RIVERS BANK&TRUST,173432,160784,2458,70762,58013,871818,7360.0,58013_20251231,1,1,0.06929156372616702,0.0716984864196878,1-10bn
666027,NM,99624.0,20251231,905533,1018727,905533,ST LOUIS BANK,106989,240938,0,10040,58018,852064,284348.0,58018_20251231,1,1,0.011087392728923187,0.011087392728923187,1-10bn
108459,SM,0.0,20251231,138724,191626,138724,VERUS BANK OF COMMERCE,0,30293,0,22168,58025,166612,32254.0,58025_20251231,1,1,0.1597993137452784,0.1597993137452784,<1bn
293996,NM,58479.0,20251231,527573,600259,527573,SUNRISE BANK,103140,234203,0,38367,58029,446236,24705.0,58029_20251231,1,1,0.07272358517209941,0.07272358517209941,<1bn
270527,SM,44471.0,20251231,400511,435073,400511,PARADISE BANK,44471,130308,0,41835,58030,308306,1189.0,58030_20251231,1,1,0.10445405993842866,0.10445405993842866,<1bn
67448,NM,8923.0,20251231,100383,122022,100383,CALIFORNIA BUSINESS BANK,9863,32984,0,7983,58037,89255,3330.0,58037_20251231,1,1,0.07952541765039897,0.07952541765039897,<1bn
487073,NM,56566.0,20251231,688365,826710,688365,FIRST RESOURCE BANK,58994,201806,0,61618,58039,675872,28500.0,58039_20251231,1,1,0.08951355748767006,0.08951355748767006,<1bn
287964,NM,13135.0,20251231,345220,481999,345220,ECLIPSE BANK INC,31109,57858,0,4571,58049,411470,38539.0,58049_20251231,1,1,0.01324083193325995,0.01324083193325995,<1bn
885484,NM,98648.0,20251231,1344819,1794322,1344819,FIRST COMMERCE BANK,164346,460399,0,136418,58054,1402683,149112.0,58054_20251231,1,1,0.10143967329432436,0.10143967329432436,1-10bn
1255816,NM,199804.0,20251231,2063606,2644240,2063606,TRADITION CAPITAL BANK,337617,808982,65317,46833,58057,2196809,158416.0,58057_20251231,1,1,0.02269473920893814,0.054346614615386854,1-10bn
423177,NM,6404.0,20251231,806057,1135513,806057,FIRST GENERAL BANK,7022,383856,0,177244,58060,908056,0.0,58060_20251231,1,1,0.2198901566514527,0.2198901566514527,1-10bn
157810,NM,0.0,20251231,189722,257230,189722,VISIONBANK,0,32265,0,27649,58063,225477,44224.0,58063_20251231,1,1,0.14573428490106577,0.14573428490106577,<1bn
296411,NM,5015.0,20251231,637565,733054,637565,BANK OF SAN FRANCISCO,26025,341890,20017,71726,58069,615371,0.0,58069_20251231,1,1,0.11249990197077946,0.14389591649478878,<1bn
200765,NM,0.0,20251231,282436,332376,282436,FLINT COMMUNITY BANK,9045,81829,9045,27474,58074,276581,0.0,58074_20251231,1,1,0.09727513489781756,0.12930008922375336,<1bn
114951,NM,4344.0,20251231,152689,170987,152689,PUTNAM 1ST MERCANTILE BANK,25291,38907,0,2021,58079,139907,10000.0,58079_20251231,1,1,0.013236054987589152,0.013236054987589152,<1bn
334092,SI,0.0,20251231,373388,469187,373388,AUSTIN CAPITAL BANK SSB,6424,36122,0,31106,58082,407897,14528.0,58082_20251231,1,1,0.08330744426708946,0.08330744426708946,<1bn
1240196,NM,25166.0,20251231,1436668,1563295,1436668,SOUTHPOINT BANK,58189,197561,0,238157,58088,1171899,358609.0,58088_20251231,1,1,0.16577037979547118,0.16577037979547118,1-10bn
633102,NM,127806.0,20251231,1344127,1579389,1344127,FFB BANK,240998,711984,3665,99754,58090,1175136,142960.0,58090_20251231,1,1,0.07421471334181963,0.07694139021089524,1-10bn
800113,NM,4903.0,20251231,1316136,1451321,1316136,IDAHO FIRST BANK,10296,516643,1420,625499,58095,798160,10136.0,58095_20251231,1,1,0.47525407708625855,0.47633299294297854,1-10bn
137842,NM,6931.0,20251231,235274,274019,235274,SIGNATURE BANK OF GEORGIA,26131,97471,0,42889,58103,195548,0.0,58103_20251231,1,1,0.18229383612298852,0.18229383612298852,<1bn
170242,NM,0.0,20251231,196038,229330,196038,RIVERLAND BANK,5605,26940,5007,8510,58106,204905,9635.0,58106_20251231,1,1,0.043409951131923405,0.06895091767922545,<1bn
274767,SM,31455.0,20251231,398368,438733,398368,NOBLEBANK&TRUST,117671,124300,0,31609,58111,259281,0.0,58111_20251231,1,1,0.07934623262912684,0.07934623262912684,<1bn
333228,NM,0.0,20251231,602066,738731,602066,FLAGSHIP BANK,5007,269246,5007,133500,58113,575938,35000.0,58113_20251231,1,1,0.2217364873618507,0.23005285134852324,<1bn
398078,NM,63365.0,20251231,441671,547518,441671,BANK OF BELLEVILLE,110910,44410,0,33419,58114,372536,51203.0,58114_20251231,1,1,0.07566491800457807,0.07566491800457807,<1bn
1778503,SM,30289.0,20251231,2684428,3039440,2684428,OAKSTAR BANK,101833,910977,22967,41958,58115,2678642,151882.0,58115_20251231,1,1,0.01563014541645371,0.024185785575176536,1-10bn
367931,NM,2953.0,20251231,782667,979200,782667,TRIAD BANK,31013,415283,24422,167140,58121,755003,83887.0,58121_20251231,1,1,0.21355186816359958,0.24475543238695383,<1bn
1378167,N,306697.0,20251231,2075080,2345974,2075080,ESQUIRE BANK NATIONAL ASSN,306697,696913,0,235887,58140,1729883,0.0,58140_20251231,1,1,0.1136760992347283,0.1136760992347283,1-10bn
284972,NM,0.0,20251231,313632,374567,313632,MILESTONE BANK,3311,31497,0,33109,58148,327568,277477.0,58148_20251231,1,1,0.10556639628609325,0.10556639628609325,<1bn
124938,N,4041.0,20251231,144460,191932,144460,SMARTBIZ BANK NATIONAL ASSN,4041,20642,0,12278,58158,135338,6007.0,58158_20251231,1,1,0.08499238543541465,0.08499238543541465,<1bn
142786,NM,12279.0,20251231,349714,401098,349714,BANK OF LEXINGTON INC,12279,207594,0,54399,58164,311979,4849.0,58164_20251231,1,1,0.1555528231640712,0.1555528231640712,<1bn
525365,NM,32607.0,20251231,895565,1020933,895565,BELMONT BANK&TRUST CO,145710,372550,525,116043,58165,734643,129544.0,58165_20251231,1,1,0.1295751843808099,0.13016140648640803,1-10bn
20586202,NM,496380.0,20251231,21522962,29734290,21522962,SALLIE MAE BANK,1758070,1411913,639506,4414106,58177,21308181,8784457.0,58177_20251231,1,1,0.20508822159329185,0.23480095351188188,10-100bn
2592858,NM,24493.0,20251231,3672862,4713603,3672862,METRO CITY BANK,65825,1088195,0,363906,58181,4035644,747748.0,58181_20251231,1,1,0.0990796822750215,0.0990796822750215,1-10bn
268943,NM,81635.0,20251231,372487,485985,372487,MERCHANTS COMMERCIAL BANK,234385,104185,0,11351,58184,218581,102492.0,58184_20251231,1,1,0.030473546727805265,0.030473546727805265,<1bn
250,N,0.0,20251231,499,56440,499,HSBC TRUST CO DELAWARE NA,0,249,0,54710,58188,0,0.0,58188_20251231,1,1,109.63927855711422,109.63927855711422,<1bn
283796,SM,32423.0,20251231,369201,425580,369201,FIRST VISION BANK OF TN,53424,87116,500,50736,58201,296297,0.0,58201_20251231,1,1,0.1374210795745407,0.13877535542969818,<1bn
349066,NM,33835.0,20251231,533437,637134,533437,NEWBANK,48763,190944,11894,147114,58203,422397,4.0,58203_20251231,1,1,0.27578514426258394,0.2980820602995293,<1bn
505914,NM,18374.0,20251231,666063,777384,666063,FIRST FREEDOM BANK,25866,160787,0,68504,58208,641864,72988.0,58208_20251231,1,1,0.10284912988711278,0.10284912988711278,<1bn
3051940,NM,246993.0,20251231,4343077,5398413,4343077,BRIDGEWATER BANK,776441,1294253,146206,123180,58210,4244108,810483.0,58210_20251231,1,1,0.02836237994398902,0.06202653095950175,1-10bn
96418,NM,9788.0,20251231,134258,179361,134258,TOWN CENTER BANK,16062,38307,5104,23861,58214,130739,0.0,58214_20251231,1,1,0.17772497728254555,0.21574133384975197,<1bn
500,N,0.0,20251231,1000,8203,1000,BMO HARRIS CENTRAL NA,0,500,0,8026,58216,0,0.0,58216_20251231,1,1,8.026,8.026,<1bn
199822,SM,52061.0,20251231,406223,489137,406223,FIRST PACIFIC BANK,97781,206695,0,12894,58218,316746,24306.0,58218_20251231,1,1,0.03174118649116372,0.03174118649116372,<1bn
298992,NM,31294.0,20251231,363909,406202,363909,HERITAGE BANK&TRUST,39642,66244,0,5478,58220,339359,4616.0,58220_20251231,1,1,0.015053213852913777,0.015053213852913777,<1bn
158074,N,277327.0,20251231,688144,849895,688144,COLUMN NATIONAL ASSN,373007,532644,0,134101,58224,210177,0.0,58224_20251231,1,1,0.19487345671836126,0.19487345671836126,<1bn
3822425,NM,559107.0,20251231,6715517,8208187,6715517,B1BANK,989229,2896149,17278,413155,58228,6136625,579654.0,58228_20251231,1,1,0.061522441235723174,0.06409528856825171,1-10bn
165500,NM,8259.0,20251231,207405,235475,207405,FIRST MO STB OF CAPE COUNTY,12230,42747,0,9498,58230,200820,13500.0,58230_20251231,1,1,0.045794460114269187,0.045794460114269187,<1bn
309288,NM,5369.0,20251231,358911,440122,358911,PACIFIC ALLIANCE BANK,21544,53548,0,52315,58234,338973,20735.0,58234_20251231,1,1,0.14576036956237062,0.14576036956237062,<1bn
949172,NM,77604.0,20251231,1188529,1404732,1188529,PROVIDENCE BANK,143472,241377,1974,24148,58239,1169753,118951.0,58239_20251231,1,1,0.020317552201082178,0.02197842879727798,1-10bn
1127434,SM,139796.0,20251231,1979537,2328971,1979537,JOHN MARSHALL BANK,212273,853391,19134,129973,58243,1955555,301886.0,58243_20251231,1,1,0.06565828271964606,0.0753241793409267,1-10bn
1945281,NM,557682.0,20251231,3328254,3787364,3328254,RIVER BANK&TRUST,745833,1384638,14774,121490,58255,2686988,0.0,58255_20251231,1,1,0.03650262269646487,0.040941586789950524,1-10bn
613897,NM,4863.0,20251231,702536,838797,702536,DR BANK,37641,88919,0,57110,58257,692970,119569.0,58257_20251231,1,1,0.08129120785269367,0.08129120785269367,<1bn
613785,N,19586.0,20251231,772263,986006,772263,FIRST NB OF MICHIGAN,122570,159083,12700,20170,58259,802121,146549.0,58259_20251231,1,1,0.02611804527732133,0.04256322004291284,<1bn
166582,NM,20717.0,20251231,203843,272576,203843,GLOBAL BANK,20717,38035,0,16195,58263,219958,13210.0,58263_20251231,1,1,0.07944839901296587,0.07944839901296587,<1bn
577604,NM,312456.0,20251231,1727776,1993505,1727776,SIGNATURE BANK,374464,1150221,0,318192,58264,1263638,49735.0,58264_20251231,1,1,0.1841627618394977,0.1841627618394977,1-10bn
340957,NM,97673.0,20251231,666188,760191,666188,RIVER VALLEY COMMUNITY BANK,251272,325465,0,84398,58276,393245,8483.0,58276_20251231,1,1,0.1266879619566849,0.1266879619566849,<1bn
368236,NM,101705.0,20251231,541816,591584,541816,GOLDEN VALLEY BANK,222722,174042,18436,47743,58278,271266,0.0,58278_20251231,1,1,0.08811662999985234,0.12214294151520073,<1bn
784344,NM,113215.0,20251231,1213783,1366841,1213783,AMERICAN RIVIERA BANK,211224,430273,1475,21394,58281,1069007,1.0,58281_20251231,1,1,0.017625885351829775,0.01884109433069997,1-10bn
137351,NM,54748.0,20251231,174208,194018,174208,EAGLE BANK,69662,36877,0,31194,58282,87451,77220.0,58282_20251231,1,1,0.17906181116825864,0.17906181116825864,<1bn
265806,NM,13627.0,20251231,358669,397955,358669,RIVER CITY BANK,38664,93222,9857,43731,58289,298584,0.0,58289_20251231,1,1,0.12192578672815325,0.149407949948281,<1bn
1066127,NM,204592.0,20251231,2227978,2534625,2227978,CALPRIVATE BANK,217837,1162936,0,157810,58291,2099155,65063.0,58291_20251231,1,1,0.07083104052194411,0.07083104052194411,1-10bn
496330,NM,78224.0,20251231,765847,890355,765847,PINNACLE BANK,92865,269922,0,89150,58297,567465,32358.0,58297_20251231,1,1,0.11640706302956073,0.11640706302956073,<1bn
290287,NM,13089.0,20251231,480375,542579,480375,TABLE ROCK COMMUNITY BANK,50140,190720,0,60363,58300,396191,34580.0,58300_20251231,1,1,0.12565807962529274,0.12565807962529274,<1bn
23364000,SB,18602552.0,20251231,23665150,25314311,23665150,AMERIPRISE BANK FSB,20222792,302511,0,2941164,58303,1930172,0.0,58303_20251231,1,1,0.12428249979400088,0.12428249979400088,10-100bn
388951,NM,885.0,20251231,670784,804049,670784,FIRST BANK OF GREENWICH,9498,281941,0,47961,58307,711277,100008.0,58307_20251231,1,1,0.07149991651559966,0.07149991651559966,<1bn
1119722,NM,207120.0,20251231,2143121,2791185,2143121,AMERICAN MOMENTUM BANK,233246,1023724,0,476740,58309,1856460,0.0,58309_20251231,1,1,0.22245127549961013,0.22245127549961013,1-10bn
713607,NM,26633.0,20251231,1352596,1550823,1352596,US METRO BANK,49552,647872,0,200191,58310,1262013,100033.0,58310_20251231,1,1,0.14800502145503905,0.14800502145503905,1-10bn
298156,NM,10267.0,20251231,363228,430146,363228,COMMUNITY BANK DELAWARE,15875,66351,0,30681,58311,349939,20000.0,58311_20251231,1,1,0.08446760712279891,0.08446760712279891,<1bn
2093698,N,663542.0,20251231,2840231,3273847,2840231,OLD PLANK TRAIL CMTY BANK NA,688611,749539,0,89755,58314,2347738,316506.0,58314_20251231,1,1,0.031601302851775086,0.031601302851775086,1-10bn
1569104,N,312017.0,20251231,2359674,2827227,2359674,INVESTAR BANK NATIONAL ASSN,419251,793196,6516,40805,58316,2149624,204167.0,58316_20251231,1,1,0.0172926429667827,0.02005404136334087,1-10bn
177863,NM,17726.0,20251231,257384,292720,257384,RIVERBANK,23825,79761,0,20129,58322,230575,23440.0,58322_20251231,1,1,0.07820610449756006,0.07820610449756006,<1bn
130210,NM,0.0,20251231,166898,191378,166898,LONE STAR BANK,0,37212,0,24293,58324,164467,4711.0,58324_20251231,1,1,0.14555596831597742,0.14555596831597742,<1bn
450474,NM,12562.0,20251231,644940,827852,644940,MOUNTAIN PACIFIC BANK,20174,196004,0,69630,58341,706542,10000.0,58341_20251231,1,1,0.10796353149130151,0.10796353149130151,<1bn
492151,NM,0.0,20251231,665278,810984,665278,MILLENNIUM BANK,1977,174340,1977,132525,58348,642920,62624.0,58348_20251231,1,1,0.19920243867976997,0.20217412871010315,<1bn
270146,NM,67476.0,20251231,337765,395627,337765,SOUTHERN INDEPENDENT BANK,155855,68377,0,22154,58357,173931,0.0,58357_20251231,1,1,0.0655899811999467,0.0655899811999467,<1bn
142114,NM,15784.0,20251231,156233,197172,156233,UNITED REPUBLIC BANK,18589,14570,948,2839,58359,146303,46208.0,58359_20251231,1,1,0.018171577067584953,0.024239437250772884,<1bn
343317,NM,7520.0,20251231,460980,550586,460980,HYPERION BANK,17281,117938,5289,65032,58371,448100,52883.0,58371_20251231,1,1,0.14107336543884766,0.1525467482320274,<1bn
199156,NM,20418.0,20251231,301117,368568,301117,CENTRAL BANK,27742,101969,0,9832,58377,311829,24288.0,58377_20251231,1,1,0.03265175994713018,0.03265175994713018,<1bn
266277,SM,63416.0,20251231,504723,558176,504723,JONAH BANK OF WYOMING,67818,238463,0,100266,58396,365456,0.0,58396_20251231,1,1,0.19865550014562444,0.19865550014562444,<1bn
324586,NM,1121.0,20251231,432912,509981,432912,MEGA BANK,8362,108859,0,64377,58401,414363,0.0,58401_20251231,1,1,0.14870689655172414,0.14870689655172414,<1bn
237981,N,48929.0,20251231,368380,515278,368380,GOLDWATER BANK N A,61354,131339,0,12458,58405,419208,54224.0,58405_20251231,1,1,0.03381833975785873,0.03381833975785873,<1bn
280927,SM,0.0,20251231,338001,408899,338001,UNIBANK,53831,57892,0,59700,58407,283424,64744.0,58407_20251231,1,1,0.1766266963707208,0.1766266963707208,<1bn
3772677,NM,1224738.0,20251231,6189239,8057896,6189239,CROSS RIVER BANK,1439644,2438760,0,936903,58410,5185483,2256601.0,58410_20251231,1,1,0.15137612233103295,0.15137612233103295,1-10bn
84151,N,2879.0,20251231,184219,218199,184219,EMBASSY NATIONAL BANK,23284,100192,20405,14212,58413,168343,15928.0,58413_20251231,1,1,0.07714730836667227,0.1879122131810508,<1bn
86779,NM,48141.0,20251231,134887,142833,134887,COMMUNITY BK PLEASANT HILL,74335,48166,0,10760,58423,50721,0.0,58423_20251231,1,1,0.0797704745453602,0.0797704745453602,<1bn
851193,NM,51951.0,20251231,1307279,1548069,1307279,ALMA BANK,72540,457124,0,119732,58424,1296514,193380.0,58424_20251231,1,1,0.09158871212648563,0.09158871212648563,1-10bn
46833,N,6371.0,20251231,62708,78271,62708,WEST VALLEY NATIONAL BANK,6371,15923,0,1541,58426,68291,0.0,58426_20251231,1,1,0.024574217005804682,0.024574217005804682,<1bn
967188,N,139946.0,20251231,1490313,1706864,1490313,WATERFORD BANK N A,280814,524620,3957,34882,58433,1329973,252788.0,58433_20251231,1,1,0.023405821461666105,0.026060968400597725,1-10bn
102836,NM,12149.0,20251231,202044,285034,202044,FIRST SECURITY BANK OF NV,18717,99225,0,73785,58443,182389,25064.0,58443_20251231,1,1,0.36519273029637106,0.36519273029637106,<1bn
356205,SM,67748.0,20251231,610362,683058,610362,COMMENCEMENT BANK,82845,254649,0,20311,58446,518058,0.0,58446_20251231,1,1,0.033276973337134357,0.033276973337134357,<1bn
130537,N,39203.0,20251231,160919,183763,160919,TEXAS ADVANTAGE CMTY BANK NA,60429,30840,0,25229,58450,83125,35654.0,58450_20251231,1,1,0.1567807406210578,0.1567807406210578,<1bn
13402655,SM,1478010.0,20251231,21481655,23338425,21481655,TRISTATE CAPITAL BANK,2137044,8141106,421038,2911472,58457,17779863,683144.0,58457_20251231,1,1,0.1355329466002503,0.1551328331080636,10-100bn
2694301,SM,408524.0,20251231,5162259,5853571,5162259,SMARTBANK,662003,2472939,29630,451589,58463,4333541,51884.0,58463_20251231,1,1,0.08747895059120435,0.09321868585051622,1-10bn
479372,N,2246.0,20251231,711832,867250,711832,AMERICAN PLUS BANK N A,10002,234557,0,18747,58469,755438,52220.0,58469_20251231,1,1,0.02633627035592668,0.02633627035592668,<1bn
324490,NM,67308.0,20251231,401549,438383,401549,HOMETOWN BANK OF PA,81314,78223,4032,17737,58470,329879,0.0,58470_20251231,1,1,0.044171446075074276,0.054212561854219535,<1bn
760367,NM,189738.0,20251231,1095310,1203168,1095310,BANK OF CENTRAL FLORIDA,243712,335211,0,107532,58479,812409,234574.0,58479_20251231,1,1,0.09817494590572531,0.09817494590572531,1-10bn
2044998,NM,106345.0,20251231,3202308,3958035,3202308,FIRST BANK,147094,1160768,6039,309967,58481,3247841,301325.0,58481_20251231,1,1,0.09679487419698543,0.09868070154401139,1-10bn
108257,NM,0.0,20251231,254526,285127,254526,BANK OF MONTANA,14,146300,0,203775,58482,76875,0.0,58482_20251231,1,1,0.8006058320171613,0.8006058320171613,<1bn
398885,SM,2400.0,20251231,1358609,1540918,1358609,PEGASUS BANK,82186,959863,78727,474449,58483,936607,0.0,58483_20251231,1,1,0.3492167356465326,0.4071635032595839,1-10bn
307988,NM,47007.0,20251231,426445,478154,426445,AUSTIN COUNTY STATE BANK,66366,119335,0,34086,58484,360459,2175.0,58484_20251231,1,1,0.0799305889387846,0.0799305889387846,<1bn
2158095,N,92228.0,20251231,3117559,3929653,3117559,FINEMARK NATIONAL BANK&TRUST,548956,948854,0,502656,58486,2694287,710058.0,58486_20251231,1,1,0.16123383711422942,0.16123383711422942,1-10bn
1156701,NM,257287.0,20251231,1667750,1983778,1667750,BENEFICIAL STATE BANK,320902,513584,19468,138808,58490,1451020,292256.0,58490_20251231,1,1,0.08323070004497077,0.09490391245690301,1-10bn
801994,N,30927.0,20251231,1317758,1609875,1317758,OLD DOMINION NATIONAL BANK,62930,517256,0,118489,58504,1335678,194755.0,58504_20251231,1,1,0.08991711679989801,0.08991711679989801,1-10bn
246641,NM,13903.0,20251231,323942,380097,323942,FIRST FARMBANK,48328,78002,0,19116,58508,290651,10027.0,58508_20251231,1,1,0.05901056361941335,0.05901056361941335,<1bn
634341,NM,28148.0,20251231,859150,1026318,859150,FRONTIER BANK OF TEXAS,75749,226167,3857,60875,58509,849242,82777.0,58509_20251231,1,1,0.07085491474131408,0.07534423558167956,1-10bn
226782,NM,19407.0,20251231,557642,693538,557642,PLATINUM BANK,54201,331169,7707,13486,58511,608834,15498.0,58511_20251231,1,1,0.02418397466474907,0.038004669662615086,<1bn
1390394,NM,126963.0,20251231,1980832,2282741,1980832,BANK OF PRINCETON,180720,598966,2953,135513,58513,1796091,18590.0,58513_20251231,1,1,0.06841216216216216,0.06990294987156911,1-10bn
129451,NM,31617.0,20251231,178350,197951,178350,COMMUNITY BANK,47499,49484,0,19596,58517,115156,0.0,58517_20251231,1,1,0.10987384356602187,0.10987384356602187,<1bn
904450,N,7353.0,20251231,1125001,1552203,1125001,SOLERA NATIONAL BANK,650464,222668,340363,3316,58534,816832,108412.0,58534_20251231,1,1,0.002947552935508502,0.3054921728958463,1-10bn
1722930,SB,236750.0,20251231,1816045,2175262,1816045,THINK MUTUAL BANK,544370,98216,85024,328200,58536,1199526,0.0,58536_20251231,1,1,0.1807223939935409,0.22754061711025883,1-10bn
147233,NM,111.0,20251231,369589,429621,369589,BANKFLORIDA,111,222433,0,65235,58537,330413,11.0,58537_20251231,1,1,0.1765068765574733,0.1765068765574733,<1bn
307128,NM,0.0,20251231,363432,459640,363432,GOLD COAST BANK,0,57037,0,129616,58556,313008,24448.0,58556_20251231,1,1,0.35664443417200464,0.35664443417200464,<1bn
353417,SM,3846.0,20251231,465073,512888,465073,SELECT BANK,38157,112451,0,11221,58563,440473,12592.0,58563_20251231,1,1,0.024127395054109785,0.024127395054109785,<1bn
4793364,NM,829544.0,20251231,7342429,8692562,7342429,FLUSHING BANK,1438342,2555559,0,124916,58564,6611150,1125555.0,58564_20251231,1,1,0.01701289859255023,0.01701289859255023,1-10bn
934396,NM,144605.0,20251231,2189557,2425763,2189557,TEXAS PARTNERS BANK,216735,1255875,6972,218383,58581,1918159,60955.0,58581_20251231,1,1,0.09973844024156485,0.10292264599642759,1-10bn
514514,NM,95350.0,20251231,646004,772771,646004,AMERICAN PRIDE BANK,108520,133073,0,27939,58584,507400,18152.0,58584_20251231,1,1,0.043248958210785074,0.043248958210785074,<1bn
24609,NM,15937.0,20251231,103551,117412,103551,TURTLE MOUNTAIN STATE BANK,16832,79180,484,58425,58586,36250,0.0,58586_20251231,1,1,0.564214734768375,0.5688887601278597,<1bn
227417,NM,3900.0,20251231,616743,712572,616743,PARTNERS BANK OF CALIFORNIA,163023,387210,159123,75655,58588,463979,50209.0,58588_20251231,1,1,0.12266859940039855,0.3806739598179469,<1bn
298255,SM,45480.0,20251231,732658,875372,732658,NANO BANC,64527,437551,0,253493,58590,527925,164405.0,58590_20251231,1,1,0.34599089889143364,0.34599089889143364,<1bn
404828,N,6370.0,20251231,1584614,1750321,1584614,CHAIN BRIDGE BANK NA,865861,1179817,527813,586630,58595,270663,0.0,58595_20251231,1,1,0.3702037215372324,0.7032898863698036,1-10bn
3431496,SM,287969.0,20251231,4212234,4831021,4212234,CARTER BANK&TRUST,701903,787114,0,105163,58596,3808408,191218.0,58596_20251231,1,1,0.024966086879313922,0.024966086879313922,1-10bn
137426,NM,6118.0,20251231,216384,264317,216384,PEOPLEFIRST BANK,26646,79191,0,48253,58597,173061,5813.0,58597_20251231,1,1,0.2229970792664892,0.2229970792664892,<1bn
204002,NM,49555.0,20251231,273813,324600,273813,RELIANCE BANK,67741,70649,965,4670,58602,244292,46174.0,58602_20251231,1,1,0.01705543564403443,0.020579738726795294,<1bn
300662,SM,23430.0,20251231,412248,463840,412248,VICTORY BANK,36798,111761,0,14732,58615,396391,5917.0,58615_20251231,1,1,0.035735770701131354,0.035735770701131354,<1bn
410090,NM,24461.0,20251231,730885,857961,730885,MRV BANKS,27959,322118,0,110249,58619,626905,143370.0,58619_20251231,1,1,0.150843155900039,0.150843155900039,<1bn
738614,NM,71038.0,20251231,1152863,1355585,1152863,GBANK,71038,417931,0,197864,58626,995387,105955.0,58626_20251231,1,1,0.17162837214829516,0.17162837214829516,1-10bn
3757027,SM,1471407.0,20251231,9073259,10792468,9073259,STELLAR BANK,2198459,5321042,298804,413439,58629,7216962,12478.0,58629_20251231,1,1,0.045566758316939925,0.07849913685920351,10-100bn
122472,NM,11373.0,20251231,181135,198868,181135,FIRST CAHAWBA BANK,36644,58728,1420,5991,58636,137969,0.0,58636_20251231,1,1,0.03307477848013912,0.040914235238910204,<1bn
197274,NM,872.0,20251231,259031,286613,259031,FIRST COLONY BANK OF FLORIDA,53958,61920,0,42194,58644,187733,52903.0,58644_20251231,1,1,0.16289170022120905,0.16289170022120905,<1bn
7503041,NM,2920586.0,20251231,9314462,11881997,9314462,FIRST FOUNDATION BANK,3064808,1846708,1003,1624456,58647,6896776,3169984.0,58647_20251231,1,1,0.17440148448724146,0.1745091664982905,10-100bn
576765,NM,7257.0,20251231,757709,837006,757709,PROMISEONE BANK,53151,188492,0,160792,58657,605406,12487.0,58657_20251231,1,1,0.2122081168364108,0.2122081168364108,<1bn
187183,SM,14021.0,20251231,244201,343849,244201,LOCUS BANK INC,36263,57725,0,18021,58658,275733,59958.0,58658_20251231,1,1,0.07379576660210237,0.07379576660210237,<1bn
11690357,NM,1403682.0,20251231,13825105,15057824,13825105,LIVE OAK BANKING CO,1427420,2164911,0,859210,58665,12201413,4049883.0,58665_20251231,1,1,0.06214853341077699,0.06214853341077699,10-100bn
330303,NM,88768.0,20251231,471664,558136,471664,SPRING BANK,90288,142194,0,86308,58668,374244,92081.0,58668_20251231,1,1,0.18298619356151838,0.18298619356151838,<1bn
1043944,NM,33449.0,20251231,2028531,2381629,2028531,HANOVER COMMUNITY BANK,100569,985480,4495,208904,58675,1988462,110011.0,58675_20251231,1,1,0.10298289747605534,0.10519878670821398,1-10bn
125213,NM,10520.0,20251231,192445,227932,192445,GATEWAY COMMERCIAL BANK,55272,67301,8613,16301,58678,147311,12173.0,58678_20251231,1,1,0.08470472082932785,0.1294603652991764,<1bn
88568,NM,2598.0,20251231,101255,114380,101255,GREAT NATIONS BANK,2598,13129,0,3474,58680,86857,30798.0,58680_20251231,1,1,0.03430941681892252,0.03430941681892252,<1bn
189552,N,6835.0,20251231,360109,418375,360109,TOUCHMARK NATIONAL BANK,10806,171020,0,65649,58687,322182,100.0,58687_20251231,1,1,0.18230313599493486,0.18230313599493486,<1bn
1093101,NM,88168.0,20251231,1557064,1916599,1557064,SOUTH ATLANTIC BANK,284518,464874,0,68196,58689,1457263,64698.0,58689_20251231,1,1,0.04379781434802937,0.04379781434802937,1-10bn
335694,NM,8593.0,20251231,533575,606806,533575,BLUEHARBOR BANK,27039,198552,0,41237,58691,516768,42319.0,58691_20251231,1,1,0.0772843555264021,0.0772843555264021,<1bn
320791,NM,41607.0,20251231,471856,550507,471856,INTRACOASTAL BANK,98896,154273,0,9760,58692,412972,34121.0,58692_20251231,1,1,0.02068427655895019,0.02068427655895019,<1bn
520480,NM,61028.0,20251231,853840,956408,853840,PRIME MERIDIAN BANK,93623,333706,0,48005,58694,713669,0.0,58694_20251231,1,1,0.05622247727911552,0.05622247727911552,<1bn
1103802,SM,128921.0,20251231,1998445,2287755,1998445,FVCBANK,153424,896312,0,127631,58696,1922396,284957.0,58696_20251231,1,1,0.06386515515813546,0.06386515515813546,1-10bn
455053,NM,23363.0,20251231,707035,812480,707035,FREEDOM BANK,29159,252582,2796,45930,58712,716269,25000.0,58712_20251231,1,1,0.06496142340902501,0.06891596597056723,<1bn
3310704,SM,223912.0,20251231,4629486,5335065,4629486,THIRD COAST BANK,575200,1323454,0,175470,58716,4350802,660382.0,58716_20251231,1,1,0.037902695893237394,0.037902695893237394,1-10bn
758377,NM,23591.0,20251231,1209317,1419329,1209317,MEADOWS BANK,24087,453282,0,103417,58722,1253214,140000.0,58722_20251231,1,1,0.08551686613187444,0.08551686613187444,1-10bn
221710,N,41145.0,20251231,436928,491877,436928,BLACK HILLS CMTY BANK N A,95523,215788,0,11750,58723,367819,16000.0,58723_20251231,1,1,0.02689230262194229,0.02689230262194229,<1bn
164754,NM,0.0,20251231,193448,225867,193448,NEBRASKA BANK OF COMMERCE,8920,29078,0,13837,58724,199982,0.0,58724_20251231,1,1,0.0715282659939622,0.0715282659939622,<1bn
366987,NM,64432.0,20251231,758806,953517,758806,ACCESS BANK,91331,392668,0,42562,58727,766062,25000.0,58727_20251231,1,1,0.056090753104218995,0.056090753104218995,<1bn
149353,NM,1146.0,20251231,172120,199493,172120,COMMUNITY STATE BANK,26868,23569,14210,4479,58732,158213,0.0,58732_20251231,1,1,0.02602254241227051,0.10858122240297467,<1bn
555093,NM,72341.0,20251231,1222167,1348342,1222167,TEXAS SECURITY BANK,212279,667595,56319,163113,58739,927635,110816.0,58739_20251231,1,1,0.13346212097037474,0.17954338482384158,1-10bn
711067,SM,64293.0,20251231,820973,944013,820973,FIELDPOINT PRIVATE B&T,110581,110794,0,140108,58741,650853,415921.0,58741_20251231,1,1,0.17066091089475538,0.17066091089475538,<1bn
103908,NM,1333.0,20251231,138799,164760,138799,FIRST NM BANK LAS CRUCES,34698,35019,0,27747,58745,94212,0.0,58745_20251231,1,1,0.19990778031542014,0.19990778031542014,<1bn
705016,NM,24552.0,20251231,1136528,1475425,1136528,NORTHWEST BANK,178048,433544,0,401986,58752,863697,168914.0,58752_20251231,1,1,0.35369652133515406,0.35369652133515406,1-10bn
253621,N,0.0,20251231,319314,401518,319314,MINT NATIONAL BANK,0,66070,0,42702,58764,316610,0.0,58764_20251231,1,1,0.13373043461921494,0.13373043461921494,<1bn
174708,NM,0.0,20251231,218101,243370,218101,GUADALUPE BANK,252,43435,252,36818,58768,174449,0.0,58768_20251231,1,1,0.16881169733288706,0.1699671253226716,<1bn
88794,NM,4480.0,20251231,160079,196376,160079,LIBERTY BANK,5527,71469,0,26660,58778,155613,0.0,58778_20251231,1,1,0.16654276950755564,0.16654276950755564,<1bn
249475,NM,29935.0,20251231,320887,433773,320887,SPRING BANK,36294,72285,991,15731,58780,366636,18461.0,58780_20251231,1,1,0.049023488019146924,0.05211180259717595,<1bn
781370,NM,98218.0,20251231,1839392,2046870,1839392,OAKWORTH CAPITAL BANK,201684,1058546,9834,197580,58783,1584675,0.0,58783_20251231,1,1,0.10741592874167116,0.11276226057305892,1-10bn
323307,SM,13078.0,20251231,446427,516324,446427,GRAND RIVER BANK,16845,123616,0,46579,58789,441392,70084.0,58789_20251231,1,1,0.10433732726739198,0.10433732726739198,<1bn
395103,NM,10296.0,20251231,884101,1041185,884101,PARKSIDE FINANCIAL B&T,68131,489270,23957,76319,58796,832105,147670.0,58796_20251231,1,1,0.08632384761469561,0.11342143035693886,1-10bn
118735,NM,0.0,20251231,172122,221096,172122,GENUBANK,4918,53903,482,37181,58806,163282,0.0,58806_20251231,1,1,0.21601538443662055,0.21881572373084207,<1bn
951296,NM,75240.0,20251231,1810842,2048419,1810842,ONE FLORIDA BANK,76066,860659,0,333092,58811,1607750,35756.0,58811_20251231,1,1,0.18394316014318202,0.18394316014318202,1-10bn
2092527,NM,275520.0,20251231,3399896,4201116,3399896,ROYAL BUSINESS BANK,411388,1549410,0,212529,58816,3272481,145498.0,58816_20251231,1,1,0.06251044149585752,0.06251044149585752,1-10bn
174702,NM,20729.0,20251231,261552,296211,261552,REDSTONE BANK,47878,86999,0,52629,58826,169814,34849.0,58826_20251231,1,1,0.20121811341530557,0.20121811341530557,<1bn
587887,N,225846.0,20251231,714297,878036,714297,OAK VIEW NATIONAL BANK,463017,127658,69125,34017,58827,346671,153265.0,58827_20251231,1,1,0.04762304755584862,0.14439651853500715,<1bn
343759,NM,7900.0,20251231,657732,747269,657732,LIBERTY CAPITAL BANK,9577,314739,0,124809,58852,594419,1.0,58852_20251231,1,1,0.18975661819707723,0.18975661819707723,<1bn
125613,N,10002.0,20251231,205340,251138,205340,NEW HORIZON BANK NA,14886,79859,0,78762,58857,144194,251.0,58857_20251231,1,1,0.38356871530145126,0.38356871530145126,<1bn
149692,SM,2967.0,20251231,192127,224934,192127,CORNERSTONE BANK,21028,42545,5023,15482,58859,176050,1027.0,58859_20251231,1,1,0.08058211495521192,0.10672628001269993,<1bn
797501,N,31525.0,20251231,1156059,1277669,1156059,COASTAL CAROLINA NB,83274,359416,0,214733,58864,934986,164689.0,58864_20251231,1,1,0.18574571021029204,0.18574571021029204,1-10bn
1458096,SM,4879.0,20251231,1833594,2414264,1833594,GUARANTY BANK,271730,377023,0,32054,58892,1842531,409131.0,58892_20251231,1,1,0.017481514446491427,0.017481514446491427,1-10bn
612602,NM,38098.0,20251231,951029,1061920,951029,R BANK,64207,340482,8972,182429,58935,775851,0.0,58935_20251231,1,1,0.19182275198758397,0.20125674401096075,1-10bn
108059,SM,8938.0,20251231,153566,200933,153566,NEW HAVEN BANK,8938,45554,0,16627,58952,166780,4014.0,58952_20251231,1,1,0.10827266452209473,0.10827266452209473,<1bn
154975,NM,8.0,20251231,287571,385744,287571,LAKESIDE BANK,131316,134073,0,6354,58961,233657,0.0,58961_20251231,1,1,0.022095412958886673,0.022095412958886673,<1bn
14262839,N,7617321.0,20251231,29611980,35027511,29611980,BANKUNITED NATIONAL ASSN,9257917,15393835,268653,217781,58979,24053882,4862286.0,58979_20251231,1,1,0.007354489635613694,0.0164269326130843,10-100bn
1000,N,83916.0,20251231,326583,357541,326583,STIFEL TRUST CO DELAWARE NA,230237,325583,0,117325,59043,0,0.0,59043_20251231,1,1,0.3592501753000003,0.3592501753000003,<1bn
6461720,SM,1078921.0,20251231,8442428,9836878,8442428,NBH BANK,1179650,1997881,99127,403177,59052,7369335,97500.0,59052_20251231,1,1,0.047756048378499644,0.05949757581586719,1-10bn
1194317,NM,0.0,20251231,1576025,1790743,1576025,BANK OF BIRD-IN-HAND,0,382859,0,143764,59074,1600212,0.0,59074_20251231,1,1,0.09121936517504481,0.09121936517504481,1-10bn
367060,NM,8098.0,20251231,605295,722848,605295,PRIMARY BANK,13863,239060,0,66672,59086,631720,59983.0,59086_20251231,1,1,0.11014794439075162,0.11014794439075162,<1bn
881010,NM,620470.0,20251231,1119442,1619237,1119442,INTERNATIONAL BK OF COM,620470,239583,0,24436,59093,673181,0.0,59093_20251231,1,1,0.021828732529242247,0.021828732529242247,1-10bn
122686,NM,25622.0,20251231,302587,355990,302587,INFINITY BANK,27106,181889,0,97077,59098,226151,0.0,59098_20251231,1,1,0.3208234325995499,0.3208234325995499,<1bn
438526,NM,22054.0,20251231,683204,769893,683204,ENDEAVOR BANK,29553,244959,0,89147,59099,634037,134677.0,59099_20251231,1,1,0.13048372082130666,0.13048372082130666,<1bn
474081,NM,8586.0,20251231,747821,964035,747821,BEACON COMMUNITY BANK,27206,276539,4864,64491,59106,839195,45781.0,59106_20251231,1,1,0.08623855173898566,0.09274278202938939,<1bn
9132115,SM,6864851.0,20251231,9640312,10434593,9640312,CHARLES SCHWAB TRUST BANK,8654988,510484,1286899,1576086,59108,0,0.0,59108_20251231,1,1,0.16348910699155794,0.296980533410122,10-100bn
552432,NM,70920.0,20251231,1069609,1243302,1069609,STUDIO BANK,164477,517448,29561,72225,59112,943902,141866.0,59112_20251231,1,1,0.06752467490456793,0.09516187691016063,1-10bn
511737,N,175464.0,20251231,1424080,1583044,1424080,GRASSHOPPER BANK N A,284778,912343,0,122162,59113,1103876,38100.0,59113_20251231,1,1,0.08578310207291726,0.08578310207291726,1-10bn
351742,NM,21007.0,20251231,719928,839740,719928,COMMERCEONE BANK,44387,368248,9838,74442,59114,703136,53033.0,59114_20251231,1,1,0.1034020068673534,0.11706726228178374,<1bn
160261,NM,6352.0,20251231,388379,432709,388379,LEXICON BANK,26782,228139,5325,199296,59117,193653,1.0,59117_20251231,1,1,0.5131482392199372,0.5268590732248654,<1bn
137344,NM,6581.0,20251231,269143,292635,269143,MI BANK,8159,131996,0,79008,59138,200983,52081.0,59138_20251231,1,1,0.2935539843131718,0.2935539843131718,<1bn
165499,NM,38414.0,20251231,273561,321062,273561,GULFSIDE BANK,63104,108154,973,17217,59140,228607,0.0,59140_20251231,1,1,0.06293660280522442,0.06649339635401245,<1bn
178220,NM,12201.0,20251231,274756,338993,274756,NEW VALLEY BANK&TRUST,43096,96691,8892,22834,59143,257357,14320.0,59143_20251231,1,1,0.08310646537291269,0.11546972586585916,<1bn
358018,NM,7803.0,20251231,411341,482811,411341,OHIO STATE BANK,9017,53780,0,34155,59144,426631,112048.0,59144_20251231,1,1,0.08303329840691787,0.08303329840691787,<1bn
243191,NM,0.0,20251231,347005,406986,347005,WATERMARK BANK,9199,104091,0,10467,59148,334783,53224.0,59148_20251231,1,1,0.03016383049235602,0.03016383049235602,<1bn
138934,NM,82778.0,20251231,397318,519657,397318,PIERMONT BANK,82778,258551,0,128666,59154,290227,97961.0,59154_20251231,1,1,0.32383632254264844,0.32383632254264844,<1bn
126007,NM,23348.0,20251231,182889,212117,182889,AMERICAN BK OF THE CAROLINAS,31134,57020,0,17924,59157,151488,0.0,59157_20251231,1,1,0.0980048007261235,0.0980048007261235,<1bn
188432,NM,28744.0,20251231,244200,290432,244200,MILLYARD BANK,33631,56560,0,10121,59176,236803,21633.0,59176_20251231,1,1,0.041445536445536446,0.041445536445536446,<1bn
300150,NM,0.0,20251231,495255,1694247,495255,SQUARE FINL SERVICES INC,6951,195517,0,713105,59177,910758,0.0,59177_20251231,1,1,1.439874408133184,1.439874408133184,1-10bn
161678,NM,43294.0,20251231,239058,303658,239058,TANDEM BANK,50965,77514,0,17219,59178,225848,11258.0,59178_20251231,1,1,0.07202854537392599,0.07202854537392599,<1bn
80010,SM,11037.0,20251231,186159,233104,186159,GULF ATLANTIC BANK,18653,106242,0,7631,59181,189417,37876.0,59181_20251231,1,1,0.04099184030855344,0.04099184030855344,<1bn
143932,NM,14291.0,20251231,186045,243045,186045,LOYAL TRUST BANK,20080,42732,0,55593,59182,158932,25509.0,59182_20251231,1,1,0.29881480287027334,0.29881480287027334,<1bn
536363,NM,110385.0,20251231,1019877,1191505,1019877,TRUSTAR BANK,136398,484227,0,143420,59183,891000,40202.0,59183_20251231,1,1,0.14062480083382603,0.14062480083382603,1-10bn
213364,NM,147146.0,20251231,493637,588671,493637,GULF CAPITAL BANK,208187,282495,0,23499,59185,347265,101935.0,59185_20251231,1,1,0.04760380603560916,0.04760380603560916,<1bn
303991,NM,53149.0,20251231,467615,530923,467615,TRIAD BUSINESS BANK,108690,164010,2493,17697,59188,397089,145309.0,59188_20251231,1,1,0.03784523593126824,0.04317654480715974,<1bn
207289,N,21723.0,20251231,211419,376185,211419,VARO BANK NATIONAL ASSN,32166,4130,0,219682,59190,86925,0.0,59190_20251231,1,1,1.0390835260785454,1.0390835260785454,<1bn
189371,NM,19376.0,20251231,292602,357429,292602,FOUNDERS BANK,20203,103334,0,20991,59193,303223,41728.0,59193_20251231,1,1,0.07173908585723952,0.07173908585723952,<1bn
104733,NM,29694.0,20251231,162809,191710,162809,FWBANK,33716,58195,1971,22814,59195,129295,14697.0,59195_20251231,1,1,0.14012738853503184,0.1522335988796688,<1bn
203315,NM,6302.0,20251231,228844,259517,228844,RIVERSIDE BANK OF DUBLIN,7525,25760,0,26566,59199,221828,14028.0,59199_20251231,1,1,0.11608781528027827,0.11608781528027827,<1bn
58043,NM,14048.0,20251231,86568,107224,86568,SCOTTSDALE COMMUNITY BANK,15032,28842,0,5252,59203,85111,6004.0,59203_20251231,1,1,0.06066906940208853,0.06066906940208853,<1bn
60864,NM,0.0,20251231,88129,104464,88129,LEGACY BANK,0,27506,0,20696,59204,75236,38205.0,59204_20251231,1,1,0.23483756765650354,0.23483756765650354,<1bn
1724760,NM,6611.0,20251231,1762960,2069700,1762960,NELNET BANK,1063110,41407,0,25378,59205,930635,311015.0,59205_20251231,1,1,0.01439510822707265,0.01439510822707265,1-10bn
175357,N,25485.0,20251231,287581,344509,287581,ROCKPOINTBANK NATIONAL ASSN,34037,112542,0,12742,59206,280212,11008.0,59206_20251231,1,1,0.04430751683873413,0.04430751683873413,<1bn
165667,NM,1525.0,20251231,228480,271566,228480,CRAFT BANK,1525,62907,0,30926,59209,231257,50916.0,59209_20251231,1,1,0.13535539215686274,0.13535539215686274,<1bn
134433,NM,11092.0,20251231,260409,294182,260409,CLASSIC CITY BANK,22060,126059,2479,76670,59219,185090,0.0,59219_20251231,1,1,0.2944214677680111,0.3039411080262203,<1bn
50064,N,589.0,20251231,98486,130365,98486,AGILITY BANK NATIONAL ASSN,5534,48565,4945,21063,59239,99420,0.0,59239_20251231,1,1,0.21386796092845684,0.264078143086327,<1bn
124246,NM,0.0,20251231,365613,415306,365613,GENESIS BANK,0,241503,0,135100,59245,268125,24664.0,59245_20251231,1,1,0.3695164012220572,0.3695164012220572,<1bn
143526,NM,0.0,20251231,224257,253319,224257,FIRST BANK OF CENTRAL OHIO,12657,80884,12067,5890,59249,192518,0.0,59249_20251231,1,1,0.026264509023129712,0.08007330874844487,<1bn
929244,NM,1159.0,20251231,1358055,1624820,1358055,CLIMATE FIRST BANK,3555,429678,0,179266,59257,1391283,94348.0,59257_20251231,1,1,0.13200201759133467,0.13200201759133467,1-10bn
35848,SM,24281.0,20251231,59396,98384,59396,INTEGRITY BANK FOR BUSINESS,24281,23557,0,22057,59262,49196,0.0,59262_20251231,1,1,0.37135497339888207,0.37135497339888207,<1bn
114703,NM,7211.0,20251231,303177,408892,303177,WATERFALL BANK,10007,188681,0,35715,59265,351261,0.0,59265_20251231,1,1,0.11780247182339029,0.11780247182339029,<1bn
61123,NM,0.0,20251231,94399,103692,94399,GAINEY BUSINESS BANK,0,33346,0,660,59273,86519,9085.0,59273_20251231,1,1,0.006991599487282704,0.006991599487282704,<1bn
164416,NM,13052.0,20251231,296929,347276,296929,LOCALITY BANK,13052,132570,0,58956,59278,268961,31636.0,59278_20251231,1,1,0.1985525159213145,0.1985525159213145,<1bn
111689,NM,5694.0,20251231,154849,181141,154849,GULF COAST BUSINESS BANK,5694,43291,0,22675,59281,148186,38296.0,59281_20251231,1,1,0.1464329766417607,0.1464329766417607,<1bn
92718,NM,15756.0,20251231,133584,177569,133584,INTEGRO BANK,15756,41087,0,661,59283,135322,5.0,59283_20251231,1,1,0.004948197388908851,0.004948197388908851,<1bn
61211,NM,32303.0,20251231,153536,174893,153536,MOULTRIE BANK&TRUST,38267,92472,5964,65795,59285,56376,0.0,59285_20251231,1,1,0.4285314193413923,0.46737572947061273,<1bn
530420,NM,118654.0,20251231,600851,996465,600851,THRIVENT BANK,118800,70576,0,263692,59286,566381,0.0,59286_20251231,1,1,0.43886421092750116,0.43886421092750116,<1bn
260664,NM,0.0,20251231,435769,485426,435769,ENTREBANK,1,177928,1,68693,59287,412541,0.0,59287_20251231,1,1,0.15763627059290589,0.15763856538670717,<1bn
115552,SI,14148.0,20251231,156029,171740,156029,WALDEN MUTUAL BANK,30089,40543,15941,4123,59289,129067,0.0,59289_20251231,1,1,0.0264245749187651,0.12859147978901359,<1bn
101209,NM,1283.0,20251231,143511,176737,143511,BEACH CITIES COMMERCIAL BANK,2287,42418,1004,28312,59290,142640,11030.0,59290_20251231,1,1,0.1972810446585976,0.2042770240608734,<1bn
75748,NM,0.0,20251231,86219,106369,86219,ADELPHI BANK,4042,10601,3542,954,59292,86295,28879.0,59292_20251231,1,1,0.011064846495552024,0.05214627866247579,<1bn
99872,NM,0.0,20251231,216593,285956,216593,BANK IRVINE,0,116749,0,61588,59296,216436,0.0,59296_20251231,1,1,0.2843489863476659,0.2843489863476659,<1bn
155562,NM,622.0,20251231,252057,288083,252057,BUSINESS BANK THE,45993,96499,45371,54875,59298,184959,26589.0,59298_20251231,1,1,0.2177086928750243,0.39771162871890087,<1bn
229614,NM,0.0,20251231,423079,473516,423079,TEXAS TRADITIONS BANK,117410,193783,73362,70858,59304,259394,0.0,59304_20251231,1,1,0.16748172327154032,0.34088196294309103,<1bn
51630,NM,10762.0,20251231,72763,95006,72763,COMMUNITY UNITY BANK,12556,21300,0,3165,59305,53510,16000.0,59305_20251231,1,1,0.043497381911136154,0.043497381911136154,<1bn
138770,NM,4573.0,20251231,250509,293816,250509,EVERMORE BANK,10859,111942,0,60537,59306,218326,0.0,59306_20251231,1,1,0.24165598840760213,0.24165598840760213,<1bn
7061,NM,8891.0,20251231,23669,39035,23669,GS&L MUNICIPAL BANK,22881,16608,3931,1888,59312,0,0.0,59312_20251231,1,1,0.07976678355655076,0.24584900080273775,<1bn
59030,NM,3600.0,20251231,125639,147005,125639,ICON BUSINESS BANK,4688,67282,0,16483,59314,116994,4025.0,59314_20251231,1,1,0.13119333964772084,0.13119333964772084,<1bn
23917,NM,1549.0,20251231,83278,106587,83278,ZENITH BANK&TRUST,1549,59375,0,50955,59318,52128,0.0,59318_20251231,1,1,0.6118662792093951,0.6118662792093951,<1bn
80618,SM,46355.0,20251231,301561,426981,301561,NAVE BANK,61361,221165,15006,171974,59324,183897,0.0,59324_20251231,1,1,0.5702793133064289,0.6200403898382085,<1bn
53067,NM,5036.0,20251231,64174,89117,64174,NOVA BANK,5036,11344,0,8479,59326,64798,0.0,59326_20251231,1,1,0.1321251597220058,0.1321251597220058,<1bn
18723,NM,13570.0,20251231,22364,42672,22364,FORTUNA BANK,20118,3747,6548,1319,59330,11696,0.0,59330_20251231,1,1,0.058978715793239135,0.35177070291539975,<1bn
17594,NM,1873.0,20251231,32354,53609,32354,ALTOS BANK,1873,14782,0,32821,59339,16408,3515.0,59339_20251231,1,1,1.0144340730666996,1.0144340730666996,<1bn
100692,SM,0.0,20251231,260885,300755,260885,INTEGRITY BANK SSB,74573,160228,74573,105725,59342,116964,0.0,59342_20251231,1,1,0.40525518906798014,0.6911014431646127,<1bn
3500,NM,0.0,20251231,3897,34232,3897,FIVE RIVERS BANK,0,397,0,31794,59345,1384,0.0,59345_20251231,1,1,8.15858352578907,8.15858352578907,<1bn
44988,NM,0.0,20251231,71542,95334,71542,FOUR STATES BANK,0,26722,0,20345,59352,69826,5000.0,59352_20251231,1,1,0.2843784070895418,0.2843784070895418,<1bn
52804,NM,2835.0,20251231,145834,183349,145834,BANKMIAMI,2835,93039,0,108356,59354,67147,0.0,59354_20251231,1,1,0.7430091748152008,0.7430091748152008,<1bn
9203,NM,999.0,20251231,21240,30900,21240,GALA BANK,5490,12044,4491,1106,59358,14506,0.0,59358_20251231,1,1,0.05207156308851224,0.26351224105461396,<1bn
3086,NM,0.0,20251231,3084,26887,3084,SOLUTIONS PLUS BANK,549,0,549,25038,59362,217,0.0,59362_20251231,1,1,8.118677042801556,8.29669260700389,<1bn
149102,NM,61198.0,20251231,215489,234020,215489,HOME LOAN STATE BANK,88260,66500,1953,44692,90040,87072,542.0,90040_20251231,1,1,0.20739805744144713,0.2164611650710709,<1bn
507798,SI,34425.0,20251231,830375,1031499,830375,ADAMS COMMUNITY BANK,105301,323643,12594,29483,90140,840755,59158.0,90140_20251231,1,1,0.03550564503989161,0.050672286617492096,1-10bn
463466,SI,109452.0,20251231,555612,677842,555612,ATHOL SAVINGS BANK,138316,92146,0,75607,90146,428205,0.0,90146_20251231,1,1,0.1360787743965213,0.1360787743965213,<1bn
829312,SM,173365.0,20251231,1253405,1578933,1253405,BLUESTONE BANK,282235,424093,0,28612,90169,1200891,0.0,90169_20251231,1,1,0.022827418113060025,0.022827418113060025,1-10bn
854626,SM,97413.0,20251231,1317280,1640097,1317280,EAST CAMBRIDGE SAVINGS BANK,128362,462662,1499,132440,90173,1292979,0.0,90173_20251231,1,1,0.10054050771286287,0.10167845864205029,1-10bn
363424,SI,41264.0,20251231,643257,762276,643257,BANK OF CANTON,121869,279895,65597,61855,90175,539485,0.0,90175_20251231,1,1,0.09615907794240872,0.19813542643142631,<1bn
438653,SI,124679.0,20251231,570792,743035,570792,CLINTON SAVINGS BANK,159750,132139,0,9449,90181,521477,0.0,90181_20251231,1,1,0.016554191369185272,0.016554191369185272,<1bn
4077422,NM,1430664.0,20251231,5225319,6156507,5225319,MIDDLESEX SAVINGS BANK,2090291,1148568,14668,70680,90183,3628507,1003.0,90183_20251231,1,1,0.013526446902093441,0.016333548248441864,1-10bn
1146724,SM,176855.0,20251231,1740173,1997695,1740173,BANKESB,204685,593455,1982,58789,90188,1614851,10000.0,90188_20251231,1,1,0.033783422682687296,0.03492238990031451,1-10bn
660552,SM,63552.0,20251231,1038470,1283954,1038470,MARTHAS VINEYARD BANK,91383,378706,0,11413,90190,1110411,1.0,90190_20251231,1,1,0.010990206746463548,0.010990206746463548,1-10bn
403636,SI,39304.0,20251231,606174,687524,606174,EAGLE BANK,54511,219070,0,40602,90191,545014,1.0,90191_20251231,1,1,0.06698076789832623,0.06698076789832623,<1bn
1705414,SI,0.0,20251231,2434755,2846896,2434755,BAYCOAST BANK,344480,828327,229312,38519,90196,2250314,0.0,90196_20251231,1,1,0.015820482964405042,0.11000326521559664,1-10bn
617600,SI,26816.0,20251231,782657,1039087,782657,CAPE ANN SAVINGS BANK,222248,165080,55237,51358,90203,720048,0.0,90203_20251231,1,1,0.06562006089513031,0.13619631588294745,1-10bn
775918,SI,115850.0,20251231,1137418,1469308,1137418,GREENFIELD SAVINGS BANK,199378,362216,0,25976,90206,1178299,50799.0,90206_20251231,1,1,0.022837690277452968,0.022837690277452968,1-10bn
578335,SI,107936.0,20251231,880195,1112593,880195,PENTUCKET BANK,139794,302324,0,18888,90208,888868,41270.0,90208_20251231,1,1,0.02145888127062753,0.02145888127062753,1-10bn
1668317,SI,0.0,20251231,2567067,4542678,2567067,HINGHAM INST FOR SVG,158570,905989,0,368880,90211,3899032,444447.0,90211_20251231,1,1,0.14369706750934041,0.14369706750934041,1-10bn
2678454,SI,357960.0,20251231,3613920,4479358,3613920,PEOPLESBANK,569083,937868,0,84670,90213,3491201,199997.0,90213_20251231,1,1,0.023428852879975207,0.023428852879975207,1-10bn
1343985,SI,170284.0,20251231,2207788,2832798,2207788,AVIDIA BANK,280617,876543,11459,145454,90215,2276848,0.0,90215_20251231,1,1,0.06588223144613523,0.07107249427934204,1-10bn
877814,SI,125358.0,20251231,1539298,1801657,1539298,LOWELL FIVE CENT SB,191050,606179,0,77681,90227,1416549,0.0,90227_20251231,1,1,0.050465212064200696,0.050465212064200696,1-10bn
204386,SM,23530.0,20251231,240663,305936,240663,WASHINGTON SAVINGS BANK,39495,36288,5104,9275,90229,238648,10171.0,90229_20251231,1,1,0.03853936832832633,0.059747447675795616,<1bn
185770,SM,0.0,20251231,234412,266718,234412,MARBLEHEAD BANK,14510,48661,0,30245,90234,209080,0.0,90234_20251231,1,1,0.12902496459225637,0.12902496459225637,<1bn
955215,SI,142139.0,20251231,1322610,1671068,1322610,MAIN STREET BANK,249702,369255,0,59739,90235,1287695,103693.0,90235_20251231,1,1,0.045167509696736,0.045167509696736,1-10bn
481502,SI,20959.0,20251231,652143,753682,652143,MONSON SAVINGS BANK,66915,170656,0,30888,90245,623063,0.0,90245_20251231,1,1,0.047363845046255196,0.047363845046255196,<1bn
2319356,SI,138111.0,20251231,3179286,5372290,3179286,INSTITUTION SVG NEWBURYPORT&,660761,867307,25306,171264,90250,4186537,246762.0,90250_20251231,1,1,0.05386869882105605,0.061828347622705226,1-10bn
779336,SI,153298.0,20251231,1311761,1586852,1311761,NEWBURYPORT FIVE CENTS SB,186477,533184,0,17774,90251,1310369,120981.0,90251_20251231,1,1,0.013549724378145105,0.013549724378145105,1-10bn
406581,SI,115871.0,20251231,780509,1050348,780509,MOUNTAINONE BANK,139269,384518,0,18952,90253,786408,121000.0,90253_20251231,1,1,0.024281590603055184,0.024281590603055184,1-10bn
330481,SM,49690.0,20251231,370617,442139,370617,NORTH BROOKFIELD SB,105981,40136,4339,16188,90258,293413,8517.0,90258_20251231,1,1,0.04367851447720963,0.055386018450313934,<1bn
1177048,SI,95147.0,20251231,1539744,1758578,1539744,NORTH EASTON SAVINGS BANK,258732,363118,21832,47442,90259,1325110,2.0,90259_20251231,1,1,0.030811615437371407,0.04499059583930835,1-10bn
344580,SI,1045.0,20251231,409566,467827,409566,SEAMENS BANK,77630,65068,7657,14343,90268,362165,0.0,90268_20251231,1,1,0.03501999677707622,0.05371539629754423,<1bn
990271,SM,80369.0,20251231,1417313,1819829,1417313,CORNERSTONE BANK,138373,427837,0,98123,90282,1447128,67061.0,90282_20251231,1,1,0.06923170816890835,0.06923170816890835,1-10bn
1459296,NM,333015.0,20251231,2143119,2735109,2143119,UNIBANK FOR SAVINGS,512228,684279,118016,40149,90290,2099545,113463.0,90290_20251231,1,1,0.01873391071611049,0.07380131481266322,1-10bn
557119,SI,47760.0,20251231,766352,873372,766352,SAVINGS BANK,178970,215170,26230,20602,90291,621720,46499.0,90291_20251231,1,1,0.026883207716558447,0.061110299183664944,<1bn
611299,SI,98374.0,20251231,992612,1300689,992612,WEBSTER FIVE CENTS SB,213726,387881,37194,25527,90297,985686,19965.0,90297_20251231,1,1,0.02571699717512986,0.06318783170060406,1-10bn
1665407,SB,327375.0,20251231,2363037,2734114,2363037,WESTFIELD BANK,365232,697875,5001,37541,90300,2163295,0.0,90300_20251231,1,1,0.015886759284767866,0.018003103633163594,1-10bn
1195260,SM,343744.0,20251231,2166046,2472672,2166046,SOUTH SHORE BANK,548029,971004,49482,197155,90303,1636836,393.0,90303_20251231,1,1,0.09102068931130733,0.11386507950431339,1-10bn
497193,SI,43364.0,20251231,752233,1004555,752233,WINCHESTER SAVINGS BANK,111209,257111,500,54785,90308,800357,29075.0,90308_20251231,1,1,0.07282982799212478,0.07349451566203556,1-10bn
357072,SI,20204.0,20251231,510452,571932,510452,BAY STATE SAVINGS BANK,44573,153381,0,29829,90311,465510,0.0,90311_20251231,1,1,0.058436444562858014,0.058436444562858014,<1bn
296048,SM,83347.0,20251231,349496,417550,349496,BANK OF LANDISBURG,108530,53679,0,20728,90384,269982,0.0,90384_20251231,1,1,0.059308261038752946,0.059308261038752946,<1bn
208013,NM,0.0,20251231,309858,376735,309858,5STAR BANK,19076,101909,4973,41033,91005,308982,0.0,91005_20251231,1,1,0.1324251754029265,0.14847446249572385,<1bn
212246,SM,33589.0,20251231,244524,268551,244524,BANK OF LITTLE ROCK,105454,36029,5010,7571,91280,128791,0.0,91280_20251231,1,1,0.030962195939866842,0.051450982316664215,<1bn
500,N,0.0,20251231,1516,397240,1516,CIBC NATIONAL TRUST CO,0,1017,0,189338,91325,0,0.0,91325_20251231,1,1,124.89313984168865,124.89313984168865,<1bn
