DEPINS,BKCLASS,SCMTGBK,REPDTE,DEPDOM,ASSET,DEP,NAME,SC,DEPUNINS,SCUST,CHBAL,CERT,LNLSNET,BRO,ID,INSFDIC,INSDIF,cash_ratio,treasury_ratio,size_bin
20712000,SM,41862000.0,20241231,202923000,348989000,266945000,STATE STREET BANK&TRUST CO,106233000,202356000,28555000,115581000,14,43201000,16888000.0,14_20241231,1,1,0.5695805798258453,0.710298980401433,>=100bn
537979,SM,155360.0,20241231,896825,976852,896825,AUBURNBANK,243012,359676,0,56154,35,557146,0.0,35_20241231,1,1,0.06261422239567363,0.06261422239567363,<1bn
287423,NM,13508.0,20241231,412206,466500,412206,ROBERTSON BANKING CO,100144,125235,4987,20219,39,321549,253.0,39_20241231,1,1,0.04905071735976672,0.06114903713191948,<1bn
143698,NM,17181.0,20241231,303329,309995,303329,PHENIX-GIRARD BANK,171613,159962,19203,51717,41,75881,0.0,41_20241231,1,1,0.1704980400818913,0.2338055378813104,<1bn
52585,NM,5747.0,20241231,68383,77436,68383,BANK OF EVERGREEN,33409,16068,1211,8072,49,30922,4088.0,49_20241231,1,1,0.1180410335902198,0.13575011333226095,<1bn
160633,NM,23317.0,20241231,192178,209453,192178,COMMUNITY SPIRIT BANK,42616,32653,0,22382,50,131254,0.0,50_20241231,1,1,0.11646494395820542,0.11646494395820542,<1bn
247595,NM,17128.0,20241231,302019,363582,302019,BANK OF VERNON,53344,56142,6065,64361,51,234855,373.0,51_20241231,1,1,0.21310248692963024,0.23318400497981914,<1bn
183720,NM,5687.0,20241231,229551,270958,229551,CITIZENS BANK OF WINFIELD,136341,47549,0,15226,52,89321,35554.0,52_20241231,1,1,0.06632948669358879,0.06632948669358879,<1bn
233046,NM,37073.0,20241231,335004,382173,335004,EXCHANGE BANK OF ALABAMA,114889,103165,0,19192,54,204826,0.0,54_20241231,1,1,0.057288868192618594,0.057288868192618594,<1bn
713297,NM,142224.0,20241231,1168170,1394003,1168170,UNITED BANK,265785,456012,0,156395,58,860875,0.0,58_20241231,1,1,0.1338803427583314,0.1338803427583314,1-10bn
67268,NM,12633.0,20241231,83654,93855,83654,PEOPLES EXCHANGE BANK,24406,16513,0,3896,70,54795,3225.0,70_20241231,1,1,0.04657278791211419,0.04657278791211419,<1bn
376058,SM,50362.0,20241231,601590,665959,601590,CENTRAL STATE BANK,94317,226003,26553,99162,72,433583,0.0,72_20241231,1,1,0.16483319204109112,0.20897122625043635,<1bn
101479,NM,0.0,20241231,168974,209643,168974,BANKSOUTH,35161,68367,19983,10597,77,161340,0.0,77_20241231,1,1,0.06271379028726314,0.1809745878064081,<1bn
103750,SM,1985.0,20241231,116766,149533,116766,WARREN BANK&TRUST CO,60133,13309,217,3597,81,81404,0.0,81_20241231,1,1,0.030805200143877498,0.03266361783395851,<1bn
707055,SM,104190.0,20241231,832733,965242,832733,GENERATIONS BANK,204503,127639,0,45257,88,657920,133640.0,88_20241231,1,1,0.05434755197644383,0.05434755197644383,<1bn
688770,SM,87031.0,20241231,1096448,1289197,1096448,SIGNATURE BANK OF ARKANSAS,133228,410718,19109,21999,89,1064977,89914.0,89_20241231,1,1,0.02006387899836563,0.037491974083586274,1-10bn
225152,SM,56192.0,20241231,338721,360120,338721,COMMERCIAL BANK&TRUST CO,111373,114355,0,6752,90,222383,7042.0,90_20241231,1,1,0.019933809831690387,0.019933809831690387,<1bn
41215,NM,0.0,20241231,53119,61937,53119,RIVERSIDE BANK,1592,13654,0,618,93,50687,5796.0,93_20241231,1,1,0.01163425516293605,0.01163425516293605,<1bn
122553,NM,134.0,20241231,149773,184236,149773,BANK OF DELIGHT,10614,27603,0,4342,99,154854,6284.0,99_20241231,1,1,0.028990539015710443,0.028990539015710443,<1bn
132478,SM,28035.0,20241231,162098,191079,162098,BANK OF CAVE CITY,38381,30069,0,3000,105,130854,1491.0,105_20241231,1,1,0.01850732273069378,0.01850732273069378,<1bn
32776,NM,5896.0,20241231,49542,52513,49542,MERCHANTS&PLANTERS BANK,25740,16866,4637,1407,107,18531,0.0,107_20241231,1,1,0.028400145331234104,0.12199749707319042,<1bn
243883,NM,934.0,20241231,274345,306833,274345,HORATIO STATE BANK,28254,30956,726,16353,109,251000,44293.0,109_20241231,1,1,0.05960742860267182,0.0622537316153019,<1bn
20461821,NM,1256471.0,20241231,31043072,38258852,31043072,BANK OZK,2836150,11213635,0,2781101,110,29503320,2611464.0,110_20241231,1,1,0.08958845954421006,0.08958845954421006,10-100bn
7801596,N,2538937.0,20241231,12248021,15167038,12248021,SEACOAST NATIONAL BANK,2875250,4459995,196,407270,131,10179172,293637.0,131_20241231,1,1,0.03325190249102283,0.03326790507625681,10-100bn
232096,NM,71464.0,20241231,313001,349465,313001,CENTURY BANK&TRUST,131142,81571,1437,17022,147,186412,6056.0,147_20241231,1,1,0.05438321283318583,0.05897425247842659,<1bn
271105,NM,49397.0,20241231,358946,399131,358946,BANK OF MADISON,77060,88325,0,6192,148,290883,3999.0,148_20241231,1,1,0.017250505647088975,0.017250505647088975,<1bn
83905,NM,20247.0,20241231,120876,133733,120876,BANK OF HAZLEHURST,48813,37119,286,34340,149,48238,0.0,149_20241231,1,1,0.2840927893047421,0.2864588503921374,<1bn
162744,NM,27868.0,20241231,220657,238000,220657,BANK OF ALAPAHA,64261,59808,993,37076,155,115730,0.0,155_20241231,1,1,0.16802548752135668,0.172525684659902,<1bn
266085,NM,48961.0,20241231,326801,394772,326801,EXCHANGE BANK,137950,61104,0,9187,160,233789,0.0,160_20241231,1,1,0.02811190908228555,0.02811190908228555,<1bn
271586,N,50507.0,20241231,317347,360645,317347,FIRST NB OF GRIFFIN,123852,45845,4926,68791,169,143984,0.0,169_20241231,1,1,0.21676902570372494,0.23229146643894538,<1bn
145223,NM,12815.0,20241231,179583,197399,179583,PEOPLES BANK OF GEORGIA,12815,34738,0,20554,170,155361,0.0,170_20241231,1,1,0.11445404074995963,0.11445404074995963,<1bn
1327916,NM,386305.0,20241231,1958565,2223345,1958565,UNITED BANK,649196,631507,92382,631192,172,885221,0.0,172_20241231,1,1,0.3222726843377677,0.36944089167324035,1-10bn
266661,NM,37610.0,20241231,398331,432837,398331,COMMERCIAL BANK,82624,131919,3378,17860,175,294304,0.0,175_20241231,1,1,0.04483708272768125,0.05331746713160663,<1bn
35138,NM,0.0,20241231,44095,50785,44095,TALBOT STATE BANK,13028,9013,4092,4859,178,31472,8658.0,178_20241231,1,1,0.11019389953509469,0.20299353668216352,<1bn
89319,NM,26393.0,20241231,121391,134754,121391,MERCHANTS&CITIZENS BANK,70420,32284,1987,9048,183,43204,0.0,183_20241231,1,1,0.07453600349284543,0.09090459754018008,<1bn
319462,NM,41536.0,20241231,382673,427779,382673,ALLIANCE BANK,110292,63817,0,7936,197,282975,32616.0,197_20241231,1,1,0.020738332727942656,0.020738332727942656,<1bn
160230,NM,24713.0,20241231,234114,291855,234114,TRI-COUNTY BANK&TRUST CO,56033,74189,0,7435,210,214622,0.0,210_20241231,1,1,0.03175803241156018,0.03175803241156018,<1bn
390708,SM,46986.0,20241231,511618,576639,511618,WASHINGTON STATE BANK,190962,121835,0,27796,214,318035,102635.0,214_20241231,1,1,0.05432959747311471,0.05432959747311471,<1bn
120736,NM,36857.0,20241231,198473,272239,198473,GUTHRIE COUNTY STATE BANK,106666,78109,4746,6225,226,144500,22828.0,226_20241231,1,1,0.03136446771097328,0.055277040201941824,<1bn
725577,NM,17.0,20241231,1245966,1484768,1245966,AMERICAN STATE BANK,40463,524500,14078,90739,228,1306739,151937.0,228_20241231,1,1,0.07282622479265084,0.0841250884855606,1-10bn
205006,NM,19313.0,20241231,278840,328394,278840,COMMUNITY STATE BANK,142926,74621,467,8522,230,163783,12903.0,230_20241231,1,1,0.030562329651412996,0.03223712523310859,<1bn
201835,SM,4550.0,20241231,269063,318777,269063,COMMERCIAL SAVINGS BANK,47886,69505,32332,26800,231,235948,12313.0,231_20241231,1,1,0.09960492524055704,0.21977009101957534,<1bn
64582,NM,0.0,20241231,92621,128272,92621,SOLON STATE BANK,42016,28183,0,1515,232,79405,0.0,232_20241231,1,1,0.016356981678021184,0.016356981678021184,<1bn
66850,NM,0.0,20241231,87438,119491,87438,POCAHONTAS STATE BANK,72554,21136,500,1739,234,37177,0.0,234_20241231,1,1,0.01988837805073309,0.02560671561563622,<1bn
223500,NM,0.0,20241231,302494,433512,302494,SECURITY STATE BANK,5127,79531,4023,7658,235,391090,10429.0,235_20241231,1,1,0.02531620461893459,0.038615641963146374,<1bn
279113,NM,28015.0,20241231,404589,448959,404589,RACCOON VALLEY BANK,61281,128727,5300,36381,245,334263,18251.0,245_20241231,1,1,0.08992088267352795,0.103020596209981,<1bn
156065,NM,0.0,20241231,189305,252663,189305,STATE SAVINGS BANK,315,33550,0,18068,248,223953,1039.0,248_20241231,1,1,0.09544386043686115,0.09544386043686115,<1bn
44816,NM,8694.0,20241231,54647,64205,54647,FIRST SECURITY BANK,16506,9972,249,1431,251,40063,0.0,251_20241231,1,1,0.02618624993137775,0.03074276721503468,<1bn
158019,SM,22059.0,20241231,246372,291448,246372,PINNACLE BANK,54155,88949,0,9276,252,205409,47095.0,252_20241231,1,1,0.03765038234864351,0.03765038234864351,<1bn
1701793,NM,796.0,20241231,1785330,2087762,1785330,LUANA SAVINGS BANK,331512,91452,0,60120,253,1633268,687557.0,253_20241231,1,1,0.03367444674093865,0.03367444674093865,1-10bn
163179,NM,0.0,20241231,257925,287939,257925,FIRST WHITNEY BANK&TRUST,103753,95332,0,16999,254,160320,0.0,254_20241231,1,1,0.06590675583987593,0.06590675583987593,<1bn
3887355,NM,767449.0,20241231,7168882,8860929,7168882,STOCK YARDS BANK&TRUST CO,1360286,3282241,352057,288509,258,6439745,370.0,258_20241231,1,1,0.04024462949731911,0.08935368164798918,1-10bn
170835,NM,13742.0,20241231,219266,246317,219266,CITIZENS BANK,19299,48701,963,16806,262,196209,0.0,262_20241231,1,1,0.07664663012049291,0.0810385559092609,<1bn
172251,NM,9202.0,20241231,259253,304359,259253,KENTUCKY FARMERS BANK CORP,104195,87231,9814,30690,267,153400,0.0,267_20241231,1,1,0.11837857228267368,0.15623348620845276,<1bn
290500,NM,29336.0,20241231,323003,387042,323003,MORGANTOWN BANK&TRUST CO INC,65898,33458,5886,11058,275,289954,10248.0,275_20241231,1,1,0.03423497614573239,0.05245771711098658,<1bn
114564,NM,11633.0,20241231,134392,144822,134392,HYDEN CITIZENS BANK,49095,20007,0,4662,281,82840,7557.0,281_20241231,1,1,0.0346895648550509,0.0346895648550509,<1bn
98649,NM,11714.0,20241231,120689,139356,120689,AUBURN BANKING CO,16892,22342,0,5590,284,106401,4000.0,284_20241231,1,1,0.04631739429442617,0.04631739429442617,<1bn
1079919,SM,83887.0,20241231,1311569,1449113,1311569,COMMUNITY FINL SERVICES BK,290906,232865,0,88820,287,955784,310881.0,287_20241231,1,1,0.0677204173017203,0.0677204173017203,1-10bn
47192,NM,6874.0,20241231,56878,66104,56878,FARMERS&TRADERS BK CAMPTON,25103,9785,0,1437,288,36600,4500.0,288_20241231,1,1,0.025264601427617005,0.025264601427617005,<1bn
174198,NM,32986.0,20241231,210772,258559,210772,BANK OF HINDMAN,114724,36883,0,9150,289,118062,4226.0,289_20241231,1,1,0.04341183838460517,0.04341183838460517,<1bn
87602,NM,88.0,20241231,114953,173672,114953,JACKSON COUNTY BANK,72850,27458,36487,26060,291,71938,0.0,291_20241231,1,1,0.22670134750724208,0.5441093316398876,<1bn
628784,SM,80.0,20241231,926546,1153231,926546,MONTICELLO BANKING CO,234386,299094,0,22520,292,819486,38492.0,292_20241231,1,1,0.024305323211151957,0.024305323211151957,1-10bn
210189,NM,0.0,20241231,244031,280032,244031,BANK OF EDMONSON COUNTY,64342,34080,0,6899,296,194566,0.0,296_20241231,1,1,0.02827099835676615,0.02827099835676615,<1bn
138470,SM,23021.0,20241231,163456,198223,163456,LEWISBURG BANKING CO,39322,25141,0,12754,297,135334,0.0,297_20241231,1,1,0.07802711433046201,0.07802711433046201,<1bn
277675,NM,2305.0,20241231,367432,424425,367432,UNITED CUMBERLAND BANK,75539,90410,0,29558,303,300633,5000.0,303_20241231,1,1,0.08044481700015241,0.08044481700015241,<1bn
44776,NM,3301.0,20241231,57999,68949,57999,CLINTON BANK,19455,13354,949,2226,304,41532,4626.0,304_20241231,1,1,0.03837997206848394,0.054742323143502476,<1bn
254706,NM,38007.0,20241231,358138,394087,358138,BANK OF ZACHARY,107101,104196,472,7633,306,254165,0.0,306_20241231,1,1,0.02131301341940816,0.022630941145591922,<1bn
140620,NM,10914.0,20241231,197253,215672,197253,LANDMARK BANK,39601,57402,14979,11310,307,147796,378.0,307_20241231,1,1,0.05733753098812185,0.13327553953552038,<1bn
40322,NM,8704.0,20241231,45202,49957,45202,MER ROUGE STATE BANK,14073,4950,0,12021,314,22001,0.0,314_20241231,1,1,0.2659395601964515,0.2659395601964515,<1bn
87723,NM,6158.0,20241231,129054,145725,129054,HOLMES COUNTY BANK,54539,41526,1943,8031,321,56196,0.0,321_20241231,1,1,0.06222976428471803,0.0772854773970586,<1bn
343514,NM,39703.0,20241231,408892,469274,408892,CITIZENS BANK,70471,66204,1858,74804,324,299089,0.0,324_20241231,1,1,0.18294317325846435,0.1874871604237794,<1bn
117132,NM,43515.0,20241231,200414,233150,200414,MERCHANTS&PLANTERS BANK,65006,84677,0,62207,327,93701,0.0,327_20241231,1,1,0.3103924875507699,0.3103924875507699,<1bn
333067,NM,72278.0,20241231,720988,831396,720988,PEOPLES BANK BILOXI MS,431804,387999,157023,107744,340,230594,0.0,340_20241231,1,1,0.1494393804057765,0.3672280259865629,<1bn
556471,SM,117095.0,20241231,628691,725698,628691,FARMERS STATE BANK,192261,74229,0,26873,342,461310,0.0,342_20241231,1,1,0.04274436885528821,0.04274436885528821,<1bn
91752,NM,15501.0,20241231,145015,162495,145015,BANK OF BAKER,27120,53403,2926,35098,352,83656,0.0,352_20241231,1,1,0.24203013481363997,0.26220735785953175,<1bn
36619,SM,0.0,20241231,40210,43664,40210,STOCKMENS BANK,6841,3656,3407,19194,358,11221,0.0,358_20241231,1,1,0.4773439442924646,0.5620741109176822,<1bn
304656,SM,151184.0,20241231,427508,565711,427508,FIRST MONTANA BANK INC,170894,122984,4694,25756,363,333341,0.0,363_20241231,1,1,0.060246825790394566,0.07122673727743106,<1bn
778574,SM,94202.0,20241231,1278465,1488169,1278465,OHIO VALLEY BANK CO,275169,504903,168029,83077,384,1039429,64524.0,384_20241231,1,1,0.06498183368336247,0.19641210357733688,1-10bn
44359,NM,4423.0,20241231,51178,56474,51178,PEOPLES BANK,19366,6887,3151,1407,389,32341,0.0,389_20241231,1,1,0.027492281839853062,0.08906170620188363,<1bn
24113,NM,0.0,20241231,26687,31037,26687,FIRST SUMMIT BANK,20,2595,0,4146,399,17540,0.0,399_20241231,1,1,0.15535654063776372,0.15535654063776372,<1bn
210153,NM,34944.0,20241231,269215,304231,269215,SOONER STATE BANK,85370,59201,12832,10637,402,189587,0.0,402_20241231,1,1,0.03951117136860873,0.08717567743253533,<1bn
159152,SM,17682.0,20241231,176223,184836,176223,FARMERS STATE BANK,48685,17351,1814,6442,404,116455,8023.0,404_20241231,1,1,0.03655595467107018,0.046849730171430515,<1bn
81221,NM,841.0,20241231,93245,109454,93245,CLEO STATE BANK,39974,12186,23565,10185,406,56780,0.0,406_20241231,1,1,0.10922837685666792,0.3619497023969114,<1bn
149496,NM,44237.0,20241231,240054,291587,240054,STOCK EXCHANGE BANK,119307,91237,38420,22173,414,124851,0.0,414_20241231,1,1,0.09236671748856508,0.25241404017429414,<1bn
123762,NM,330.0,20241231,160760,185184,160760,HIGH PLAINS BANK,9390,37521,0,19653,418,146535,10478.0,418_20241231,1,1,0.1222505598407564,0.1222505598407564,<1bn
25435,NM,1831.0,20241231,31753,34937,31753,BANK OF VICI,7436,6378,0,953,420,18103,0.0,420_20241231,1,1,0.03001291216577961,0.03001291216577961,<1bn
162157,NM,37473.0,20241231,235338,262167,235338,SECURITY STATE BANK,78919,73899,0,10573,421,154126,29603.0,421_20241231,1,1,0.044926871138532665,0.044926871138532665,<1bn
62076,NM,3001.0,20241231,77391,90525,77391,AMERICAN EXCHANGE BANK,5390,15497,0,4910,428,73853,0.0,428_20241231,1,1,0.0634440697238697,0.0634440697238697,<1bn
72430,N,0.0,20241231,121823,136386,121823,SECURITY FIRST NB OF HUGO,11025,49804,11025,11931,432,104874,0.0,432_20241231,1,1,0.09793717114173843,0.18843732300140367,<1bn
376928,NM,59397.0,20241231,510606,581168,510606,PS BANK,120933,134387,12453,48990,444,379388,25000.0,444_20241231,1,1,0.09594481850977074,0.12033348609299538,<1bn
400830,NM,79848.0,20241231,491664,583970,491664,MERCER COUNTY STATE BANK,148165,91293,0,8289,445,386374,0.0,445_20241231,1,1,0.01685907448989554,0.01685907448989554,<1bn
197902,NM,36882.0,20241231,256707,344300,256707,SECURITY BANK MIDWEST,87858,59628,496,4471,485,230900,56138.0,485_20241231,1,1,0.017416743602628678,0.01934890750933944,<1bn
46866,NM,0.0,20241231,68791,76131,68791,WESTERN DAKOTA BANK,5268,22056,3426,42751,492,24780,0.0,492_20241231,1,1,0.6214621098690236,0.6712651364277303,<1bn
191100,NM,20137.0,20241231,263626,328522,263626,BANKSTAR FINANCIAL,35921,73695,0,20405,496,253805,3989.0,496_20241231,1,1,0.07740131853459067,0.07740131853459067,<1bn
100139,NM,17293.0,20241231,138697,160400,138697,FARMERS&MERCHANTS STATE BANK,22405,39056,241,6479,501,121705,19671.0,501_20241231,1,1,0.04671333914936877,0.04845093981845317,<1bn
93500,NM,14027.0,20241231,121799,148393,121799,GREAT PLAINS BANK,36035,28920,0,3736,505,104041,0.0,505_20241231,1,1,0.030673486646031575,0.030673486646031575,<1bn
22941,SM,0.0,20241231,26087,29633,26087,FARMERS STATE BANK,15,3162,0,12752,526,16293,0.0,526_20241231,1,1,0.4888258519569134,0.4888258519569134,<1bn
123670,NM,0.0,20241231,189795,207787,189795,CENTRAL BANK&TRUST,80407,66259,38201,13966,529,109802,0.0,529_20241231,1,1,0.07358465713006138,0.2748597170631471,<1bn
88208279,SM,21233744.0,20241231,165388223,207556263,165412981,MANUFACTURERS&TRADERS TR CO,33197561,79739536,8931833,20720658,588,133453813,10814829.0,588_20241231,1,1,0.12528496663272087,0.17929022068276287,>=100bn
1752191,SM,365934.0,20241231,2400921,2775430,2400921,CHEMUNG CANAL TRUST CO,534896,652303,56907,47035,597,2050031,92159.0,597_20241231,1,1,0.019590398851107554,0.043292553149395584,1-10bn
3988991,NM,699615.0,20241231,6510624,8069333,6510624,TOMPKINS COMMUNITY BANK,1544763,2524571,157546,134243,609,5963426,0.0,609_20241231,1,1,0.02061906815690785,0.04481736312832687,1-10bn
184739,SM,2722.0,20241231,245091,277527,245091,BANK OF MILLBROOK,105746,60483,12840,31951,618,121579,0.0,618_20241231,1,1,0.1303638240490267,0.1827525286526229,<1bn
3527191,NM,969573.0,20241231,7232975,8259701,7232975,AMALGAMATED BANK,3215263,3707817,200,63459,622,4650431,548441.0,622_20241231,1,1,0.008773568275847767,0.00880121941524753,1-10bn
1069000,SM,0.0,20241231,27421000,39780000,27421000,DEUTSCHE BANK TR CO AMERICAS,384000,26690000,384000,15633000,623,15134000,663000.0,623_20241231,1,1,0.5701104992523978,0.5841143649028118,10-100bn
938629000,N,215438000.0,20241231,2042646000,3459261000,2516998000,JPMORGAN CHASE BANK NA,681717000,1151030000,343123000,471398000,628,1335559000,63085000.0,628_20241231,1,1,0.2307781181859216,0.3987577876930217,>=100bn
16650000,SM,54412000.0,20241231,194168000,335955000,291378000,BANK OF NEW YORK MELLON,136383000,189813000,25137000,100027000,639,36812000,5437000.0,639_20241231,1,1,0.5151569774628157,0.644617032672737,>=100bn
3443656,SM,956391.0,20241231,5155241,6080731,5155241,FIVE STAR BANK,1027106,1927716,0,80936,659,4433456,80852.0,659_20241231,1,1,0.015699750991272764,0.015699750991272764,1-10bn
870575,SM,24755.0,20241231,1520026,1714346,1520026,ADIRONDACK TRUST CO,412783,661708,340523,197859,660,974653,0.0,660_20241231,1,1,0.13016816817607066,0.35419262565245596,1-10bn
941597,NM,120753.0,20241231,1293267,1592800,1293267,JOURNEY BANK,321822,353199,0,17365,686,1117770,0.0,686_20241231,1,1,0.01342723505664337,0.01342723505664337,1-10bn
1177540,NM,272580.0,20241231,1861387,2318752,1861387,WAYNE BANK,397846,698357,19597,72338,698,1693869,20000.0,698_20241231,1,1,0.03886241818600861,0.049390588845844526,1-10bn
3388592,SM,517625.0,20241231,4639692,5441746,4639692,ORRSTOWN BANK,829517,1253315,18063,248874,713,3889139,8101.0,713_20241231,1,1,0.053640198530419694,0.05753334488582432,1-10bn
165858,SM,318.0,20241231,235830,256282,235830,APPLE CREEK BANKING CO,26465,70049,0,13465,737,205890,1.0,737_20241231,1,1,0.057096213374040625,0.057096213374040625,<1bn
493326,SM,108872.0,20241231,678651,757664,678651,MINSTER BANK,232280,186454,14232,115652,763,373424,0.0,763_20241231,1,1,0.1704145429683298,0.19138555752514916,<1bn
359954,NM,21203.0,20241231,418097,457599,418097,FARMERS BANK&SAVINGS CO,116827,58570,25515,16455,769,293058,0.0,769_20241231,1,1,0.039356895648617427,0.10038340385125939,<1bn
9932585,NM,1858026.0,20241231,14456604,18649074,14456604,WESBANCO BANK INC,3401368,4619799,146114,566532,803,12539541,200565.0,803_20241231,1,1,0.03918845670808995,0.04929553303113235,10-100bn
367005,SM,77519.0,20241231,472541,552521,472541,CITIZENS BANK&TRUST CO,224649,106905,60569,6842,823,266442,0.0,823_20241231,1,1,0.014479166887106092,0.1426564044178177,<1bn
232049,SM,7599.0,20241231,261865,351232,261865,BANK OF ROMNEY,53209,30007,2265,9132,845,261028,14423.0,845_20241231,1,1,0.03487293070857121,0.04352242567735284,<1bn
58313,SM,5597.0,20241231,67875,75050,67875,PLEASANTS COUNTY BANK,18173,9666,1372,8657,847,39586,0.0,847_20241231,1,1,0.12754327808471455,0.14775690607734807,<1bn
76085,NM,18364.0,20241231,113432,125965,113432,MERCHANTS&FARMERS BK GREENE,30224,42415,0,7875,855,71496,9372.0,855_20241231,1,1,0.06942485365681642,0.06942485365681642,<1bn
233734,NM,13750.0,20241231,320215,376950,320215,STATE BANK&TRUST,154861,87386,0,11052,861,186964,37617.0,861_20241231,1,1,0.03451431069750012,0.03451431069750012,<1bn
173675,NM,0.0,20241231,220053,268536,220053,STATE BANK OF COCHRAN,40067,47219,6923,65587,872,152609,0.0,872_20241231,1,1,0.2980509240955588,0.3295115267685512,<1bn
25823053,SM,7796710.0,20241231,52005192,60119623,52005192,SYNOVUS BANK,10147507,26402870,1212742,2919033,873,42212294,4875230.0,873_20241231,1,1,0.05612964567076303,0.07944927883354416,10-100bn
96209,NM,14918.0,20241231,130563,159541,130563,BANK OF DAWSON,32904,35556,0,10489,876,94817,3500.0,876_20241231,1,1,0.08033669569479868,0.08033669569479868,<1bn
125584,NM,7811.0,20241231,166497,195454,166497,MAGNOLIA STATE BANK,62909,41464,20405,26980,877,101113,0.0,877_20241231,1,1,0.16204496177108296,0.28459972251752286,<1bn
122105,NM,5521.0,20241231,163464,184656,163464,FARMERS STATE BANK,39631,41430,0,59041,879,80124,0.0,879_20241231,1,1,0.36118656095531737,0.36118656095531737,<1bn
158941,NM,1835.0,20241231,206498,228651,206498,GEORGIA FIRST BANK,4547,48479,2212,40855,889,171805,0.0,889_20241231,1,1,0.19784695251285728,0.20855892066751253,<1bn
511099,NM,13460.0,20241231,680332,786117,680332,CITIZENS BANK,310872,174418,0,21829,893,429361,0.0,893_20241231,1,1,0.03208580516571321,0.03208580516571321,<1bn
175018,NM,32230.0,20241231,222581,256788,222581,BANK OF FOREST,82245,49527,0,10342,898,149582,0.0,898_20241231,1,1,0.046463983897996684,0.046463983897996684,<1bn
59880,NM,19021.0,20241231,78615,89047,78615,GERBER STATE BANK,42549,18882,2888,1812,899,42980,0.0,899_20241231,1,1,0.02304903644342683,0.0597850283024868,<1bn
253363,NM,48609.0,20241231,333313,362791,333313,BYRON BANK,106664,80547,6131,18638,902,230062,0.0,902_20241231,1,1,0.05591741096206869,0.07431153300351322,<1bn
270066,NM,20028.0,20241231,1243586,1427519,1243586,AMALGAMATED BANK OF CHICAGO,154512,974130,46877,462346,903,748856,0.0,903_20241231,1,1,0.37178450062963075,0.40947952131979615,1-10bn
12687556,SM,14012439.0,20241231,48645965,154947706,124949239,NORTHERN TRUST CO,50981993,36730706,7367491,45727786,913,43222566,0.0,913_20241231,1,1,0.9400119002675762,1.0914631254616904,>=100bn
81160,SM,3590.0,20241231,96155,110905,96155,STATE BANK OF GENEVA,22776,15066,2264,14461,925,69506,0.0,925_20241231,1,1,0.15039259528885654,0.17393791274504705,<1bn
387674,N,9754.0,20241231,516256,570814,516256,PEOPLES NB OF KEWANEE,322097,130106,0,52138,926,172354,0.0,926_20241231,1,1,0.100992530837414,0.100992530837414,<1bn
40145,NM,2571.0,20241231,52686,56688,52686,CITIZENS STB OF MILFORD,18287,12594,0,9554,931,22863,0.0,931_20241231,1,1,0.181338495995141,0.181338495995141,<1bn
235040,NM,75616.0,20241231,355490,467480,355490,IOWA STATE BANK,137503,120997,0,12249,950,284432,20115.0,950_20241231,1,1,0.034456665447691916,0.034456665447691916,<1bn
187447,NM,4864.0,20241231,210490,260666,210490,CHEROKEE STATE BANK,71134,23696,7323,3987,951,170778,11500.0,951_20241231,1,1,0.01894151741175353,0.05373176873010594,<1bn
2726604,NM,529898.0,20241231,5813674,7173068,5813674,BANKERS TRUST CO,1033108,3104242,91139,114301,953,5614157,484896.0,953_20241231,1,1,0.019660717129993874,0.03533737873847072,1-10bn
175699,SM,4182.0,20241231,210873,273163,210873,FNB BANK,44499,35904,9172,6015,954,209652,0.0,954_20241231,1,1,0.0285242776457868,0.07201965163866403,<1bn
259069,SM,7692.0,20241231,408955,488603,408955,CONNECTION BANK,14847,150440,0,6622,955,436095,0.0,955_20241231,1,1,0.01619249061632698,0.01619249061632698,<1bn
211964,SM,11188.0,20241231,281105,316322,281105,GLENWOOD STATE BANK,130215,69453,48082,28281,956,153945,0.0,956_20241231,1,1,0.10060653492467228,0.27165294107184146,<1bn
1667654,NM,352556.0,20241231,1891046,2407498,1891046,UNITED BANK OF IOWA,642888,232376,18842,71674,958,1554353,76524.0,958_20241231,1,1,0.03790177499648343,0.047865572809968664,1-10bn
187222,SM,0.0,20241231,246396,290858,246396,HOME TRUST&SAVINGS BANK,77652,60581,4600,10057,963,198969,0.0,963_20241231,1,1,0.04081640935729476,0.05948554359648696,<1bn
36050,NM,4433.0,20241231,44440,59786,44440,HOME STATE BANK,22736,8552,0,2669,966,33592,0.0,966_20241231,1,1,0.06005850585058506,0.06005850585058506,<1bn
167865,SM,43838.0,20241231,249046,271261,249046,SECURITY TRUST&SAVINGS BANK,104501,81550,29857,80516,968,79098,0.0,968_20241231,1,1,0.32329770403861136,0.4431831870417513,<1bn
111108,SM,0.0,20241231,131106,156098,131106,TEMPLETON SAVINGS BANK,32867,20501,8290,15862,969,102066,1.0,969_20241231,1,1,0.12098607233841319,0.18421735084588042,<1bn
93859,SM,7672.0,20241231,107764,115383,107764,BLISSFIELD STATE BANK,45375,13955,0,4085,976,52662,0.0,976_20241231,1,1,0.037906907687168256,0.037906907687168256,<1bn
418239,SM,10448.0,20241231,498741,577704,498741,TRI-COUNTY BANK,115400,81035,40625,6549,977,427604,0.0,977_20241231,1,1,0.013131064019200346,0.09458616797095086,<1bn
340266,SM,73171.0,20241231,471146,520797,471146,EASTERN MICHIGAN BANK,249413,130937,55300,28798,982,217258,0.0,982_20241231,1,1,0.06112330360440288,0.17849668680196798,<1bn
34166000,SM,12650000.0,20241231,64863000,79332000,65201000,COMERICA BANK,15054000,33387000,1240000,6875000,983,50068000,5269000.0,983_20241231,1,1,0.1059926306214637,0.12510984690809862,10-100bn
76817,SM,7234.0,20241231,98088,107323,98088,G W JONES EXCHANGE BANK,44728,21359,19877,36085,999,24919,0.0,999_20241231,1,1,0.3678839409509828,0.5705285050159041,<1bn
1137385,SM,60557.0,20241231,1782102,2037860,1782102,ISABELLA BANK,489029,645764,220572,24480,1005,1410918,0.0,1005_20241231,1,1,0.013736587468057384,0.13750728072803914,1-10bn
79591,SM,1953.0,20241231,115810,132121,115810,BANK MICHIGAN,9224,36352,5982,14030,1008,102784,15041.0,1008_20241231,1,1,0.12114670581124255,0.1728002763146533,<1bn
1419729,SM,285875.0,20241231,2251832,2720381,2251832,CHOICEONE BANK,879037,833156,80502,96689,1014,1536376,36511.0,1014_20241231,1,1,0.042937927873837836,0.0786874864554727,1-10bn
207251,N,41551.0,20241231,278498,326615,278498,CLARE BANK NATIONAL ASSN,153443,71786,25715,6127,1022,156244,0.0,1022_20241231,1,1,0.022000157990362586,0.11433475285280326,<1bn
300681,SM,5514.0,20241231,391101,429690,391101,FARMERS BANK&TRUST CO,9306,91597,0,37611,1027,338232,32617.0,1027_20241231,1,1,0.09616697477122278,0.09616697477122278,<1bn
181767,SM,33108.0,20241231,222389,253073,222389,FBT BANK&MORTGAGE,69521,41416,0,27964,1028,146922,10000.0,1028_20241231,1,1,0.1257436294061307,0.1257436294061307,<1bn
4765296,SM,948068.0,20241231,6202564,7496784,6202564,MIDLAND STATES BANK,1212366,1466590,0,114055,1040,5401317,473451.0,1040_20241231,1,1,0.018388363263966322,0.018388363263966322,1-10bn
391299,NM,37295.0,20241231,498021,579714,498021,BANK&TRUST CO,156783,107821,41354,23042,1047,380256,0.0,1047_20241231,1,1,0.04626712528186563,0.12930378437857037,<1bn
170755,N,52655.0,20241231,200823,258163,200823,FIRST NB OF STEELEVILLE,114892,30428,14064,2715,1049,115312,514.0,1049_20241231,1,1,0.01351936780149684,0.08355118686604622,<1bn
1709232,SM,71229.0,20241231,2345073,2815493,2345073,MIDWEST BANKCENTRE,287108,639916,22750,94950,1058,2236450,43399.0,1058_20241231,1,1,0.04048914468760674,0.05019033522623816,1-10bn
765217,NM,11222.0,20241231,1147103,1260354,1147103,WOOD&HUSTON BANK,160280,385816,19882,129321,1060,919036,21796.0,1060_20241231,1,1,0.11273704279389035,0.13006940091691854,1-10bn
365998,SM,45606.0,20241231,1230503,1434577,1230503,CASS COMMERCIAL BANK,99599,865171,0,303495,1068,1014754,0.0,1068_20241231,1,1,0.2466430394724759,0.2466430394724759,1-10bn
567613,SM,333263.0,20241231,673642,902043,673642,LINDELL BANK&TRUST CO,333263,116808,0,13250,1073,500565,0.0,1073_20241231,1,1,0.019669201148384455,0.019669201148384455,<1bn
184891,SM,0.0,20241231,256986,337447,256986,BANK OF VERSAILLES,0,72368,0,35575,1086,295630,0.0,1086_20241231,1,1,0.13843166553820052,0.13843166553820052,<1bn
194168,NM,580.0,20241231,273225,330271,273225,UPPER PENINSULA STATE BANK,32393,80022,4882,13917,1090,257991,26261.0,1090_20241231,1,1,0.050936041723853964,0.06880409918565285,<1bn
123915,NM,1633.0,20241231,141014,159508,141014,BAYBANK,23570,17217,0,9200,1092,118981,0.0,1092_20241231,1,1,0.065241749046194,0.065241749046194,<1bn
256825,SM,36250.0,20241231,422287,456753,422287,CENTRAL SAVINGS BANK,117224,165582,5958,64682,1095,253524,19975.0,1095_20241231,1,1,0.15317071091461495,0.16727959894574068,<1bn
63108,SM,18846.0,20241231,76724,81818,76724,ROOT RIVER STATE BANK,39000,13739,2327,5414,1098,30522,0.0,1098_20241231,1,1,0.07056462123976852,0.10089411396694646,<1bn
286035,SM,43021.0,20241231,348995,389389,348995,PEOPLES STB OF PLAINVIEW,91375,63687,11754,25979,1100,256527,0.0,1100_20241231,1,1,0.07443946188340807,0.10811902749323056,<1bn
15148436,SM,5182966.0,20241231,23289006,29065552,23289006,FIRST INTERSTATE BANK,7744560,8161599,326554,896468,1105,17641684,0.0,1105_20241231,1,1,0.03849318429476981,0.05251499355532821,10-100bn
1031202,NM,192127.0,20241231,1695494,1902100,1695494,AMERICAN BANK&TRUST,246551,672961,0,136508,1117,1416195,0.0,1117_20241231,1,1,0.08051222829452655,0.08051222829452655,1-10bn
102101,SM,2564.0,20241231,121677,137148,121677,CITIZENS STB OF ARLINGTON,46366,19945,2890,10324,1118,77264,15580.0,1118_20241231,1,1,0.0848475882870222,0.10859899570173492,<1bn
428842,NM,83980.0,20241231,595153,650553,595153,FIRST FIDELITY BANK,197485,172937,1990,22820,1122,375893,0.0,1122_20241231,1,1,0.038343081526935094,0.04168675953914371,<1bn
125026,SM,18547.0,20241231,171680,209407,171680,MERCHANTS STATE BANK,54341,47091,0,1733,1125,141841,6967.0,1125_20241231,1,1,0.010094361602982292,0.010094361602982292,<1bn
140661,SM,0.0,20241231,197665,242810,197665,COLORADO B&T CO OF LA JUNTA,40479,57247,40479,12895,1141,176668,0.0,1141_20241231,1,1,0.06523663774568082,0.2700225128373764,<1bn
307447,SM,61087.0,20241231,458171,523664,458171,PEOPLES BANK,218906,151942,28005,15076,1147,266759,24980.0,1147_20241231,1,1,0.03290474517156258,0.09402821217405728,<1bn
59479,NM,10527.0,20241231,120222,148254,120222,FIDELITY STATE BANK&TRUST CO,46872,60803,30362,32116,1150,66970,0.0,1150_20241231,1,1,0.26713912595032524,0.5196885761341519,<1bn
70050,SM,8465.0,20241231,90300,116446,90300,WAHOO STATE BANK,15763,20426,0,3528,1163,85713,467.0,1163_20241231,1,1,0.03906976744186046,0.03906976744186046,<1bn
486224,NM,321824.0,20241231,706077,792010,706077,CITIZENS BANK,379192,220208,2831,57953,1164,305620,0.0,1164_20241231,1,1,0.08207745047636447,0.08608692819621656,<1bn
83925,NM,45188.0,20241231,115553,135425,115553,FIRST BANK OF OKARCHE,49959,31913,1482,32277,1165,48839,0.0,1165_20241231,1,1,0.27932636971779184,0.2921516533538723,<1bn
142009,SM,85741.0,20241231,198336,213493,198336,UINTA BANK,121868,56628,0,3592,1167,72634,68512.0,1167_20241231,1,1,0.018110680864795094,0.018110680864795094,<1bn
182440,SM,33955.0,20241231,254633,292536,254633,SUNDANCE STATE BANK,61533,72473,4749,71713,1169,146023,0.0,1169_20241231,1,1,0.2816327812970039,0.30028315261572536,<1bn
371724,SM,72093.0,20241231,492260,537858,492260,BANK&TRUST SSB,127914,121420,13649,28378,1184,352338,0.0,1184_20241231,1,1,0.05764839718847763,0.08537561451265592,<1bn
194771,NM,0.0,20241231,262167,290921,262167,ARROWHEAD BANK,84465,67779,1986,22197,1198,179302,0.0,1198_20241231,1,1,0.08466740665301124,0.09224273077847327,<1bn
1820652,N,411039.0,20241231,2693919,3112902,2693919,GUARANTY BANK&TRUST N A,675036,879588,73546,51214,1208,2102708,0.0,1208_20241231,1,1,0.01901096506613599,0.04631171167358781,1-10bn
879927,N,51929.0,20241231,1349261,1489423,1349261,COMMERCIAL BANK OF TEXAS NA,311549,473320,122106,128667,1209,983348,0.0,1209_20241231,1,1,0.0953610902560735,0.1858595186550267,1-10bn
1218362,SM,36783.0,20241231,2296851,2598936,2296851,VISTA BANK,147956,1080116,19870,436801,1210,1922941,111594.0,1210_20241231,1,1,0.19017385106826695,0.19882482581586702,1-10bn
1079076,SI,25385.0,20241231,1380650,2280636,1380650,CORNERSTONE CAPITAL BANK SSB,105448,303718,45152,542610,1213,1392033,275837.0,1213_20241231,1,1,0.3930105385144678,0.4257139753014884,1-10bn
122868,NM,0.0,20241231,154094,175472,154094,FIRST STATE BANK,8690,32029,2963,8837,1218,152988,42714.0,1218_20241231,1,1,0.05734811219125988,0.07657663504094903,<1bn
389536,SM,114847.0,20241231,545028,592480,545028,WELLINGTON STATE BANK,178551,158131,2953,21994,1219,352420,0.0,1219_20241231,1,1,0.040353890075372274,0.04577196033965227,<1bn
4055769,SM,2086693.0,20241231,8769593,11690069,8769593,FARMERS&MERCHANTS BK LONG BE,3968636,4715490,316968,1048358,1225,6363727,0.0,1225_20241231,1,1,0.11954465845792388,0.15568863914209016,10-100bn
255459,NM,41163.0,20241231,324237,369035,324237,IRELAND BANK,139526,69175,0,24180,1237,188586,479.0,1237_20241231,1,1,0.07457507934011233,0.07457507934011233,<1bn
1317806,NM,475282.0,20241231,1837953,2121563,1837953,CASHMERE VALLEY BANK,846762,532388,0,216006,1265,949625,0.0,1265_20241231,1,1,0.11752531212713274,0.11752531212713274,1-10bn
3845234,NM,1471367.0,20241231,8824244,10727568,8824244,WASHINGTON TRUST BANK,3037156,4988258,466346,574969,1281,6739134,0.0,1281_20241231,1,1,0.06515787641411548,0.1180061430758261,10-100bn
1881578,SM,126611.0,20241231,2692157,2941699,2692157,FARMERS BANK&TRUST CO,491111,812730,0,48428,1291,2202216,140276.0,1291_20241231,1,1,0.017988549701967605,0.017988549701967605,1-10bn
591589,SM,61114.0,20241231,699959,805145,699959,FNBC BANK,209053,111881,19091,17850,1294,537742,107943.0,1294_20241231,1,1,0.02550149365891431,0.05277594830554361,<1bn
190226,NM,22841.0,20241231,241010,277413,241010,FARMERS BANK,78210,50927,0,6975,1296,154740,0.0,1296_20241231,1,1,0.028940707854445875,0.028940707854445875,<1bn
934448,SM,1923.0,20241231,1331043,1812062,1331043,EVOLVE BANK&TRUST,152135,399695,94424,524852,1299,1023357,359027.0,1299_20241231,1,1,0.3943163368876888,0.4652561938269462,1-10bn
2387250,NM,1141372.0,20241231,4706468,5376767,4706468,FARMERS&MERCHANTS BK CNTL CA,1233099,2329070,0,219140,1331,3603105,0.0,1331_20241231,1,1,0.04656145542687212,0.04656145542687212,1-10bn
696089,NM,142686.0,20241231,922292,1244987,922292,PEOPLES BANK&TRUST CO,280220,230396,489,74359,1365,789798,3757.0,1365_20241231,1,1,0.08062414072766542,0.08115434157511937,1-10bn
582338,NM,33068.0,20241231,1293949,1443742,1293949,BOM BANK,134169,720014,772,157521,1373,1044789,214558.0,1373_20241231,1,1,0.12173663722449649,0.1223332604298933,1-10bn
45861,NM,4682.0,20241231,77603,85343,77603,BANK OF COMMERCE,24460,31839,6406,4253,1374,36630,0.0,1374_20241231,1,1,0.054804582297076146,0.13735293738644125,<1bn
239734,NM,29812.0,20241231,420476,474581,420476,CITIZENS BANK&TRUST CO,71652,181643,4000,54087,1376,319770,0.0,1376_20241231,1,1,0.12863278760262178,0.13814581569459375,<1bn
110306,NM,10724.0,20241231,139772,168947,139772,FELICIANA BANK&TRUST CO,22561,30834,0,17388,1380,121230,0.0,1380_20241231,1,1,0.12440259851758578,0.12440259851758578,<1bn
46806,NM,13268.0,20241231,54829,57456,54829,ARLINGTON STATE BANK,26143,8116,6596,11229,1391,18147,0.0,1391_20241231,1,1,0.20480037936128692,0.32510167976800597,<1bn
2421817,SM,498112.0,20241231,3051123,3565200,3051123,FRANDSEN BANK&TRUST,677775,638463,2402,129095,1399,2479235,2440.0,1399_20241231,1,1,0.042310650865271575,0.04309790198559678,1-10bn
588596,NM,98098.0,20241231,1341875,1535975,1341875,CITIZENS ALLIANCE BANK,327870,756288,28762,177291,1402,941455,9297.0,1402_20241231,1,1,0.13212184443409408,0.1535560316721006,1-10bn
325072,NM,10282.0,20241231,382414,441936,382414,KENSINGTON BANK,64888,58482,25666,31073,1409,327560,31286.0,1409_20241231,1,1,0.08125487037608456,0.14837061404655688,<1bn
118405,NM,10177.0,20241231,132738,142681,132738,PERENNIAL BANK,56561,14547,13883,25886,1413,56513,0.0,1413_20241231,1,1,0.1950157453027769,0.2996052373849237,<1bn
100196,SB,20336.0,20241231,125194,140012,125194,NORTHWOODS BANK OF MINNESOTA,51008,25287,0,2131,1415,75513,3932.0,1415_20241231,1,1,0.017021582503953865,0.017021582503953865,<1bn
211934,N,67314.0,20241231,289569,316219,289569,WOODLANDS NATIONAL BANK,126826,78014,8387,36696,1417,137923,34085.0,1417_20241231,1,1,0.12672627249463858,0.15569000825364593,<1bn
164987,NM,23892.0,20241231,186500,216659,186500,BANK OF WESTON,43615,21822,3738,4696,1418,162326,0.0,1418_20241231,1,1,0.025179624664879358,0.04522252010723861,<1bn
521208,NM,24670.0,20241231,644600,829050,644600,FOCUS BANK,61978,124850,0,27562,1426,686798,0.0,1426_20241231,1,1,0.04275829972075706,0.04275829972075706,<1bn
44366,NM,929.0,20241231,74921,93397,74921,UNITED SECURITY BANK,21995,30888,1421,3413,1427,65957,0.0,1427_20241231,1,1,0.04555465089894689,0.06452129576487234,<1bn
168751,SM,34132.0,20241231,189545,225794,189545,TOWN&COUNTRY BANK,59208,21317,0,5976,1434,150773,0.0,1434_20241231,1,1,0.0315281331609908,0.0315281331609908,<1bn
828510,NM,18005.0,20241231,1204045,1490495,1204045,EXCHANGE BANK,368426,381785,0,31075,1435,1011427,176764.0,1435_20241231,1,1,0.02580883604848656,0.02580883604848656,1-10bn
82374,NM,0.0,20241231,94337,114134,94337,COUNTRYSIDE BANK,25462,12129,15247,20473,1438,62390,0.0,1438_20241231,1,1,0.2170198331513616,0.3786425262622301,<1bn
61836,NM,0.0,20241231,92432,114532,92432,AMERICAN INTERSTATE BANK,0,30610,0,44609,1439,68062,0.0,1439_20241231,1,1,0.48261424614852,0.48261424614852,<1bn
185890,NM,0.0,20241231,209221,231461,209221,BANK OF HOLLAND,34670,28333,0,5578,1464,175117,0.0,1464_20241231,1,1,0.02666080364781738,0.02666080364781738,<1bn
193140,SM,5841.0,20241231,248119,275175,248119,BANK OF CROCKETT,80311,56208,2990,9644,1468,161394,4334.0,1468_20241231,1,1,0.03886844618912699,0.05091911542445359,<1bn
108084,NM,9734.0,20241231,133507,154785,133507,PEOPLES BANK&TRUST CO,29294,25681,1911,18686,1475,99635,0.0,1475_20241231,1,1,0.13996269858509292,0.1542765547873894,<1bn
415517,NM,5028.0,20241231,457591,508066,457591,BANK OF FRANKEWING,35112,42766,0,53580,1484,385796,17945.0,1484_20241231,1,1,0.11709146377441865,0.11709146377441865,<1bn
1112358,SM,288718.0,20241231,1603624,1763096,1603624,FIRST FARMERS&MERCHANTS BANK,613055,494040,19324,46527,1487,990866,85017.0,1487_20241231,1,1,0.029013659062224063,0.04106386534499359,1-10bn
359754,NM,101575.0,20241231,837103,925458,837103,SECURITY STATE BANK,278772,478282,0,19885,1497,540039,0.0,1497_20241231,1,1,0.02375454394501035,0.02375454394501035,<1bn
348296,NM,0.0,20241231,553151,684372,553151,CITIZENS STB OF LA CROSSE,396,205961,0,123362,1513,541337,63301.0,1513_20241231,1,1,0.22301686158029183,0.22301686158029183,<1bn
615875,SM,48676.0,20241231,746885,836272,746885,DIAMOND BANK,132644,132076,0,7565,1527,653301,5120.0,1527_20241231,1,1,0.010128734678029416,0.010128734678029416,<1bn
1417750,SM,190383.0,20241231,2141524,2780941,2141524,SOUTHERN BCORP BANK,585125,729191,6932,231358,1528,1732307,163750.0,1528_20241231,1,1,0.1080342783923972,0.11127122553844832,1-10bn
2025579,NM,132766.0,20241231,3558874,4444022,3558874,BANK OF STOCKTON,1713348,1539011,224059,177181,1536,2294454,0.0,1536_20241231,1,1,0.049785690642602125,0.11274352505876858,1-10bn
601267,N,59439.0,20241231,956928,1106948,956928,FIRST NB AMES IOWA,318801,356486,96940,57522,1545,680077,0.0,1545_20241231,1,1,0.060111105537720706,0.16141444288389514,1-10bn
118013,NM,18356.0,20241231,151605,206583,151605,IOWA TRUST&SAVINGS BANK,92228,34010,29664,17260,1547,91881,0.0,1547_20241231,1,1,0.1138484878467069,0.3095148576893902,<1bn
251868,SM,44639.0,20241231,377456,457011,377456,CENTRAL STATE BANK,57258,126939,0,8241,1550,363784,32258.0,1550_20241231,1,1,0.021833008350642193,0.021833008350642193,<1bn
1011346,SM,133679.0,20241231,1343550,1565288,1343550,CBI BANK&TRUST,372784,333469,39970,37781,1552,1020310,0.0,1552_20241231,1,1,0.028120278367012766,0.0578698224852071,1-10bn
410932,NM,64423.0,20241231,480093,547705,480093,SHELBY COUNTY STATE BANK,133557,70565,27798,17139,1553,359712,100.0,1553_20241231,1,1,0.035699333254182,0.09360061488086684,<1bn
74106,NM,0.0,20241231,91788,107866,91788,TWIN CEDARS BANK,1014,18044,994,17935,1556,84422,6604.0,1556_20241231,1,1,0.1953959123196932,0.20622521462500545,<1bn
102459,NM,1158.0,20241231,151312,168267,151312,PEOPLES BANK,22935,49364,994,736,1562,140699,14000.0,1562_20241231,1,1,0.004864121814528921,0.011433329808607381,<1bn
91200,NM,24071.0,20241231,120315,130789,120315,PEOPLES BANK,36744,29153,3467,15837,1566,75939,0.0,1566_20241231,1,1,0.13162947263433486,0.16044549723642107,<1bn
258,N,0.0,20241231,508,116716,508,COMERICA B&T NA,1903,250,1903,85920,1596,0,0.0,1596_20241231,1,1,169.13385826771653,172.87992125984252,<1bn
69309,NM,0.0,20241231,76939,98611,76939,FIRST FARMERS&MERCHANTS STB,19030,7882,4232,2239,1600,74416,0.0,1600_20241231,1,1,0.029100976097947723,0.08410559014284043,<1bn
194174,NM,5142.0,20241231,225303,247788,225303,SECURITY BANK USA,41381,31406,14173,24406,1604,172875,0.0,1604_20241231,1,1,0.10832523313049537,0.17123163029342708,<1bn
531105,NM,99233.0,20241231,634148,677473,634148,BANK OF ELK RIVER,241660,104224,8103,15528,1607,404177,249.0,1607_20241231,1,1,0.02448639749711424,0.03726417177062768,<1bn
168583,NM,43087.0,20241231,193062,224110,193062,FIRST STATE BANK OF WYOMING,136876,25156,14229,15262,1609,58659,0.0,1609_20241231,1,1,0.07905232515979323,0.15275403756306263,<1bn
208051,NM,28495.0,20241231,287885,308058,287885,STATE BANK OF FARIBAULT,109760,80519,4754,12116,1610,166722,0.0,1610_20241231,1,1,0.042086249717769246,0.05859978810983552,<1bn
136580,NM,17247.0,20241231,184458,209899,184458,CARROLL CNTY TR CARROLLTON M,104207,48089,3455,15368,1611,78292,25613.0,1611_20241231,1,1,0.083314358824231,0.10204490995240109,<1bn
56132,NM,688.0,20241231,63760,72363,63760,SHERWOOD COMMUNITY BANK,20783,7673,192,4971,1612,43602,0.0,1612_20241231,1,1,0.0779642409033877,0.08097553324968633,<1bn
263563,SM,13334.0,20241231,358843,395126,358843,EXCHANGE BANK OF MISSOURI,31891,96354,0,9764,1616,287583,0.0,1616_20241231,1,1,0.027209671081782284,0.027209671081782284,<1bn
1945087,NM,6036.0,20241231,2580477,3080212,2580477,BANK OF MISSOURI,649456,645439,0,119587,1617,2061718,96563.0,1617_20241231,1,1,0.046342982324585724,0.046342982324585724,1-10bn
45193,NM,0.0,20241231,52200,56585,52200,FIRST SECURITY BANK,13538,7100,10325,4636,1622,37355,0.0,1622_20241231,1,1,0.08881226053639847,0.28660919540229884,<1bn
146248,SM,3263.0,20241231,164837,192252,164837,FCNB BANK,50074,19465,1392,8676,1639,114060,7385.0,1639_20241231,1,1,0.05263381401020402,0.06107851999247742,<1bn
189646,NM,30652.0,20241231,355947,383474,355947,OZARK BANK,79312,166731,943,43224,1654,249922,0.0,1654_20241231,1,1,0.12143380896594155,0.12408307978434992,<1bn
644291,NM,59067.0,20241231,815732,879754,815732,BANK OF OLD MONROE,269859,173069,0,13930,1655,531104,206123.0,1655_20241231,1,1,0.01707668695110649,0.01707668695110649,<1bn
221646,NM,8132.0,20241231,492636,540611,492636,FARMERS&MERCHANTS BANK OF SC,174913,271095,5937,231621,1660,119849,0.0,1660_20241231,1,1,0.47016661388936254,0.48221810829902806,<1bn
981290,NM,0.0,20241231,996527,1313798,996527,1ST FINANCIAL BANK USA,109762,17144,109104,110160,1673,920461,765600.0,1673_20241231,1,1,0.11054391903079394,0.22002815779201165,1-10bn
31866,NM,6103.0,20241231,36256,40310,36256,RICHLAND STATE BANK,18574,4476,1393,1012,1675,19624,0.0,1675_20241231,1,1,0.027912621359223302,0.0663338481906443,<1bn
717933,NM,24497.0,20241231,1006626,1270295,1006626,PLAINS COMMERCE BANK,80935,294419,1645,52508,1678,1032556,150375.0,1678_20241231,1,1,0.05216237212231752,0.053796544098801344,1-10bn
201605,NM,64841.0,20241231,228566,241183,228566,FARMERS STATE BANK,86482,27457,0,7049,1686,131930,0.0,1686_20241231,1,1,0.030840107452551998,0.030840107452551998,<1bn
50543,NM,4238.0,20241231,55796,66901,55796,COMMUNITY BANK,25096,5809,7806,2733,1687,35685,0.0,1687_20241231,1,1,0.048982005878557604,0.18888450785002509,<1bn
102448,NM,6595.0,20241231,142778,168539,142778,UBANK,10181,40664,1202,30418,1693,122094,0.0,1693_20241231,1,1,0.2130440263906204,0.22146269033044305,<1bn
590408,NM,116341.0,20241231,768200,885733,768200,FARMERS BANK,215884,182133,0,52089,1696,562402,0.0,1696_20241231,1,1,0.06780656079146055,0.06780656079146055,<1bn
505062,NM,273.0,20241231,642507,711195,642507,FIRST CENTURY BANK,1589,138272,0,41663,1700,608037,0.0,1700_20241231,1,1,0.06484442971049342,0.06484442971049342,<1bn
173558,NM,7104.0,20241231,202124,255673,202124,MOUNTAIN VALLEY BANK,26271,28878,0,14556,1705,203026,5065.0,1705_20241231,1,1,0.07201519859096396,0.07201519859096396,<1bn
1024215,NM,192599.0,20241231,1373763,1667933,1373763,CITIZENS BANK OF LAFAYETTE,386528,352230,34006,25667,1711,1153104,0.0,1711_20241231,1,1,0.018683717642708386,0.043437623520214186,1-10bn
182224,NM,4.0,20241231,204411,232305,204411,BANK OF PERRY COUNTY,12856,23262,0,4770,1713,188351,23954.0,1713_20241231,1,1,0.02333533909623259,0.02333533909623259,<1bn
250361,SM,7419.0,20241231,591225,768074,591225,CITIZENS 1ST BANK,284827,342494,0,35703,1715,438191,0.0,1715_20241231,1,1,0.060388177089940376,0.060388177089940376,<1bn
567886,NM,26705.0,20241231,724503,792161,724503,WESTERN BANK,34842,161074,0,67371,1720,628296,0.0,1720_20241231,1,1,0.09298926298441829,0.09298926298441829,<1bn
79447,NM,19348.0,20241231,106305,109865,106305,PEOPLES BANK OF GREENSBORO,47226,27164,891,2375,1730,49740,0.0,1730_20241231,1,1,0.022341376228775692,0.03072291990028691,<1bn
200366,NM,43614.0,20241231,266651,295012,266651,FARMERS&MERCHANTS BANK,111540,66577,1855,15143,1735,144005,0.0,1735_20241231,1,1,0.05678958638820031,0.06374624509189915,<1bn
58883,NM,8533.0,20241231,86745,95472,86745,FARMERS&MERCHANTS BANK,75952,28181,0,3936,1745,5445,0.0,1745_20241231,1,1,0.045374373162718314,0.045374373162718314,<1bn
222073,SM,22930.0,20241231,287351,317078,287351,UNION BANK&TRUST CO,48501,66284,0,12851,1753,240060,16932.0,1753_20241231,1,1,0.04472230825714892,0.04472230825714892,<1bn
258369,NM,9871.0,20241231,596456,727015,596456,CENTRAL BANK,49963,338978,11598,14545,1756,586713,185183.0,1756_20241231,1,1,0.0243857048969245,0.04383055916949448,<1bn
7826867,NM,3888692.0,20241231,13945593,16493900,13945593,MECHANICS BANK,4521100,6153395,0,999711,1768,9559270,0.0,1768_20241231,1,1,0.07168651774076584,0.07168651774076584,10-100bn
73618,NM,19871.0,20241231,103668,126279,103668,STATE BANK,28155,30095,0,20913,1778,68231,0.0,1778_20241231,1,1,0.20173052436624608,0.20173052436624608,<1bn
163968,NM,9304.0,20241231,188980,205362,188980,CITIZENS STATE BANK OF OURAY,26788,25211,0,11244,1779,147625,6727.0,1779_20241231,1,1,0.05949835961477405,0.05949835961477405,<1bn
231684,NM,109755.0,20241231,319486,390921,319486,FARMERS STATE BANK OF CALHAN,173487,88222,0,10245,1780,185572,531.0,1780_20241231,1,1,0.03206713283211158,0.03206713283211158,<1bn
145088,NM,41680.0,20241231,172971,191431,172971,FIRST STB SHANNON-POLO,55990,28580,0,23011,1781,105392,0.0,1781_20241231,1,1,0.13303386116747895,0.13303386116747895,<1bn
422477,NM,4260.0,20241231,569137,636265,569137,LONGVIEW BANK,68101,148022,26976,33869,1786,503130,20000.0,1786_20241231,1,1,0.05950939756157129,0.10690747570444374,<1bn
379895,NM,43279.0,20241231,409905,443262,409905,BETTER BANKS,127497,31037,10915,14361,1808,287003,11352.0,1808_20241231,1,1,0.035034947121894096,0.061663068271916664,<1bn
94003,NM,19463.0,20241231,157550,203691,157550,FOWLER STATE BANK,74124,63659,0,2997,1821,119661,0.0,1821_20241231,1,1,0.01902253252935576,0.01902253252935576,<1bn
42610,SM,0.0,20241231,49460,56043,49460,FAIRMOUNT STATE BANK,8888,6895,7833,3328,1829,42371,0.0,1829_20241231,1,1,0.0672866963202588,0.22565709664375252,<1bn
336191,NM,84544.0,20241231,698265,819892,698265,STATE BANK,109932,363233,1925,18926,1833,637269,0.0,1833_20241231,1,1,0.027104322857367906,0.029861155864893702,<1bn
126153,NM,35387.0,20241231,168490,181213,168490,COMMUNITY STATE BANK,66708,42690,1460,4367,1839,86794,10000.0,1839_20241231,1,1,0.025918452133657784,0.034583654816309574,<1bn
128347,NM,9759.0,20241231,182604,207289,182604,FARMERS&MERCHANTS BANK,60037,54916,3877,7065,1843,127638,0.0,1843_20241231,1,1,0.03869028060721561,0.05992201704234299,<1bn
229107,NM,12144.0,20241231,308415,377218,308415,BIPPUS STATE BANK,40217,79408,995,8442,1847,301590,2491.0,1847_20241231,1,1,0.027372209522883127,0.030598382050159686,<1bn
154343,SM,10994.0,20241231,209456,227496,209456,WAYNE BANK&TRUST CO,37079,55874,0,7236,1849,172572,10081.0,1849_20241231,1,1,0.034546635092811855,0.034546635092811855,<1bn
390101,NM,40076.0,20241231,487254,554250,487254,FIRST SECURITY BANK&TRUST CO,140801,97515,4588,29083,1852,353140,28408.0,1852_20241231,1,1,0.059687555156037714,0.06910358868269938,<1bn
267600,SM,0.0,20241231,350157,412903,350157,WAUKON STATE BANK,28989,83865,0,34071,1857,334210,0.0,1857_20241231,1,1,0.09730206735835639,0.09730206735835639,<1bn
37407,NM,509.0,20241231,44551,51995,44551,MONTEZUMA STATE BANK,10510,7305,931,16261,1860,22839,0.0,1860_20241231,1,1,0.36499741868869384,0.38589481717582097,<1bn
68352,NM,19621.0,20241231,74172,89795,74172,KANSAS STB OVERBROOK KANSAS,33096,5948,0,2578,1865,49123,6027.0,1865_20241231,1,1,0.034757051178342234,0.034757051178342234,<1bn
132644,NM,26828.0,20241231,202239,304379,202239,FARMERS STB OF OAKLEY KANSAS,63107,70109,0,2970,1867,222403,32691.0,1867_20241231,1,1,0.014685594766588046,0.014685594766588046,<1bn
336573,NM,64396.0,20241231,425801,491891,425801,BANK OF TESCOTT,99791,90407,3974,7644,1868,367351,0.0,1868_20241231,1,1,0.017952048022433015,0.02728504630097158,<1bn
470056,SM,86753.0,20241231,553455,661174,553455,UNION STATE BANK,162834,84882,24281,24973,1869,418635,53790.0,1869_20241231,1,1,0.04512200630584239,0.08899368512345177,<1bn
669400,NM,126937.0,20241231,874113,933539,874113,BANK OF LABOR,486825,204864,0,71439,1874,330998,165303.0,1874_20241231,1,1,0.08172741968143707,0.08172741968143707,<1bn
674256,NM,117929.0,20241231,760383,844739,760383,FARMERS&MERCHANTS BANK,146729,87011,0,65354,1895,583222,153843.0,1895_20241231,1,1,0.08594879159581421,0.08594879159581421,<1bn
361377,NM,13371.0,20241231,427748,527727,427748,FIRST INDEPENDENT BANK,147200,67232,8902,10844,1900,339197,28631.0,1900_20241231,1,1,0.025351375108708867,0.04616269392258993,<1bn
98286,NM,0.0,20241231,110877,125178,110877,ST CLAIR STATE BANK INC,5473,13661,0,12034,1903,95258,0.0,1903_20241231,1,1,0.10853468257618802,0.10853468257618802,<1bn
329364,SM,51399.0,20241231,460509,533988,460509,PROFINIUM INC,67135,132022,0,28472,1905,408221,11799.0,1905_20241231,1,1,0.06182723898990031,0.06182723898990031,<1bn
69899,NM,821.0,20241231,78961,90911,78961,TRIUMPH STATE BANK,8467,9212,7112,15005,1906,62476,0.0,1906_20241231,1,1,0.19003052139663884,0.2801003026810704,<1bn
139482,NM,37229.0,20241231,158129,183025,158129,WANDA STATE BANK,45372,19537,5760,5213,1908,105910,6.0,1908_20241231,1,1,0.03296675499117809,0.06939271101442493,<1bn
188366,NM,0.0,20241231,233976,271893,233976,CASTLE ROCK BANK,138741,46140,1418,4566,1913,119841,0.0,1913_20241231,1,1,0.01951482203302903,0.025575272677539576,<1bn
50454,NM,4992.0,20241231,61986,81037,61986,FARMERS STB OF TRIMONT,24389,11745,1348,1410,1929,49401,3250.0,1929_20241231,1,1,0.022747071919465685,0.04449391798147969,<1bn
133727,NM,26420.0,20241231,165465,180895,165465,NEW MARKET BANK,44685,32024,14003,17975,1931,110631,0.0,1931_20241231,1,1,0.10863324570150787,0.19326141480071315,<1bn
103202,NM,0.0,20241231,120150,133568,120150,CITIZENS STB NORWOOD YOUNG A,33130,17225,33055,26329,1933,67109,0.0,1933_20241231,1,1,0.2191344153141906,0.4942488555971702,<1bn
225140,NM,0.0,20241231,284418,319460,284418,COMMUNITY STB OF MISSOURI,57684,59910,8260,29460,1936,216307,0.0,1936_20241231,1,1,0.1035799421977512,0.13262170467410642,<1bn
95747,NM,20926.0,20241231,128741,141963,128741,BANK OF CROCKER,65397,33128,11062,16949,1937,45913,0.0,1937_20241231,1,1,0.13165192129935296,0.21757637427082283,<1bn
140237,N,0.0,20241231,155200,175067,155200,TIPTON LATHAM BANK NA,29144,15458,0,9848,1941,127459,0.0,1941_20241231,1,1,0.06345360824742267,0.06345360824742267,<1bn
84364,NM,0.0,20241231,93089,104138,93089,METZ BANKING CO,17259,9188,0,11821,1945,73373,0.0,1945_20241231,1,1,0.12698600264263232,0.12698600264263232,<1bn
190138,NM,4038.0,20241231,217348,239313,217348,ALLIANT BANK,12718,27818,3815,21440,1946,192060,0.0,1946_20241231,1,1,0.09864364981504316,0.11619614627233744,<1bn
167854,NM,0.0,20241231,198017,227332,198017,CITIZENS BANK OF ELDON,30164,30763,1449,21765,1956,166799,0.0,1956_20241231,1,1,0.10991480529449492,0.11723235883787755,<1bn
170019,SM,36626.0,20241231,212762,242212,212762,LAMAR BANK&TRUST CO,36656,43157,0,16544,1964,177185,1002.0,1964_20241231,1,1,0.07775824630338124,0.07775824630338124,<1bn
99899,SM,5700.0,20241231,120612,151214,120612,CITIZENS BANK&TRUST CO,36365,20809,10555,30526,1972,75123,0.0,1972_20241231,1,1,0.253092561270852,0.3406045832918781,<1bn
718616,SM,58286.0,20241231,1038886,1263959,1038886,YELLOWSTONE BANK,438446,320270,364863,71830,1978,703485,0.0,1978_20241231,1,1,0.06914136873535691,0.4203473720889491,1-10bn
127782,NM,30747.0,20241231,187104,203349,187104,VALLEY BANK OF KALISPELL,50882,59796,1448,3534,1980,132003,0.0,1980_20241231,1,1,0.01888789122626988,0.026626902685137677,<1bn
126497,SM,46631.0,20241231,145593,167522,145593,FIRST STATE BANK OF MALTA,85678,19750,16462,12555,1982,64844,0.0,1982_20241231,1,1,0.08623354144773444,0.19930216425240224,<1bn
132521,NM,8564.0,20241231,145341,178106,145341,WESTERN NEBRASKA BANK,30549,13136,0,3531,1983,130073,7400.0,1983_20241231,1,1,0.024294589964290875,0.024294589964290875,<1bn
48775,NM,1.0,20241231,50417,75985,50417,COMMERCIAL STATE BANK,49572,1986,580,4523,1986,19476,499.0,1986_20241231,1,1,0.08971180355832357,0.10121585972985303,<1bn
196597,NM,65565.0,20241231,233519,332117,233519,PATHWAY BANK,86421,37615,0,8214,1992,201997,30835.0,1992_20241231,1,1,0.03517486799789311,0.03517486799789311,<1bn
56301,NM,6299.0,20241231,63485,76365,63485,CERESCOBANK,35423,7538,3839,1291,1993,34706,0.0,1993_20241231,1,1,0.02033551232574624,0.08080648972198157,<1bn
579329,NM,118441.0,20241231,757287,894122,757287,FARMERS&MERCHANTS BANK,212488,180704,76793,117330,2036,521577,0.0,2036_20241231,1,1,0.15493465489305905,0.25634006657977754,<1bn
120441,NM,0.0,20241231,162098,175543,162098,STATE BANK&TRUST OF KENMARE,65254,42944,1787,7617,2057,82138,0.0,2057_20241231,1,1,0.0469900924132315,0.058014287653148096,<1bn
188590,NM,43115.0,20241231,277784,341315,277784,FAHEY BANKING CO,52309,89618,0,11699,2068,257684,57182.0,2068_20241231,1,1,0.04211545661377185,0.04211545661377185,<1bn
449655,N,90692.0,20241231,630677,714037,630677,NATIONAL CAPITAL BANK OF WA,124014,181228,0,44689,2093,513027,0.0,2093_20241231,1,1,0.07085877556974489,0.07085877556974489,<1bn
1117815,N,150969.0,20241231,1542863,1813129,1542863,CONWAY NATIONAL BANK,834801,430829,47521,132744,2102,783600,0.0,2102_20241231,1,1,0.08603745115412062,0.11683798237432617,1-10bn
219087,N,0.0,20241231,258619,287731,258619,FIRST NB OF SOUTH CAROLINA,89401,39802,12300,46088,2107,140871,0.0,2107_20241231,1,1,0.17820809762623782,0.22576840835360124,<1bn
1159904,N,463574.0,20241231,1958856,2142783,1958856,QUEENSBOROUGH NB&T CO,645337,803711,35268,200019,2138,1190164,31422.0,2138_20241231,1,1,0.10211010916575797,0.12011449539935554,1-10bn
102462,NM,13397.0,20241231,134031,153123,134031,BANK OF MONTICELLO,17383,31667,0,24071,2145,103783,0.0,2145_20241231,1,1,0.17959278077459692,0.17959278077459692,<1bn
128527,NM,15133.0,20241231,177638,202110,177638,GEO D WARTHEN BANK,56435,49236,4922,23792,2154,108160,0.0,2154_20241231,1,1,0.13393530663484166,0.16164334207770858,<1bn
71525,NM,19643.0,20241231,88981,88991,88981,FIRST STB OF RANDOLPH COUNTY,40727,17887,0,4110,2157,30239,0.0,2157_20241231,1,1,0.046189635989705664,0.046189635989705664,<1bn
140905,N,2318.0,20241231,181417,219749,181417,FIRST NB OF WAYNESBORO,25629,40921,2907,51265,2160,134422,0.0,2160_20241231,1,1,0.28258101500961874,0.29860487164929417,<1bn
183982,NM,44628.0,20241231,213415,257123,213415,BANK OF THE ROCKIES,51136,34615,0,8852,2205,186788,0.0,2205_20241231,1,1,0.041477871752219855,0.041477871752219855,<1bn
498045,SM,144127.0,20241231,778484,857808,778484,FIRST NORTHERN BANK OF WY,267912,281505,0,63976,2208,487153,69810.0,2208_20241231,1,1,0.08218023748721875,0.08218023748721875,<1bn
511472,N,226871.0,20241231,719072,775154,719072,BANK OF BRIDGER NA,373512,208390,64317,24151,2224,345529,0.0,2224_20241231,1,1,0.03358634462195719,0.12303079524720752,<1bn
172305,SM,53270.0,20241231,248072,262027,248072,RNB STATE BANK,94945,53887,0,6482,2228,146909,0.0,2228_20241231,1,1,0.026129510787190814,0.026129510787190814,<1bn
244153,SM,75886.0,20241231,342257,362934,342257,RSNB BANK,193529,98394,0,8812,2229,135406,0.0,2229_20241231,1,1,0.025746734179286326,0.025746734179286326,<1bn
993079,NM,167501.0,20241231,1182963,1309395,1182963,PINNACLE BANK WYOMING,366007,190146,131993,80852,2232,822528,0.0,2232_20241231,1,1,0.06834702353328041,0.17992532310816145,1-10bn
967124,NM,451733.0,20241231,1537450,1765491,1537450,FIRST AMERICAN BANK,619603,572952,6594,45642,2240,1001621,155654.0,2240_20241231,1,1,0.029686819083547433,0.03397573904842434,1-10bn
439039,NM,102742.0,20241231,810242,886662,810242,CNB BANK,172319,372262,0,73776,2241,609895,50295.0,2241_20241231,1,1,0.09105427761088662,0.09105427761088662,<1bn
181614,NM,51873.0,20241231,348659,401885,348659,JAMES POLK STONE CMTY BANK,126227,167382,2967,77969,2244,179382,0.0,2244_20241231,1,1,0.22362537608379535,0.2321351234300563,<1bn
117415,NM,21337.0,20241231,159779,177290,159779,BANK OF THE SOUTHWEST,23475,42366,0,33176,2247,113168,0.0,2247_20241231,1,1,0.2076367983276901,0.2076367983276901,<1bn
178098,SM,81155.0,20241231,253733,292537,253733,WESTERN BANK,190998,75946,11916,16282,2249,73292,0.0,2249_20241231,1,1,0.06416981630296414,0.11113256848734694,<1bn
43002775,N,15373597.0,20241231,76638293,88774720,76638293,ZIONS BCORP N A,19125356,34386557,661734,3139337,2270,58788443,7038040.0,2270_20241231,1,1,0.04096303397571759,0.04959754257574604,10-100bn
67675,N,57816.0,20241231,115635,120721,115635,FIRST NATIONAL BANK OF ELY,98031,47974,0,7403,2273,8958,0.0,2273_20241231,1,1,0.06402040904570415,0.06402040904570415,<1bn
263635,SM,7904.0,20241231,367933,415442,367933,NORTH VALLEY BANK,47155,104390,7855,8478,2284,311810,11.0,2284_20241231,1,1,0.023042238668453223,0.04439123427363134,<1bn
402408,SM,574.0,20241231,599183,672454,599183,GENOA BANKING CO,127435,197270,86911,12909,2285,491911,46383.0,2285_20241231,1,1,0.02154433620446508,0.16659351149815665,<1bn
213271,NM,55187.0,20241231,387829,473513,387829,BUCKEYE STATE BANK,125469,180011,29897,8085,2286,284341,10060.0,2286_20241231,1,1,0.020846816509337878,0.09793491461443059,<1bn
177472,NM,79330.0,20241231,227603,280143,227603,FARMERS SAVINGS BANK,164393,50873,0,2821,2290,102941,0.0,2290_20241231,1,1,0.012394388474668611,0.012394388474668611,<1bn
76448,NM,0.0,20241231,87097,100366,87097,BANK OF MAGNOLIA CO,18667,10673,9456,11965,2300,59847,0.0,2300_20241231,1,1,0.13737556976704135,0.24594417718176287,<1bn
111343,NM,2712.0,20241231,129916,147980,129916,FIRST STATE BANK,14197,19221,0,2851,2301,123636,31901.0,2301_20241231,1,1,0.02194494904399766,0.02194494904399766,<1bn
42519,NM,0.0,20241231,50552,58964,50552,WASHITA VALLEY BANK,15904,8148,1901,9642,2308,29855,0.0,2308_20241231,1,1,0.19073429340085457,0.2283391359392309,<1bn
1698170,NM,37620.0,20241231,2299342,2491998,2299342,ARMSTRONG BANK,652478,605216,158838,111383,2315,1588663,55000.0,2315_20241231,1,1,0.048441249714048625,0.11752101253315078,1-10bn
111220,SM,0.0,20241231,132830,164378,132830,METHOD BANK,683,21774,0,31848,2317,118726,70853.0,2317_20241231,1,1,0.23976511330271777,0.23976511330271777,<1bn
99660,NM,24884.0,20241231,137429,162027,137429,CARSON COMMUNITY BANK,50496,37741,0,4738,2320,102285,7676.0,2320_20241231,1,1,0.03447598396262797,0.03447598396262797,<1bn
363242,NM,51185.0,20241231,442173,509721,442173,AVB BANK,65985,79666,6719,15178,2326,400809,40677.0,2326_20241231,1,1,0.034325931253152045,0.04952134119450984,<1bn
272651,SM,8773.0,20241231,335526,401622,335526,LOCAL BANK,54265,63354,0,3225,2327,281780,56911.0,2327_20241231,1,1,0.009611773752257649,0.009611773752257649,<1bn
60501,NM,3004.0,20241231,78149,87750,78149,AMERICAN EXC BK LINDSAY OK,44385,17839,3723,3614,2328,27781,0.0,2328_20241231,1,1,0.046244993537985134,0.09388475860215742,<1bn
26671,NM,1.0,20241231,31182,42193,31182,PEOPLES BANK&TRUST CO,1920,4615,1904,5299,2331,28189,1.0,2331_20241231,1,1,0.16993778461933168,0.23099865306907832,<1bn
466764,NM,87981.0,20241231,604413,633758,604413,MAUCH CHUNK TRUST CO,283637,138020,0,5209,2359,268366,47473.0,2359_20241231,1,1,0.008618279222981636,0.008618279222981636,<1bn
88685,NM,4994.0,20241231,101760,124486,101760,BANK OF GLEASON,44308,13625,0,5627,2379,68049,0.0,2379_20241231,1,1,0.05529677672955975,0.05529677672955975,<1bn
381300,SM,44054.0,20241231,503791,549148,503791,CARROLL BANK&TRUST,60592,124234,0,25779,2380,405199,0.0,2380_20241231,1,1,0.05117002884132507,0.05117002884132507,<1bn
144608,SM,20551.0,20241231,188662,215123,188662,SECURITY BANK,102484,44994,0,11750,2391,79402,0.0,2391_20241231,1,1,0.062280692455290415,0.062280692455290415,<1bn
630307,SM,53868.0,20241231,828803,977564,828803,CLEAR MOUNTAIN BANK,188220,199487,0,47614,2443,683902,0.0,2443_20241231,1,1,0.05744911637626794,0.05744911637626794,<1bn
96549,NM,1808.0,20241231,112140,129705,112140,CLAY COUNTY BANK INC,39513,15805,0,24354,2444,63524,0.0,2444_20241231,1,1,0.21717495987158908,0.21717495987158908,<1bn
135473,NM,5028.0,20241231,149551,174066,149551,PIONEER COMMUNITY BANK INC,20098,14379,0,11239,2448,127819,0.0,2448_20241231,1,1,0.07515162051741546,0.07515162051741546,<1bn
164235,NM,79204.0,20241231,246168,271375,246168,WEST UNION BANK,116406,82645,0,9162,2452,132825,1.0,2452_20241231,1,1,0.03721848493711612,0.03721848493711612,<1bn
160811,NM,379.0,20241231,182989,239347,182989,DAVIS TRUST CO,13031,22424,0,13493,2453,190962,9403.0,2453_20241231,1,1,0.073736672696173,0.073736672696173,<1bn
212206,SM,29538.0,20241231,273101,340128,273101,BANK OF BRODHEAD,81353,61282,490,6726,2455,233016,25267.0,2455_20241231,1,1,0.024628251086594336,0.026422459090226693,<1bn
155997,NM,17106.0,20241231,192898,237624,192898,CITIZENS STATE BANK,31889,37453,0,16334,2467,181421,10333.0,2467_20241231,1,1,0.08467687586185445,0.08467687586185445,<1bn
391863,SM,54984.0,20241231,538006,710593,538006,NORTHWESTERN BANK,89845,146355,0,40985,2468,554340,0.0,2468_20241231,1,1,0.07617944781284967,0.07617944781284967,<1bn
129039,NM,20052.0,20241231,169551,200883,169551,BADGER BANK,44359,40689,1310,12013,2469,129251,6000.0,2469_20241231,1,1,0.07085183809001422,0.07857812693525842,<1bn
169059,NM,0.0,20241231,198117,233226,198117,BANK OF DEERFIELD,12397,29786,0,5029,2477,204580,47630.0,2477_20241231,1,1,0.025383990268376767,0.025383990268376767,<1bn
163682,NM,0.0,20241231,238924,278303,238924,NEKOOSA PORT EDWARDS STB,43771,76332,7884,58982,2482,163809,0.0,2482_20241231,1,1,0.24686511191843433,0.27986305268620987,<1bn
180212,N,29035.0,20241231,266409,295222,266409,NATIONAL IRON BANK,36918,86282,4935,5912,2496,246248,0.0,2496_20241231,1,1,0.022191442481297553,0.04071559144022912,<1bn
279232,N,51712.0,20241231,372247,437449,372247,NATIONAL GRAND BK MARBLEHEAD,79445,93296,1908,25775,2608,317664,21279.0,2608_20241231,1,1,0.06924165943580472,0.07436728838647458,<1bn
91391,N,0.0,20241231,106131,132899,106131,MILLBURY NATIONAL BANK,21243,14825,12410,7610,2616,98655,0.0,2616_20241231,1,1,0.07170383770999991,0.1886348003881995,<1bn
50858,N,2115.0,20241231,63949,74524,63949,FIRST NB OF BROOKSVILLE,30362,13102,12532,2522,2682,40341,0.0,2682_20241231,1,1,0.039437676898778716,0.23540633942673067,<1bn
472708,N,37346.0,20241231,716710,787093,716710,CUMBERLAND VALLEY NB&T CO,118015,246060,34505,116187,2691,527685,0.0,2691_20241231,1,1,0.16211159325250102,0.21025519387199842,<1bn
231515,N,30943.0,20241231,320890,361935,320890,FIRST NB OF GRAYSON,107721,90616,28911,33142,2695,208126,0.0,2695_20241231,1,1,0.10328149833276201,0.1933777930131821,<1bn
772409,N,2078.0,20241231,1085539,1213054,1085539,FIRST SOUTHERN NATIONAL BANK,304831,316175,285719,97620,2700,757409,0.0,2700_20241231,1,1,0.08992767648145299,0.35313240703466203,1-10bn
132794,N,12044.0,20241231,221071,242170,221071,FIRST NB OF MANCHESTER,33064,89046,249,44522,2708,153614,0.0,2708_20241231,1,1,0.20139231287685858,0.20251864785521392,<1bn
303416,NM,4663.0,20241231,358626,419975,358626,FIRST STB OF THE SE INC,21902,59258,0,25523,2710,356372,21851.0,2710_20241231,1,1,0.07116884999972116,0.07116884999972116,<1bn
1529741,NM,254812.0,20241231,2129528,2367921,2129528,TRADITIONAL BANK INC,684447,602987,23636,72431,2711,1496630,299820.0,2711_20241231,1,1,0.03401270140613319,0.04511187455623969,1-10bn
454988,SM,137269.0,20241231,573922,659669,573922,CITIZENS BANK OF KY INC,253955,122118,9792,33824,2718,317773,0.0,2718_20241231,1,1,0.058934837835106516,0.07599638975331142,<1bn
3589737,SM,385587.0,20241231,5081029,6153523,5081029,COMMUNITY TRUST BANK INC,1026996,1499000,328569,369247,2720,4431853,0.0,2720_20241231,1,1,0.07267169701255395,0.137337535369312,1-10bn
86090,N,31627.0,20241231,118544,153884,118544,SALYERSVILLE NATIONAL BANK,45526,32544,0,25331,2723,77889,0.0,2723_20241231,1,1,0.21368437036037252,0.21368437036037252,<1bn
392573,N,123392.0,20241231,533217,649716,533217,CITIZENS NB OF SOMERSET,256443,141188,19614,40481,2725,342357,0.0,2725_20241231,1,1,0.0759184347085708,0.11270270827824319,<1bn
89878,SM,12472.0,20241231,94708,114666,94708,BANK OF BUFFALO,28570,5346,0,2105,2733,81361,22198.0,2733_20241231,1,1,0.02222621109093213,0.02222621109093213,<1bn
164935,N,11857.0,20241231,198743,225175,198743,FIRST NB OF KENTUCKY,23291,39391,4564,24042,2735,169755,0.0,2735_20241231,1,1,0.12097029832497246,0.14393462914417113,<1bn
472884,N,1640.0,20241231,550825,647274,550825,FIRST&FARMERS NB INC,142004,79703,30981,14526,2738,464569,18798.0,2738_20241231,1,1,0.02637135206281487,0.08261607588617075,<1bn
422785,N,64352.0,20241231,879071,966144,879071,FARMERS NB OF DANVILLE,179502,456438,3988,34547,2740,709689,62392.0,2740_20241231,1,1,0.03929944225210478,0.043836049647866894,<1bn
307381,N,7989.0,20241231,378122,447779,378122,LINCOLN NB OF HODGENVILLE,55215,71332,9447,15034,2750,335561,0.0,2750_20241231,1,1,0.03975965429147207,0.0647436541645289,<1bn
103714,N,47129.0,20241231,142864,152792,142864,CITIZENS NB OF LEBANON,89313,39896,0,9720,2753,45994,0.0,2753_20241231,1,1,0.06803673423675663,0.06803673423675663,<1bn
109330,N,11262.0,20241231,120262,133912,120262,FARMERS NB OF LEBANON,34890,11443,0,5353,2754,83521,0.0,2754_20241231,1,1,0.04451115065440455,0.04451115065440455,<1bn
491280,NM,61726.0,20241231,636904,689969,636904,FNB BANK INC,158419,147143,22769,26703,2759,474745,11085.0,2759_20241231,1,1,0.041926255762249884,0.07767575647193298,<1bn
161789,NM,18615.0,20241231,193942,218634,193942,FARMERS BANK&TRUST CO,47104,35866,1000,5624,2765,157062,3000.0,2765_20241231,1,1,0.028998360334533006,0.034154541048354664,<1bn
212073,N,6075.0,20241231,368360,405649,368360,FIRST NB OF RUSSELL SPRINGS,68911,158578,14239,67668,2767,260788,0.0,2767_20241231,1,1,0.18370072754913672,0.22235584754044957,<1bn
388032,NM,79942.0,20241231,638440,693603,638440,MIDSOUTH BANK,169330,251744,0,78282,2777,398738,0.0,2777_20241231,1,1,0.1226144978384813,0.1226144978384813,<1bn
160449,N,32252.0,20241231,202424,217095,202424,FIRST NATIONAL BANK&TRUST,52977,42429,0,7662,2779,135804,0.0,2779_20241231,1,1,0.03785124293562028,0.03785124293562028,<1bn
142262,NM,570.0,20241231,195555,240129,195555,FIRST BANK OF BOAZ,145051,54104,0,17379,2784,63582,0.0,2784_20241231,1,1,0.0888701388356217,0.0888701388356217,<1bn
105541,NM,0.0,20241231,148959,167229,148959,COMMUNITY NEIGHBOR BANK,41210,43532,23335,26624,2787,87475,0.0,2787_20241231,1,1,0.17873374552729274,0.33538758987372363,<1bn
25989,NM,7497.0,20241231,41815,55198,41815,DOZIER BANK,21983,15891,4233,838,2794,21342,0.0,2794_20241231,1,1,0.020040655267248596,0.12127227071625014,<1bn
100813,N,23344.0,20241231,139987,156697,139987,FIRST NB OF HARTFORD,46678,39814,3921,3797,2804,87296,2242.0,2804_20241231,1,1,0.02712394722367077,0.05513369098559152,<1bn
166846,NM,9953.0,20241231,215091,240389,215091,HNB FIRST BANK,17949,49224,0,24163,2805,166881,0.0,2805_20241231,1,1,0.11233849858896933,0.11233849858896933,<1bn
136689,NM,17863.0,20241231,176153,204200,176153,FRIEND BANK,31412,39879,2859,38588,2828,125290,372.0,2828_20241231,1,1,0.21905956753504055,0.23528977650110983,<1bn
528469,NM,94570.0,20241231,757574,822277,757574,FIRST SOUTHERN STATE BANK,250376,231610,30854,68129,2829,455315,0.0,2829_20241231,1,1,0.08993048863873364,0.13065786312624245,<1bn
515406,NM,33143.0,20241231,1048351,1140972,1048351,FIRST BANK OF ALABAMA,206379,533676,995,72072,2832,693550,20000.0,2832_20241231,1,1,0.06874796704538842,0.06969707664703902,1-10bn
232805,NM,21693.0,20241231,299333,334279,299333,AMERIFIRST BANK,38227,66997,0,9295,2838,260387,0.0,2838_20241231,1,1,0.031052373109546894,0.031052373109546894,<1bn
418897,NM,0.0,20241231,527216,621356,527216,FARMERS BANK,222568,108534,51270,22978,2850,356381,0.0,2850_20241231,1,1,0.04358365451731359,0.14083032381414828,<1bn
133234,NM,2704.0,20241231,189212,225031,189212,STATE BANK NORTHWEST,12293,56005,0,7531,2945,163247,0.0,2945_20241231,1,1,0.03980191531192525,0.03980191531192525,<1bn
457097,N,0.0,20241231,587569,669711,587569,BAKER-BOYER NATIONAL BANK,211698,130856,39440,39578,2987,389197,0.0,2987_20241231,1,1,0.06735889742311116,0.13448292881346702,<1bn
320266,SM,0.0,20241231,354098,410774,354098,HIGH PLAINS BANK,30125,34554,25296,26605,3017,335117,22456.0,3017_20241231,1,1,0.07513456726668888,0.14657241780524036,<1bn
21788,N,0.0,20241231,23546,28594,23546,FIRST NB OF FLEMING,3308,1836,3308,646,3018,22938,0.0,3018_20241231,1,1,0.027435657861207847,0.1679266117387242,<1bn
80472,NM,15330.0,20241231,108933,121769,108933,ROCKY MOUNTAIN BANK&TRUST,50415,28901,10667,5190,3019,59576,4962.0,3019_20241231,1,1,0.047643964638814686,0.14556654090128796,<1bn
104313,N,14748.0,20241231,125370,139329,125370,FIRST NATIONAL BANK OF HUGO,46216,21428,0,15482,3029,69660,0.0,3029_20241231,1,1,0.12349046821408631,0.12349046821408631,<1bn
503240,NM,101418.0,20241231,682588,814262,682588,POINTS WEST COMMUNITY BANK,274416,180183,0,16808,3031,480937,0.0,3031_20241231,1,1,0.024623931273330325,0.024623931273330325,<1bn
360451,N,54510.0,20241231,518068,606106,518068,FIRST NATIONAL BANK COLORADO,198214,161719,40524,12985,3034,345818,10000.0,3034_20241231,1,1,0.0250642772763421,0.10328566906274853,<1bn
145216,N,5906.0,20241231,200034,241923,200034,FIRST PIONEER NATIONAL BANK,95219,55619,0,12453,3063,127221,0.0,3063_20241231,1,1,0.06225441674915264,0.06225441674915264,<1bn
6637492,SM,2559358.0,20241231,12220428,13925288,12220428,FIRST FINANCIAL BANK,4580219,5589832,267109,763413,3066,7823008,0.0,3066_20241231,1,1,0.06247023426675399,0.08432781568697921,10-100bn
686664,N,9075.0,20241231,824084,924650,824084,CLEAR FORK BANK NA,101579,141702,50333,124264,3067,656351,201282.0,3067_20241231,1,1,0.15079045340038152,0.21186796491619786,<1bn
140768,N,3950.0,20241231,200275,223895,200275,FIRST NB OF ANDERSON,41809,59658,20416,22868,3075,139456,0.0,3075_20241231,1,1,0.11418299837723131,0.21612283110722758,<1bn
8473621,NM,633746.0,20241231,15244551,17535258,15244551,INDEPENDENT BANK,1631620,6833628,156906,1043270,3076,13465358,1504783.0,3076_20241231,1,1,0.06843560036632106,0.07872819606166163,10-100bn
48047,N,0.0,20241231,64001,70829,64001,FIRST NATIONAL BANK OF ANSON,16052,16027,2502,8789,3078,42711,0.0,3078_20241231,1,1,0.13732597928157372,0.1764191184512742,<1bn
82955,N,29699.0,20241231,113634,115545,113634,FIRST NB OF ASPERMONT,61233,31154,0,12224,3079,37427,0.0,3079_20241231,1,1,0.10757343752750058,0.10757343752750058,<1bn
173231,N,62.0,20241231,238397,263653,238397,FIRST NB OF BALLINGER,55939,65300,9957,30250,3087,165368,0.0,3087_20241231,1,1,0.1268891806524411,0.1686556458344694,<1bn
573215,N,141815.0,20241231,915655,990367,915655,FIRST NB OF BASTROP,331951,344156,30600,71609,3091,554162,0.0,3091_20241231,1,1,0.07820521921466055,0.11162391948932732,<1bn
137489,N,3608.0,20241231,198752,225716,198752,CENDERA BANK NATIONAL ASSN,8487,61776,0,39483,3098,168974,0.0,3098_20241231,1,1,0.19865460473353727,0.19865460473353727,<1bn
537714,N,21386.0,20241231,748966,730918,748966,FIRST NB OF BELLVILLE,392867,215780,12606,63941,3099,241000,85644.0,3099_20241231,1,1,0.08537236670289439,0.1022035713236649,<1bn
266804,N,0.0,20241231,527104,570382,527104,STATE NB OF BIG SPRING,428309,261555,43429,33638,3103,92311,0.0,3103_20241231,1,1,0.06381662821758136,0.1462083383924235,<1bn
813772,N,155326.0,20241231,1033151,1138211,1033151,LEGEND BANK N A,217808,220876,0,20421,3108,798015,0.0,3108_20241231,1,1,0.019765745762236112,0.019765745762236112,1-10bn
93663,N,1629.0,20241231,145702,156880,145702,BRADY NATIONAL BANK,50253,52214,860,18592,3109,81007,9000.0,3109_20241231,1,1,0.1276029155399377,0.13350537398251225,<1bn
164124,N,16402.0,20241231,298070,322741,298070,COMMERCIAL NB OF BRADY,41255,134294,9058,17931,3110,249308,0.0,3110_20241231,1,1,0.06015701009829906,0.09054584493575335,<1bn
327103,N,21113.0,20241231,452661,494229,452661,BRENHAM NATIONAL BANK,203569,126247,42112,26089,3113,239303,0.0,3113_20241231,1,1,0.05763474211385562,0.15066683456273017,<1bn
408940,NM,1315.0,20241231,543219,658273,543219,FIRST BANK,9780,135216,0,49397,3121,572110,0.0,3121_20241231,1,1,0.0909338590881394,0.0909338590881394,<1bn
482763,N,26284.0,20241231,628140,706310,628140,CLASSIC BANK NATIONAL ASSN,79070,146438,994,17973,3126,570284,67157.0,3126_20241231,1,1,0.028613048046613812,0.030195497818957556,<1bn
387391,N,4447.0,20241231,546507,619533,546507,CITIZENS NATIONAL BANK,83561,160251,1994,91791,3127,421672,0.0,3127_20241231,1,1,0.16795942229468241,0.17160804893624418,<1bn
60717,NM,17068.0,20241231,73597,80264,73597,FIRST BANK OF CELESTE,30907,12977,8132,21262,3133,27618,0.0,3133_20241231,1,1,0.28889764528445455,0.39939127953585063,<1bn
170427,NM,16031.0,20241231,225488,256195,225488,CITIZENS BANK,19770,55873,3739,60526,3140,163352,0.0,3140_20241231,1,1,0.26842226637337685,0.28500408003973604,<1bn
148764,N,398.0,20241231,241725,295282,241725,CITY NB OF COLORADO CITY,4899,93153,4501,68459,3144,202557,0.0,3144_20241231,1,1,0.28321025959251217,0.30183059261557554,<1bn
40749,N,0.0,20241231,45537,52419,45537,FIRST NB IN COOPER,11822,4893,953,4063,3149,31834,0.0,3149_20241231,1,1,0.08922414739662253,0.11015218393833585,<1bn
44406,N,0.0,20241231,56561,69241,56561,CITIZENS NB OF CROSBYTON,3696,12629,0,47816,3158,16869,0.0,3158_20241231,1,1,0.8453881649900108,0.8453881649900108,<1bn
476443,N,1151.0,20241231,728481,857110,728481,TEXAS HERITAGE NATIONAL BANK,5545,253655,0,52913,3161,734170,248000.0,3161_20241231,1,1,0.07263470152275762,0.07263470152275762,<1bn
116981,NM,27420.0,20241231,148664,175074,148664,FARMERS&MERCHANTS BANK,42616,32078,5955,23484,3170,98990,0.0,3170_20241231,1,1,0.1579669590485928,0.19802373136737877,<1bn
252337,NM,1841.0,20241231,606693,751919,606693,BANK OF HOUSTON,11586,355023,0,84558,3178,634165,40331.0,3178_20241231,1,1,0.13937526887569165,0.13937526887569165,<1bn
101339,N,0.0,20241231,139135,166997,139135,FIRST NB OF EAGLE LAKE,17389,37953,0,36272,3179,100804,0.0,3179_20241231,1,1,0.260696445897869,0.260696445897869,<1bn
457368,NM,111273.0,20241231,854648,1061109,854648,MAPLEMARK BANK,131689,398361,0,70757,3182,810519,32881.0,3182_20241231,1,1,0.08279080978367702,0.08279080978367702,1-10bn
575882,N,3236.0,20241231,809440,925104,809440,NEWFIRST NATIONAL BANK,58865,233733,49983,147485,3183,681651,0.0,3183_20241231,1,1,0.18220621664360545,0.24395631547736707,<1bn
73598,N,0.0,20241231,80849,96630,80849,FIRST NB OF ELDORADO,7497,7339,4491,3464,3184,67195,7000.0,3184_20241231,1,1,0.04284530420908113,0.09839330109215946,<1bn
134847,N,245.0,20241231,163597,178908,163597,FIRST NATIONAL BANK OF EVANT,37626,29074,1883,23492,3190,113849,0.0,3190_20241231,1,1,0.14359676522185616,0.1551067562363613,<1bn
271523,N,178773.0,20241231,503408,588150,503408,FALLS CITY NATIONAL BANK,246541,232942,3996,194853,3193,142803,0.0,3193_20241231,1,1,0.38706774624161716,0.3950056415472142,<1bn
480637,NM,17383.0,20241231,658848,630022,658848,FAYETTEVILLE BANK,381239,181827,11556,100669,3195,120385,132383.0,3195_20241231,1,1,0.15279548545339744,0.17033519112147263,<1bn
119325,N,2509.0,20241231,162817,181231,162817,FIRST TEXAS NATIONAL BANK,21720,44480,11403,10570,3197,141545,10068.0,3197_20241231,1,1,0.06491951086188788,0.13495519509633516,<1bn
405201,N,21062.0,20241231,613784,693805,613784,TEXAS GULF BANK NA,184064,208847,4667,26296,3206,464769,0.0,3206_20241231,1,1,0.042842433168671715,0.0504460852677815,<1bn
780011,N,176872.0,20241231,1443373,1672692,1443373,MOODY NATIONAL BANK,368088,664443,0,45645,3210,1198707,0.0,3210_20241231,1,1,0.031623842208493576,0.031623842208493576,1-10bn
187640,N,22682.0,20241231,292036,332203,292036,FIRST NB OF GIDDINGS,72923,104948,0,9218,3217,234595,0.0,3217_20241231,1,1,0.03156460162445726,0.03156460162445726,<1bn
357110,N,35527.0,20241231,508258,557100,508258,FIRST NB OF EAST TEXAS,92645,152116,901,26766,3218,397961,0.0,3218_20241231,1,1,0.052662230599419976,0.0544349523273613,<1bn
272447,N,45313.0,20241231,320573,350116,320573,GILMER NB GILMER TEXAS,56120,48800,3979,13712,3219,244799,20556.0,3219_20241231,1,1,0.042773408864751554,0.05518555835956241,<1bn
311319,N,30397.0,20241231,419018,480604,419018,TITAN BANK N A,103246,120310,0,55164,3225,309886,2412.0,3225_20241231,1,1,0.1316506689450095,0.1316506689450095,<1bn
555118,SM,0.0,20241231,801881,914612,801881,CIERA BANK,56419,249508,0,186599,3226,625056,0.0,3226_20241231,1,1,0.23270161033869116,0.23270161033869116,<1bn
692088,N,0.0,20241231,844197,931270,844197,FIRST NB OF GRANBURY,290784,153518,55426,56796,3228,477632,0.0,3228_20241231,1,1,0.06727813531675664,0.13293342667647481,<1bn
286295,NM,37126.0,20241231,586633,657993,586633,GRANDVIEW BANK,69740,300637,0,113971,3230,448251,0.0,3230_20241231,1,1,0.1942798990169322,0.1942798990169322,<1bn
35379,N,893.0,20241231,41182,46882,41182,GRANGER NATIONAL BANK,18985,5870,4774,6683,3232,18767,0.0,3232_20241231,1,1,0.16227963673449566,0.27820406973920647,<1bn
33120,N,13.0,20241231,43441,51931,43441,STATE NATIONAL BANK,5348,10375,0,4683,3237,37344,0.0,3237_20241231,1,1,0.10780138578762,0.10780138578762,<1bn
56192,N,21878.0,20241231,78731,89855,78731,FIRST NB OF HEBBRONVILLE,51226,22740,0,3369,3248,26526,6963.0,3248_20241231,1,1,0.042791276625471546,0.042791276625471546,<1bn
2779810,N,128314.0,20241231,3817758,4297154,3817758,VERABANK NATIONAL ASSN,698886,1043825,0,569335,3250,2790086,0.0,3250_20241231,1,1,0.14912810083824066,0.14912810083824066,1-10bn
155148,N,93835.0,20241231,209637,219270,209637,CITIZENS NB OF HILLSBORO,129888,54743,36053,22689,3255,59950,5209.0,3255_20241231,1,1,0.10822994032541966,0.2802081693594165,<1bn
1013585,SI,342604.0,20241231,2244685,2476450,2244685,HORIZON BANK SSB,612882,1232229,53806,216761,3256,1499927,0.0,3256_20241231,1,1,0.09656633336080564,0.12053673455295509,1-10bn
206952,N,0.0,20241231,271688,303431,271688,FIRST NB OF HUGHES SPRINGS,28113,64803,0,32836,3268,223981,0.0,3268_20241231,1,1,0.12085922087099908,0.12085922087099908,<1bn
392348,N,42480.0,20241231,484322,557229,484322,FIRST NB OF HUNTSVILLE,169512,92340,103472,65645,3269,301516,0.0,3269_20241231,1,1,0.13553999198880085,0.34918298157011246,<1bn
192572,N,71029.0,20241231,268366,302690,268366,JACKSBORO NATIONAL BANK,130772,76708,0,8728,3275,147496,0.0,3275_20241231,1,1,0.03252274878337792,0.03252274878337792,<1bn
1906508,N,22405.0,20241231,2476958,2923289,2476958,AUSTIN BANK TEXAS NA,292715,578839,74200,167371,3276,2327883,0.0,3276_20241231,1,1,0.06757119014533149,0.09752728952206699,1-10bn
239253,N,145992.0,20241231,448415,491289,448415,KARNES CNTY NB OF KARNES CTY,215439,209339,28333,20864,3279,200974,500.0,3279_20241231,1,1,0.04652832755371698,0.1097131005876253,<1bn
3283989,N,712316.0,20241231,3613738,4123442,3613738,FIRST NATIONAL BANK TEXAS,1513154,332291,61098,319055,3285,2032169,0.0,3285_20241231,1,1,0.08828946647488002,0.10519661358958508,1-10bn
383901,N,92602.0,20241231,612599,699984,612599,KLEBERG BANK N A,149259,230135,9270,20779,3286,468933,0.0,3286_20241231,1,1,0.03391941547407031,0.04905166348622835,<1bn
151496,N,51131.0,20241231,181926,213956,181926,NATIONAL BANK&TRUST,77182,31090,0,9225,3289,117729,0.0,3289_20241231,1,1,0.050707430493717225,0.050707430493717225,<1bn
235104,N,0.0,20241231,369059,411460,369059,LAMESA NATIONAL BANK,250636,134592,4938,27863,3292,87502,0.0,3292_20241231,1,1,0.07549741369266161,0.08887738816828746,<1bn
134067,NM,0.0,20241231,207032,230585,207032,FIRST TEXAS BANK,98231,73136,0,41956,3293,84547,0.0,3293_20241231,1,1,0.20265466208122415,0.20265466208122415,<1bn
260906,SM,45471.0,20241231,419621,481096,419621,FIRST LIBERTY BANK,89021,158862,897,42987,3301,323788,0.0,3301_20241231,1,1,0.10244244210847407,0.104580085362744,<1bn
168808,N,4725.0,20241231,250843,293534,250843,TEXANA BANK NATIONAL ASSN,10690,82694,5711,5351,3302,262765,17603.0,3302_20241231,1,1,0.021332068265807698,0.04409929716994295,<1bn
21912,N,0.0,20241231,24474,26971,24474,FIRST NATIONAL BANK OF LIPAN,6250,2566,3250,9142,3303,7839,0.0,3303_20241231,1,1,0.37353926616000654,0.5063332516139577,<1bn
314765,N,15041.0,20241231,394931,451521,394931,FIRST NB OF LIVINGSTON,223836,81079,0,12074,3305,199156,0.0,3305_20241231,1,1,0.030572429107869475,0.030572429107869475,<1bn
97743,N,14011.0,20241231,137675,156270,137675,BIG BEND BANKS N A,107845,39968,0,22036,3320,20545,0.0,3320_20241231,1,1,0.16005810786272018,0.16005810786272018,<1bn
1040203,N,65162.0,20241231,1357407,1555242,1357407,FIRST NB OF CENTRAL TEXAS,101187,318963,1490,217584,3325,1173237,0.0,3325_20241231,1,1,0.1602938543856043,0.16139153547904203,1-10bn
101216,SM,35949.0,20241231,120710,139516,120710,MASON BANK,63946,19792,0,6548,3327,65701,0.0,3327_20241231,1,1,0.054245712865545526,0.054245712865545526,<1bn
658418,N,34505.0,20241231,868081,977658,868081,FIRST NB OF MCGREGOR,77000,212335,8104,106301,3330,735158,187269.0,3330_20241231,1,1,0.12245516259427404,0.13179069695109097,<1bn
44848,NM,0.0,20241231,57363,67305,57363,FIRST BANK&TRUST OF MEMPHIS,15821,12797,14039,1221,3335,45612,0.0,3335_20241231,1,1,0.021285497620417343,0.26602513815525686,<1bn
41986,SM,0.0,20241231,79914,84010,79914,MENARD BANK,63231,37955,2121,7919,3336,10423,0.0,3336_20241231,1,1,0.09909402607803389,0.12563505768701355,<1bn
453234,N,42844.0,20241231,803810,955480,803810,TEXAS NATIONAL BANK,129031,352329,84036,129778,3337,618617,373.0,3337_20241231,1,1,0.16145357733792812,0.26600067180054987,<1bn
161515,N,0.0,20241231,467076,533591,467076,FIRST NB OF MERTZON,254705,306130,163168,205854,3339,69297,0.0,3339_20241231,1,1,0.4407291318757547,0.790068425695176,<1bn
162119,N,18509.0,20241231,218678,247793,218678,INCOMMONS BANK N A,45393,56800,1906,18316,3342,170724,0.0,3342_20241231,1,1,0.08375785401366392,0.09247386568379078,<1bn
38033,N,5060.0,20241231,46026,57331,46026,FIRST NATIONAL BANK OF MOODY,17035,8035,2433,16935,3351,17900,9676.0,3351_20241231,1,1,0.367944205449094,0.4208056315995307,<1bn
104848,NM,28604.0,20241231,130758,147944,130758,NORMANGEE STATE BANK,46070,26109,0,9846,3368,79479,0.0,3368_20241231,1,1,0.07529940806681044,0.07529940806681044,<1bn
212558,NM,27067.0,20241231,278066,316341,278066,OZONA BANK,147058,65611,32494,24233,3376,130655,0.0,3376_20241231,1,1,0.08714837484625952,0.20400552386843412,<1bn
248226,N,18577.0,20241231,388054,437874,388054,LIBERTY NB IN PARIS,84965,140658,43265,21251,3384,305864,29201.0,3384_20241231,1,1,0.05476299690249295,0.16625521190349796,<1bn
1096563,NM,171633.0,20241231,1607325,1844133,1607325,FIRSTBANK SOUTHWEST,302106,515846,0,139910,3387,1329913,164482.0,3387_20241231,1,1,0.08704524598323302,0.08704524598323302,1-10bn
78358,N,32473.0,20241231,160623,185828,160623,PERRYTON NATIONAL BANK,85223,83147,3938,6506,3388,88232,0.0,3388_20241231,1,1,0.04050478449537115,0.06502182128337784,<1bn
569457,SM,107623.0,20241231,936870,1032415,936870,POINTBANK,442324,369056,0,34187,3389,536163,36231.0,3389_20241231,1,1,0.0364906550535293,0.0364906550535293,1-10bn
71549,SM,0.0,20241231,94996,104434,94996,FIRST CAPITAL BANK,989,23680,989,7440,3399,78998,0.0,3399_20241231,1,1,0.07831908711945766,0.08873005179165439,<1bn
258868,N,1004.0,20241231,369664,495038,369664,TEXAS REPUBLIC BANK NA,1004,111309,0,81182,3400,394524,0.0,3400_20241231,1,1,0.21961024065096954,0.21961024065096954,<1bn
95543,N,0.0,20241231,125442,142001,125442,FIRST NB OF QUITAQUE,21728,30466,11007,52454,3401,62033,0.0,3401_20241231,1,1,0.41815340954385294,0.5058991406387016,<1bn
2243639,SM,155718.0,20241231,4130341,4553595,4130341,VANTAGE BANK TEXAS,180421,1891940,5738,931801,3405,3264360,0.0,3405_20241231,1,1,0.22559904860155613,0.2269882801444239,1-10bn
2531119,SM,275953.0,20241231,5014531,6038088,5014531,WESTAMERICA BANK,4240444,2491108,4955,602638,3430,805520,0.0,3430_20241231,1,1,0.12017833771493286,0.12116646601646296,1-10bn
1026514,NM,365031.0,20241231,1701186,1891283,1701186,FIRST NORTHERN BANK OF DIXON,633853,675887,105545,135522,3440,1046852,9999.0,3440_20241231,1,1,0.07966324669965541,0.14170525739102013,1-10bn
1186899000,N,502360000.0,20241231,1926068000,2589060000,2055465000,BANK OF AMERICA NA,886098000,821914000,339305000,271902000,3510,1084434000,91730000.0,3510_20241231,1,1,0.1411694706521265,0.3173340712788957,>=100bn
812243000,N,316837000.0,20241231,1416882000,1705538000,1435051000,WELLS FARGO BANK NA,391460000,652746000,24530000,202184000,3511,865296000,99386000.0,3511_20241231,1,1,0.14269642779003475,0.16000909038296768,>=100bn
257941,N,606.0,20241231,316885,351370,316885,FIRST NB OF MOUNT DORA,202725,59788,1989,6236,3579,118055,13526.0,3579_20241231,1,1,0.019679063382615145,0.0259557883774871,<1bn
104167,N,7706.0,20241231,134681,146917,134681,FIRST NB OF ARENZVILLE,26068,30957,7315,17570,3599,98805,0.0,3599_20241231,1,1,0.13045641181755407,0.1847699378531493,<1bn
18433,N,95.0,20241231,20735,22852,20735,FIRST NB OF ASSUMPTION,6518,2331,249,8805,3600,6231,0.0,3600_20241231,1,1,0.42464432119604534,0.43665300217024355,<1bn
57883,N,5109.0,20241231,63294,72754,63294,ATLANTA NATIONAL BANK,33593,5483,4791,3249,3601,32889,0.0,3601_20241231,1,1,0.05133187979903309,0.12702625841311974,<1bn
3687179,N,485662.0,20241231,4846769,5647659,4846769,OLD SECOND NATIONAL BANK,1161701,1162973,194143,99329,3603,3939273,0.0,3603_20241231,1,1,0.020493858898577588,0.0605500282765694,1-10bn
486444,N,31744.0,20241231,560929,629695,560929,MIDAMERICA NATIONAL BANK,138292,74870,9716,13366,3612,442362,12760.0,3612_20241231,1,1,0.02382832764931034,0.04114959290748027,<1bn
327803,NM,38085.0,20241231,431828,478310,431828,CASEY STATE BANK,62931,104772,0,16653,3614,365333,0.0,3614_20241231,1,1,0.03856396528247358,0.03856396528247358,<1bn
292065,N,62793.0,20241231,382777,387304,382777,FIRST NATIONAL BANK&TRUST CO,223584,91722,14697,9559,3639,118988,95000.0,3639_20241231,1,1,0.024972764821292816,0.06336848870229925,<1bn
2253981,NM,1120408.0,20241231,5046244,7389795,5046244,FIRST AMERICAN BANK,3906489,2795392,271781,159204,3657,2958611,0.0,3657_20241231,1,1,0.03154900952074454,0.08540708693436148,1-10bn
197594,N,0.0,20241231,334951,374097,334951,UNION NB&T CO OF ELGIN,13551,137553,13551,49473,3661,308071,0.0,3661_20241231,1,1,0.1477022012174915,0.188158865028019,<1bn
1781424,N,34088.0,20241231,2176730,2411933,2176730,INB NATIONAL ASSN,125559,399430,49360,278869,3664,1940799,725067.0,3664_20241231,1,1,0.12811373022837008,0.15078994638747112,1-10bn
199400,N,88.0,20241231,329269,382958,329269,GRAND RIDGE NATIONAL BANK,88,130344,0,79730,3674,296505,30857.0,3674_20241231,1,1,0.24214244280512287,0.24214244280512287,<1bn
177281,N,11343.0,20241231,218495,299847,218495,HAVANA NATIONAL BANK,70234,41273,995,9385,3677,199626,0.0,3677_20241231,1,1,0.04295292798462207,0.047506807936108376,<1bn
60977,N,0.0,20241231,93463,100411,93463,FIRST NATIONAL BANK OF LACON,22204,32534,450,17331,3688,58917,0.0,3688_20241231,1,1,0.18543166814675327,0.19024640766934509,<1bn
212913,N,0.0,20241231,284110,324155,284110,HOMETOWN NATIONAL BANK,134613,71854,64071,29605,3691,152619,505.0,3691_20241231,1,1,0.10420259758544226,0.32971736299320686,<1bn
41185,N,39277.0,20241231,45870,52444,45870,LEMONT NATIONAL BANK,39277,4739,0,4891,3693,4481,0.0,3693_20241231,1,1,0.1066274253324613,0.1066274253324613,<1bn
84161,NM,7410.0,20241231,110812,126245,110812,FIRST SECURITY BANK,14503,26767,0,10847,3698,92263,0.0,3698_20241231,1,1,0.09788651048622893,0.09788651048622893,<1bn
612673,N,36735.0,20241231,759494,812982,759494,RESOURCE BANK NATIONAL ASSN,237418,147111,23822,37991,3701,508275,0.0,3701_20241231,1,1,0.050021461657366616,0.08138708139893139,<1bn
180756,SM,0.0,20241231,239395,261024,239395,FIRST BANK OF MANHATTAN,88777,59152,14769,23496,3702,144518,0.0,3702_20241231,1,1,0.09814741327095386,0.1598404310866977,<1bn
4462838,N,526510.0,20241231,6099695,7461415,6099695,FIRST MID B&T NA,1065843,1640902,0,119961,3705,5602280,143182.0,3705_20241231,1,1,0.01966672104097008,0.01966672104097008,1-10bn
397897,SM,105924.0,20241231,539093,677013,539093,MIDWEST BANK,205591,141865,0,13716,3711,399706,53477.0,3711_20241231,1,1,0.0254427343705075,0.0254427343705075,<1bn
230087,SM,0.0,20241231,300121,348576,300121,GRUNDY BANK,38843,70211,38843,52156,3713,243946,0.0,3713_20241231,1,1,0.1737832407595603,0.30320770622515586,<1bn
860507,N,140557.0,20241231,1514986,1717868,1514986,AMERICAN COMMERCIAL B&T NA,186927,449768,4426,29550,3719,1427495,382455.0,3719_20241231,1,1,0.01950513074048209,0.022426609882863605,1-10bn
239971,N,15194.0,20241231,300774,337682,300774,FIRST NATIONAL BANK OF PANA,35213,62205,0,30817,3720,256986,0.0,3720_20241231,1,1,0.10245898914134866,0.10245898914134866,<1bn
436587,NM,67381.0,20241231,601771,724909,601771,PROSPECT BANK,176108,166130,0,8249,3722,498089,125999.0,3722_20241231,1,1,0.01370787226370164,0.01370787226370164,<1bn
484908,N,59225.0,20241231,623361,885607,623361,FARMERS NATIONAL BANK,296544,140106,0,31555,3732,484748,0.0,3732_20241231,1,1,0.05062074784915964,0.05062074784915964,<1bn
82640,NM,0.0,20241231,104093,111371,104093,FIRST CMTY BK MOULTRIE CNTY,45298,21539,0,10152,3745,50432,0.0,3745_20241231,1,1,0.09752817192318408,0.09752817192318408,<1bn
350330,N,30030.0,20241231,524342,643763,524342,FIRST NEIGHBOR BANK NA,58719,174687,0,24613,3747,515765,15994.0,3747_20241231,1,1,0.04694073715246919,0.04694073715246919,<1bn
124316,N,7479.0,20241231,152429,171487,152429,FIRST NB IN TREMONT,31866,28316,1986,7806,3749,119843,0.0,3749_20241231,1,1,0.051210727617448125,0.06423974440559212,<1bn
165515,N,25352.0,20241231,205710,234579,205710,ANNA-JONESBORO NATIONAL BANK,120883,40404,493,11629,3759,92728,10.0,3759_20241231,1,1,0.05653103884108697,0.058927616547566966,<1bn
54156,N,14170.0,20241231,67309,74541,67309,FIRST NATIONAL BANK OF AVA,32365,13245,0,1653,3761,36089,0.0,3761_20241231,1,1,0.024558380008616976,0.024558380008616976,<1bn
129708,NM,1946.0,20241231,151225,178587,151225,GREAT RIVERS BANK,17136,22132,2690,9739,3762,144789,0.0,3762_20241231,1,1,0.06440072739295752,0.08218879153579103,<1bn
44400,N,9690.0,20241231,50458,55494,50458,FIRST NB OF BROWNSTOWN,23974,6168,238,9106,3770,20837,0.0,3770_20241231,1,1,0.18046692298545325,0.18518371715089776,<1bn
1004250,N,133008.0,20241231,1446891,1755097,1446891,CNB BANK&TRUST N A,369856,449605,0,15472,3775,1274289,12003.0,3775_20241231,1,1,0.010693272679144454,0.010693272679144454,1-10bn
388307,N,33113.0,20241231,518093,589709,518093,FIRST NATIONAL BANK OF CARMI,61206,130313,0,39355,3777,453422,0.0,3777_20241231,1,1,0.0759612656414968,0.0759612656414968,<1bn
779278,SM,175140.0,20241231,1156132,1358488,1156132,DIETERICH BANK,369001,380038,0,39065,3787,842394,2.0,3787_20241231,1,1,0.033789394290617336,0.033789394290617336,1-10bn
394531,N,49533.0,20241231,443743,642155,443743,FAIRFIELD NATIONAL BANK,178581,50225,7077,48130,3792,359916,28000.0,3792_20241231,1,1,0.10846368280739077,0.12441210340219451,<1bn
366653,N,79985.0,20241231,515186,623834,515186,BRADFORD NB OF GREENVILLE,279628,148924,13720,21736,3799,268872,20560.0,3799_20241231,1,1,0.04219058747714418,0.06882174593253698,<1bn
45109,SM,0.0,20241231,55961,65977,55961,KINMUNDY BANK,15285,10936,3382,2411,3805,45394,221.0,3805_20241231,1,1,0.043083576061900254,0.10351852182770144,<1bn
77907,N,7034.0,20241231,108998,127478,108998,FIRST NB OF LITCHFIELD,21389,31328,0,1186,3807,100987,0.0,3807_20241231,1,1,0.010880933595111837,0.010880933595111837,<1bn
99156,N,7006.0,20241231,115991,131635,115991,LITCHFIELD NATIONAL BANK,37250,17107,0,10063,3808,79633,0.0,3808_20241231,1,1,0.08675673112569078,0.08675673112569078,<1bn
1221282,N,48554.0,20241231,1707120,1909389,1707120,PEOPLES NATIONAL BANK N A,86276,487570,14934,91944,3809,1639166,111514.0,3809_20241231,1,1,0.053859131168283426,0.06260719808800787,1-10bn
245722,N,23618.0,20241231,347698,437974,347698,CITY NB OF METROPOLIS,175620,102764,0,25720,3814,220225,19351.0,3814_20241231,1,1,0.07397224027748218,0.07397224027748218,<1bn
69586,NM,2054.0,20241231,77381,83206,77381,FIRST B&T CO OF MURPHYSBORO,18209,7967,0,2849,3818,56791,0.0,3818_20241231,1,1,0.036817823496724,0.036817823496724,<1bn
184867,N,39045.0,20241231,237556,259930,237556,FARMERS&MERCHANTS NB NASHVIL,67142,52796,0,6193,3821,174677,0.0,3821_20241231,1,1,0.026069642526393776,0.026069642526393776,<1bn
48247,N,0.0,20241231,57249,67279,57249,FIRST NB OF OKAWVILLE,36809,9124,136,3264,3826,24954,0.0,3826_20241231,1,1,0.05701409631609286,0.059389683662596726,<1bn
67055,N,12817.0,20241231,75981,86199,75981,OLD EXCHANGE NB OF OKAWVILLE,39400,9229,2361,7287,3827,38191,0.0,3827_20241231,1,1,0.09590555533620247,0.12697911319935248,<1bn
133636,N,34274.0,20241231,155294,174410,155294,FIRST NB OF RAYMOND,80461,21725,0,3896,3830,85830,0.0,3830_20241231,1,1,0.025087897793861964,0.025087897793861964,<1bn
23413974,N,6164069.0,20241231,41131782,53244673,41131782,OLD NATIONAL BANK,10425017,19570494,199013,1223947,3832,35927848,1505077.0,3832_20241231,1,1,0.029756721943143626,0.034595145914174105,10-100bn
69710,N,5414.0,20241231,90269,106874,90269,MIDWEST NATIONAL BANK,12685,20951,0,2634,3834,83401,3650.0,3834_20241231,1,1,0.029179452525230146,0.029179452525230146,<1bn
62032,N,18218.0,20241231,93032,103103,93032,FIRST NB OF SPARTA,42826,31093,3424,9487,3837,43114,3000.0,3837_20241231,1,1,0.10197566428755697,0.13878020466076188,<1bn
311249,SM,52577.0,20241231,416649,469275,416649,FNB COMMUNITY BANK,168694,106841,5739,8021,3840,261965,0.0,3840_20241231,1,1,0.019251216251569066,0.03302540027697174,<1bn
640434,N,48319.0,20241231,775203,931031,775203,FIRST NB OF WATERLOO,280439,136093,996,41496,3842,515430,0.0,3842_20241231,1,1,0.0535292046083413,0.054814029357471525,<1bn
198352,SM,3021.0,20241231,226496,269334,226496,COMMUNITY 1ST BK HEARTLAND,30051,28278,3871,8079,3846,214122,0.0,3846_20241231,1,1,0.0356695040972026,0.05276031364792314,<1bn
42743,SM,0.0,20241231,48099,55306,48099,FIRST CMTY BANK XENIA-FLORA,17959,5459,3139,2274,3850,29810,0.0,3850_20241231,1,1,0.04727749017651094,0.11253872221875715,<1bn
186800,SM,0.0,20241231,264499,300557,264499,BANK OF 1889,15940,78232,15940,14155,3854,239496,0.0,3854_20241231,1,1,0.05351627038287479,0.11378114851095845,<1bn
383553,N,26321.0,20241231,500104,563705,500104,FIRST NB OF EASTERN ARKANSAS,154662,117022,44354,74378,3863,320479,0.0,3863_20241231,1,1,0.1487250651864412,0.23741461775950604,<1bn
1264812,N,82598.0,20241231,1884935,2190635,1884935,FIRST NB OF FORT SMITH,339449,622437,178290,187501,3864,1499613,0.0,3864_20241231,1,1,0.09947345664439357,0.1940602726353959,1-10bn
804277,SM,70239.0,20241231,966322,1064233,966322,ANSTAFF BANK,188563,164377,6578,16887,3869,763880,540.0,3869_20241231,1,1,0.01747554127920093,0.024282796003816533,1-10bn
267085,SM,125979.0,20241231,418722,480848,418722,EAGLE BANK&TRUST CO,244396,152234,8987,9617,3873,189861,0.0,3873_20241231,1,1,0.0229675058869608,0.04443043355734831,<1bn
1291177,N,5269.0,20241231,2053854,2472253,2053854,FIRST NATIONAL BANK,169562,770090,0,186543,3887,1937738,127260.0,3887_20241231,1,1,0.0908258328001893,0.0908258328001893,1-10bn
14590848,SM,2115014.0,20241231,22172718,26843102,22172718,SIMMONS BANK,6186127,8467290,996,687461,3890,16782338,3297665.0,3890_20241231,1,1,0.031004814114354406,0.03104973418234066,10-100bn
193959,N,28982.0,20241231,265047,287095,265047,FIRST NB OF COMMERCE,122820,71590,29810,19292,3896,124298,0.0,3896_20241231,1,1,0.07278709059148,0.1852577090101001,<1bn
114657,N,35893.0,20241231,138267,161132,138267,FIRST NB&T CO OF BOTTINEAU,65891,24063,8409,6213,3902,85223,0.0,3902_20241231,1,1,0.044934800060752025,0.10575191477359022,<1bn
51105,NM,10559.0,20241231,57155,64086,57155,HEARTLAND STATE BANK,16364,6363,977,3525,3919,39437,0.0,3919_20241231,1,1,0.06167439419123436,0.07876826174437931,<1bn
2924338,N,661051.0,20241231,4427435,5252917,4427435,ALERUS FINANCIAL NA,864032,1512411,0,61239,3931,3949123,0.0,3931_20241231,1,1,0.013831710685758232,0.013831710685758232,1-10bn
38174,NM,15.0,20241231,53726,61505,53726,ASPIRE BANK,15,15747,0,1690,3934,54349,0.0,3934_20241231,1,1,0.03145590589286379,0.03145590589286379,<1bn
2705415,NM,517552.0,20241231,3960264,4684374,3960264,FIRST BANK&TRUST,776353,1276325,0,93711,3973,3517481,140643.0,3973_20241231,1,1,0.023662816418299384,0.023662816418299384,1-10bn
72751,N,41102.0,20241231,99471,109734,99471,DNB NATIONAL BANK,72643,26909,7400,3666,3977,28151,5398.0,3977_20241231,1,1,0.036854962752963176,0.11124850458927728,<1bn
18619,N,6843.0,20241231,29518,32462,29518,FIRST NB OF FREDERICK,12033,10959,4593,9272,3985,9180,0.0,3985_20241231,1,1,0.31411342231858524,0.4697133952164781,<1bn
242270,N,86496.0,20241231,376125,425137,376125,FIRST NB IN PHILIP,90123,134601,0,81179,3999,235258,20404.0,3999_20241231,1,1,0.21582984380192755,0.21582984380192755,<1bn
957041,NM,218685.0,20241231,1508035,1806645,1508035,BANKWEST INC,440263,553185,14963,23672,4009,1223339,107685.0,4009_20241231,1,1,0.01569724840603832,0.025619431909736843,1-10bn
1006407,N,355466.0,20241231,1638292,1956623,1638292,FIRST NB IN SIOUX FALLS,387643,635349,111,77767,4016,1396348,74841.0,4016_20241231,1,1,0.04746833897742283,0.04753609246703274,1-10bn
1775351,N,182918.0,20241231,2633781,2916496,2633781,FIRST DAKOTA NATIONAL BANK,319597,863939,0,40532,4028,2394132,40000.0,4028_20241231,1,1,0.01538928255614267,0.01538928255614267,1-10bn
633886,SM,73512.0,20241231,801439,968699,801439,VISION BANK,187582,168858,0,20402,4029,673853,0.0,4029_20241231,1,1,0.02545670974334915,0.02545670974334915,<1bn
309265,SM,39136.0,20241231,338275,372679,338275,FRAZER BANK,63400,29513,0,43346,4031,231925,141976.0,4031_20241231,1,1,0.1281383489764245,0.1281383489764245,<1bn
446462,NM,29106.0,20241231,816005,906473,816005,NBC OKLAHOMA,107373,371094,12514,88475,4032,674150,0.0,4032_20241231,1,1,0.1084245807317357,0.12376027107677036,<1bn
213343,N,34096.0,20241231,253758,267601,253758,BANCCENTRAL NATIONAL ASSN,103625,41069,4898,61549,4033,79117,5970.0,4033_20241231,1,1,0.24254998857178886,0.26185184309460197,<1bn
391459,N,71124.0,20241231,531527,662296,531527,FIRST NB&T CO OF ARDMORE,200387,141467,0,9523,4037,409648,0.0,4037_20241231,1,1,0.017916305286467104,0.017916305286467104,<1bn
93746,NM,10644.0,20241231,162822,179047,162822,FIRST SECURITY BANK,18302,69204,0,3758,4041,126752,0.0,4041_20241231,1,1,0.02308041910798295,0.02308041910798295,<1bn
486731,NM,200.0,20241231,558297,618497,558297,LEGACY BANK,184365,72174,153416,33791,4042,372315,0.0,4042_20241231,1,1,0.06052513268027591,0.33531794009281796,<1bn
556320,NM,6298.0,20241231,671819,759984,671819,SPIRITBANK,96829,116269,23995,35050,4048,603788,143394.0,4048_20241231,1,1,0.052171790318523294,0.08788825561646813,<1bn
117386,NM,0.0,20241231,171174,196828,171174,FIRST ENTERPRISE BANK,0,53962,0,19766,4049,172754,3341.0,4049_20241231,1,1,0.11547314428593128,0.11547314428593128,<1bn
147787,N,856.0,20241231,198096,233984,198096,FIRST NB&T CO BROKEN ARROW,23003,50420,16217,10900,4050,188580,0.0,4050_20241231,1,1,0.055023826831435266,0.1368881754300945,<1bn
52046,SM,4984.0,20241231,60272,66503,60272,ALLNATIONS BANK,13634,8360,0,2660,4051,40085,8968.0,4051_20241231,1,1,0.04413326254313778,0.04413326254313778,<1bn
51998,NM,3752.0,20241231,74042,91831,74042,FARMERS BANK,4532,22267,0,3462,4054,80270,14000.0,4054_20241231,1,1,0.046757245887469275,0.046757245887469275,<1bn
114073,N,0.0,20241231,132031,161085,132031,PEOPLES NB OF CHECOTAH,85062,18126,11959,16123,4059,46007,0.0,4059_20241231,1,1,0.1221152608099613,0.21269247373722838,<1bn
84369,NM,6832.0,20241231,112994,137577,112994,ACB BANK,17805,27035,0,2792,4061,100116,0.0,4061_20241231,1,1,0.024709276598757456,0.024709276598757456,<1bn
572614,N,36788.0,20241231,854194,1017488,854194,FIRST NB&T CO CHICKASHA OK,441258,282774,0,13378,4062,497468,58508.0,4062_20241231,1,1,0.015661547610964253,0.015661547610964253,1-10bn
19726783,SB,4108565.0,20241231,24814986,39086938,24814986,MIDFIRST BANK,4569342,5116916,191699,554539,4063,31954275,2573880.0,4063_20241231,1,1,0.02234693986931929,0.030072070159539884,10-100bn
83002,NM,21190.0,20241231,178996,204867,178996,OKLAHOMA BANK&TRUST CO,106210,96374,50553,26342,4067,69722,0.0,4067_20241231,1,1,0.1471652997832354,0.42959060537665644,<1bn
73991,SM,10765.0,20241231,101608,111283,101608,FNB COWETA,45800,27661,3466,6134,4071,57426,0.0,4071_20241231,1,1,0.06036926226281395,0.09448074954727974,<1bn
60312,SM,3285.0,20241231,64958,76146,64958,SOUTHWEST BK OF WEATHERFORD,9382,4681,0,17551,4076,43869,0.0,4076_20241231,1,1,0.27018996890298347,0.27018996890298347,<1bn
300621,SM,5320.0,20241231,343918,406080,343918,CITIZENS BANK OF EDMOND,12123,43486,4499,34730,4084,334122,0.0,4084_20241231,1,1,0.10098337394378892,0.1140649806058421,<1bn
240413,N,48386.0,20241231,286302,311759,286302,FIRST NATIONAL BANK&TRUST,131384,47228,9434,19288,4086,152057,12797.0,4086_20241231,1,1,0.06736942110079566,0.10032064044260955,<1bn
326987,SM,0.0,20241231,372648,411485,372648,BANK OF WESTERN OKLAHOMA,28842,47352,0,39993,4087,318404,0.0,4087_20241231,1,1,0.10732111805242481,0.10732111805242481,<1bn
3267808,N,63085.0,20241231,3598078,3928318,3598078,STRIDE BANK NATIONAL ASSN,220662,333471,152341,332142,4091,3319322,0.0,4091_20241231,1,1,0.09231095045743866,0.1346504995166864,1-10bn
68520,NM,96.0,20241231,85886,101790,85886,FIRST BANK,3853,17428,492,8625,4092,62263,0.0,4092_20241231,1,1,0.10042381761870386,0.10615234147590993,<1bn
56445,SM,7225.0,20241231,94331,102363,94331,BANK OF EUFAULA,52445,37898,5774,8081,4094,26231,0.0,4094_20241231,1,1,0.08566642991169393,0.14687642450519978,<1bn
75377,N,20884.0,20241231,113219,125570,113219,FARMERS&MERCHANTS NB FAIRVIE,56418,38117,0,3724,4097,47650,0.0,4097_20241231,1,1,0.03289200575875074,0.03289200575875074,<1bn
17078,N,749.0,20241231,19521,21497,19521,FIRST NB OF FLETCHER,10916,2457,949,4115,4098,3649,0.0,4098_20241231,1,1,0.21079862711951233,0.2594129399108652,<1bn
79021,N,514.0,20241231,89520,101755,89520,FIRST NATIONAL BANK,9882,10738,5955,14194,4111,72703,0.0,4111_20241231,1,1,0.1585567470956211,0.22507819481680072,<1bn
36299,SM,7841.0,20241231,40673,43184,40673,1ST BANK IN HOMINY,20503,4450,4091,5255,4122,16307,2000.0,4122_20241231,1,1,0.12920118997860988,0.22978388611609668,<1bn
58485,N,0.0,20241231,75595,88874,75595,FIRST NB OF HOOKER,25187,17218,0,2469,4123,56654,0.0,4123_20241231,1,1,0.032660890270520535,0.032660890270520535,<1bn
280975,N,2945.0,20241231,343815,428259,343815,CITY NB&T CO OF LAWTON OK,60073,63537,4744,16973,4132,312747,6667.0,4132_20241231,1,1,0.0493666652123962,0.06316478338641421,<1bn
17775,NM,0.0,20241231,20607,22545,20607,FARMERS&MERCHANTS BANK,3732,2846,3482,3236,4144,12991,0.0,4144_20241231,1,1,0.1570340175668462,0.32600572620954044,<1bn
356309,N,21529.0,20241231,480242,549774,480242,FIRST NB&T CO OF MCALESTER,151684,124587,94681,19800,4145,342126,0.0,4145_20241231,1,1,0.04122921360480757,0.2383818991258574,<1bn
312256,N,64303.0,20241231,418657,455971,418657,BANK NATIONAL ASSN,163212,106837,0,11460,4146,239959,0.0,4146_20241231,1,1,0.027373243490494605,0.027373243490494605,<1bn
1162526,SM,30196.0,20241231,1515511,1738797,1515511,BANK 7,59941,354168,5326,240915,4147,1379465,336662.0,4147_20241231,1,1,0.15896618368325932,0.16248050987422724,1-10bn
89580,N,0.0,20241231,175687,202027,175687,FIRST NB&T CO OF MIAMI,68678,86112,61823,11272,4148,111965,0.0,4148_20241231,1,1,0.06415955648397434,0.4160524113907119,<1bn
1103809,NM,79223.0,20241231,1506276,1679821,1506276,REGENT BANK,167771,404351,7225,82704,4160,1362162,300585.0,4160_20241231,1,1,0.054906272157293885,0.059702869859175875,1-10bn
187080,N,24123.0,20241231,250289,281678,250289,PATRONS BANK NATIONAL ASSN,92888,63421,2829,9931,4170,162658,0.0,4170_20241231,1,1,0.03967813207931631,0.05098106588783367,<1bn
223394,N,35198.0,20241231,300003,325253,300003,PAULS VALLEY NATIONAL BANK,94850,77257,0,11524,4173,196329,0.0,4173_20241231,1,1,0.03841294920384129,0.03841294920384129,<1bn
523138,SM,15212.0,20241231,775785,874599,775785,SECURITY BANK,30456,254563,969,96792,4178,735958,21063.0,4178_20241231,1,1,0.12476652680832963,0.12601558421469866,<1bn
293189,SM,0.0,20241231,410675,458913,410675,FIRST PRYORITY BANK,41126,118169,1186,14880,4185,365570,0.0,4185_20241231,1,1,0.03623303098557253,0.03912095939611615,<1bn
211068,NM,269.0,20241231,248126,276273,248126,MCCLAIN BANK,25013,37201,8858,59424,4187,177386,1103.0,4187_20241231,1,1,0.23949122623183383,0.2751908304651669,<1bn
814515,SM,317535.0,20241231,1210990,1496664,1210990,AMERICAN HERITAGE BANK,732964,400778,114198,217426,4190,492449,0.0,4190_20241231,1,1,0.17954400944681626,0.27384536618799493,1-10bn
110997,NM,20845.0,20241231,175287,191891,175287,SEILING STATE BANK,48095,64644,0,4114,4193,128674,30764.0,4193_20241231,1,1,0.023470080496557074,0.023470080496557074,<1bn
106044,N,2927.0,20241231,129147,144591,129147,SNB BANK NATIONAL ASSN,12028,23578,0,4892,4196,108465,26962.0,4196_20241231,1,1,0.037879315818408484,0.037879315818408484,<1bn
198032,SM,33362.0,20241231,307413,361750,307413,ANCHOR D BANK,102335,110848,26190,8974,4208,229156,690.0,4208_20241231,1,1,0.02919199903712595,0.11438683464915277,<1bn
35376,SM,449.0,20241231,42337,49735,42337,FIRST BANK OF THOMAS,5200,6986,919,15552,4209,23951,0.0,4209_20241231,1,1,0.36733826204029574,0.3890450433427026,<1bn
580660,N,11448.0,20241231,716736,828637,716736,FIRST NB OF OKLAHOMA,50543,138643,7366,81311,4211,664954,139769.0,4211_20241231,1,1,0.11344623403875347,0.1237233793195821,<1bn
18832128,N,13751677.0,20241231,38532406,49465723,38532406,BOKF NATIONAL ASSN,14877687,20352293,945,1415615,4214,23867879,2102592.0,4214_20241231,1,1,0.03673829762927339,0.03676282244093452,10-100bn
41860,NM,5063.0,20241231,56552,63973,56552,COMMUNITY BANK OF OKLAHOMA,18240,14754,8947,2070,4217,38381,0.0,4217_20241231,1,1,0.036603479983024476,0.19481185457631914,<1bn
29868,N,16594.0,20241231,49373,56387,49373,FIRST FARMERS NB OF WAURIKA,27144,19608,0,9359,4222,18866,0.0,4222_20241231,1,1,0.18955704534867235,0.18955704534867235,<1bn
201315,SM,47071.0,20241231,254335,288765,254335,FIRST BETHANY BANK&TRUST,96718,53404,3503,6381,4228,169067,3000.0,4228_20241231,1,1,0.025088957477342876,0.03886213065445181,<1bn
67875,NM,1742.0,20241231,98317,111450,98317,STATE BANK OF WYNNEWOOD,42755,30799,4997,16166,4232,49537,0.0,4232_20241231,1,1,0.16442731165515628,0.21525270299134433,<1bn
152424,NM,844.0,20241231,200156,226397,200156,YNB,75629,48158,3821,10049,4235,127400,5000.0,4235_20241231,1,1,0.05020583944523272,0.06929594915965546,<1bn
303699,N,60003.0,20241231,400392,448262,400392,SHAMROCK BANK N A,144126,97066,10242,8613,4236,281182,9150.0,4236_20241231,1,1,0.021511418809566626,0.047091350476533,<1bn
8432615,SM,873765.0,20241231,12505436,16259998,12505436,FIRST UNITED BANK&TRUST CO,1854587,4104898,39869,237237,4239,12440121,2008721.0,4239_20241231,1,1,0.018970710017627533,0.02215884356211171,10-100bn
117758,N,26748.0,20241231,214527,260424,214527,IDABEL NATIONAL BANK,60658,97370,0,7709,4241,188171,49868.0,4241_20241231,1,1,0.03593487066896008,0.03593487066896008,<1bn
3620304,N,930292.0,20241231,4671726,5790238,4671726,CAMDEN NATIONAL BANK,1111527,1053366,0,214963,4255,4090580,179994.0,4255_20241231,1,1,0.046013614668326014,0.046013614668326014,1-10bn
2222241,N,271753.0,20241231,2726323,3121442,2726323,FIRST NATIONAL BANK,644384,506235,0,49736,4256,2316069,772267.0,4256_20241231,1,1,0.01824288611437456,0.01824288611437456,1-10bn
316993,N,58634.0,20241231,495194,553481,495194,FIRST NB OF LOUISIANA,81513,178632,5967,73448,4288,377695,0.0,4288_20241231,1,1,0.14832166787158163,0.16037149076927426,<1bn
279074,N,13740.0,20241231,472769,524425,472769,FIRST NB OF JEANERETTE,51101,193943,12371,29262,4290,416905,0.0,4290_20241231,1,1,0.06189492119830192,0.08806203452426026,<1bn
298124041,N,68295919.0,20241231,385327288,487192523,385442165,CAPITAL ONE NATIONAL ASSN,83355279,94039413,6099735,43131827,4297,311719645,11872585.0,4297_20241231,1,1,0.11193556320361095,0.12776557366474392,>=100bn
266649,N,24740.0,20241231,306589,354005,306589,RIDDELL NATIONAL BANK,53522,41023,0,15809,4318,266498,9000.0,4318_20241231,1,1,0.05156414613701079,0.05156414613701079,<1bn
545707,N,29552.0,20241231,708322,794570,708322,FCN BANK NATIONAL ASSN,232569,165543,3481,28713,4319,483496,0.0,4319_20241231,1,1,0.04053664858637738,0.04545108015845901,<1bn
247770,N,29588.0,20241231,381691,413676,381691,FIRST NATIONAL BANK,114581,134063,13410,74362,4324,206705,0.0,4324_20241231,1,1,0.19482251349913934,0.22995564474928673,<1bn
3137178,NM,343151.0,20241231,5676251,7774767,5676251,HORIZON BANK,2101367,2544647,0,282827,4360,4862657,131602.0,4360_20241231,1,1,0.049826373076172985,0.049826373076172985,1-10bn
276663,N,80406.0,20241231,367480,407327,367480,FIRST NB OF MONTEREY,143293,91076,0,19212,4364,226392,0.0,4364_20241231,1,1,0.05228039621203875,0.05228039621203875,<1bn
8219513,NM,1073131.0,20241231,14588622,18299135,14588622,FIRST MERCHANTS BANK,3460691,6378215,0,386507,4365,12680265,955673.0,4365_20241231,1,1,0.026493729154131212,0.026493729154131212,10-100bn
2985730,N,708676.0,20241231,4722415,5551345,4722415,FIRST FINANCIAL BANK NA,1195990,1740323,0,92736,4382,3790407,249.0,4382_20241231,1,1,0.019637410096317243,0.019637410096317243,1-10bn
83908,NM,0.0,20241231,143022,160648,143022,LNB COMMUNITY BANK,17553,59336,7983,10550,4398,124958,0.0,4398_20241231,1,1,0.07376487533386472,0.12958146299170756,<1bn
395318,NM,6104.0,20241231,565538,638710,565538,SPRINGS VALLEY BANK&TRUST CO,66250,173009,0,17903,4419,472724,0.0,4419_20241231,1,1,0.03165658187425072,0.03165658187425072,<1bn
255242,SB,20705.0,20241231,356322,501632,356322,MIDWEST HERITAGE BANK FSB,41294,103146,11432,14249,4432,375720,0.0,4432_20241231,1,1,0.03998911097265956,0.07207245132211876,<1bn
981542,SM,212420.0,20241231,1652560,1846963,1652560,FIRST CITIZENS BANK,363704,675143,1903,75809,4433,1331865,90636.0,4433_20241231,1,1,0.04587367478336642,0.04702522147456068,1-10bn
279955,N,27867.0,20241231,360140,419065,360140,CLINTON NATIONAL BANK,154518,81301,58934,25289,4439,225915,0.0,4439_20241231,1,1,0.07021991447770312,0.23386183150996834,<1bn
53094,SM,407.0,20241231,57717,68595,57717,FIRST HERITAGE BANK,12336,4869,2433,1561,4457,50182,10.0,4457_20241231,1,1,0.027045757749016755,0.06919971585494741,<1bn
131768,SM,5695.0,20241231,206345,245360,206345,FIRST BANK HAMPTON,32254,75015,8754,19151,4464,185158,0.0,4464_20241231,1,1,0.09281058421575517,0.13523467978385714,<1bn
411628,N,1153.0,20241231,559333,634585,559333,MIDSTATES BANK NATIONAL ASSN,196923,149525,3645,19818,4465,398558,0.0,4465_20241231,1,1,0.035431487146297465,0.041948177561488414,<1bn
65698,SM,0.0,20241231,73571,81208,73571,LOGAN STATE BANK,677,8066,0,2839,4476,74475,0.0,4476_20241231,1,1,0.03858857430237458,0.03858857430237458,<1bn
53218,N,0.0,20241231,69957,82002,69957,FIRST NB OF MANNING,29879,17224,8709,12563,4477,37954,0.0,4477_20241231,1,1,0.17958174307074345,0.3040725016796032,<1bn
78482,SM,17791.0,20241231,93436,106986,93436,FNNB BANK,33410,14985,15589,5915,4482,63014,6000.0,4482_20241231,1,1,0.06330536409949056,0.23014683847767456,<1bn
26361,N,0.0,20241231,30746,39544,30746,FIRST NB OF PRIMGHAR,11953,4473,3136,911,4494,25749,0.0,4494_20241231,1,1,0.02962987055226696,0.1316268782931113,<1bn
766317,N,207937.0,20241231,1200158,1637722,1200158,SECURITY NB OF SIOUX CITY IA,350245,437667,44606,141579,4506,1065528,0.0,4506_20241231,1,1,0.11796696768258846,0.155133740724138,1-10bn
176159,N,0.0,20241231,213606,251049,213606,CITIZENS 1ST NB STORM LAKE,68547,38701,47018,30371,4511,148430,0.0,4511_20241231,1,1,0.14218233570218064,0.362297875527841,<1bn
95608,NM,0.0,20241231,120509,137252,120509,STATE BANK OF TOLEDO,5859,25167,1984,19140,4514,104122,6823.0,4514_20241231,1,1,0.15882631172775477,0.17528981237915842,<1bn
445919,SM,46344.0,20241231,614112,734928,614112,FIRST BANK,170276,169862,69994,22830,4519,508766,1027.0,4519_20241231,1,1,0.037175629201188054,0.15115158147048097,<1bn
213537,NM,31200.0,20241231,321840,368069,321840,PONY EXPRESS BANK,41746,108929,0,13662,4526,296716,38818.0,4526_20241231,1,1,0.0424496644295302,0.0424496644295302,<1bn
366405,SM,48173.0,20241231,453413,533137,453413,FARMERS BANK OF NORTHERN MO,190306,87696,3704,32421,4539,273883,0.0,4539_20241231,1,1,0.07150434592744363,0.07967349855429817,<1bn
663693,N,66.0,20241231,796021,920846,796021,HNB NATIONAL BANK,189530,133777,33140,34418,4540,641016,0.0,4540_20241231,1,1,0.043237552778130225,0.084869620273837,<1bn
437542,NM,61960.0,20241231,679698,811215,679698,CNB ST LOUIS BANK,125505,243250,4816,38722,4549,625595,44189.0,4549_20241231,1,1,0.056969418771277834,0.06405491850792558,<1bn
65848,SM,9533.0,20241231,93605,111087,93605,TPNB BANK,34468,21138,934,9459,4556,61240,3500.0,4556_20241231,1,1,0.10105229421505262,0.11103039367555152,<1bn
90731,N,9799.0,20241231,98144,112882,98144,FIRST NB OF NEVADA MISSOURI,56150,7865,0,3708,4598,45102,1222.0,4598_20241231,1,1,0.03778121943267036,0.03778121943267036,<1bn
118643,N,0.0,20241231,129331,161833,129331,FARMERS NATIONAL BANK,59359,11112,2989,4014,4611,84083,0.0,4611_20241231,1,1,0.031036642413651793,0.05414788411131129,<1bn
421460,NM,10241.0,20241231,519194,591835,519194,EXCHANGE BANK&TRUST,130728,98576,38610,61016,4619,387043,0.0,4619_20241231,1,1,0.11752061849713209,0.19188588465968404,<1bn
117348,NM,15129.0,20241231,175428,185490,175428,FARMERS BANK&TRUST,64922,58613,11702,15268,4621,77713,9173.0,4621_20241231,1,1,0.08703285678454979,0.15373828579246188,<1bn
64953,SM,20702.0,20241231,132645,146991,132645,AMERICAN BK BAXTER SPRINGS,38609,67771,0,15346,4624,77626,0.0,4624_20241231,1,1,0.11569226129895586,0.11569226129895586,<1bn
67478,SM,7475.0,20241231,92388,111319,92388,FIRST BANK OF BELOIT,27603,25243,5602,4749,4630,71979,0.0,4630_20241231,1,1,0.05140277958176387,0.11203835996016799,<1bn
158958,NM,36805.0,20241231,251153,267555,251153,FIRST HERITAGE BANK,84641,92797,991,5948,4636,149014,46102.0,4636_20241231,1,1,0.023682775041508564,0.027628577002862798,<1bn
94266,N,43335.0,20241231,142236,150046,142236,FIRST NB IN CIMARRON,63432,48315,0,8423,4638,75355,0.0,4638_20241231,1,1,0.05921848195956017,0.05921848195956017,<1bn
83552,NM,9576.0,20241231,95304,112041,95304,CONWAY BANK,14777,11935,1926,5261,4649,85199,6575.0,4649_20241231,1,1,0.05520230000839419,0.07541131536976413,<1bn
29869,NM,11333.0,20241231,38230,41042,38230,NINNESCAH VALLEY BANK,19551,8444,0,4647,4652,15857,0.0,4652_20241231,1,1,0.12155375359665184,0.12155375359665184,<1bn
43675,N,7594.0,20241231,61186,74797,61186,FIRST NB OF DIGHTON,20461,17593,3847,6561,4654,45850,10000.0,4654_20241231,1,1,0.10723041218579414,0.1701042722191351,<1bn
138227,SM,2410.0,20241231,208603,241279,208603,FIRSTOAK BANK,17684,70501,2643,16282,4660,191531,0.0,4660_20241231,1,1,0.07805256875500352,0.09072256870706558,<1bn
121185,NM,0.0,20241231,151321,165933,151321,HOME BANK&TRUST CO,7982,31530,7982,9245,4664,135041,0.0,4664_20241231,1,1,0.0610952875014043,0.11384407980386067,<1bn
978820,N,311904.0,20241231,1200469,1392914,1200469,ARMED FORCES BANK NA,328635,223423,0,184436,4666,811065,0.0,4666_20241231,1,1,0.15363662035421155,0.15363662035421155,1-10bn
49128,N,9304.0,20241231,56580,59450,56580,FIRST NB IN FRANKFORT,23313,7644,0,1142,4668,28383,1250.0,4668_20241231,1,1,0.02018381053375751,0.02018381053375751,<1bn
633720,N,9117.0,20241231,774374,984392,774374,GNBANK NATIONAL ASSN,294464,141743,115458,15618,4673,623879,9413.0,4673_20241231,1,1,0.020168549047359544,0.16926704667253809,<1bn
168783,N,56251.0,20241231,196506,212702,196506,CITIZENS NATIONAL BANK,113341,27976,726,4465,4678,87418,0.0,4678_20241231,1,1,0.022721952510355917,0.02641649618841155,<1bn
13170,N,0.0,20241231,25965,35289,25965,VISTA NATIONAL BANK&TRUST,499,12815,499,3887,4683,20633,0.0,4683_20241231,1,1,0.14970152127864433,0.16891969959560948,<1bn
63053,N,15189.0,20241231,73840,87488,73840,FIRST NATIONAL BANK OF HOPE,30669,11232,0,3427,4690,46208,0.0,4690_20241231,1,1,0.04641115926327194,0.04641115926327194,<1bn
48147,NM,5829.0,20241231,69110,74609,69110,HOWARD STB HOWARD KANSAS,22651,21035,498,7970,4693,42415,0.0,4693_20241231,1,1,0.11532339748227463,0.12252930111416582,<1bn
863874,N,70351.0,20241231,1032000,1197636,1032000,FIRST NB OF HUTCHINSON,131798,170775,0,113747,4697,891035,136700.0,4697_20241231,1,1,0.11021996124031008,0.11021996124031008,1-10bn
688847,N,136079.0,20241231,1127095,1263103,1127095,CENTRAL NATIONAL BANK,400104,439129,72453,69355,4702,712335,0.0,4702_20241231,1,1,0.061534298351070674,0.12581725586574335,1-10bn
2015603,NM,438037.0,20241231,2891653,3582612,2891653,SECURITY BANK OF KANSAS CITY,1336736,904462,47198,90458,4705,1922271,110000.0,4705_20241231,1,1,0.03128245332341052,0.04760460539352405,1-10bn
371344,SM,94289.0,20241231,447714,489929,447714,CITIZENS BANK OF KANSAS,202743,76899,15642,13886,4707,238250,0.0,4707_20241231,1,1,0.03101533568304766,0.06595281809369374,<1bn
112481,N,10607.0,20241231,147359,175095,147359,FIRST NB OF LOUISBURG,68316,35188,10623,4710,4722,98197,0.0,4722_20241231,1,1,0.0319627576191478,0.10405200903914928,<1bn
21492,N,216.0,20241231,24425,29372,24425,MARION NATIONAL BANK,12363,2957,2678,1048,4728,11136,0.0,4728_20241231,1,1,0.042906857727737974,0.15254861821903787,<1bn
116522,NM,20760.0,20241231,155872,172164,155872,SOUTHWIND BANK,78864,40059,494,1709,4735,84385,0.0,4735_20241231,1,1,0.010964124409772121,0.014133391500718538,<1bn
397933,SM,141028.0,20241231,671218,753837,671218,FIRST OPTION BANK,232378,274676,0,53292,4746,435253,39284.0,4746_20241231,1,1,0.0793959637554416,0.0793959637554416,<1bn
65006,NM,9286.0,20241231,77903,96195,77903,FIRST SECURITY BANK,12324,12992,0,5594,4752,70243,6991.0,4752_20241231,1,1,0.07180724747442332,0.07180724747442332,<1bn
192040,N,9641.0,20241231,238622,300266,238622,FIRST NATIONAL BANK&TRUST,83368,47006,15061,4530,4756,200511,0.0,4756_20241231,1,1,0.018983999798845037,0.08210056071946426,<1bn
153154,NM,6182.0,20241231,201374,275264,201374,SJN BANK OF KANSAS,94513,48667,23781,5586,4766,159878,10036.0,4766_20241231,1,1,0.0277394301151092,0.1458331264214844,<1bn
4498524,N,388415.0,20241231,6781740,8085206,6781740,SUNFLOWER BANK NATIONAL ASSN,504352,2325247,31730,615917,4767,6349961,444740.0,4767_20241231,1,1,0.09081990757534202,0.09549864783963997,1-10bn
89850,N,11737.0,20241231,139017,160590,139017,FIRST NB OF SCOTT CITY,38714,49382,4118,5082,4769,105998,0.0,4769_20241231,1,1,0.03655668011825892,0.06617895653049627,<1bn
37763,N,3702.0,20241231,47505,54993,47505,ELEVATE BANK NATIONAL ASSN,9526,9859,0,8432,4770,29965,0.0,4770_20241231,1,1,0.17749710556783496,0.17749710556783496,<1bn
123729,NM,0.0,20241231,133710,172477,133710,SOLOMON STATE BANK,25357,10378,20341,7119,4773,137727,0.0,4773_20241231,1,1,0.05324209109266323,0.20536983022960137,<1bn
39110,N,0.0,20241231,70901,78640,70901,FIRST NB OF SPEARVILLE,8406,31967,6143,7266,4774,29306,237.0,4774_20241231,1,1,0.1024809241054428,0.18912286145470444,<1bn
83452,NM,0.0,20241231,114849,128362,114849,PRAIRIE BANK OF KANSAS,28225,31843,2440,2646,4775,79435,0.0,4775_20241231,1,1,0.02303894679100384,0.04428423408127193,<1bn
189630,N,0.0,20241231,211675,249780,211675,WESTERN NATIONAL BANK,21306,22627,8219,10101,4778,199925,747.0,4778_20241231,1,1,0.047719381126727294,0.08654777370969646,<1bn
443539,N,55962.0,20241231,622042,689651,622042,DREAM FIRST BANK NA,94632,179808,0,12089,4779,534769,142144.0,4779_20241231,1,1,0.019434379029068777,0.019434379029068777,<1bn
1653429,NM,302050.0,20241231,2272930,2514769,2272930,EMPRISE BANK,540680,622948,2990,37021,4789,1839073,82813.0,4789_20241231,1,1,0.016287787129388057,0.01760326978833488,1-10bn
297864,SM,49513.0,20241231,410268,460774,410268,BANK OF THE FLINT HILLS,64733,113083,0,18965,4791,347299,5512.0,4791_20241231,1,1,0.04622588161884427,0.04622588161884427,<1bn
33319,SM,0.0,20241231,56165,85028,56165,FNB WASHINGTON,32290,22977,6748,3996,4792,39191,0.0,4792_20241231,1,1,0.07114751179560225,0.1912935101931808,<1bn
53028,N,35308.0,20241231,91056,100469,91056,FIRST NB OF KANSAS,50784,38208,0,2538,4794,40030,0.0,4794_20241231,1,1,0.02787295730100158,0.02787295730100158,<1bn
74163,NM,21282.0,20241231,104808,111451,104808,BANK OF COMMERCE&TRUST CO,40217,31005,0,6233,4796,52417,6000.0,4796_20241231,1,1,0.05947065109533623,0.05947065109533623,<1bn
4682526,N,1614317.0,20241231,6486555,7057805,6486555,INTRUST BANK NATIONAL ASSN,2216228,1813873,0,459481,4799,4052249,551792.0,4799_20241231,1,1,0.07083590596240993,0.07083590596240993,1-10bn
362223,N,10567.0,20241231,448445,535287,448445,SOUTHWEST NATIONAL BANK,34698,87418,1099,15963,4801,458243,6566.0,4801_20241231,1,1,0.035596338458450866,0.03804702917860607,<1bn
4633115,N,396653.0,20241231,5536419,6231022,5536419,SHORE UNITED BANK NA,636103,905309,2456,461000,4832,4733684,520537.0,4832_20241231,1,1,0.08326681922014934,0.08371042726354345,1-10bn
1199177,NM,169300.0,20241231,1581526,1948145,1581526,FIRST UNITED BANK&TRUST,256527,382647,0,78327,4857,1463429,1.0,4857_20241231,1,1,0.04952621708400621,0.04952621708400621,1-10bn
7500389,SM,966858.0,20241231,11844920,14122892,11844920,SANDY SPRING BANK,1356530,4357978,82314,518963,4865,11427039,698236.0,4865_20241231,1,1,0.04381312832843109,0.05076243655508015,10-100bn
1128459,NM,46818.0,20241231,1532987,1744714,1532987,MOUNTAIN COMMERCE BANK,115655,408419,0,75536,4931,1451557,210280.0,4931_20241231,1,1,0.04927373813346102,0.04927373813346102,1-10bn
138378,NM,0.0,20241231,181540,221679,181540,PEOPLES BANK OF THE SOUTH,21235,43637,1905,19567,4945,176157,3100.0,4945_20241231,1,1,0.10778340861518122,0.11827696375454445,<1bn
522556,N,32124.0,20241231,788362,894852,788362,FIRST NB OF MIDDLE TENNESSEE,54019,269200,0,100075,4952,688895,23846.0,4952_20241231,1,1,0.1269404156973573,0.1269404156973573,<1bn
227716,N,42641.0,20241231,295706,327532,295706,FIRST NB OF ONEIDA,88171,69951,13789,19759,4958,197989,0.0,4958_20241231,1,1,0.06681974664024402,0.11345052180206015,<1bn
164289,NM,0.0,20241231,197576,219023,197576,FIRST FARMERS&COMMERCIAL BK,20853,33736,600,8536,4960,157321,0.0,4960_20241231,1,1,0.04320362797100862,0.046240434060817105,<1bn
1441097,N,418146.0,20241231,2151077,2498514,2151077,FIRST CITIZENS NATIONAL BANK,721414,712750,3002,141453,4972,1469051,57871.0,4972_20241231,1,1,0.06575915227581347,0.06715473225737618,1-10bn
40220056,SM,7059016.0,20241231,66433430,81865694,66433430,FIRST HORIZON BANK,9203047,26678666,90,2443304,4977,62312844,3923187.0,4977_20241231,1,1,0.036778230478239644,0.03677958521786396,10-100bn
9911336,N,2038607.0,20241231,15194687,18150160,15194687,TRUSTMARK NATIONAL BANK,3027919,5358814,232512,567251,4988,13129979,260565.0,4988_20241231,1,1,0.03733219381221871,0.05263438463720905,10-100bn
872615,N,67563.0,20241231,1493254,1713832,1493254,CITIZENS NB OF MERIDIAN,389725,624179,0,40521,4993,1197601,0.0,4993_20241231,1,1,0.02713603981640096,0.02713603981640096,1-10bn
428576,SM,191281.0,20241231,697044,817381,697044,FNB OXFORD BANK,359743,281935,41467,16767,5005,398839,81699.0,5005_20241231,1,1,0.024054435587997313,0.08354422389404399,<1bn
322592,SM,35136.0,20241231,439605,483846,439605,FIRST CHOICE BANK,126998,119713,14371,14850,5006,307944,4980.0,5006_20241231,1,1,0.03378032551950046,0.06647103649867495,<1bn
253843,NM,2262.0,20241231,401846,467203,401846,CENTURY BANK&TRUST,136123,148035,0,81076,5015,229327,0.0,5015_20241231,1,1,0.2017588827560807,0.2017588827560807,<1bn
313126,N,150212.0,20241231,426005,476529,426005,CITIZENS NB OF CHEBOYGAN,184417,114529,22912,19230,5018,236392,0.0,5018_20241231,1,1,0.04514031525451579,0.09892372155256393,<1bn
835542,NM,28949.0,20241231,1259172,1495551,1259172,SOUTHERN MICHIGAN BANK&TRUST,219774,424428,20480,73732,5019,1104648,95513.0,5019_20241231,1,1,0.05855593993513197,0.07482059639191468,1-10bn
619500,NM,8581.0,20241231,1157139,1316430,1157139,DART BANK,30484,538903,0,93524,5033,1097588,294712.0,5033_20241231,1,1,0.08082347928814083,0.08082347928814083,1-10bn
621545,N,38280.0,20241231,843971,995846,843971,SUPERIOR NATIONAL BANK,249151,224010,19386,35178,5058,656098,2500.0,5058_20241231,1,1,0.04168152697189832,0.06465151053768435,<1bn
324061,N,15558.0,20241231,359999,410028,359999,FIRST NATIONAL BANK&TRUST CO,167943,36060,39760,27736,5062,193395,18125.0,5062_20241231,1,1,0.0770446584573846,0.1874894096928047,<1bn
382774,NM,23108.0,20241231,513158,595346,513158,RANGE BANK,155547,130939,48120,68181,5072,338922,0.0,5072_20241231,1,1,0.13286551120707463,0.2266377996640411,<1bn
215908,N,25237.0,20241231,305691,317336,305691,FIRST NB OF ST IGNACE,177712,90029,31380,30970,5074,90725,0.0,5074_20241231,1,1,0.1013114550313879,0.20396413371672703,<1bn
43932,N,0.0,20241231,48980,53423,48980,FIRST NB OF WAKEFIELD,24116,5105,999,4885,5076,21527,0.0,5076_20241231,1,1,0.09973458554512046,0.12013066557778686,<1bn
91228,N,5848.0,20241231,111097,119167,111097,FIRST NB OF BAGLEY,26412,20185,14407,14167,5087,72873,0.0,5087_20241231,1,1,0.1275191949377571,0.25719866423035725,<1bn
612740,N,117644.0,20241231,804213,945175,804213,FIRST NB OF BEMIDJI,489855,193546,91766,15469,5093,411623,0.0,5093_20241231,1,1,0.01923495392389827,0.1333415401143727,<1bn
349975,NM,22238.0,20241231,402472,462459,402472,STAR BANK,41184,53950,0,31012,5095,370688,52994.0,5095_20241231,1,1,0.07705380746983641,0.07705380746983641,<1bn
195955,SM,19459.0,20241231,271218,310977,271218,FIRST BANK BLUE EARTH,85996,76256,0,12335,5097,200999,10957.0,5097_20241231,1,1,0.045480019762700115,0.045480019762700115,<1bn
49299,N,0.0,20241231,71370,82682,71370,B2 BANK NATIONAL ASSN,7000,22334,7000,3915,5105,34137,0.0,5105_20241231,1,1,0.05485498108448928,0.15293540703376768,<1bn
60342,NM,2794.0,20241231,68163,79025,68163,FIRST SECURITY BANK CANBY,25113,7928,11404,12011,5107,38316,0.0,5107_20241231,1,1,0.1762099672843038,0.34351481008758417,<1bn
16727,N,4.0,20241231,29886,33487,29886,WESTERN NATIONAL BANK,13310,13240,11302,5962,5110,11886,7044.0,5110_20241231,1,1,0.19949140065582546,0.5776617814361239,<1bn
58872,N,2406.0,20241231,72802,79594,72802,FIRST NATIONAL BANK,33207,13970,2727,3287,5113,35032,0.0,5113_20241231,1,1,0.04514985852037032,0.08260762066976182,<1bn
83774,N,15821.0,20241231,118619,125692,118619,FIRST NB OF COKATO,24086,35056,8024,5142,5115,93297,0.0,5115_20241231,1,1,0.04334887328336944,0.11099402287997708,<1bn
184803,NM,6813.0,20241231,255122,306496,255122,GRANITE BANK,19044,71013,4798,8039,5116,265464,34358.0,5116_20241231,1,1,0.03151041462515973,0.050317103189846425,<1bn
73276,N,11543.0,20241231,99246,104334,99246,FIRST NB OF COLERAINE,46686,26108,2639,10763,5117,41226,0.0,5117_20241231,1,1,0.1084476956250126,0.13503818793704533,<1bn
784290,NM,22452.0,20241231,1062090,1180009,1062090,DEERWOOD BANK,150812,278694,43515,89623,5123,886009,1136.0,5123_20241231,1,1,0.08438362097374046,0.1253547251174571,1-10bn
67952,N,206.0,20241231,96864,118107,96864,WESTERN NATIONAL BANK,20589,29289,18397,9725,5131,73982,0.0,5131_20241231,1,1,0.10039849686157912,0.2903245787908821,<1bn
217465,NM,67454.0,20241231,290330,356951,290330,FIRST BANK ELK RIVER,69181,73259,0,3831,5136,259628,17258.0,5136_20241231,1,1,0.013195329452691765,0.013195329452691765,<1bn
63199,N,5728.0,20241231,83303,94345,83303,MINERS NB OF EVELETH,11457,20159,979,12957,5141,65003,0.0,5141_20241231,1,1,0.15554061678450956,0.16729289461363936,<1bn
20592,N,0.0,20241231,25179,38658,25179,FIRST NB OF FAIRFAX,21335,4666,16300,1282,5142,15071,0.0,5142_20241231,1,1,0.050915445410858254,0.698280312959212,<1bn
3058657,N,0.0,20241231,3501933,4465163,3501933,WELLS FARGO BANK S CNTL NA,0,446651,0,2178655,5146,2154554,0.0,5146_20241231,1,1,0.6221292640378899,0.6221292640378899,1-10bn
61532,N,18.0,20241231,71197,82754,71197,FIRST NB OF GILBERT,8433,9782,5963,9468,5150,62108,0.0,5150_20241231,1,1,0.13298313131171258,0.21673666025253874,<1bn
301277,N,41413.0,20241231,341137,378598,341137,FIRST NB OF HENNING,76292,41317,0,6525,5162,277320,0.0,5162_20241231,1,1,0.01912721282065563,0.01912721282065563,<1bn
990103,SM,53906.0,20241231,1185820,1376433,1185820,BANK MIDWEST,172748,200600,31082,45151,5170,1067385,152500.0,5170_20241231,1,1,0.038075761920021586,0.06428715993995716,1-10bn
46460,NM,154.0,20241231,75691,87513,75691,GLOBAL INNOVATIONS BANK,518,29371,0,47498,5175,37223,0.0,5175_20241231,1,1,0.6275250690306642,0.6275250690306642,<1bn
132380,N,6088.0,20241231,138174,156951,138174,FIRST NB OF LE CENTER,22293,6574,14154,11182,5180,112206,0.0,5180_20241231,1,1,0.08092694718253796,0.1833630060648168,<1bn
149587,N,0.0,20241231,199508,227292,199508,FIRST FARMERS&MERCHANTS NB,46721,50843,10987,8279,5186,167282,0.0,5186_20241231,1,1,0.041497082823746416,0.09656755618822303,<1bn
592089,SM,76750.0,20241231,767285,858902,767285,PIONEER BANK,164890,176377,6702,53622,5193,573494,12409.0,5193_20241231,1,1,0.06988537505620467,0.07862006946571352,<1bn
25358,N,263.0,20241231,28865,37487,28865,FIRST NB OF MCINTOSH,7263,3647,6972,14369,5196,15493,0.0,5196_20241231,1,1,0.49780010393209767,0.7393382989780011,<1bn
92603,NM,13497.0,20241231,104242,120277,104242,COMMUNITY FIRST BANK,35321,14034,4401,8457,5197,68223,0.0,5197_20241231,1,1,0.08112852784865984,0.12334759501928205,<1bn
215700,N,10902.0,20241231,252230,275253,252230,FIRST NB OF MILACA,73602,36870,59201,17852,5198,173737,0.0,5198_20241231,1,1,0.07077667208500178,0.30548705546524996,<1bn
83372,N,5747.0,20241231,117498,138689,117498,FIRST NB OF MOOSE LAKE,25155,34376,493,5408,5214,97094,15227.0,5214_20241231,1,1,0.04602631534153773,0.05022213144053516,<1bn
264883,SM,16200.0,20241231,301201,377239,301201,COMMUNITY RESOURCE BANK,34110,38286,8704,6924,5219,313367,5635.0,5219_20241231,1,1,0.02298797148747846,0.05188561790963509,<1bn
68406,N,3019.0,20241231,78811,93288,78811,FIRST NB OF OSAKIS,12088,10588,475,1386,5221,74593,0.0,5221_20241231,1,1,0.017586377536130744,0.02361345497455939,<1bn
230699,N,8904.0,20241231,305259,354107,305259,CITIZENS NB OF PARK RAPIDS,21980,75320,1987,35742,5223,285764,0.0,5223_20241231,1,1,0.11708745688087821,0.12359668347206798,<1bn
285579,NM,10033.0,20241231,341724,409520,341724,FORESIGHT BANK,63450,57843,3744,6745,5229,327540,8146.0,5229_20241231,1,1,0.01973815125656963,0.030694361531528366,<1bn
26954,N,4701.0,20241231,29669,32137,29669,FIRST NB OF PROCTOR,8310,2737,0,5241,5232,15004,0.0,5232_20241231,1,1,0.17664902760457044,0.17664902760457044,<1bn
310785,N,28096.0,20241231,393468,456482,393468,FIRST NB MINNESOTA,72357,84101,24522,11738,5247,334785,0.0,5247_20241231,1,1,0.029832159159067572,0.09215488934297071,<1bn
184080,N,5705.0,20241231,250154,302631,250154,MINNESOTA NATIONAL BANK,54448,67021,6135,16736,5249,216589,10029.0,5249_20241231,1,1,0.06690278788266428,0.09142768054878195,<1bn
127316,NM,60042.0,20241231,162165,187050,162165,FIRST SECURITY BK SLEEPY EYE,106215,35157,30412,19120,5252,54662,0.0,5252_20241231,1,1,0.11790460333610829,0.3054419880985416,<1bn
579915,N,12458.0,20241231,698075,787343,698075,FIRST NATIONAL BANK NORTH,95422,120349,52388,125004,5269,548228,0.0,5269_20241231,1,1,0.17906958421373062,0.2541159617519608,<1bn
137922,N,11650.0,20241231,168804,187787,168804,KEEN BANK NATIONAL ASSN,24395,32014,0,20108,5270,131897,0.0,5270_20241231,1,1,0.11912039999052156,0.11912039999052156,<1bn
44384,NM,5958.0,20241231,49668,58415,49668,FIRST FINL BK IN WINNEBAGO,18120,5380,0,994,5278,37042,0.0,5278_20241231,1,1,0.02001288556011919,0.02001288556011919,<1bn
431262,N,77768.0,20241231,490862,564618,490862,WNB FINANCIAL N A,141271,60170,12996,44040,5280,337986,0.0,5280_20241231,1,1,0.08971971755809169,0.11619559061406261,<1bn
144820,NM,30916.0,20241231,186656,204929,186656,AMERICAN BANK OF BEAVER DAM,82711,42225,24306,31895,5283,81394,0.0,5283_20241231,1,1,0.17087583576204354,0.30109399108520485,<1bn
985221,N,74426.0,20241231,1319067,1576482,1319067,FIRST NATIONAL BANK&TRUST CO,397529,334200,81720,93397,5285,972037,15000.0,5285_20241231,1,1,0.070805349538727,0.1327582298700521,1-10bn
409860,NM,48227.0,20241231,537724,669668,537724,FORTIFI BANK,80210,174167,7667,48450,5286,512253,25896.0,5286_20241231,1,1,0.09010198540515209,0.1043602294113709,<1bn
334269,NM,49185.0,20241231,467748,558926,467748,PREMIERBANK,152734,133993,5734,26272,5295,341893,0.0,5295_20241231,1,1,0.056166995903777245,0.06842573351462754,<1bn
24357044,N,6387615.0,20241231,34897534,42965617,34897534,ASSOCIATED BANK NA,8330791,15467247,1000,997649,5296,30084362,5254658.0,5296_20241231,1,1,0.028587951228874798,0.028616606548760724,10-100bn
303724,NM,16782.0,20241231,343686,410416,343686,FORTE BANK,39504,40441,1994,56493,5297,290872,0.0,5297_20241231,1,1,0.16437387615439675,0.17017568361818636,<1bn
2511211,N,27927.0,20241231,3733905,4492896,3733905,BANK FIRST N A,333520,1232253,207216,259382,5304,3476105,20157.0,5304_20241231,1,1,0.06946668434253148,0.12496247226429168,1-10bn
472980,N,134047.0,20241231,575767,681150,575767,STEPHENSON NB&T,147978,103560,0,30090,5306,471637,4979.0,5306_20241231,1,1,0.0522607235218413,0.0522607235218413,<1bn
207975,N,26805.0,20241231,243580,281190,243580,PESHTIGO NATIONAL BANK,85369,36638,0,18311,5317,170892,2288.0,5317_20241231,1,1,0.07517448066343706,0.07517448066343706,<1bn
234598,SM,29420.0,20241231,556032,677302,556032,WOODTRUST BANK,161086,322028,97,158973,5335,345254,0.0,5335_20241231,1,1,0.28590620683701656,0.28608065722836096,<1bn
143928,SM,2269.0,20241231,198248,261996,198248,PILLAR BANK,84769,54468,0,13901,5336,146109,4500.0,5336_20241231,1,1,0.07011924458254308,0.07011924458254308,<1bn
171305,N,1000.0,20241231,233803,355951,233803,FIRST NB OF BANGOR,34819,63514,0,10079,5337,291785,0.0,5337_20241231,1,1,0.043108942143599525,0.043108942143599525,<1bn
187328,N,36705.0,20241231,285796,319595,285796,FIRST NATIONAL CMTY BANK,85773,99019,491,17115,5357,199188,10558.0,5357_20241231,1,1,0.059885372783383954,0.061603381432910186,<1bn
225017,N,71976.0,20241231,264582,319847,264582,FIRST NB OF RIVER FALLS,129777,39953,0,6560,5364,161966,0.0,5364_20241231,1,1,0.02479382573266511,0.02479382573266511,<1bn
84280,SM,11433.0,20241231,95649,124453,95649,WEST PLAINS BANK,38365,11617,3320,9798,5369,69050,0.0,5369_20241231,1,1,0.10243703541072045,0.13714727806877228,<1bn
98993,SM,3944.0,20241231,114533,134961,114533,FARMERS&MERCHANTS BK ASHLAND,10515,15750,0,8088,5377,105775,5961.0,5377_20241231,1,1,0.07061720202910951,0.07061720202910951,<1bn
22055,SM,0.0,20241231,23988,28022,23988,FIRST BANK OF BANCROFT,10624,2030,0,2047,5380,14684,2000.0,5380_20241231,1,1,0.08533433383358346,0.08533433383358346,<1bn
188243,SM,11084.0,20241231,233809,264888,233809,FIRST COMMUNITY BANK,35566,46272,13205,19037,5384,188520,25459.0,5384_20241231,1,1,0.08142116000667211,0.13789888327652058,<1bn
216637,NM,714.0,20241231,297631,367409,297631,WAYPOINT BANK,97324,81391,1467,10281,5394,236945,0.0,5394_20241231,1,1,0.03454277276224587,0.03947169481673616,<1bn
238618,NM,9.0,20241231,293922,328271,293922,CITY BANK&TRUST CO,16345,56137,14521,12992,5396,290329,53742.0,5396_20241231,1,1,0.04420220330563891,0.09360646702186294,<1bn
82300,NM,28.0,20241231,116482,134228,116482,F&M BANK,39517,34269,27831,28210,5401,63200,0.0,5401_20241231,1,1,0.24218334163218352,0.48111296165931217,<1bn
69937,SM,4974.0,20241231,79193,104071,79193,FIRST B&T OF FULLERTON,20721,9538,1430,6901,5405,69270,4947.0,5405_20241231,1,1,0.08714154028765168,0.1051986918035685,<1bn
40570,NM,153.0,20241231,51197,70684,51197,GENOA COMMUNITY BANK,14638,10742,0,1321,5408,49335,0.0,5408_20241231,1,1,0.02580229310311151,0.02580229310311151,<1bn
123813,N,99688.0,20241231,287571,333644,287571,FIRST NB OF GORDON,199117,164330,43366,10427,5410,114719,4001.0,5410_20241231,1,1,0.036258871722113846,0.1870598912964103,<1bn
1361883,NM,41855.0,20241231,1743206,2083076,1743206,SECURITY FIRST BANK,326940,384604,88558,359341,5415,1308985,257797.0,5415_20241231,1,1,0.20613800090178672,0.2569397994270327,1-10bn
66864,N,0.0,20241231,72967,90421,72967,FIRST NB OF JOHNSON,49149,6257,499,4231,5422,31579,0.0,5422_20241231,1,1,0.05798511655954061,0.06482382446859539,<1bn
181879,SM,14745.0,20241231,270948,318036,270948,SECURITY BANK,70180,89371,0,9037,5424,204105,15000.0,5424_20241231,1,1,0.033353263356806474,0.033353263356806474,<1bn
61455,NM,209.0,20241231,64997,79475,64997,LEGENDS WEST BANK,2321,3747,491,2268,5425,63990,0.0,5425_20241231,1,1,0.03489391818083912,0.0424481129898303,<1bn
308166,SM,0.0,20241231,352574,465405,352574,FIRST NORTHEAST BANK OF NE,231314,45116,8816,6028,5432,205253,56360.0,5432_20241231,1,1,0.017097120037212046,0.04210179990583537,<1bn
350843,SM,50392.0,20241231,476795,569885,476795,MNB BANK,169108,126845,28178,9468,5434,340885,0.0,5434_20241231,1,1,0.019857590788494008,0.0789563648947661,<1bn
62864,SM,2379.0,20241231,73900,96109,73900,FIRST BANK&TRUST CO,40492,11215,16509,3253,5438,49766,0.0,5438_20241231,1,1,0.04401894451962111,0.26741542625169146,<1bn
113046,NM,3022.0,20241231,142161,185003,142161,MINDEN EXCHANGE B&T CO,68185,29288,29183,13882,5439,93937,0.0,5439_20241231,1,1,0.0976498477078805,0.3029311836579653,<1bn
496171,SM,5434.0,20241231,636311,732894,636311,PLATTE VALLEY BANK,57818,142789,1815,29108,5442,618089,48213.0,5442_20241231,1,1,0.045744926616072955,0.04859730540568998,<1bn
18934473,N,3708806.0,20241231,26806146,31985717,26806146,FIRST NATIONAL BANK OF OMAHA,5328358,7944928,553312,2149119,5452,22004964,2648941.0,5452_20241231,1,1,0.08017262160700013,0.1008138581353694,10-100bn
111313,N,0.0,20241231,138467,154935,138467,FIRST NATIONAL BANK IN ORD,46350,27237,17978,19390,5460,86174,0.0,5460_20241231,1,1,0.14003336535058894,0.2698693551532134,<1bn
179697,NM,40841.0,20241231,185172,248634,185172,CITIZENS BANK&TRUST CO,80039,5740,0,5548,5469,152551,20961.0,5469_20241231,1,1,0.02996133324692718,0.02996133324692718,<1bn
263298,NM,31159.0,20241231,326049,404627,326049,CATTLE BANK&TRUST,78112,63564,2620,7921,5472,299205,0.0,5472_20241231,1,1,0.024293894475983673,0.03232949648672439,<1bn
291398,SM,51568.0,20241231,355512,442453,355512,JONES BANK,158216,64919,20,4685,5473,263052,5048.0,5473_20241231,1,1,0.013178176826661265,0.01323443371813047,<1bn
46605,SM,0.0,20241231,51918,57285,51918,STANTON STATE BANK,18977,5448,14533,4348,5478,31863,0.0,5478_20241231,1,1,0.08374744789860934,0.3636696328826226,<1bn
279444,SM,16028.0,20241231,352127,459584,352127,FIRSTBANK OF NEBRASKA,221165,74256,0,6615,5486,214658,56729.0,5486_20241231,1,1,0.018785835792199973,0.018785835792199973,<1bn
152903,NM,15282.0,20241231,201769,248441,201769,STATE NEBRASKA BANK&TRUST,75734,49295,714,4806,5490,152326,3951.0,5490_20241231,1,1,0.023819318131130154,0.027358018327889814,<1bn
445884,SM,13519.0,20241231,530093,586690,530093,CITIZENS STATE BANK,97814,85622,481,10541,5495,445364,35000.0,5495_20241231,1,1,0.019885189957233918,0.020792577906141,<1bn
1757661,SM,368.0,20241231,2417134,2827903,2417134,CORNERSTONE BANK,475989,666570,0,112672,5496,2131996,462403.0,5496_20241231,1,1,0.04661388239129481,0.04661388239129481,1-10bn
20966540,SM,7660196.0,20241231,43144271,52580731,43144271,FROST BANK,18534221,22972618,3442320,10229995,5510,20484674,0.0,5510_20241231,1,1,0.23711131890489007,0.3168975783598244,10-100bn
54728,N,3226.0,20241231,73425,81969,73425,CITY NB OF SAN SABA,57642,18713,0,2909,5518,9444,0.0,5518_20241231,1,1,0.03961865849506299,0.03961865849506299,<1bn
49711,N,8690.0,20241231,70552,75570,70552,SANTA ANNA NATIONAL BANK,18993,21198,0,1913,5520,40251,0.0,5520_20241231,1,1,0.027114752239482936,0.027114752239482936,<1bn
573076,N,21964.0,20241231,847340,812643,847340,FIRST NB OF SHINER,511918,280513,15984,81488,5529,187537,49587.0,5529_20241231,1,1,0.09616918828333372,0.11503292657020794,<1bn
420137,N,36943.0,20241231,557756,616846,557756,FIRST NB OF SONORA,70041,138033,0,72575,5531,422535,0.0,5531_20241231,1,1,0.1301196222003887,0.1301196222003887,<1bn
186301,N,109695.0,20241231,378104,429902,378104,FIRST NB OF STANTON,267800,191996,33262,44336,5536,99607,0.0,5536_20241231,1,1,0.11725874362609229,0.20522924909548695,<1bn
121692,N,93560.0,20241231,214855,226027,214855,FIRST NB OF STERLING CITY,171998,93210,31202,12271,5538,38384,0.0,5538_20241231,1,1,0.057112936631681835,0.20233645947266762,<1bn
818499,N,92354.0,20241231,1159774,1308306,1159774,CITY NB OF SULPHUR SPRINGS,257840,343103,62087,90038,5544,883457,9692.0,5544_20241231,1,1,0.07763409077975536,0.1311677964844875,1-10bn
170463,N,14315.0,20241231,213305,239454,213305,CITY NATIONAL BANK OF TAYLOR,49789,43806,19519,41056,5548,143369,0.0,5548_20241231,1,1,0.19247556316073228,0.28398302899603856,<1bn
1464818,N,2855.0,20241231,1888493,2363275,1888493,EXTRACO BANKS NATIONAL ASSN,679318,428163,11413,322266,5551,1279768,0.0,5551_20241231,1,1,0.17064717740547622,0.17669062051063997,1-10bn
108460,N,999.0,20241231,125838,143064,125838,FIRST NB OF TOM BEAN,4001,17378,3002,16674,5557,104050,0.0,5557_20241231,1,1,0.13250369522719688,0.1563597641411974,<1bn
192746,NM,3637.0,20241231,290082,336612,290082,CAPTEX BANK,5321,97459,0,16241,5558,299885,0.0,5558_20241231,1,1,0.0559876172944202,0.0559876172944202,<1bn
72991,N,18769.0,20241231,80531,85433,80531,FIRST NB OF TRINITY,35803,7641,224,3382,5559,42186,0.0,5559_20241231,1,1,0.04199624989134619,0.04477778743589425,<1bn
125055,N,12147.0,20241231,148944,168818,148944,FIRST NB OF BOSQUE COUNTY,24623,23897,1990,10672,5564,126367,0.0,5564_20241231,1,1,0.07165109034267912,0.08501181652164572,<1bn
322587,NM,24174.0,20241231,431267,490953,431267,HERRING BANK,58017,111885,30787,62657,5568,347538,0.0,5568_20241231,1,1,0.14528586699190987,0.21667319781017327,<1bn
179227,N,7250.0,20241231,281709,323496,281709,WAGGONER NB OF VERNON,104520,102690,4990,22684,5569,173682,0.0,5569_20241231,1,1,0.0805228089979376,0.09823612309155902,<1bn
1271064,N,577.0,20241231,1682208,1928609,1682208,CITIZENS NB OF TEXAS,19931,422705,0,203287,5574,1607458,89627.0,5574_20241231,1,1,0.12084534136087809,0.12084534136087809,1-10bn
710622,N,15471.0,20241231,925883,1024257,925883,FIRST NB&T CO OF WEATHERFORD,182990,216015,14978,76969,5575,693200,0.0,5575_20241231,1,1,0.08313037392413512,0.09930736388938992,1-10bn
108096,NM,25726.0,20241231,133599,140616,133599,FANNIN BANK,45987,25760,0,2286,5589,79858,2000.0,5589_20241231,1,1,0.01711090651876137,0.01711090651876137,<1bn
98261,N,1491.0,20241231,115946,159204,115946,FIRST NB OF WINNSBORO,31720,17956,0,16175,5590,98485,0.0,5590_20241231,1,1,0.13950459696755385,0.13950459696755385,<1bn
188590,N,33114.0,20241231,283318,330608,283318,YOAKUM NATIONAL BANK,79368,95194,0,20034,5595,209955,0.0,5595_20241231,1,1,0.07071206206453526,0.07071206206453526,<1bn
598286,NM,127471.0,20241231,1336678,1517551,1336678,TROY BANK&TRUST CO,396044,740223,2256,50963,5598,985527,373.0,5598_20241231,1,1,0.0381266094003193,0.03981437563871029,1-10bn
161199,NM,9746.0,20241231,218244,225938,218244,UNION STATE BANK,72567,57593,961,44472,5602,75315,0.0,5602_20241231,1,1,0.20377192500137462,0.20817525338611828,<1bn
30173,NM,1059.0,20241231,36091,44231,36091,BANK OF BREWTON,22850,5940,0,1488,5605,17393,0.0,5605_20241231,1,1,0.04122911529190103,0.04122911529190103,<1bn
699376,SM,10791.0,20241231,1166319,1407844,1166319,CHAMBERS BANK,54600,469532,0,15730,5615,1031808,57602.0,5615_20241231,1,1,0.013486876231974271,0.013486876231974271,1-10bn
46776,NM,184.0,20241231,52151,60994,52151,COMMUNITY STATE BANK,184,5472,0,7282,5619,50385,0.0,5619_20241231,1,1,0.13963298882092384,0.13963298882092384,<1bn
142034,NM,6503.0,20241231,193953,237362,193953,SMACKOVER STATE BANK,79751,52492,443,1484,5623,149380,3671.0,5623_20241231,1,1,0.0076513382108036486,0.009935396719823875,<1bn
151829,NM,3367.0,20241231,212372,234716,212372,BODCAW BANK,17718,60901,0,6007,5624,202494,7000.0,5624_20241231,1,1,0.02828527301150811,0.02828527301150811,<1bn
86292,SM,21187.0,20241231,120336,125526,120336,PIGGOTT STATE BANK,30868,34280,0,13228,5628,76605,0.0,5628_20241231,1,1,0.10992554181624783,0.10992554181624783,<1bn
69602,NM,4235.0,20241231,94117,111822,94117,LOGAN COUNTY BANK,35040,24581,0,2085,5632,65390,5077.0,5632_20241231,1,1,0.022153277303781464,0.022153277303781464,<1bn
3626482,SM,930085.0,20241231,6473036,7956839,6473036,FIRST SECURITY BANK,2984691,2850097,0,460543,5633,4182443,0.0,5633_20241231,1,1,0.07114791266416562,0.07114791266416562,1-10bn
81702,SM,13325.0,20241231,104389,118481,104389,CONNECT BANK,29518,22635,0,9317,5634,72950,0.0,5634_20241231,1,1,0.0892526990391708,0.0892526990391708,<1bn
353813,SM,1508.0,20241231,482320,609843,482320,CS BANK,35837,129435,0,66506,5635,469596,1.0,5635_20241231,1,1,0.1378877094045447,0.1378877094045447,<1bn
103355587,NM,642127.0,20241231,112460408,145453245,112460408,DISCOVER BANK,20077161,9320003,19409881,8178319,5649,112798978,15329796.0,5649_20241231,1,1,0.07272176177770937,0.2453147778016242,>=100bn
945190,NM,289176.0,20241231,1301832,1348118,1301832,CITIZENS BANK&TRUST,517154,356836,76029,14923,5673,776015,30401.0,5673_20241231,1,1,0.011463076648907078,0.06986462154870982,1-10bn
655210,NM,185225.0,20241231,933320,956694,933320,BRANNEN BANK,338371,278602,99469,144077,5676,465408,0.0,5676_20241231,1,1,0.15437041957742254,0.26094587065529506,<1bn
431861,NM,77142.0,20241231,531355,601958,531355,SOUTHEASTERN BANK,127323,99808,1196,61140,5685,377899,0.0,5685_20241231,1,1,0.11506431669975817,0.1173151659436723,<1bn
55743,NM,12599.0,20241231,75408,78993,75408,BANK OF EDISON,27696,19740,0,6585,5686,42345,0.0,5686_20241231,1,1,0.0873249522597072,0.0873249522597072,<1bn
737236,NM,72186.0,20241231,1173471,1342591,1173471,PRIMESOUTH BANK,125437,438620,4015,102761,5694,1076560,85.0,5694_20241231,1,1,0.08757012316452643,0.09099159672458884,1-10bn
69089,NM,5025.0,20241231,84953,91631,84953,BANK OF WRIGHTSVILLE,28136,16366,0,18025,5699,42047,798.0,5699_20241231,1,1,0.21217614445634644,0.21217614445634644,<1bn
178993,NM,9030.0,20241231,238379,274823,238379,BANK OF NEWINGTON,19197,59651,0,26047,5704,215439,25000.0,5704_20241231,1,1,0.10926717538038166,0.10926717538038166,<1bn
67259,NM,28352.0,20241231,160105,180117,160105,FARMERS BANK,74312,92961,29404,13265,5709,88428,20000.0,5709_20241231,1,1,0.08285187845476406,0.26650635520439714,<1bn
535671,NM,76049.0,20241231,677301,735787,677301,FARMERS&MERCHANTS BANK,101199,143650,1490,87869,5716,522385,0.0,5716_20241231,1,1,0.12973404734379546,0.13193395550870293,<1bn
96090,NM,17410.0,20241231,106269,139368,106269,PHILO EXCHANGE BANK,41667,10341,9548,4322,5722,85681,0.0,5722_20241231,1,1,0.04067037423895962,0.1305178368103586,<1bn
63461,NM,12.0,20241231,76588,88646,76588,STATE BANK OF ST JACOB,18922,13242,3320,4240,5730,46384,0.0,5730_20241231,1,1,0.05536115318326631,0.09870998067582389,<1bn
135223,NM,25753.0,20241231,157350,177532,157350,STATE BANK OF DAVIS,63930,22276,984,2945,5740,101373,0.0,5740_20241231,1,1,0.018716237686685733,0.024969812519860184,<1bn
1493701,N,241206.0,20241231,1784800,2158455,1784800,STATE BANK OF THE LAKES NA,306162,292779,0,27671,5744,1662932,219578.0,5744_20241231,1,1,0.01550369789332138,0.01550369789332138,1-10bn
251746,NM,29224.0,20241231,299399,338883,299399,GERMAN-AMERICAN STATE BANK,61831,48250,0,24882,5749,228647,2960.0,5749_20241231,1,1,0.08310649000163661,0.08310649000163661,<1bn
97672,NM,19862.0,20241231,149244,173954,149244,FIDELITY BANK,45690,52146,956,5604,5753,109817,25756.0,5753_20241231,1,1,0.037549248210983356,0.043954865857253896,<1bn
461912,NM,91876.0,20241231,610939,670246,610939,FOUNTAIN TRUST CO,226491,150063,49088,57419,5768,350576,0.0,5768_20241231,1,1,0.09398483318301827,0.1743332804093371,<1bn
145953,NM,86724.0,20241231,274978,290539,274978,PEOPLES BANK,143363,129244,0,12576,5779,120782,0.0,5779_20241231,1,1,0.045734567856337595,0.045734567856337595,<1bn
91068,NM,16734.0,20241231,109143,126397,109143,SPENCER COUNTY BANK,27919,18378,0,9759,5786,79969,0.0,5786_20241231,1,1,0.08941480443088426,0.08941480443088426,<1bn
87111,NM,9686.0,20241231,107030,135060,107030,FIRST STATE BANK,61417,20225,27108,6862,5791,60285,0.0,5791_20241231,1,1,0.06411286555171447,0.3173876483229001,<1bn
56924,NM,0.0,20241231,75299,96165,75299,BREDA SAVINGS BANK,32299,18661,0,939,5792,56714,2065.0,5792_20241231,1,1,0.012470285129948605,0.012470285129948605,<1bn
270238,NM,25183.0,20241231,329231,362313,329231,EARLHAM SAVINGS BANK,93467,59463,61927,55181,5796,202744,0.0,5796_20241231,1,1,0.16760572364084791,0.3557016198353132,<1bn
155802,NM,3577.0,20241231,176930,218875,176930,FARMERS STATE BANK,50112,21496,1883,4369,5797,153024,0.0,5797_20241231,1,1,0.02469338156333013,0.03533600859096818,<1bn
338976,N,0.0,20241231,420370,538273,420370,AMERICAN BANK NATIONAL ASSN,12797,83260,0,39559,5800,460914,27035.0,5800_20241231,1,1,0.09410519304422295,0.09410519304422295,<1bn
100282,NM,362.0,20241231,133942,158562,133942,AUDUBON STATE BANK,13672,34252,13310,12840,5814,122512,4525.0,5814_20241231,1,1,0.0958623881978767,0.1952337578952084,<1bn
245621,NM,3304.0,20241231,290688,350581,290688,HARDIN COUNTY SAVINGS BANK,123808,45902,0,3912,5817,203216,67994.0,5817_20241231,1,1,0.01345772787318362,0.01345772787318362,<1bn
29225,NM,0.0,20241231,44299,52446,44299,STATE CENTRAL BANK,19686,15118,0,7777,5820,20908,0.0,5820_20241231,1,1,0.17555701031625995,0.17555701031625995,<1bn
207634,NM,9254.0,20241231,285300,358723,285300,FIRST STATE BANK,77316,78754,19456,15152,5821,249710,3738.0,5821_20241231,1,1,0.05310900806168945,0.12130389064143007,<1bn
892246,N,129211.0,20241231,1334919,1569408,1334919,LANDMARK NATIONAL BANK,372449,444147,60723,23656,5826,1042641,80553.0,5826_20241231,1,1,0.01772092538948056,0.06320907860327106,1-10bn
59442,NM,0.0,20241231,74515,95880,74515,CITIZENS STATE BANK&TRUST CO,26879,15116,26879,5795,5830,61142,0.0,5830_20241231,1,1,0.07776957659531637,0.4384888948533852,<1bn
338122,NM,128859.0,20241231,423390,500293,423390,FIRST STATE BANK,201035,86566,0,10502,5835,267550,31011.0,5835_20241231,1,1,0.024804553721155437,0.024804553721155437,<1bn
45066,NM,6177.0,20241231,54052,60494,54052,FARMERS STATE BANK,27392,9045,0,3276,5838,27434,0.0,5838_20241231,1,1,0.06060830311551839,0.06060830311551839,<1bn
89213,NM,18042.0,20241231,104468,113126,104468,PEOPLES BANK MT WASHINGTON,26866,15464,995,7097,5847,74677,0.0,5847_20241231,1,1,0.06793467856185627,0.07745912623961404,<1bn
1378885,NM,142075.0,20241231,1742517,1987017,1742517,SOUTH CENTRAL BANK INC,275846,366893,64889,126190,5854,1516507,59981.0,5854_20241231,1,1,0.07241823178769562,0.10965689287392892,1-10bn
475275,NM,42973.0,20241231,589683,657961,589683,BANK OF OCEAN CITY,137397,114909,12452,52249,5867,445293,0.0,5867_20241231,1,1,0.08860523365944074,0.10972166401269835,<1bn
308518,NM,60386.0,20241231,411199,438479,411199,WOODSBORO BANK,90833,102839,0,18397,5873,308287,0.0,5873_20241231,1,1,0.044739894795463996,0.044739894795463996,<1bn
715287,NM,94302.0,20241231,818528,935338,818528,CALVIN B TAYLOR BK BERLIN MD,185722,103933,4978,79508,5874,626194,0.0,5874_20241231,1,1,0.09713534540052386,0.10321699440947653,<1bn
376697,NM,48127.0,20241231,467503,560622,467503,FARMERS BANK OF WILLARDS,107501,91285,14817,52259,5885,368470,11360.0,5885_20241231,1,1,0.11178323989364775,0.14347715415729953,<1bn
88772,NM,5893.0,20241231,108839,119849,108839,KALAMAZOO COUNTY STATE BANK,48112,20120,0,9905,5892,56010,0.0,5892_20241231,1,1,0.09100598131184594,0.09100598131184594,<1bn
259961,SM,3314.0,20241231,300204,332316,300204,BANKOKOLONA,68965,49489,11866,14706,5902,224863,2123.0,5902_20241231,1,1,0.048986689051445015,0.08851314439514464,<1bn
5001418,NM,81056.0,20241231,6828013,7922084,6828013,BANKPLUS,990830,1715909,244068,409639,5903,6072446,229881.0,5903_20241231,1,1,0.05999388108956442,0.09573897999315467,1-10bn
311427,NM,17242.0,20241231,464411,540804,464411,FIRST BANK,105456,153576,41960,42395,5907,365372,0.0,5907_20241231,1,1,0.09128767406456781,0.18163867780909582,<1bn
1097208,NM,232655.0,20241231,1486156,1651360,1486156,PEOPLES BANK,388003,396518,7257,59266,5956,1129776,0.0,5956_20241231,1,1,0.03987872067266155,0.04476178812991368,1-10bn
399252,NM,138640.0,20241231,1364111,1580410,1364111,SUTTON BANK,331708,964949,0,739711,5962,396752,373928.0,5962_20241231,1,1,0.5422659886182283,0.5422659886182283,1-10bn
2418059,NM,120631.0,20241231,2691097,3357642,2691097,FARMERS&MERCHANTS STATE BANK,424323,278677,105430,174474,5969,2539039,28139.0,5969_20241231,1,1,0.06483378339762558,0.10401111516976162,1-10bn
459972,NM,29903.0,20241231,600240,667976,600240,COMMUNITY BANK,117525,142579,23261,19376,5981,448892,0.0,5981_20241231,1,1,0.03228042116486739,0.07103325336532054,<1bn
268637,NM,6175.0,20241231,394639,459748,394639,PRISM BANK,21743,126896,5801,35407,5994,390380,44000.0,5994_20241231,1,1,0.0897199719237075,0.10441948210896541,<1bn
17768,SM,8124.0,20241231,19541,23710,19541,FIRST STATE BANK IN TEMPLE,12480,1862,0,620,5999,9444,0.0,5999_20241231,1,1,0.031728161301878104,0.031728161301878104,<1bn
134436,SM,199.0,20241231,143727,202316,143727,APOLLO TRUST CO,11217,9403,0,3917,6051,173368,0.0,6051_20241231,1,1,0.027253056141156497,0.027253056141156497,<1bn
988647,N,148002.0,20241231,1276965,1525700,1276965,CORTRUST BANK NATIONAL ASSN,385245,290354,81619,20497,6063,1009202,30733.0,6063_20241231,1,1,0.016051340483098597,0.07996773599902894,1-10bn
23368,NM,7583.0,20241231,47400,53956,47400,BRYANT STATE BANK,14827,24232,1221,5910,6064,32194,0.0,6064_20241231,1,1,0.12468354430379747,0.15044303797468356,<1bn
247103,NM,19423.0,20241231,275743,404838,275743,ONE AMERICAN BANK,23140,29379,2980,62398,6078,296409,2779.0,6078_20241231,1,1,0.2262904226036563,0.2370975872460951,<1bn
28841,NM,6645.0,20241231,32359,37945,32359,FARMERS STATE BANK OF TURTON,11685,3857,3504,5406,6084,16815,0.0,6084_20241231,1,1,0.16706325906239378,0.2753484347476745,<1bn
1262653,SM,213235.0,20241231,2849742,3348370,2849742,FIRST PREMIER BANK,431289,1594507,0,681314,6085,2076691,437718.0,6085_20241231,1,1,0.23907918681761367,0.23907918681761367,1-10bn
180056,NM,31563.0,20241231,209718,229757,209718,UNION BANK,108043,30714,11305,14259,6088,82396,0.0,6088_20241231,1,1,0.0679913026063571,0.12189702362219743,<1bn
463725,NM,63954.0,20241231,647886,710139,647886,MACON BANK&TRUST CO,222584,186116,1900,11629,6091,411146,0.0,6091_20241231,1,1,0.017949145374340548,0.020881760062727083,<1bn
179921,NM,23752.0,20241231,203403,222738,203403,LINEAGE BANK,32517,23865,0,67120,6100,116007,102817.0,6100_20241231,1,1,0.329985300118484,0.329985300118484,<1bn
218011,SM,9146.0,20241231,262353,288033,262353,DECATUR COUNTY BANK,29759,45019,0,13277,6101,227670,12.0,6101_20241231,1,1,0.050607387756191086,0.050607387756191086,<1bn
96518,NM,884.0,20241231,99857,110877,99857,PEOPLES BANK,19175,6944,0,3146,6110,75200,2677.0,6110_20241231,1,1,0.03150505222468129,0.03150505222468129,<1bn
1189563,SM,104967.0,20241231,1576665,1866100,1576665,BANK OF CLARKE,121330,388185,0,175725,6123,1454683,71619.0,6123_20241231,1,1,0.11145360618774439,0.11145360618774439,1-10bn
680750,NM,7215.0,20241231,769386,859237,769386,BANK OF BOTETOURT,83141,92181,3978,65820,6137,671590,9852.0,6137_20241231,1,1,0.08554873626502171,0.09071909288705539,<1bn
41813,NM,2.0,20241231,47240,52422,47240,FARMERS STATE BANK,19358,5427,19356,29008,6156,3625,0.0,6156_20241231,1,1,0.614055884843353,1.0237933954276037,<1bn
1409444,NM,5348.0,20241231,2150278,2470065,2150278,PEOPLES BANK,221349,742635,59604,224935,6158,1923633,0.0,6158_20241231,1,1,0.10460740425191534,0.1323266107917209,1-10bn
1027405,NM,251640.0,20241231,1383068,1665595,1383068,KITSAP BANK,584141,357326,61184,32360,6161,887145,0.0,6161_20241231,1,1,0.023397258847721154,0.0676351415837833,1-10bn
565175,NM,14362.0,20241231,666966,778193,666966,PENDLETON COMMUNITY BANK INC,86698,102477,10448,24893,6176,622724,6510.0,6176_20241231,1,1,0.037322742088802124,0.05298770851887503,<1bn
173321,SM,24300.0,20241231,212963,238352,212963,BANK OF MONROE,66593,39993,2377,16880,6180,138857,0.0,6180_20241231,1,1,0.07926259491085307,0.09042415818710292,<1bn
199311,NM,4133.0,20241231,243507,303125,243507,CITIZENS STATE BANK OF LOYAL,100600,44305,6788,15046,6186,169299,15009.0,6186_20241231,1,1,0.061788778146008125,0.08966477349727113,<1bn
274848,NM,7477.0,20241231,369994,452880,369994,CITIZENS STATE BANK,44143,96711,8793,24934,6194,371950,14937.0,6194_20241231,1,1,0.06739028200457305,0.09115553225187435,<1bn
249457,NM,847.0,20241231,304364,344489,304364,STERLING BANK,98102,55959,9332,9469,6195,231323,7587.0,6195_20241231,1,1,0.03111077525594354,0.06177143157535057,<1bn
33287,NM,0.0,20241231,37680,43309,37680,HIGHLAND STATE BANK,12880,4481,1250,10265,6198,18172,0.0,6198_20241231,1,1,0.2724256900212314,0.30559978768577495,<1bn
745118,N,104299.0,20241231,1002714,1248213,1002714,COMMUNITY NATIONAL BANK,159225,257970,26755,111413,6271,918779,13813.0,6271_20241231,1,1,0.11111144354222639,0.137794027010693,1-10bn
448738,N,103291.0,20241231,491990,547799,491990,NATIONAL BANK OF MIDDLEBURY,153485,43368,0,10793,6275,347486,12672.0,6275_20241231,1,1,0.021937437752799854,0.021937437752799854,<1bn
73114,N,0.0,20241231,77381,87669,77381,FIRST NB OF ORWELL,0,4271,0,14877,6280,69952,0.0,6280_20241231,1,1,0.1922564970729249,0.1922564970729249,<1bn
399360,N,81113.0,20241231,578979,640537,578979,FIRST HOPE BK A NATL BK ASSN,142286,206351,0,51995,6354,408286,1.0,6354_20241231,1,1,0.0898046388556407,0.0898046388556407,<1bn
243350371,N,75110838.0,20241231,433072738,556138962,433565511,PNC BANK NATIONAL ASSN,140280022,194949197,47293163,46233832,6384,312851818,7326024.0,6384_20241231,1,1,0.10675765972597426,0.215961400461093,>=100bn
1278783,SM,122025.0,20241231,2308214,2739481,2308214,AMBOY BANK,427153,1035227,30130,230822,6423,1897802,0.0,6423_20241231,1,1,0.10000025994123594,0.11305364233992168,1-10bn
156669,N,12895.0,20241231,177287,194498,177287,FIRST NB OF ABSECON,44332,70813,0,23583,6442,117405,0.0,6442_20241231,1,1,0.13302159774828384,0.13302159774828384,<1bn
262718,N,4298.0,20241231,343503,380719,343503,FIRST NATIONAL BANK OF ELMER,23053,80975,5754,30247,6464,310330,5095.0,6464_20241231,1,1,0.08805454391955819,0.10480548932614854,<1bn
195860,N,53137.0,20241231,264614,293584,264614,FIRST NB OF BELLEVUE,83366,69009,0,8921,6528,176402,12190.0,6528_20241231,1,1,0.03371325780193036,0.03371325780193036,<1bn
56588,N,3518.0,20241231,67483,75856,67483,FIRST NB OF BLANCHESTER,18617,10931,9725,5230,6530,45944,0.0,6530_20241231,1,1,0.0775010002519153,0.22161136878917653,<1bn
579639,N,112262.0,20241231,808130,1064586,808130,CITIZENS NB OF BLUFFTON,163651,230335,0,22509,6531,852398,39368.0,6531_20241231,1,1,0.02785319193694084,0.02785319193694084,1-10bn
2906393,N,629119.0,20241231,4315111,5105719,4315111,FARMERS NB OF CANFIELD,1261273,1415572,52390,84155,6540,3237488,76030.0,6540_20241231,1,1,0.019502395187516612,0.03164345019166367,1-10bn
5696294,SM,1041904.0,20241231,7641540,9242858,7641540,PEOPLES BANK,1862057,1989564,0,215299,6544,6297003,555090.0,6544_20241231,1,1,0.02817481816492487,0.02817481816492487,1-10bn
269010948,N,109588290.0,20241231,522040717,662906418,528517873,U S BANK NATIONAL ASSN,163982053,261969380,24557429,55702594,6548,374820963,38586892.0,6548_20241231,1,1,0.10670162726023534,0.15374284109720124,>=100bn
113114169,N,29505396.0,20241231,166964504,203427533,166964504,HUNTINGTON NATIONAL BANK,43642070,54565391,8600453,14240871,6560,128356731,8414604.0,6560_20241231,1,1,0.08529280570917037,0.13680347291062536,>=100bn
202142,N,26623.0,20241231,253428,271020,253428,FIRST NB OF DENNISON,76528,51458,1990,15805,6574,158136,0.0,6574_20241231,1,1,0.06236485313382894,0.07021718200041037,<1bn
43946,N,1028.0,20241231,50710,55262,50710,COMMUNITY FIRST BANK NA,15557,6781,10362,7162,6584,30801,0.0,6584_20241231,1,1,0.14123447051863539,0.34557286531256165,<1bn
66273,N,2692.0,20241231,83770,93655,83770,FIRST NB OF GERMANTOWN,15563,17581,1196,9307,6592,56702,0.0,6592_20241231,1,1,0.11110182642950937,0.1253790139668139,<1bn
8923227,SM,1962530.0,20241231,14553326,18480378,14553326,FIRST FINANCIAL BANK,3270973,5874136,91,895402,6600,11618168,1293655.0,6600_20241231,1,1,0.061525592156734484,0.06153184502291779,10-100bn
839914,N,6675.0,20241231,1095157,1315856,1095157,MERCHANTS NATIONAL BANK,193437,257272,4709,59448,6605,998647,0.0,6605_20241231,1,1,0.05428262797023623,0.05858246808448469,1-10bn
359355,N,71859.0,20241231,525594,569150,525594,KINGSTON NATIONAL BANK,111823,166695,974,14182,6616,406875,0.0,6616_20241231,1,1,0.02698280421770416,0.02883594561581753,<1bn
1634446,N,66623.0,20241231,1878348,2303313,1878348,LCNB NATIONAL BANK,273031,245796,62948,34790,6623,1715367,0.0,6623_20241231,1,1,0.01852159450751405,0.052034021384748726,1-10bn
922529,N,188323.0,20241231,1311254,1476673,1311254,VINTON COUNTY NATIONAL BANK,310976,389817,29993,111627,6636,1002171,1.0,6636_20241231,1,1,0.08512995956542363,0.10800348368813364,1-10bn
131361,N,5594.0,20241231,173166,193117,173166,FIRST NB OF MCCONNELSVILLE,49353,41922,39279,20128,6637,108901,0.0,6637_20241231,1,1,0.11623528868253584,0.3430638809004077,<1bn
70716,N,13191.0,20241231,91624,110206,91624,CITIZENS NB MCCONNELSVILLE,19719,20959,6143,6810,6638,77746,3005.0,6638_20241231,1,1,0.07432550423469833,0.14137125643936085,<1bn
192954,N,869.0,20241231,250679,281726,250679,1ST NATIONAL BANK,29430,58501,0,12690,6646,204971,15005.0,6646_20241231,1,1,0.050622509264836704,0.050622509264836704,<1bn
6719132,N,518576.0,20241231,8434817,9751214,8434817,PARK NATIONAL BANK,997588,1720913,0,159929,6653,7728989,344882.0,6653_20241231,1,1,0.018960577330841916,0.018960577330841916,1-10bn
191178,NM,14194.0,20241231,245305,266066,245305,PEOPLES STATE BANK,55956,54487,20782,6692,6659,185316,15100.0,6659_20241231,1,1,0.02728032449399727,0.11199934775075926,<1bn
234231,NM,0.0,20241231,271855,314207,271855,RIVERHILLS BANK,42533,38428,0,3375,6662,251978,57001.0,6662_20241231,1,1,0.012414706369204172,0.012414706369204172,<1bn
196404,N,12041.0,20241231,254941,274784,254941,FIRST NB OF PANDORA,57504,58743,8579,10755,6671,182214,0.0,6671_20241231,1,1,0.042186231324110285,0.07583715447887943,<1bn
100712000,N,34786000.0,20241231,171553000,212197000,171700000,FIFTH THIRD BANK NA,50069000,77589000,6731000,20092000,6672,118079000,1836000.0,6672_20241231,1,1,0.11711832494914108,0.15635401304553112,>=100bn
57500,N,5527.0,20241231,78559,90113,78559,HOME NATIONAL BANK,22098,21164,1992,1939,6680,54608,0.0,6680_20241231,1,1,0.024682086075433752,0.0500388243231202,<1bn
209723,NM,4735.0,20241231,234185,266820,234185,SOMERVILLE BANK,58701,24969,0,5220,6700,189294,0.0,6700_20241231,1,1,0.02229006981659799,0.02229006981659799,<1bn
147626,N,24703.0,20241231,195699,222977,195699,FIRST NB OF SYCAMORE,70417,48203,0,11485,6706,128122,0.0,6706_20241231,1,1,0.058687065340139705,0.058687065340139705,<1bn
140097,N,1879.0,20241231,182962,220778,182962,FIRST NB OF WAVERLY,100865,42995,0,2628,6725,102762,19000.0,6725_20241231,1,1,0.014363638351133022,0.014363638351133022,<1bn
83915,N,0.0,20241231,98171,110325,98171,NATIONAL BK ADAMS CNTY W UNI,37106,14548,35105,13865,6728,51203,0.0,6728_20241231,1,1,0.14123315439386377,0.4988234814761997,<1bn
101103,N,10296.0,20241231,127553,136196,127553,CITIZENS NB OF WOODSFIELD,63746,26520,10897,9737,6732,58009,0.0,6732_20241231,1,1,0.07633689525138569,0.16176804935987393,<1bn
507824,NM,7056.0,20241231,591413,666706,591413,CITIZENS BANK OF WEST VA INC,68027,84636,24435,18360,6760,544347,44510.0,6760_20241231,1,1,0.031044295610681536,0.07236060079842682,<1bn
88193,N,0.0,20241231,130370,142569,130370,FAYETTE CNTY NB FAYETTEVILLE,67678,42242,0,1675,6762,68976,0.0,6762_20241231,1,1,0.01284804786377234,0.01284804786377234,<1bn
146351,N,9637.0,20241231,172107,195817,172107,MOUNTAIN VALLEY BANK N A,58498,26030,920,14317,6786,118342,0.0,6786_20241231,1,1,0.08318662227567734,0.08853213407938085,<1bn
69652,N,12691.0,20241231,74085,83396,74085,FIRST NB OF PETERSTOWN,23606,4515,0,12420,6787,37919,0.0,6787_20241231,1,1,0.16764527232233245,0.16764527232233245,<1bn
176017,NM,15345.0,20241231,224405,258733,224405,FNB BANK INC,38026,48762,0,6140,6794,194217,17063.0,6794_20241231,1,1,0.02736124417905127,0.02736124417905127,<1bn
111578,NM,4806.0,20241231,141542,155763,141542,FIRST NEIGHBORHOOD BANK,39531,30219,6798,4960,6800,83057,0.0,6800_20241231,1,1,0.03504260219581467,0.08307074931822357,<1bn
252557,NM,28648.0,20241231,300627,360384,300627,MCNB BANK&TRUST CO,67725,48540,2390,11532,6803,260139,10000.0,6803_20241231,1,1,0.03835982795956451,0.04630987901951588,<1bn
98739,N,4782.0,20241231,107715,116183,107715,FIRST NB OF WILLIAMSON,25875,9241,5762,12545,6805,76292,10372.0,6805_20241231,1,1,0.11646474492874716,0.16995775890080306,<1bn
669700,N,55702.0,20241231,950943,1041730,950943,FIRST NATIONAL BANK,175816,282831,85992,108463,6811,706024,0.0,6811_20241231,1,1,0.11405836101638059,0.20448649393286453,1-10bn
274182,SM,19625.0,20241231,308964,352041,308964,FARMERS BANK OF APPOMATTOX,89698,35553,0,7202,6813,229474,20000.0,6813_20241231,1,1,0.023310159112388498,0.023310159112388498,<1bn
921232,N,83070.0,20241231,1661495,1808152,1661495,NATIONAL BANK OF BLACKSBURG,601898,741725,1000,107818,6821,978307,0.0,6821_20241231,1,1,0.0648921603736394,0.06549402796878714,1-10bn
760857,N,41962.0,20241231,1092293,1217425,1092293,SKYLINE NATIONAL BANK,118376,332194,2488,19452,6861,976432,0.0,6861_20241231,1,1,0.017808408549720635,0.02008618566630016,1-10bn
1073385,SM,230419.0,20241231,1374677,1520250,1374677,CHESAPEAKE BANK,498775,302409,0,31251,6862,897545,129900.0,6862_20241231,1,1,0.02273334026829575,0.02273334026829575,1-10bn
306657,N,4900.0,20241231,445573,493210,445573,POWELL VALLEY NATIONAL BANK,35837,139600,1490,69610,6863,363492,0.0,6863_20241231,1,1,0.15622580362813726,0.15956981235398016,<1bn
1031692,N,83920.0,20241231,1260261,1444009,1260261,OLD POINT NB OF PHOEBUS,214137,229799,3917,137285,6892,998713,0.0,6892_20241231,1,1,0.10893378435101936,0.11204187069186462,1-10bn
211930,SM,1354.0,20241231,273858,344501,273858,PIONEER BANK,43431,62727,98,29939,6913,260088,2501.0,6913_20241231,1,1,0.10932307984429887,0.10968092953282357,<1bn
1305646,SM,150975.0,20241231,1841001,2011866,1841001,FIRST BANK,273588,536963,21320,154661,6917,1450604,1154.0,6917_20241231,1,1,0.08400918847952826,0.09558984487243624,1-10bn
1302260,N,162023.0,20241231,1871064,2186904,1871064,EVANS BANK NATIONAL ASSN,263024,570449,11931,42716,6947,1759488,67041.0,6947_20241231,1,1,0.022829790963857996,0.029206376692619815,1-10bn
175933,N,18587.0,20241231,256658,281913,256658,CAYUGA LAKE NATIONAL BANK,75079,80815,3297,10789,6954,186602,11479.0,6954_20241231,1,1,0.042036484348822165,0.05488237265154408,<1bn
467489,N,51151.0,20241231,696455,896333,696455,BALLSTON SPA NATIONAL BANK,76954,229585,5987,25743,6959,755436,60218.0,6959_20241231,1,1,0.036962904997451376,0.045559296724124315,<1bn
6200893,SM,982308.0,20241231,11778419,14336854,11778419,DIME COMMUNITY BANK,1327704,5812099,0,1280321,6976,10805817,422772.0,6976_20241231,1,1,0.1087005819711457,0.1087005819711457,10-100bn
2692463,N,451545.0,20241231,4011062,5047064,4011062,CANANDAIGUA NB&T CO,945254,1326036,2995,178580,6985,3769957,252568.0,6985_20241231,1,1,0.04452187475536404,0.045268559797878964,1-10bn
9360669,N,514147.0,20241231,13652063,16129873,13652063,COMMUNITY BANK NATIONAL ASSN,4125096,4376846,3163907,177199,6989,10354721,0.0,6989_20241231,1,1,0.012979650035309681,0.2447326825257106,10-100bn
96499,N,15170.0,20241231,127651,171800,127651,PUTNAM COUNTY NB OF CARMEL,15170,31237,0,33734,6990,118451,0.0,6990_20241231,1,1,0.2642674166281502,0.2642674166281502,<1bn
336257,N,10290.0,20241231,460913,532585,460913,NATIONAL BANK OF COXSACKIE,122024,125208,51113,13436,7018,384070,26875.0,7018_20241231,1,1,0.02915083757672272,0.1400459522729886,<1bn
239874,N,58884.0,20241231,335240,368036,335240,DELAWARE NB OF DELHI,70084,95895,0,23369,7025,256095,0.0,7025_20241231,1,1,0.06970826870301873,0.06970826870301873,<1bn
116864,N,22663.0,20241231,186911,206167,186911,FIRST NB OF DRYDEN,83425,70059,0,22838,7031,90759,0.0,7031_20241231,1,1,0.12218649517684887,0.12218649517684887,<1bn
1798605,N,352855.0,20241231,3269397,4117651,3269397,FIRST NB OF LONG ISLAND,624779,1495479,0,38284,7072,3193276,174969.0,7072_20241231,1,1,0.011709804590877155,0.011709804590877155,1-10bn
3039419,N,301040.0,20241231,3828264,4294715,3828264,GLENS FALLS NB&T CO,564285,861396,98071,154546,7074,3360943,270000.0,7074_20241231,1,1,0.04036973416671368,0.06598735092459664,1-10bn
140274,N,42319.0,20241231,174684,199362,174684,FIRST NB OF GROTON,85811,34509,0,8607,7085,98909,0.0,7085_20241231,1,1,0.04927182798653569,0.04927182798653569,<1bn
458534,NM,7965.0,20241231,534128,621169,534128,JEFF BANK,178751,75648,0,64569,7123,335375,0.0,7123_20241231,1,1,0.12088675373693197,0.12088675373693197,<1bn
1247858,N,78284.0,20241231,1766659,1927126,1766659,LYONS NATIONAL BANK,317305,520851,0,68701,7151,1446982,136695.0,7151_20241231,1,1,0.038887527247759755,0.038887527247759755,1-10bn
240681000,N,99209000.0,20241231,757473000,1696818000,1324835000,CITIBANK NATIONAL ASSN,439732000,594499000,178452000,261836000,7213,647340000,69477000.0,7213_20241231,1,1,0.34567040673396937,0.5812590019710273,>=100bn
7054754,N,1496466.0,20241231,11769051,13683389,11769051,NBT BANK NATIONAL ASSN,2426034,4731363,102790,280850,7230,9863654,301357.0,7230_20241231,1,1,0.023863436397718048,0.03259736065380293,10-100bn
29072,NM,0.0,20241231,106459,148836,106459,WSB MUNICIPAL BANK,138717,77388,22510,8715,7274,0,0.0,7274_20241231,1,1,0.08186250105674485,0.2933054039583314,<1bn
269293,N,81232.0,20241231,411351,473728,411351,CHAMPLAIN NATIONAL BANK,114599,142798,1961,5869,7356,321177,33306.0,7356_20241231,1,1,0.014267620596522191,0.01903483886024344,<1bn
735556,NM,177897.0,20241231,1050627,1426737,1050627,FIRST KEYSTONE CMTY BANK,390288,316622,7151,17254,7404,940779,99149.0,7404_20241231,1,1,0.01642257432942424,0.023228986119717084,1-10bn
7130346,NM,1435234.0,20241231,9761165,11554210,9761165,FIRST COMMONWEALTH BANK,1552612,2637797,0,127569,7468,8916836,0.0,7468_20241231,1,1,0.01306903428023192,0.01306903428023192,10-100bn
1664887,N,274230.0,20241231,1890788,2217701,1890788,EPHRATA NATIONAL BANK,624947,227993,18462,68036,7493,1415143,97272.0,7493_20241231,1,1,0.03598288121143142,0.04574706418699505,1-10bn
1421958,NM,236719.0,20241231,1812773,2377180,1812773,ACNB BANK,459472,391269,0,47212,7506,1666056,24064.0,7506_20241231,1,1,0.02604407722312722,0.02604407722312722,1-10bn
3033981,NM,233569.0,20241231,4408192,5082766,4408192,PEOPLES SECURITY B&T CO,604576,1381492,167551,136049,7514,3951729,256573.0,7514_20241231,1,1,0.030862766413078196,0.06887177328029269,1-10bn
727313,N,61227.0,20241231,894175,1042640,894175,HONESDALE NATIONAL BANK,179433,173228,22218,39516,7526,770085,0.0,7526_20241231,1,1,0.04419269158721727,0.06904017669919199,1-10bn
770940,SM,114347.0,20241231,1202928,1417476,1202928,AMERISERV FINANCIAL BANK,215304,435680,0,16996,7542,1054497,0.0,7542_20241231,1,1,0.014128858917574452,0.014128858917574452,1-10bn
16568275,N,3691210.0,20241231,26240692,31916102,26240692,FULTON BANK NATIONAL ASSN,4813978,10279900,0,1056231,7551,23690948,820306.0,7551_20241231,1,1,0.04025164427828352,0.04025164427828352,10-100bn
456110,NM,10333.0,20241231,562794,709122,562794,LUZERNE BANK,44904,107862,0,11965,7586,536182,60000.0,7586_20241231,1,1,0.021259999218186405,0.021259999218186405,<1bn
131117,N,10013.0,20241231,173477,204691,173477,NATIONAL BANK OF MALVERN,38541,42782,5716,14146,7590,145585,0.0,7590_20241231,1,1,0.08154395107132358,0.11449356398830969,<1bn
1229706,SM,112606.0,20241231,2386662,3020882,2386662,FIRST CITIZENS CMTY BANK,426061,1160581,120502,45827,7593,2301150,93057.0,7593_20241231,1,1,0.019201294527670863,0.06969105805514145,1-10bn
184734,SM,57732.0,20241231,241922,260962,241922,JIM THORPE NEIGHBORHOOD BANK,87200,57326,5409,37424,7599,126320,0.0,7599_20241231,1,1,0.15469448830614826,0.17705293441687817,<1bn
441864,NM,62847.0,20241231,584030,675468,584030,PENNIAN BANK,170924,144017,1911,13619,7613,449439,232.0,7613_20241231,1,1,0.023319007585226786,0.026591099772271972,<1bn
614284,NM,187297.0,20241231,748038,848356,748038,JUNIATA VALLEY BANK,256509,134630,0,10998,7614,527686,0.0,7614_20241231,1,1,0.014702461639649323,0.014702461639649323,<1bn
138408,NM,33645.0,20241231,155227,164617,155227,UNB BANK,44376,17066,5018,2420,7631,86753,0.0,7631_20241231,1,1,0.015590071314912999,0.04791692166955491,<1bn
316405,N,62191.0,20241231,369351,457105,369351,NEFFS NATIONAL BANK,207184,54280,0,2621,7646,236368,0.0,7646_20241231,1,1,0.007096230956461469,0.007096230956461469,<1bn
756886,N,294820.0,20241231,936070,1114591,936070,FIRST NB&T CO OF NEWTOWN,575073,179198,4603,15611,7658,453471,0.0,7658_20241231,1,1,0.016677171579048574,0.02159453886995631,1-10bn
436789,SM,19456.0,20241231,564392,635450,564392,NEW TRIPOLI BANK,103777,130361,0,12778,7659,480770,0.0,7659_20241231,1,1,0.022640292562616054,0.022640292562616054,<1bn
501942,N,71943.0,20241231,583971,659685,583971,NORTHUMBERLAND NATIONAL BANK,174840,82486,0,20370,7666,429111,0.0,7666_20241231,1,1,0.034881869133912474,0.034881869133912474,<1bn
561998,SM,141645.0,20241231,777851,921940,777851,FIRST NORTHERN BANK&TRUST CO,238829,216573,0,102248,7675,523397,0.0,7675_20241231,1,1,0.13144933926934593,0.13144933926934593,<1bn
1144925,NM,312971.0,20241231,1629734,1849047,1629734,QNB BANK,523618,490854,0,47299,7714,1208018,174.0,7714_20241231,1,1,0.029022527602663994,0.029022527602663994,1-10bn
3764187,SM,419172.0,20241231,6891902,8106170,6891902,UNIVEST BANK&TRUST CO,493978,3244253,0,328844,7759,6756145,388163.0,7759_20241231,1,1,0.047714549626503684,0.047714549626503684,1-10bn
158486,N,2516.0,20241231,168765,203161,168765,TURBOTVILLE NATIONAL BANK,34487,10779,1983,4849,7789,147886,0.0,7789_20241231,1,1,0.02873226083607383,0.040482327496815095,<1bn
1476231,SM,217182.0,20241231,2111547,2598537,2111547,CITIZENS&NORTHERN BANK,392005,632804,7118,125691,7799,1878298,24020.0,7799_20241231,1,1,0.05952555164531029,0.06289653983548554,1-10bn
855242,NM,147325.0,20241231,1297651,1478935,1297651,COMMUNITY BANK,260394,444800,0,49301,7848,1083722,39000.0,7848_20241231,1,1,0.03799249567102403,0.03799249567102403,1-10bn
291299,N,60521.0,20241231,337447,353115,337447,FIRST UNITED NATIONAL BANK,122126,46695,0,19653,7886,193446,0.0,7886_20241231,1,1,0.05824025698850486,0.05824025698850486,<1bn
22419346,N,5713704.0,20241231,38088297,48447307,38088297,FIRST NB OF PENNSYLVANIA,7445256,15860698,274408,2419743,7888,33696045,891509.0,7888_20241231,1,1,0.0635298291231031,0.07073435181415436,10-100bn
1280539,N,200022.0,20241231,2516099,2880232,2516099,NEXTIER BANK NATIONAL ASSN,331430,1237828,3867,274949,7900,2079293,20287.0,7900_20241231,1,1,0.10927590687011918,0.11081280982981989,1-10bn
322359,NM,0.0,20241231,362115,409898,362115,MARION CENTER BANK,81384,40118,9234,11079,7909,300289,0.0,7909_20241231,1,1,0.030595252889275507,0.056095439294146884,<1bn
10689000,N,99000.0,20241231,25823000,30536000,25823000,BNY MELLON NATIONAL ASSN,99000,15186000,0,7660000,7946,18143000,7527000.0,7946_20241231,1,1,0.2966347829454362,0.2966347829454362,10-100bn
724599,NM,204284.0,20241231,1015021,1308868,1015021,SVG BANK OF MENDOCINO COUNTY,463783,291251,0,21682,8011,722454,0.0,8011_20241231,1,1,0.021361134400174973,0.021361134400174973,1-10bn
356523,SM,114674.0,20241231,952630,1232853,952630,GROVE BANK&TRUST,339062,596986,149817,148916,8018,685115,0.0,8018_20241231,1,1,0.15632092207887638,0.31358764683035384,1-10bn
1394728,NM,293189.0,20241231,1949484,2185236,1949484,CREWS BANK&TRUST,596415,556644,9232,352462,8021,1196608,0.0,8021_20241231,1,1,0.180797585412345,0.18553319750251862,1-10bn
144438,NM,12688.0,20241231,172025,183786,172025,MOUNT VERNON BANK,45915,29135,0,13274,8028,116383,0.0,8028_20241231,1,1,0.07716320302281646,0.07716320302281646,<1bn
354061,SM,190614.0,20241231,695349,793469,695349,CITIZENS TRUST BANK,258323,341900,26433,55144,8033,403378,373.0,8033_20241231,1,1,0.07930406170139023,0.11731806617971695,<1bn
202031,NM,23382.0,20241231,277905,321784,277905,BATH STATE BANK,61758,76524,0,5389,8035,239221,15497.0,8035_20241231,1,1,0.019391518684442527,0.019391518684442527,<1bn
9415557,NM,1665848.0,20241231,11979302,18622251,11979302,MERCHANTS BANK OF INDIANA,2008789,2822092,90005,476610,8056,14553718,2534079.0,8056_20241231,1,1,0.039786124433627265,0.04729950042164393,10-100bn
349054,NM,26302.0,20241231,582332,654112,582332,NORTH SALEM STATE BANK,48382,234015,1979,16109,8063,536717,2000.0,8063_20241231,1,1,0.02766291393912751,0.03106131897268225,<1bn
70150,NM,2792.0,20241231,115945,138659,115945,COMMUNITY STATE BANK,10625,46457,0,2553,8067,111424,13724.0,8067_20241231,1,1,0.022019060761567986,0.022019060761567986,<1bn
189095,SM,381.0,20241231,305361,360974,305361,GARRETT STATE BANK,42918,116637,0,39200,8074,272851,24356.0,8074_20241231,1,1,0.12837264745661692,0.12837264745661692,<1bn
162042,NM,23040.0,20241231,219335,257422,219335,FAIRFAX STATE SAVINGS BANK,85070,58184,0,7348,8083,151233,0.0,8083_20241231,1,1,0.0335012651879545,0.0335012651879545,<1bn
269706,NM,6592.0,20241231,396002,462777,396002,NSB BANK,99128,127423,54821,5892,8094,330061,0.0,8094_20241231,1,1,0.014878712733774072,0.15331488224806947,<1bn
494687,SM,17794.0,20241231,642908,732434,642908,PRIMEBANK,43318,151589,0,12702,8101,655924,38494.0,8101_20241231,1,1,0.019757103660243767,0.019757103660243767,<1bn
46943,SM,0.0,20241231,57114,68291,57114,NEW CENTURY BANK,0,10322,0,2213,8108,59007,1500.0,8108_20241231,1,1,0.03874706726897083,0.03874706726897083,<1bn
28860,NM,2417.0,20241231,46059,49970,46059,STATE BANK OF SPRING HILL,29316,17247,8428,6265,8110,10734,0.0,8110_20241231,1,1,0.13602119021255346,0.3190038863197204,<1bn
251306,SM,5.0,20241231,304813,332376,304813,PEOPLES B&T CO OF HAZARD,35673,53967,0,34467,8117,239620,16338.0,8117_20241231,1,1,0.11307588587100943,0.11307588587100943,<1bn
152621,NM,7047.0,20241231,184461,251501,184461,BANK OF JAMESTOWN,74401,32158,13291,11445,8118,150119,0.0,8118_20241231,1,1,0.062045635662823034,0.13409880679384803,<1bn
299581,NM,13651.0,20241231,401508,480403,401508,MAGNOLIA BANK INC,79138,103131,0,4369,8120,371574,86810.0,8120_20241231,1,1,0.01088147683234207,0.01088147683234207,<1bn
48499,NM,0.0,20241231,57596,69312,57596,SECURITY BANK&TRUST CO,28992,9173,0,6461,8121,29062,0.0,8121_20241231,1,1,0.11217792902284882,0.11217792902284882,<1bn
173163,NM,37071.0,20241231,197265,212452,197265,FIRST&PEOPLES BANK&TRUST CO,82874,24254,3767,14316,8122,95141,0.0,8122_20241231,1,1,0.07257242795224697,0.09166856766278864,<1bn
115394,NM,1840.0,20241231,125712,154038,125712,COMMONWEALTH CMTY BANK INC,87283,10569,0,5470,8126,49167,0.0,8126_20241231,1,1,0.043512154766450296,0.043512154766450296,<1bn
1938892,SM,478767.0,20241231,3154370,3743488,3154370,INDEPENDENCE BANK OF KY,1452647,1217347,0,99602,8136,2050786,371113.0,8136_20241231,1,1,0.03157587727501847,0.03157587727501847,1-10bn
92891,NM,26873.0,20241231,138125,150328,138125,COLFAX BANKING CO,56072,45512,2236,12123,8140,65980,0.0,8140_20241231,1,1,0.0877683257918552,0.10395656108597286,<1bn
700141,NM,0.0,20241231,1234974,1375377,1234974,SABINE STATE BANK&TRUST CO,118363,535780,3646,119119,8141,1089350,33047.0,8141_20241231,1,1,0.09645466220341481,0.09940695107751256,1-10bn
50505,SM,9511.0,20241231,55160,71095,55160,BANK OF GUEYDAN,43182,4832,0,949,8144,25210,0.0,8144_20241231,1,1,0.01720449601160261,0.01720449601160261,<1bn
836622,NM,239486.0,20241231,1227085,1370658,1227085,FIRST AMERICAN BANK&TRUST,383083,392854,0,116015,8149,819218,0.0,8149_20241231,1,1,0.0945452026550728,0.0945452026550728,1-10bn
263860,NM,0.0,20241231,339244,376999,339244,STATE SAVINGS BANK,6608,75546,4967,24550,8162,274421,0.0,8162_20241231,1,1,0.07236679204348492,0.08700817110987961,<1bn
317953,NM,15575.0,20241231,373957,413779,373957,HONOR BANK,46205,56783,1005,17474,8165,319535,9200.0,8165_20241231,1,1,0.04672729752351206,0.04941477228665328,<1bn
284890,NM,36972.0,20241231,392403,456833,392403,LAKE-OSCEOLA STATE BANK,122641,108079,0,27234,8172,261820,11753.0,8172_20241231,1,1,0.0694031391197315,0.0694031391197315,<1bn
169165,SM,1433.0,20241231,296245,327290,296245,CITIZENS STATE BANK,62952,127690,0,43615,8183,208680,0.0,8183_20241231,1,1,0.1472261135209033,0.1472261135209033,<1bn
60246,NM,4784.0,20241231,79592,80557,79592,FIRST STATE BANK OF RED WING,37511,19447,1947,7476,8191,32572,0.0,8191_20241231,1,1,0.09392903809428083,0.11839129560759876,<1bn
45572,NM,1801.0,20241231,70741,87810,70741,PORTAGE BANK,5030,25459,1711,15977,8197,57725,11863.0,8197_20241231,1,1,0.22585205185111887,0.25003887420307885,<1bn
420347,NM,35880.0,20241231,481857,570697,481857,CITIZENS BANK MINNESOTA,138455,62482,23960,8423,8200,391160,0.0,8200_20241231,1,1,0.017480289795520246,0.06720458559282111,<1bn
122212,NM,18111.0,20241231,151224,180656,151224,AMERICANA COMMUNITY BANK,31882,29913,0,10859,8205,131020,7328.0,8205_20241231,1,1,0.07180738507115272,0.07180738507115272,<1bn
75179,NM,2415.0,20241231,95473,115192,95473,PRAIRIE SUN BANK,22498,20568,3895,6706,8207,78471,6399.0,8207_20241231,1,1,0.07023975364762812,0.11103662815665162,<1bn
124768,NM,0.0,20241231,151228,166499,151228,FREEPORT STATE BANK,44115,27356,22992,12324,8210,102657,499.0,8210_20241231,1,1,0.08149284524029941,0.23352818261168568,<1bn
126383,NM,57322.0,20241231,179789,194462,179789,FARMERS STATE BANK OF HAMEL,96144,53710,33966,20671,8214,69275,0.0,8214_20241231,1,1,0.11497366357229864,0.30389512150354026,<1bn
18674,NM,1.0,20241231,20382,24862,20382,FIRST STB OF SWANVILLE,2435,1750,2434,3376,8218,18691,0.0,8218_20241231,1,1,0.1656363457953096,0.2850554410754587,<1bn
216246,SM,42927.0,20241231,281862,318143,281862,COPIAH BANK,93522,66373,8920,39124,8231,165504,0.0,8231_20241231,1,1,0.1388055147554477,0.17045220710844314,<1bn
340193,NM,1255.0,20241231,477414,570810,477414,BANK OF HOLLY SPRINGS,35250,140161,0,73127,8232,431048,25490.0,8232_20241231,1,1,0.15317313694194137,0.15317313694194137,<1bn
226429,NM,60390.0,20241231,359858,409950,359858,RIVERHILLS BANK,210377,134040,3445,34527,8234,151284,0.0,8234_20241231,1,1,0.09594617877051503,0.10551939931862012,<1bn
1075818,NM,184736.0,20241231,1689920,1995139,1689920,PLANTERS BANK&TRUST CO,557569,620309,7837,50777,8235,1252325,46537.0,8235_20241231,1,1,0.030046984472637758,0.03468448210566181,1-10bn
104388,NM,6195.0,20241231,166095,193929,166095,BANK OF ANGUILLA,37092,62005,4900,33790,8243,95133,0.0,8243_20241231,1,1,0.2034377916252747,0.23293898070381408,<1bn
154035,NM,3815.0,20241231,177841,198479,177841,BANK OF WIGGINS,78041,25106,0,13245,8250,92744,7000.0,8250_20241231,1,1,0.07447663924516844,0.07447663924516844,<1bn
125548,SM,18882.0,20241231,156306,180447,156306,ADRIAN BANK,54411,31180,0,2595,8251,118793,0.0,8251_20241231,1,1,0.016602049825342597,0.016602049825342597,<1bn
1188599,SM,1625.0,20241231,1521697,1769541,1521697,OMB BANK,28815,337986,982,148683,8252,1530897,235539.0,8252_20241231,1,1,0.09770867656307398,0.09835400871526986,1-10bn
744207,SM,4425.0,20241231,1004381,1163911,1004381,MONTGOMERY BANK,43876,261527,23825,47230,8255,972343,30025.0,8255_20241231,1,1,0.0470239879089708,0.07074506586643912,1-10bn
64411,NM,4436.0,20241231,65565,76030,65565,FARMERS BANK OF LOHMAN MO,39593,1305,3678,7651,8268,22669,0.0,8268_20241231,1,1,0.11669335773659727,0.17279036071074505,<1bn
14531978,N,6944045.0,20241231,43319333,50150137,43319333,UMB BANK NATIONAL ASSN,13161592,31048001,1326073,8553044,8273,25385968,1758643.0,8273_20241231,1,1,0.19744172884656372,0.2280533035908009,10-100bn
234793,SM,28139.0,20241231,270514,302828,270514,EXCHANGE BANK OF NE MO,68172,36631,6442,36701,8274,181242,0.0,8274_20241231,1,1,0.13567135157514953,0.15948527617794273,<1bn
85439,NM,1486.0,20241231,114349,129257,114349,ALTON BANK,43180,29086,978,11071,8276,68589,3065.0,8276_20241231,1,1,0.09681763723338202,0.10537040114036852,<1bn
168361,NM,10.0,20241231,229371,261510,229371,FIRST MISSOURI STATE BANK,10,61675,0,27586,8282,213569,685.0,8282_20241231,1,1,0.12026803737176889,0.12026803737176889,<1bn
893195,NM,51681.0,20241231,1387162,1586647,1387162,LEAD BANK,119144,494274,24664,544860,8283,758927,349545.0,8283_20241231,1,1,0.39278757636094414,0.4105677635344682,1-10bn
231356,NM,18220.0,20241231,264819,294533,264819,O BANNON BANKING CO,40303,34707,2477,5179,8295,211735,0.0,8295_20241231,1,1,0.019556753858295667,0.02891031232653246,<1bn
204227,SM,640.0,20241231,235917,265234,235917,CENTURY BANK OF THE OZARKS,3910,31997,1477,28771,8296,217557,373.0,8296_20241231,1,1,0.12195390751832212,0.1282145839426578,<1bn
90930,NM,29501.0,20241231,147219,165132,147219,FIRST STATE BANK OF FORSYTH,56739,56465,0,32254,8317,71795,0.0,8317_20241231,1,1,0.21908856873093827,0.21908856873093827,<1bn
395805,NM,0.0,20241231,474832,539437,474832,STOCKMENS BANK,13077,79752,0,68570,8321,423635,0.0,8321_20241231,1,1,0.14440896990935742,0.14440896990935742,<1bn
197276,NM,5287.0,20241231,227703,297542,227703,NEBRASKA STATE BANK&TRUST CO,41901,30765,15054,13116,8322,232964,0.0,8322_20241231,1,1,0.05760134912583497,0.1237137850621204,<1bn
30522,NM,0.0,20241231,35351,44028,35351,COMMUNITY STATE BANK,5870,4962,1217,12325,8323,24472,2240.0,8323_20241231,1,1,0.34864643150123054,0.38307261463607817,<1bn
55201,NM,0.0,20241231,62776,75096,62776,FIRST TRI COUNTY BANK,17590,7699,11520,3774,8333,51000,0.0,8333_20241231,1,1,0.06011851663055945,0.24362813814196507,<1bn
72328,NM,10820.0,20241231,82362,88717,82362,FIRST STATE BANK OF HARVEY,49164,10240,3382,1739,8383,32635,0.0,8383_20241231,1,1,0.021114106019766397,0.06217673198805274,<1bn
347515,NM,15196.0,20241231,439507,508058,439507,KODABANK,45081,94633,8683,55009,8386,376314,24410.0,8386_20241231,1,1,0.1251606914110583,0.1449169182743392,<1bn
420254,NM,8211.0,20241231,511044,648999,511044,BANKNORTH,29848,93369,0,21471,8387,547679,27366.0,8387_20241231,1,1,0.04201399488106699,0.04201399488106699,<1bn
86542,NM,18888.0,20241231,108246,117957,108246,LINCOLN STATE BANK,43797,22229,705,3388,8390,66380,500.0,8390_20241231,1,1,0.03129907802597787,0.03781202076751104,<1bn
42979,NM,173.0,20241231,47350,56333,47350,WATERFORD COMMERCIAL&SVG BK,13811,4398,803,4146,8397,35600,0.0,8397_20241231,1,1,0.08756071805702217,0.10451953537486801,<1bn
58801,SM,4584.0,20241231,75709,95666,75709,OTTOVILLE BANK CO,27473,16951,1969,19436,8403,42227,0.0,8403_20241231,1,1,0.25671980874136496,0.28272728473497205,<1bn
1416208,NM,233217.0,20241231,1825022,2197156,1825022,FARMERS&MERCHANTS TR CHAMBER,508603,411586,31797,205112,8405,1382894,87057.0,8405_20241231,1,1,0.11238878216262599,0.1298115858329379,1-10bn
362346,NM,57565.0,20241231,488075,585466,488075,SUSQUEHANNA COMMUNITY BANK,153830,126663,1902,5532,8421,389126,0.0,8421_20241231,1,1,0.011334323618296368,0.015231265686626031,<1bn
816771,NM,347421.0,20241231,1207480,1409626,1207480,1ST SUMMIT BANK,544294,394528,0,17976,8426,775608,0.0,8426_20241231,1,1,0.014887203100672475,0.014887203100672475,1-10bn
1187137,NM,282035.0,20241231,1481939,1625309,1481939,ONE BANK OF TENNESSEE,365188,302678,75538,152961,8432,1032365,30064.0,8432_20241231,1,1,0.10321679907202658,0.15418920751798826,1-10bn
557620,NM,19909.0,20241231,664196,764009,664196,CENTENNIAL BANK,56101,110708,18258,30717,8439,628464,17063.0,8439_20241231,1,1,0.04624689097796433,0.07373576474414179,<1bn
2149820,NM,543945.0,20241231,2832443,3299533,2832443,EXCHANGE BANK,1362549,683721,12818,134672,8468,1583479,0.0,8468_20241231,1,1,0.047546234822730765,0.05207165687005882,1-10bn
139350,NM,6481.0,20241231,146425,175329,146425,CENTRAL STATE BANK,11035,7507,0,27254,8487,133612,0.0,8487_20241231,1,1,0.18612941779067782,0.18612941779067782,<1bn
145767,NM,11165.0,20241231,176470,216008,176470,SCOTT STATE BANK,75483,30965,7189,9183,8491,121232,0.0,8491_20241231,1,1,0.05203717345724486,0.09277497591658639,<1bn
118249,NM,0.0,20241231,138476,162102,138476,UNION STATE BANK,40582,20821,6455,17054,8499,89762,2618.0,8499_20241231,1,1,0.1231549149311072,0.16976949074207806,<1bn
60663,NM,762.0,20241231,64794,73887,64794,FARMERS STATE BANK,25386,4331,11198,2961,8503,44220,0.0,8503_20241231,1,1,0.045698675803315124,0.21852332006049943,<1bn
246276,NM,24310.0,20241231,273748,324511,273748,NEW ALBIN SAVINGS BANK,202074,28361,8838,1273,8506,113061,0.0,8506_20241231,1,1,0.0046502622850212606,0.036935429665239564,<1bn
53855,NM,1100.0,20241231,67267,70565,67267,SLOAN STATE BANK,35978,13501,0,4092,8507,24107,1992.0,8507_20241231,1,1,0.06083220598510414,0.06083220598510414,<1bn
104389,NM,3368.0,20241231,130613,143552,130613,FARMERS TRUST&SAVINGS BANK,32810,26450,8166,18077,8510,87236,0.0,8510_20241231,1,1,0.1384012311178826,0.2009218071708023,<1bn
190647,NM,39164.0,20241231,253688,275536,253688,CRAWFORD COUNTY T&SB,57831,63907,6922,13015,8511,193041,3185.0,8511_20241231,1,1,0.05130317555422409,0.07858866008640535,<1bn
60834,NM,0.0,20241231,68439,80716,68439,STATE SAVINGS BANK,2209,8490,484,16241,8513,57014,3285.0,8513_20241231,1,1,0.23730621429302007,0.2443782054091965,<1bn
70381,NM,0.0,20241231,89489,100083,89489,WHITE STATE BANK,57770,19311,0,824,8519,36425,0.0,8519_20241231,1,1,0.009207835599906134,0.009207835599906134,<1bn
68524,NM,10425.0,20241231,102973,122376,102973,FIRST STATE BANK,36374,34676,12935,11416,8522,68075,0.0,8522_20241231,1,1,0.11086401289658454,0.23647946549095394,<1bn
356430,NM,88209.0,20241231,565332,641634,565332,CONCORDIA BANK&TRUST CO,222763,210148,12785,19329,8527,364913,0.0,8527_20241231,1,1,0.034190528751247055,0.05680555850367572,<1bn
114281,NM,16769.0,20241231,232596,299033,232596,BANK OF COUSHATTA,132047,118572,3500,3899,8531,130705,0.0,8531_20241231,1,1,0.016762970988323102,0.03181052124714097,<1bn
79740,NM,9163.0,20241231,97715,111492,97715,BANK OF ERATH,28160,18303,1667,23640,8532,54858,0.0,8532_20241231,1,1,0.2419280560814614,0.258987872895666,<1bn
115844,NM,28165.0,20241231,157334,182505,157334,TENSAS STATE BANK,55629,42071,0,9811,8533,106419,0.0,8533_20241231,1,1,0.062357786619548224,0.062357786619548224,<1bn
196728,NM,30108.0,20241231,274780,293073,274780,ST LANDRY BANK&TRUST CO,185086,78466,18152,34851,8534,67999,0.0,8534_20241231,1,1,0.1268323749909018,0.1928924958148337,<1bn
61812,NM,7647.0,20241231,73060,79161,73060,FIRST COMMUNITY BANK,22863,11399,4200,14271,8535,39914,0.0,8535_20241231,1,1,0.19533260333972077,0.25281960032849715,<1bn
296055,NM,143153.0,20241231,329035,395773,329035,PROGROWTH BANK,298803,34678,18413,6126,8536,80062,103304.0,8536_20241231,1,1,0.018618080143449785,0.07457869223638823,<1bn
292688,NM,48644.0,20241231,336896,386857,336896,BANKCHEROKEE,100130,44453,28720,17113,8537,254491,0.0,8537_20241231,1,1,0.05079609137537994,0.13604495155775076,<1bn
104579,NM,9950.0,20241231,124217,137130,124217,STATE BANK OF FAIRMONT,17403,19936,3959,14016,8541,103381,0.0,8541_20241231,1,1,0.11283479716946956,0.144706441147347,<1bn
277565,NM,33902.0,20241231,319940,345707,319940,UNITED COMMUNITY BANK,89691,43201,0,24341,8544,203066,0.0,8544_20241231,1,1,0.07607988997937114,0.07607988997937114,<1bn
207548,NM,50177.0,20241231,274247,322260,274247,SENTRY BANK,66171,67223,14993,10322,8546,225621,0.0,8546_20241231,1,1,0.03763760405765605,0.09230729962406152,<1bn
268072,SM,32397.0,20241231,306468,337749,306468,GREAT SOUTHERN BANK,169653,38867,1914,18804,8552,132971,373.0,8552_20241231,1,1,0.061357140060299936,0.06760249030893926,<1bn
113921,NM,0.0,20241231,144571,172142,144571,BANK 21,2168,31714,484,10704,8560,149386,0.0,8560_20241231,1,1,0.0740397451771102,0.07738758118848178,<1bn
58860,NM,0.0,20241231,86320,109402,86320,BANK OF GRAIN VALLEY,22957,27537,3000,19638,8564,65589,0.0,8564_20241231,1,1,0.22750231696014828,0.26225671918443005,<1bn
188313,NM,0.0,20241231,234956,274315,234956,GOPPERT FINANCIAL BANK,53019,47391,51020,48577,8569,156295,0.0,8569_20241231,1,1,0.20674934881424606,0.42389638911115274,<1bn
89971,NM,3440.0,20241231,105799,127600,105799,CITIZENS BANK OF ROGERSVILLE,15874,16132,2814,5772,8572,96499,3250.0,8572_20241231,1,1,0.05455628125029537,0.08115388614259114,<1bn
440294,NM,2.0,20241231,530021,603999,530021,MARIES COUNTY BANK,210227,90902,0,10215,8576,340667,0.0,8576_20241231,1,1,0.019272821265572497,0.019272821265572497,<1bn
57743,SM,1566.0,20241231,60726,67133,60726,BANK OF IBERIA,16365,3063,242,5852,8584,40327,0.0,8584_20241231,1,1,0.09636728913480222,0.10035240259526397,<1bn
44135,NM,0.0,20241231,45677,54799,45677,MONTROSE SAVINGS BANK,19411,1752,1197,4538,8594,29977,0.0,8594_20241231,1,1,0.0993497821660792,0.1255555312301596,<1bn
118682,SM,13622.0,20241231,181817,201379,181817,I3 BANK,29046,63397,0,6781,8595,153451,2743.0,8595_20241231,1,1,0.037295742422325744,0.037295742422325744,<1bn
35038,NM,0.0,20241231,40575,47432,40575,FIRST STATE BANK,7725,5628,2799,9730,8604,28881,0.0,8604_20241231,1,1,0.23980283425754775,0.30878619839802834,<1bn
49291,NM,0.0,20241231,63145,72642,63145,CITIZENS STB AT MOHALL,15449,14434,3443,1661,8632,54029,0.0,8632_20241231,1,1,0.02630453717634017,0.08082983609153535,<1bn
246580,SM,42298.0,20241231,358261,400433,358261,DAKOTA WESTERN BANK,97924,114285,4143,46828,8637,241642,2325.0,8637_20241231,1,1,0.13070917571267873,0.14227337053153985,<1bn
87872,NM,26526.0,20241231,100731,111245,100731,FARMERS&MERCHANTS BANK OF ND,36765,13195,1967,9979,8640,54476,11.0,8640_20241231,1,1,0.09906582879153389,0.11859308455192542,<1bn
132618,NM,1028.0,20241231,171010,186889,171010,FARMERS STATE BANK,40425,38516,0,8944,8647,114516,0.0,8647_20241231,1,1,0.05230103502719139,0.05230103502719139,<1bn
629317,NM,176670.0,20241231,996512,1082878,996512,COMMERCIAL BANK&TRUST CO,337825,372366,0,113606,8660,567933,0.0,8660_20241231,1,1,0.1140036447127581,0.1140036447127581,1-10bn
53561,SM,1108.0,20241231,63749,70878,63749,FARMERS BANK,8333,10500,4870,11957,8661,48324,9995.0,8661_20241231,1,1,0.1875637264898273,0.2639570816797126,<1bn
6871886,NM,819284.0,20241231,11243291,13118535,11243291,FIRSTBANK,1538008,4478898,299,916663,8663,9577202,469089.0,8663_20241231,1,1,0.08152977629058965,0.08155636992763061,10-100bn
1070030,SM,172044.0,20241231,1199167,1300072,1199167,FARMERS&MERCHANTS BANK,327670,131851,18614,19322,8668,834103,3230.0,8668_20241231,1,1,0.01611285167120176,0.03163529349957095,1-10bn
48403,NM,377.0,20241231,51928,57977,51928,BLUE GRASS VALLEY BANK,13166,3696,504,9114,8672,34560,0.0,8672_20241231,1,1,0.17551224772762286,0.18521799414574025,<1bn
50290,NM,3848.0,20241231,61199,71101,61199,LAMONT BANK OF ST JOHN,18742,11469,996,1647,8681,41829,7243.0,8681_20241231,1,1,0.026912204447785096,0.0431869801794147,<1bn
110057,NM,1714.0,20241231,122972,144833,122972,BLUFF VIEW BANK,43627,13623,0,3766,8693,90017,12667.0,8693_20241231,1,1,0.030624857691181732,0.030624857691181732,<1bn
267226,NM,17811.0,20241231,329095,417234,329095,BANK OF LAKE MILLS,41813,62513,0,5511,8695,347135,82332.0,8695_20241231,1,1,0.016745924429116214,0.016745924429116214,<1bn
633738,NM,169665.0,20241231,872644,959692,872644,PORT WASHINGTON STATE BANK,242112,241633,11093,59129,8698,597863,0.0,8698_20241231,1,1,0.06775844445157475,0.08047038654938325,<1bn
99200,NM,5647.0,20241231,112960,144576,112960,WALDO STATE BANK,13870,14002,0,3922,8700,118535,3170.0,8700_20241231,1,1,0.03472025495750708,0.03472025495750708,<1bn
484146,NM,0.0,20241231,542547,637373,542547,UNITY BANK,60410,59430,58717,61783,8714,487692,33776.0,8714_20241231,1,1,0.11387584854399711,0.22210057377517523,<1bn
212282,SM,37951.0,20241231,307724,341522,307724,WYOMING BANK&TRUST,136171,95868,3212,66667,8718,124612,24838.0,8718_20241231,1,1,0.21664543552014143,0.22708336041387736,<1bn
43476,SM,59.0,20241231,46057,51667,46057,COWBOY STATE BANK,5952,2628,0,8282,8725,33640,0.0,8725_20241231,1,1,0.17982065701196343,0.17982065701196343,<1bn
17456715,SM,3993311.0,20241231,23710710,26896404,23710710,ARVEST BANK,5687262,6336481,298814,880985,8728,18083165,15016.0,8728_20241231,1,1,0.03715557231310239,0.049758062917559194,10-100bn
102618,SM,56.0,20241231,150355,175640,150355,GATEWAY BANK,612,47978,0,1831,8730,164509,25168.0,8730_20241231,1,1,0.01217784576502278,0.01217784576502278,<1bn
160275,SM,6033.0,20241231,216617,254414,216617,MERCHANTS&FARMERS BANK,16960,57179,2896,5359,8735,205895,0.0,8735_20241231,1,1,0.024739517212407153,0.03810873569479773,<1bn
323125,SM,32037.0,20241231,476182,532753,476182,CITIZENS BANK&TRUST CO,148806,153325,18562,55374,8738,301294,0.0,8738_20241231,1,1,0.11628746991696452,0.15526836377687522,<1bn
402562,NM,59987.0,20241231,623352,787583,623352,FIRST STB OF MIDDLEBURY,130620,221492,0,11584,8745,604953,15783.0,8745_20241231,1,1,0.018583400710994753,0.018583400710994753,<1bn
175909,NM,8949.0,20241231,239482,270270,239482,IOWA STATE SAVINGS BANK,67013,64149,12634,26130,8751,165237,0.0,8751_20241231,1,1,0.10911049682230815,0.1618660275093744,<1bn
175312,NM,0.0,20241231,233306,275630,233306,FIRST TRUST&SAVINGS BANK,16362,59036,0,3457,8752,245125,6663.0,8752_20241231,1,1,0.014817450044148028,0.014817450044148028,<1bn
98747,NM,7571.0,20241231,121485,144548,121485,FARMERS STATE BANK,28106,23132,13419,7387,8760,103719,1.0,8760_20241231,1,1,0.060805860805860805,0.17126394205045892,<1bn
220284,NM,38995.0,20241231,273188,352249,273188,KERNDT BROTHERS SAVINGS BANK,76406,53360,11634,12070,8761,240582,3000.0,8761_20241231,1,1,0.04418202849319882,0.08676808644596395,<1bn
114794,NM,10001.0,20241231,129408,139089,129408,SACRAMENTO DEPOSIT BANK,38219,14930,478,5299,8762,85953,0.0,8762_20241231,1,1,0.040948009396636995,0.04464175321463897,<1bn
281134,SM,272.0,20241231,342485,438987,342485,SPRINGFIELD STATE BANK,116590,62595,0,3899,8772,297004,11000.0,8772_20241231,1,1,0.011384440194461071,0.011384440194461071,<1bn
924459,NM,31373.0,20241231,1248676,1505966,1248676,CECILIAN BANK,341985,327926,0,79266,8774,1000883,7775.0,8774_20241231,1,1,0.06348003805630924,0.06348003805630924,1-10bn
164778,NM,6259.0,20241231,192566,210502,192566,BANK OF COLUMBIA,26317,28321,1900,9785,8775,170263,0.0,8775_20241231,1,1,0.05081374697506309,0.06068049396051224,<1bn
349587,NM,23332.0,20241231,460361,554315,460361,PEOPLES EXCHANGE BANK,57417,111635,3968,15621,8785,452489,8990.0,8785_20241231,1,1,0.03393206635662013,0.042551389018618,<1bn
370438,NM,17187.0,20241231,462862,528009,462862,COTTONPORT BANK,116732,93701,46979,67466,8798,326298,0.0,8798_20241231,1,1,0.14575834698030946,0.24725512139687422,<1bn
40826,NM,17822.0,20241231,60468,71106,60468,JACKSON PARISH BANK,35833,19727,11988,9013,8799,24125,0.0,8799_20241231,1,1,0.14905404511477144,0.3473076668651187,<1bn
559274,NM,49673.0,20241231,653043,755798,653043,HEBRON SAVINGS BANK,84342,95080,4222,61584,8811,569125,10000.0,8811_20241231,1,1,0.09430313164676751,0.1007682495639644,<1bn
478342,NM,80343.0,20241231,591313,688335,591313,QUEENSTOWN BANK OF MARYLAND,127791,113976,3733,87712,8816,438526,0.0,8816_20241231,1,1,0.14833430010840282,0.15464736949804925,<1bn
146273,NM,4736.0,20241231,170389,218714,170389,UNITED FARMERS STATE BANK,12700,24705,0,5278,8821,193012,7586.0,8821_20241231,1,1,0.030976178039662183,0.030976178039662183,<1bn
42459,NM,2473.0,20241231,52278,58531,52278,ADRIAN STATE BANK,6495,10061,1961,9018,8822,39929,0.0,8822_20241231,1,1,0.17250086078273844,0.21001185967328512,<1bn
133563,NM,33304.0,20241231,178481,217830,178481,EAGLE BANK,65338,45411,5839,14208,8824,131275,2007.0,8824_20241231,1,1,0.07960511202873136,0.11232007888794886,<1bn
110463,NM,551.0,20241231,130162,143178,130162,FIRST STB OF SAUK CENTRE,37124,20870,7692,24140,8831,76271,0.0,8831_20241231,1,1,0.18546119451145496,0.2445567830856932,<1bn
80785,NM,0.0,20241231,85580,100310,85580,CURRIE STATE BANK,0,5114,0,1884,8833,90551,13229.0,8833_20241231,1,1,0.022014489366674456,0.022014489366674456,<1bn
50485,NM,222.0,20241231,54531,61904,54531,PEOPLES STATE BANK OF WELLS,12363,4159,4600,6689,8840,40747,0.0,8840_20241231,1,1,0.12266417267242485,0.20701986026296967,<1bn
84818,SM,0.0,20241231,110317,120016,110317,GRAND MARAIS STATE BANK,43841,25880,11609,1885,8842,72438,0.0,8842_20241231,1,1,0.01708712165849325,0.1223202226311448,<1bn
348766,N,4103.0,20241231,484755,556709,484755,AMERICAN HERITAGE NB,52143,138689,23188,59172,8843,418853,528.0,8843_20241231,1,1,0.12206578580932637,0.16990025889366794,<1bn
42640,NM,0.0,20241231,53392,61043,53392,FARMERS&MERCHANTS STB APPLET,3791,11043,0,3824,8845,49295,0.0,8845_20241231,1,1,0.07162121666167216,0.07162121666167216,<1bn
63536,NM,0.0,20241231,75546,82014,75546,CENBANK,26404,12375,17981,8405,8848,44939,0.0,8848_20241231,1,1,0.11125671776136394,0.3492706430519154,<1bn
364162,SM,28386.0,20241231,426136,523596,426136,NORTH SHORE BANK OF COMMERCE,50611,62834,0,14801,8850,418312,19101.0,8850_20241231,1,1,0.03473304297219667,0.03473304297219667,<1bn
989180,NM,35153.0,20241231,1252225,1410445,1252225,PARK STATE BANK,383179,266657,23745,93471,8851,870417,360735.0,8851_20241231,1,1,0.07464393379783985,0.09360618099782388,1-10bn
305612,NM,2053.0,20241231,482110,558915,482110,GLENWOOD STATE BANK INC,5484,177354,3366,35714,8853,496900,0.0,8853_20241231,1,1,0.07407852979610462,0.08106033892680094,<1bn
33914,NM,0.0,20241231,41427,53107,41427,GROVE BANK,13006,7564,4458,2197,8857,34832,250.0,8857_20241231,1,1,0.053033046081058244,0.1606440244285128,<1bn
51796,NM,0.0,20241231,60273,69714,60273,STATE BANK OF CHANDLER,11164,8745,5285,9367,8858,47327,0.0,8858_20241231,1,1,0.15540955319960845,0.2430939226519337,<1bn
109216,NM,4895.0,20241231,135609,158695,135609,WOODLAND BANK,15999,26636,5976,3571,8863,122755,1.0,8863_20241231,1,1,0.026333060490085467,0.07040093209152785,<1bn
77247,NM,1134.0,20241231,86909,102606,86909,HERITAGE BANK MINNESOTA,11666,10040,0,3065,8865,80426,10000.0,8865_20241231,1,1,0.03526677329160386,0.03526677329160386,<1bn
1758369,N,306209.0,20241231,2425963,2779602,2425963,MERCHANTS BANK NATIONAL ASSN,319206,673188,4973,177046,8866,2087307,0.0,8866_20241231,1,1,0.07297967858537002,0.07502958618907213,1-10bn
192684,NM,0.0,20241231,252148,291202,252148,ULTIMA BANK MINNESOTA,148,60634,0,11313,8867,271252,25436.0,8867_20241231,1,1,0.04486650697209575,0.04486650697209575,<1bn
1789647,SM,248937.0,20241231,2359415,2730258,2359415,BANKFIRST FINANCIAL SERVICES,534295,577047,17733,119216,8870,1829875,0.0,8870_20241231,1,1,0.05052777913169154,0.058043625220658514,1-10bn
2876887,NM,19184.0,20241231,4269437,4671996,4269437,COMMUNITY BANK OF MS,1135497,1402841,1099229,230566,8879,3024942,0.0,8879_20241231,1,1,0.0540038417243304,0.3114684676223118,1-10bn
1123852,SM,225904.0,20241231,1857288,2173409,1857288,COUNTRY CLUB BANK,575305,739928,126458,47431,8888,1417052,44586.0,8888_20241231,1,1,0.02553777335555929,0.09362522129039762,1-10bn
791201,NM,10340.0,20241231,979929,1103792,979929,MIDWEST REGIONAL BANK,47575,191860,23862,43577,8889,895129,79945.0,8889_20241231,1,1,0.04446954830400978,0.06882029208238556,1-10bn
772912,NM,14656.0,20241231,1031614,1167708,1031614,SULLIVAN BANK,42213,258698,0,65466,8892,1005194,47974.0,8892_20241231,1,1,0.06345978243800492,0.06345978243800492,1-10bn
28960,NM,0.0,20241231,41777,50589,41777,AMERICAS COMMUNITY BANK,74,13059,0,3790,8893,45058,9000.0,8893_20241231,1,1,0.09071977403834645,0.09071977403834645,<1bn
111353,NM,3.0,20241231,119376,133921,119376,JONESBURG STATE BANK,13209,8157,8221,18638,8896,99048,0.0,8896_20241231,1,1,0.15612853504892105,0.22499497386409328,<1bn
235298,NM,397.0,20241231,277269,310193,277269,ST JOHNS BANK&TRUST CO,64472,42029,0,3024,8898,229113,0.0,8898_20241231,1,1,0.010906376118498642,0.010906376118498642,<1bn
553006,SM,122389.0,20241231,771284,870212,771284,PEOPLES BANK&TRUST CO,283305,219496,26823,104782,8903,442331,22366.0,8903_20241231,1,1,0.1358539785604265,0.1706310515970771,<1bn
1002179,NM,218116.0,20241231,1226544,1422024,1226544,NODAWAY VALLEY BANK,390898,227633,6982,23335,8904,936445,0.0,8904_20241231,1,1,0.01902500032611957,0.024717417393913303,1-10bn
615354,NM,17980.0,20241231,861648,1036320,861648,BANK FORWARD,47494,249785,0,74474,8941,851923,10588.0,8941_20241231,1,1,0.08643204649694539,0.08643204649694539,1-10bn
236621,NM,21669.0,20241231,306608,331257,306608,STOCK GROWERS BANK,148107,72257,992,19819,8942,156094,0.0,8942_20241231,1,1,0.06463953973803684,0.06787494129311694,<1bn
167536,NM,4545.0,20241231,225526,252663,225526,MERCHANTS BANK,53013,59169,28497,13905,8943,177407,19552.0,8943_20241231,1,1,0.06165586229525642,0.18801379885246047,<1bn
28138,NM,0.0,20241231,40789,44597,40789,KINDRED STATE BANK,6292,12714,1503,9426,8946,22072,0.0,8946_20241231,1,1,0.2310917159037976,0.26793988575351196,<1bn
79068,NM,0.0,20241231,97106,108107,97106,COMMUNITY BANK,10239,18161,5402,9200,8975,86680,0.0,8975_20241231,1,1,0.09474182851729038,0.15037175869668198,<1bn
164131,NM,85989.0,20241231,314960,373072,314960,SECURITY STB OF OKLAHOMA,154114,151476,0,11456,8980,193979,27857.0,8980_20241231,1,1,0.036372872745745494,0.036372872745745494,<1bn
91139,NM,3458.0,20241231,111250,131821,111250,FIRST STATE BANK OF ROSCOE,26577,21251,22548,9130,9005,74252,0.0,9005_20241231,1,1,0.08206741573033707,0.28474606741573033,<1bn
101038,NM,7345.0,20241231,117313,146535,117313,HEARTLAND STATE BANK,34282,16709,14370,4759,9007,100012,7773.0,9007_20241231,1,1,0.04056668911373846,0.16305950747146522,<1bn
584178,NM,62000.0,20241231,754519,875866,754519,BANK OF CHARLES TOWN,77385,171271,0,64746,9023,698638,0.0,9023_20241231,1,1,0.08581096036017648,0.08581096036017648,<1bn
135590,NM,12858.0,20241231,178281,198320,178281,CALHOUN COUNTY BANK INC,31775,42846,969,26770,9024,129209,0.0,9024_20241231,1,1,0.15015621406655785,0.15559145394068913,<1bn
114966,NM,20219.0,20241231,129877,144965,129877,HARRISON COUNTY BANK,49931,15012,0,4910,9030,82954,3000.0,9030_20241231,1,1,0.03780500011549389,0.03780500011549389,<1bn
88824,NM,499.0,20241231,92451,110252,92451,HEADWATERS STATE BANK,10406,3732,0,17324,9035,74061,17043.0,9035_20241231,1,1,0.18738575028934246,0.18738575028934246,<1bn
86861,NM,14933.0,20241231,97895,125948,97895,SECURITY STATE BANK,28317,11347,2068,15225,9036,73374,0.0,9036_20241231,1,1,0.15552377547372184,0.17664844986975842,<1bn
376508,NM,37662.0,20241231,434725,499992,434725,MOUND CITY BANK,65964,59058,0,22648,9037,385695,21215.0,9037_20241231,1,1,0.05209730289263327,0.05209730289263327,<1bn
379821,NM,10944.0,20241231,502329,550157,502329,CITIZENS STATE BANK,221163,124579,0,9991,9047,287536,41676.0,9047_20241231,1,1,0.01988935538262772,0.01988935538262772,<1bn
73001,NM,35061.0,20241231,102459,117155,102459,BANK OF MOUNDVILLE,53234,29599,0,1947,9057,56251,0.0,9057_20241231,1,1,0.019002723040435685,0.019002723040435685,<1bn
284465,NM,27333.0,20241231,386535,424580,386535,PLANTERS FIRST BANK,75974,102563,9692,31304,9064,273997,0.0,9064_20241231,1,1,0.08098619788634923,0.10606025327589998,<1bn
277618,NM,29981.0,20241231,400109,441978,400109,BANK OF DUDLEY,41080,123126,0,92383,9068,285655,0.0,9068_20241231,1,1,0.23089458122661574,0.23089458122661574,<1bn
136342,NM,9734.0,20241231,310327,334680,310327,FARMERS&MERCHANTS BANK,115418,174190,0,72944,9069,139619,45314.0,9069_20241231,1,1,0.23505528039777396,0.23505528039777396,<1bn
56998,NM,10162.0,20241231,66336,74051,66336,FIRST BANK OF PIKE,10162,9439,0,3988,9070,47418,0.0,9070_20241231,1,1,0.06011818620356971,0.06011818620356971,<1bn
226293,NM,32449.0,20241231,282086,313870,282086,HARVARD STATE BANK,104543,56176,3670,9753,9079,175108,0.0,9079_20241231,1,1,0.034574562367504946,0.04758477910991683,<1bn
193306,NM,9386.0,20241231,238404,297874,238404,HOLCOMB BANK,61733,45843,4299,12713,9080,213116,5622.0,9080_20241231,1,1,0.05332544755960471,0.07135786312310197,<1bn
3393516,SM,695918.0,20241231,7230538,8929119,7230538,1ST SOURCE BANK,1536299,3874586,446021,127521,9087,6701837,497963.0,9087_20241231,1,1,0.017636446969782886,0.07932217491976393,1-10bn
112465,NM,0.0,20241231,132715,155113,132715,ATKINS SAVINGS BANK&TRUST,43024,21089,0,2872,9096,104203,1659.0,9096_20241231,1,1,0.0216403571563124,0.0216403571563124,<1bn
321380,NM,37534.0,20241231,460291,541678,460291,SOUTH OTTUMWA SAVINGS BANK,157830,140161,0,27042,9099,321159,0.0,9099_20241231,1,1,0.058749790893152375,0.058749790893152375,<1bn
746112,NM,0.0,20241231,915752,1021778,915752,PILOT GROVE SAVINGS BANK,179328,174034,4384,18643,9100,775034,0.0,9100_20241231,1,1,0.020358131895971836,0.025145454227782194,1-10bn
104171,NM,8655.0,20241231,137097,171079,137097,WEST IOWA BANK,62767,33218,11463,9490,9105,91057,0.0,9105_20241231,1,1,0.06922106245942654,0.1528333953332312,<1bn
48851,NM,6182.0,20241231,60404,66957,60404,FARMERS STATE BANK,28618,11648,2824,2837,9106,33479,0.0,9106_20241231,1,1,0.046967088272299846,0.09371895900933713,<1bn
35849,NM,0.0,20241231,40701,46505,40701,ROLETTE STATE BANK,6782,5013,5177,3167,9120,34593,0.0,9120_20241231,1,1,0.0778113559863394,0.20500724797916514,<1bn
81701,NM,76.0,20241231,99304,111713,99304,STATE BANK OF BOTTINEAU,1091,18025,1015,4610,9121,90315,5941.0,9121_20241231,1,1,0.04642310480947394,0.056644243937807134,<1bn
1618369,NM,33660.0,20241231,2033967,2344400,2033967,WESTERN STATE BANK,54747,427877,0,159805,9123,2069018,117800.0,9123_20241231,1,1,0.07856813802780478,0.07856813802780478,1-10bn
296548,NM,7321.0,20241231,431363,491603,431363,OSGOOD BANK,134960,135218,69971,24299,9137,300260,9720.0,9137_20241231,1,1,0.05633074695789857,0.21853983767731586,<1bn
801378,SM,256635.0,20241231,1045383,1191045,1045383,COML&SVG BK MILLERSBURG OH,329743,244475,21268,73157,9139,730329,0.0,9139_20241231,1,1,0.0699810500075092,0.09032574664022659,1-10bn
433328,NM,126985.0,20241231,615405,712475,615405,COUNTYBANK,219554,182271,41106,51048,9155,406760,0.0,9155_20241231,1,1,0.08295025227289346,0.1497452896872791,<1bn
364117,NM,38178.0,20241231,462768,538333,462768,WAYNE COUNTY BANK,74572,100332,0,53198,9168,375948,49521.0,9168_20241231,1,1,0.11495609030875083,0.11495609030875083,<1bn
906410,NM,145391.0,20241231,1267386,1491300,1267386,SECURITY BANK&TRUST CO,355804,364459,0,43342,9172,947986,135940.0,9172_20241231,1,1,0.034197947586607394,0.034197947586607394,1-10bn
736869,NM,1245.0,20241231,956424,1262637,956424,APEX BANK,8522,222663,0,91084,9176,1094429,272408.0,9176_20241231,1,1,0.09523391299256397,0.09523391299256397,1-10bn
68754,NM,10349.0,20241231,82181,94781,82181,UNION BANK&TRUST CO,23112,14274,5716,6288,9179,63487,0.0,9179_20241231,1,1,0.07651403609106727,0.14606782589649675,<1bn
42314,NM,471.0,20241231,51174,61747,51174,BRIGHTON BANK,4854,9276,3454,18470,9189,36919,497.0,9189_20241231,1,1,0.36092546996521674,0.42842068237777,<1bn
85468,NM,22186.0,20241231,129012,144054,129012,HOME BANKING CO,54429,43855,9580,5907,9196,66941,1966.0,9196_20241231,1,1,0.04578643847083992,0.12004309676619229,<1bn
971397,NM,188707.0,20241231,1503013,2008559,1503013,CENTRAL BANK,603349,552155,399086,28884,9204,1283164,0.0,9204_20241231,1,1,0.019217398651907868,0.2847413828090642,1-10bn
290100,NM,35184.0,20241231,355893,395651,355893,GLENNVILLE BANK,95138,68310,3986,53482,9244,207306,0.0,9244_20241231,1,1,0.15027550415433852,0.16147549965860525,<1bn
217143,NM,74799.0,20241231,375895,401270,375895,BANK OF LAFAYETTE GEORGIA,208598,159322,0,11119,9245,160707,0.0,9245_20241231,1,1,0.029580068902220036,0.029580068902220036,<1bn
125727,NM,52855.0,20241231,144320,203462,144320,FARMERS STB OF HOFFMAN,90308,18744,1871,4764,9259,93993,0.0,9259_20241231,1,1,0.033009977827051,0.04597422394678492,<1bn
432035,N,102918.0,20241231,538525,595607,538525,STILLMAN BANCCORP N A,307817,108491,22208,39103,9263,232837,0.0,9263_20241231,1,1,0.07261129938257277,0.11384986769416462,<1bn
92073,SM,37888.0,20241231,108537,120331,108537,RUSHVILLE STATE BANK,52060,16613,0,12215,9265,51667,0.0,9265_20241231,1,1,0.11254226669246432,0.11254226669246432,<1bn
55778,NM,0.0,20241231,72950,83314,72950,VILLA GROVE STATE BANK,12327,17263,0,12281,9273,55208,0.0,9273_20241231,1,1,0.16834818368745716,0.16834818368745716,<1bn
41222,NM,0.0,20241231,49383,58181,49383,HILL-DODGE BANKING CO,8835,8225,2379,25344,9274,23139,0.0,9274_20241231,1,1,0.5132130490249681,0.5613875220217484,<1bn
582515,SM,71293.0,20241231,994307,1100701,994307,FIRST BANK OF BERNE,241472,422255,0,47103,9288,772891,50796.0,9288_20241231,1,1,0.0473726927397675,0.0473726927397675,1-10bn
27029,SM,0.0,20241231,29934,34990,29934,FARMERS STATE BANK,16169,2947,13437,5641,9295,11757,0.0,9295_20241231,1,1,0.18844791875459344,0.6373354713703481,<1bn
318212,SM,7453.0,20241231,513552,603804,513552,FARMERS&MERCHANTS SB,158429,195978,16803,9705,9298,416929,0.0,9298_20241231,1,1,0.01889779418637256,0.05161697354892981,<1bn
176488,NM,11890.0,20241231,238584,307455,238584,RELIANCE STATE BANK,78757,62948,22319,9214,9299,206237,0.0,9299_20241231,1,1,0.03861952184555544,0.13216728699326025,<1bn
85684,NM,0.0,20241231,105515,141479,105515,READLYN SAVINGS BANK,25717,20301,2408,1844,9300,103878,0.0,9300_20241231,1,1,0.017476188219684406,0.04029758802066057,<1bn
130593,NM,13975.0,20241231,175658,197122,175658,CITIZENS BANK,41326,45458,0,4841,9306,140950,1000.0,9306_20241231,1,1,0.027559234421432557,0.027559234421432557,<1bn
256135,SM,22417.0,20241231,296604,341845,296604,UNITED SOUTHERN BANK,49978,41007,0,27151,9309,250543,0.0,9309_20241231,1,1,0.0915395611657294,0.0915395611657294,<1bn
137071,NM,20968.0,20241231,170716,206757,170716,COMMERCIAL BANK,47459,34054,12367,4978,9310,133921,5000.0,9310_20241231,1,1,0.029159539820520632,0.10160149019424072,<1bn
129748,NM,946.0,20241231,138653,159343,138653,PBK BANK INC,31921,9004,5946,28374,9313,94231,0.0,9313_20241231,1,1,0.20464036118944415,0.24752439543320376,<1bn
103112,NM,0.0,20241231,126828,156265,126828,BANK OF MAYSVILLE,62710,23745,0,3104,9315,83480,0.0,9315_20241231,1,1,0.0244740908947551,0.0244740908947551,<1bn
279359,NM,75926.0,20241231,452556,496544,452556,MERCHANTS&FARMERS B&T CO,151272,173605,2254,62602,9319,252068,0.0,9319_20241231,1,1,0.13832984205269624,0.1433104411387762,<1bn
155255,NM,13929.0,20241231,195162,223517,195162,MARION STATE BANK,48645,40210,0,14040,9320,147723,0.0,9320_20241231,1,1,0.07194023426691672,0.07194023426691672,<1bn
292342,NM,63725.0,20241231,509342,598063,509342,CROSS KEYS BANK,166098,218868,3966,26574,9322,372099,10629.0,9322_20241231,1,1,0.05217319600582713,0.059959712727401235,<1bn
101337,NM,20996.0,20241231,136922,152703,136922,BANK OF WINNFIELD&TRUST CO,56412,35816,2418,32511,9323,52097,0.0,9323_20241231,1,1,0.23744175515987204,0.25510144461810375,<1bn
791294,NM,437125.0,20241231,849627,895243,849627,JONESBORO STATE BANK,666573,70313,17718,29686,9325,137502,712478.0,9325_20241231,1,1,0.03494003839331848,0.055793895438821975,<1bn
217569,NM,14216.0,20241231,266167,297727,266167,WASHINGTON STATE BANK,39269,50361,0,20974,9326,224902,0.0,9326_20241231,1,1,0.07880015178440603,0.07880015178440603,<1bn
252228,NM,70843.0,20241231,330033,446667,330033,FARMERS-MERCHANTS B&T CO,135823,78262,6932,39839,9327,248706,0.0,9327_20241231,1,1,0.12071217120712172,0.1417161314171613,<1bn
66378,NM,0.0,20241231,76079,88154,76079,PEOPLES BANK,1540,9957,1430,8819,9328,69766,0.0,9328_20241231,1,1,0.11591897895608512,0.13471523022121742,<1bn
73471,NM,1190.0,20241231,88871,105231,88871,FIRST STB OF LE CENTER,22901,15623,4715,4975,9330,67090,0.0,9330_20241231,1,1,0.055980015978215614,0.10903444318169031,<1bn
64870,NM,18394.0,20241231,79001,88726,79001,BANK OF MAPLE PLAIN,41710,14628,0,1583,9332,43091,0.0,9332_20241231,1,1,0.020037721041505804,0.020037721041505804,<1bn
41509,N,115.0,20241231,44897,64445,44897,STEARNS BANK UPSALA NA,4350,3798,0,7379,9336,49598,1.0,9336_20241231,1,1,0.1643539657438136,0.1643539657438136,<1bn
86109,NM,3985.0,20241231,104108,112907,104108,CITIZENS STB OF WAVERLY INC,37706,18163,7532,12860,9337,55223,0.0,9337_20241231,1,1,0.12352556960079918,0.19587351596419103,<1bn
53045,NM,10651.0,20241231,67269,75021,67269,FARMERS&MERCHANTS STB NY MIL,35114,14389,0,2602,9340,33993,0.0,9340_20241231,1,1,0.038680521488352736,0.038680521488352736,<1bn
33699,NM,7793.0,20241231,36085,37916,36085,FIRST STATE BANK OF FOUNTAIN,19574,2474,1191,1601,9349,11877,0.0,9349_20241231,1,1,0.04436746570597201,0.07737286961341278,<1bn
37340,NM,5321.0,20241231,40875,44408,40875,STATE BANK OF LAKE PARK,14911,3679,2386,3475,9351,24528,0.0,9351_20241231,1,1,0.08501529051987768,0.14338837920489297,<1bn
26187,NM,3844.0,20241231,30758,33943,30758,FARMERS STB OF HOFFMAN,12853,4700,2754,2272,9354,15794,0.0,9354_20241231,1,1,0.07386696144092594,0.16340464269458352,<1bn
151483,NM,71016.0,20241231,221325,251777,221325,COMMERCIAL BANK,104182,70624,0,11126,9356,120934,10608.0,9356_20241231,1,1,0.05026996498362137,0.05026996498362137,<1bn
454363,NM,107526.0,20241231,849480,961776,849480,BANK OF COMMERCE,246260,398326,0,146611,9359,507029,11365.0,9359_20241231,1,1,0.1725891133399256,0.1725891133399256,<1bn
299036,NM,622.0,20241231,399638,453959,399638,PEOPLES BANK,43047,100915,1967,13906,9366,358596,8161.0,9366_20241231,1,1,0.0347964908241959,0.039718445192899576,<1bn
310794,SM,0.0,20241231,424134,486492,424134,BANK OF ADVANCE,70748,114369,15253,21454,9369,374320,11074.0,9369_20241231,1,1,0.050583070444717944,0.08654576148104137,<1bn
330299,NM,5364.0,20241231,365219,417584,365219,F&C BANK,27364,36005,14089,17868,9378,354279,5646.0,9378_20241231,1,1,0.048924070215405006,0.0875009241030724,<1bn
80774,N,24130.0,20241231,98015,111337,98015,BANK OF BROOKFIELD PURDIN NA,71753,17410,4298,14472,9385,21498,0.0,9385_20241231,1,1,0.1476508697648319,0.19150130082130287,<1bn
154244,NM,3434.0,20241231,165824,189415,165824,CORNER STONE BANK,28231,11934,6059,15372,9388,141459,4641.0,9388_20241231,1,1,0.09270069471246623,0.12923943458124276,<1bn
126393,NM,674.0,20241231,190912,223354,190912,BANK OF GRANDIN,78102,65680,0,10312,9392,128048,0.0,9392_20241231,1,1,0.05401441501843782,0.05401441501843782,<1bn
32593949,N,5391718.0,20241231,50357937,62446510,50357937,VALLEY NATIONAL BANK,6935733,18629244,317029,1880065,9396,48266549,7049230.0,9396_20241231,1,1,0.03733403534779433,0.04362954741374731,10-100bn
20465,SM,0.0,20241231,22874,26120,22874,BANK OF CATTARAUGUS,7763,2412,0,745,9406,16106,0.0,9406_20241231,1,1,0.032569729824254615,0.032569729824254615,<1bn
367686,N,52472.0,20241231,466066,558088,466066,TIOGA STB NA,142016,98674,19789,10227,9410,368653,0.0,9410_20241231,1,1,0.021943244089892847,0.0644028957272146,<1bn
30144,NM,0.0,20241231,38531,44847,38531,GRANT COUNTY STATE BANK,0,8430,0,2612,9417,27586,0.0,9417_20241231,1,1,0.06778957203290857,0.06778957203290857,<1bn
214445,NM,9434.0,20241231,265703,293043,265703,UNION BANK,68715,52251,0,4907,9420,190518,16082.0,9420_20241231,1,1,0.018467988694143463,0.018467988694143463,<1bn
44679,NM,5196.0,20241231,56264,67511,56264,CITIZENS STB OF LANKIN,15934,11826,0,1400,9422,46472,5000.0,9422_20241231,1,1,0.024882695862363146,0.024882695862363146,<1bn
3680582,NM,871230.0,20241231,4709973,5402301,4709973,CHOICE FINANCIAL GROUP,1573127,1035033,24183,396059,9423,3138232,878520.0,9423_20241231,1,1,0.0840894417016828,0.08922386603914714,1-10bn
757472,NM,196472.0,20241231,953761,1036573,953761,FIRST STATE BANK,402962,196859,18907,62313,9437,514414,30000.0,9437_20241231,1,1,0.06533397779946967,0.08515760237627666,1-10bn
16761,NM,1059.0,20241231,19402,21387,19402,MT VICTORY STATE BANK,4042,2650,395,3819,9438,12190,0.0,9438_20241231,1,1,0.1968353777961035,0.21719410370064943,<1bn
47310,NM,4793.0,20241231,58525,65564,58525,PEOPLES SAVINGS BANK,25528,11231,2607,1873,9439,32693,0.0,9439_20241231,1,1,0.0320034173430158,0.07654848355403673,<1bn
1133101,SM,62480.0,20241231,1764261,1968452,1764261,HEARTLAND BANK,222349,632271,0,102603,9443,1541703,143259.0,9443_20241231,1,1,0.05815636121866322,0.05815636121866322,1-10bn
165888,NM,6131.0,20241231,196187,290625,196187,FIRST BANK OF OHIO,29938,31936,0,4295,9450,229798,72666.0,9450_20241231,1,1,0.02189237819019609,0.02189237819019609,<1bn
586463,SM,74071.0,20241231,937707,1114839,937707,NORTH SIDE BANK&TRUST CO,220655,351858,4992,135517,9457,717609,0.0,9457_20241231,1,1,0.1445195567485366,0.14984318129223734,1-10bn
213530,NM,11479.0,20241231,277524,322750,277524,FARMERS&MERCHANTS BANK,49625,63744,0,2327,9462,258751,11376.0,9462_20241231,1,1,0.008384860408469178,0.008384860408469178,<1bn
544887,NM,0.0,20241231,627945,813944,627945,UNIFIED BANK,240631,83666,0,19461,9463,486996,0.0,9463_20241231,1,1,0.030991567732842843,0.030991567732842843,<1bn
398317,SM,128123.0,20241231,482643,580356,482643,ALVA STATE BANK&TRUST CO,212549,85641,3963,31049,9465,300855,60773.0,9465_20241231,1,1,0.0643311930350176,0.07254223100718336,<1bn
185606,NM,0.0,20241231,236612,268447,236612,VALOR BANK,0,51377,0,31317,9467,231109,2874.0,9467_20241231,1,1,0.13235592446706,0.13235592446706,<1bn
297637,NM,3034.0,20241231,355726,411127,355726,WELCH STB OF WELCH OKLA,96776,58770,19574,7917,9472,276373,71669.0,9472_20241231,1,1,0.0222558935810146,0.07728139073331722,<1bn
197739,NM,0.0,20241231,225908,269452,225908,CLACKAMAS COUNTY BANK,80043,28252,0,28972,9486,149765,0.0,9486_20241231,1,1,0.1282468969669069,0.1282468969669069,<1bn
252137,SM,3920.0,20241231,342896,396367,342896,PEOPLES BANK,17475,91348,2491,37104,9489,304889,22302.0,9489_20241231,1,1,0.10820773645653492,0.11547232980262237,<1bn
616362,NM,160673.0,20241231,698646,768394,698646,THREAD BANK,284490,87178,0,132095,9499,318489,73382.0,9499_20241231,1,1,0.1890728637965436,0.1890728637965436,<1bn
90877,NM,7619.0,20241231,134567,156895,134567,MOVEMENT BANK,13744,43827,0,15455,9502,119736,33429.0,9502_20241231,1,1,0.11484985174671353,0.11484985174671353,<1bn
437080,SM,5079.0,20241231,531699,580897,531699,BANK OF MARION,135251,94908,12162,15006,9507,391965,0.0,9507_20241231,1,1,0.028222735043699536,0.05109657907951679,<1bn
156925,NM,22885.0,20241231,196156,224449,196156,CLEVELAND STATE BANK,47831,40343,0,13346,9517,150564,7947.0,9517_20241231,1,1,0.06803768429209404,0.06803768429209404,<1bn
106856,SM,1506.0,20241231,136114,173501,136114,BRISTOL MORGAN BANK,15802,29380,1733,5540,9523,143321,24142.0,9523_20241231,1,1,0.040701176954611576,0.05343315162290433,<1bn
104953,NM,0.0,20241231,125965,142326,125965,PINERIES BANK,9755,21617,2345,36593,9526,88505,0.0,9526_20241231,1,1,0.29050132973445003,0.3091176120350891,<1bn
195238,NM,908.0,20241231,231228,297813,231228,STATE BANK OF NEWBURG,20228,36340,1000,18809,9529,241029,17471.0,9529_20241231,1,1,0.08134395488435657,0.08566869064300171,<1bn
414268,NM,123484.0,20241231,578813,611920,578813,COMMUNITY STATE BANK,190410,164696,0,10909,9536,320599,518.0,9536_20241231,1,1,0.018847192443846285,0.018847192443846285,<1bn
44945,NM,2489.0,20241231,58775,78250,58775,LOCAL BANK,2489,16892,0,9732,9614,60419,675.0,9614_20241231,1,1,0.1655806039982986,0.1655806039982986,<1bn
95720,NM,8934.0,20241231,130358,144780,130358,SWEET WATER STATE BANK,27098,34923,0,6404,9615,72378,0.0,9615_20241231,1,1,0.049126252320532686,0.049126252320532686,<1bn
412579,NM,36352.0,20241231,669963,739517,669963,FIRST BANK,180142,257511,45863,77226,9620,437896,0.0,9620_20241231,1,1,0.11526905217153784,0.18372507138453914,<1bn
2241804,SM,254627.0,20241231,3750801,4325392,3750801,CAPITAL CITY BANK,962404,1732195,473806,391854,9622,2650971,0.0,9622_20241231,1,1,0.10447208476269469,0.23079336920300492,1-10bn
311871,NM,54121.0,20241231,352755,401203,352755,ALLIANCE COMMUNITY BANK,120788,41123,14105,12153,9631,240656,5016.0,9631_20241231,1,1,0.03445167325764341,0.07443693214837493,<1bn
525208,NM,17559.0,20241231,657449,796631,657449,FORTRESS BANK,70932,134136,0,34129,9632,636500,53509.0,9632_20241231,1,1,0.05191125091071703,0.05191125091071703,<1bn
423472,NM,1697.0,20241231,583954,643363,583954,CITIZENS BANK,176927,160829,13372,15736,9647,429197,0.0,9647_20241231,1,1,0.02694732804296229,0.04984639201032958,<1bn
63897,NM,5635.0,20241231,73479,79835,73479,CITIZENS STB OF CHENEY KS,18066,9714,0,5135,9658,54115,0.0,9658_20241231,1,1,0.06988391241034854,0.06988391241034854,<1bn
91836,NM,0.0,20241231,117710,137828,117710,STATE BANK OF DOWNS,8978,26380,8687,3332,9659,88615,0.0,9659_20241231,1,1,0.028306855832129812,0.10210687282303968,<1bn
46282,SM,10821.0,20241231,53665,63428,53665,BANK OF HOLYROOD,14515,7584,0,1733,9661,44253,5000.0,9661_20241231,1,1,0.03229292835181217,0.03229292835181217,<1bn
218830,NM,918.0,20241231,257661,307100,257661,KAW VALLEY BANK,22933,39828,22015,15848,9665,241612,5249.0,9665_20241231,1,1,0.06150717415518841,0.14694889797058927,<1bn
81136,NM,1928.0,20241231,95334,110128,95334,FREDONIA VALLEY BANK,22944,14617,0,10606,9669,68276,0.0,9669_20241231,1,1,0.11125097027293515,0.11125097027293515,<1bn
71024,NM,0.0,20241231,83623,93645,83623,OWINGSVILLE BANKING CO,12847,12945,498,4651,9672,71163,8000.0,9672_20241231,1,1,0.05561866950480131,0.06157396888415866,<1bn
717350,NM,15062.0,20241231,838558,979709,838558,EDMONTON STATE BANK,54083,124285,24629,51883,9678,820177,0.0,9678_20241231,1,1,0.061871689257034096,0.09124234698136563,<1bn
11132148,NM,1747567.0,20241231,15424826,19378704,15424826,ROCKLAND TRUST CO,2707104,4963249,692792,220249,9712,14345665,61236.0,9712_20241231,1,1,0.014278864474711092,0.05919295297074988,10-100bn
438046,SM,17080.0,20241231,699084,811433,699084,OXFORD BANK,112571,261716,62897,46267,9719,604789,15088.0,9719_20241231,1,1,0.0661823185768806,0.1561529086633366,<1bn
60074,NM,3659.0,20241231,65578,73803,65578,CONCORDE BANK,3936,5944,0,5064,9727,63148,0.0,9727_20241231,1,1,0.07722101924425874,0.07722101924425874,<1bn
90696,NM,7948.0,20241231,112327,146544,112327,FIRST SECURITY BANK,23134,21954,563,7658,9728,111572,28963.0,9728_20241231,1,1,0.06817595057288096,0.07318810259332129,<1bn
53102,NM,0.0,20241231,60619,71027,60619,VANTAGE BANK,57,7792,0,1454,9733,66331,1004.0,9733_20241231,1,1,0.023985879014830333,0.023985879014830333,<1bn
62701,NM,755.0,20241231,77231,128118,77231,STATE BANK OF NEW RICHLAND,7520,14857,0,2031,9735,112365,11519.0,9735_20241231,1,1,0.026297730186065182,0.026297730186065182,<1bn
516128,NM,1923.0,20241231,705674,812646,705674,MIDWEST BANK,71527,190847,19737,43789,9737,675938,12685.0,9737_20241231,1,1,0.06205273256489541,0.09002173808302417,<1bn
143239,NM,14826.0,20241231,176089,211398,176089,HOME STATE BANK,74727,33345,3640,16712,9745,110194,1245.0,9745_20241231,1,1,0.09490655293629925,0.11557791798465548,<1bn
136376,N,7743.0,20241231,150177,169768,150177,NORTHWESTERN BANK NA,19567,14297,1456,30368,9746,113580,0.0,9746_20241231,1,1,0.20221471996377607,0.21190994626340917,<1bn
42158,NM,713.0,20241231,47068,55047,47068,VERGAS STATE BANK,16117,5052,1463,7526,9747,26167,0.0,9747_20241231,1,1,0.15989632021755756,0.19097900909322682,<1bn
358833,NM,99759.0,20241231,585661,773882,585661,21ST CENTURY BANK,133648,227462,0,10640,9751,609814,0.0,9751_20241231,1,1,0.018167506458514397,0.018167506458514397,<1bn
28826,NM,263.0,20241231,34869,41734,34869,MARSHALL COUNTY STATE BANK,10245,6235,9982,17098,9752,14030,0.0,9752_20241231,1,1,0.4903495941954171,0.7766210674237862,<1bn
380439,NM,2766.0,20241231,455287,539896,455287,COMMUNITY BANK MANKATO,11125,78682,7298,12079,9760,504185,0.0,9760_20241231,1,1,0.026530518112750857,0.04255996766874521,<1bn
116329,NM,10104.0,20241231,125577,131804,125577,FIRST STB OF ROSEMOUNT,27176,9933,0,1205,9769,94151,18690.0,9769_20241231,1,1,0.009595706220088073,0.009595706220088073,<1bn
287821,SM,95229.0,20241231,356445,401059,356445,FIRST STATE BANK SOUTHWEST,150719,70399,0,10075,9770,212346,0.0,9770_20241231,1,1,0.028265230259927897,0.028265230259927897,<1bn
110007,NM,11294.0,20241231,128695,143735,128695,SECURITY STB OF WARROAD,50172,18928,0,10850,9773,64542,16292.0,9773_20241231,1,1,0.08430785966820778,0.08430785966820778,<1bn
206337,SM,67174.0,20241231,286230,303785,286230,BANK OF KILMICHAEL,109489,80668,0,13383,9775,166549,0.0,9775_20241231,1,1,0.04675610523005974,0.04675610523005974,<1bn
66677,NM,3665.0,20241231,89780,104064,89780,CITIZENS BANK&TRUST CO,12118,23416,997,17229,9777,64139,2000.0,9777_20241231,1,1,0.19190242815771888,0.20300735130318556,<1bn
213454,NM,20259.0,20241231,314161,344783,314161,BLOOMSDALE BANK,96414,101239,2977,3951,9788,236098,11280.0,9788_20241231,1,1,0.012576354162356244,0.022052387151810696,<1bn
92629,NM,0.0,20241231,129771,148727,129771,COMMERCIAL TR CO OF FAYETTE,17344,37215,7734,24276,9791,103629,0.0,9791_20241231,1,1,0.18706798899600063,0.24666527960792473,<1bn
221276,NM,595.0,20241231,277610,308096,277610,KEARNEY TRUST CO,104369,57611,58933,37632,9794,162219,0.0,9794_20241231,1,1,0.1355570764741904,0.3478440978350924,<1bn
848852,NM,32445.0,20241231,1041495,1164842,1041495,M1 BANK,32445,199744,0,96388,9797,958830,384380.0,9797_20241231,1,1,0.09254773186621156,0.09254773186621156,1-10bn
394735,NM,0.0,20241231,495927,612055,495927,BANK OF ODESSA,78250,104055,76066,70175,9803,448484,0.0,9803_20241231,1,1,0.14150268083810721,0.2948841260911384,<1bn
47041,NM,0.0,20241231,52210,70978,52210,ADAMS STATE BANK,15785,5300,0,3684,9812,49211,0.0,9812_20241231,1,1,0.07056119517333843,0.07056119517333843,<1bn
70020,NM,12659.0,20241231,86456,102178,86456,PLATTE VALLEY BANK,32933,16725,3356,14839,9818,52270,0.0,9818_20241231,1,1,0.17163643934486908,0.21045387249005273,<1bn
42423,NM,0.0,20241231,56874,69976,56874,NEBRASKA STATE BANK,2486,15408,1447,4783,9819,56258,8428.0,9819_20241231,1,1,0.0840981819460562,0.10954038752329712,<1bn
100734,NM,0.0,20241231,112832,143036,112832,STATE BANK OF TABLE ROCK,1748,12422,0,11558,9822,121244,0.0,9822_20241231,1,1,0.10243547929665343,0.10243547929665343,<1bn
311393,SM,16386.0,20241231,353734,419571,353734,ALDEN STATE BANK,65674,42890,17925,49054,9831,275896,0.0,9831_20241231,1,1,0.13867482345491244,0.1893484935007661,<1bn
239729000,NM,102889000.0,20241231,402078000,523132000,402078000,TRUIST BANK,118126000,170696000,14132000,39561000,9846,302699000,28085000.0,9846_20241231,1,1,0.09839135690089983,0.13353876611005824,>=100bn
46754,SM,13664.0,20241231,53274,54434,53274,MARBLEHEAD BANK,30713,6566,0,2216,9860,19278,3003.0,9860_20241231,1,1,0.04159627585689079,0.04159627585689079,<1bn
38433,NM,0.0,20241231,47702,59046,47702,REPUBLIC BANKING CO,4252,9295,3878,7275,9865,46483,0.0,9865_20241231,1,1,0.1525093287493187,0.23380571045239193,<1bn
258655,SM,34370.0,20241231,429288,474296,429288,ST HENRY BANK,141666,170940,25667,22208,9871,241001,0.0,9871_20241231,1,1,0.05173217047762807,0.11152186876875197,<1bn
44785,NM,0.0,20241231,54697,62521,54697,BANK360,1219,10059,0,599,9875,48666,7023.0,9875_20241231,1,1,0.010951240470226886,0.010951240470226886,<1bn
33790,NM,13665.0,20241231,43269,47490,43269,FIRST STATE BANK,22376,9504,0,3343,9879,17466,0.0,9879_20241231,1,1,0.07726085650234579,0.07726085650234579,<1bn
87994,NM,2605.0,20241231,132423,147627,132423,SECURITY BANK&TRUST CO,13262,44652,0,2568,9881,117543,19652.0,9881_20241231,1,1,0.019392401622074715,0.019392401622074715,<1bn
694635,NM,105080.0,20241231,913679,1079214,913679,DIME BANK,226315,219995,0,17961,9888,764178,64589.0,9888_20241231,1,1,0.019657888602014492,0.019657888602014492,1-10bn
3376621,NM,237908.0,20241231,4773517,5462964,4773517,MID PENN BANK,643350,1409999,0,69952,9889,4414620,319752.0,9889_20241231,1,1,0.0146541847447071,0.0146541847447071,1-10bn
1657559,NM,103688.0,20241231,1788059,1967132,1788059,ANDERSON BROTHERS BANK,176509,132869,0,153000,9923,1545359,251016.0,9923_20241231,1,1,0.08556764625775772,0.08556764625775772,1-10bn
151222,NM,11089.0,20241231,217901,249334,217901,COMMERCIAL STB OF WAGNER,94523,67144,4841,4848,9932,141981,0.0,9932_20241231,1,1,0.022248635848389865,0.04446514701630557,<1bn
199027,NM,28120.0,20241231,262755,304921,262755,RIVERS EDGE BANK,68424,64198,25209,5551,9935,218635,10033.0,9935_20241231,1,1,0.021126144126657913,0.11706722992902133,<1bn
1060327,NM,79423.0,20241231,1497730,1682956,1497730,F&M BANK,191809,440284,57182,129487,9963,1194494,20000.0,9963_20241231,1,1,0.08645550266069318,0.12463461371542267,1-10bn
436633,SM,2690.0,20241231,576431,694103,576431,AMERICAN STATE BANK,24791,140356,0,91971,9967,512686,31116.0,9967_20241231,1,1,0.15955248763512025,0.15955248763512025,<1bn
471181,NM,668208.0,20241231,1656742,1826683,1656742,FIRST STATE BANK OF UVALDE,691284,1190955,0,368405,9978,704204,0.0,9978_20241231,1,1,0.22236715191623077,0.22236715191623077,1-10bn
67517,SM,0.0,20241231,73152,88373,73152,FARMERS&MERCHANTS BK CRAIG C,29093,5796,29093,4393,9986,52463,0.0,9986_20241231,1,1,0.06005304024496938,0.45775918635170604,<1bn
422799,NM,40198.0,20241231,494936,536854,494936,JEFFERSON SECURITY BANK,106964,72817,0,26630,9997,378176,25069.0,9997_20241231,1,1,0.053804936395816835,0.053804936395816835,<1bn
167512,NM,6803.0,20241231,199422,221852,199422,CAPON VALLEY BANK,35695,32095,2911,15263,9998,157316,0.0,9998_20241231,1,1,0.07653618958790906,0.09113337545506514,<1bn
175892,NM,16299.0,20241231,208983,243475,208983,ERGO BANK,28530,33960,1985,9704,10004,192698,25394.0,10004_20241231,1,1,0.046434398970251166,0.055932779221276374,<1bn
320107,NM,47482.0,20241231,362505,452694,362505,WOODFORD STATE BANK,93410,43547,3715,7491,10011,329204,9058.0,10011_20241231,1,1,0.020664542558033683,0.03091267706652322,<1bn
127013,NM,7855.0,20241231,179470,212516,179470,PORTAGE COUNTY BANK,64722,52778,0,24982,10012,113476,0.0,10012_20241231,1,1,0.13919875188053712,0.13919875188053712,<1bn
154692,NM,1346.0,20241231,182369,214257,182369,SECURITY BANK,5141,28111,485,10386,10015,183722,31898.0,10015_20241231,1,1,0.05695046855551108,0.05960991177228586,<1bn
1309199,N,520897.0,20241231,2326023,2862772,2326023,NATIONAL EXCHANGE BANK&TRUST,969935,1021441,90735,193026,10044,1573192,0.0,10044_20241231,1,1,0.08298542189823574,0.12199406454708316,1-10bn
188922,NM,22713.0,20241231,285557,314365,285557,FIRST SOUTHERN BANK,70285,96936,7750,23228,10055,202450,0.0,10055_20241231,1,1,0.08134277919994957,0.10848271973721534,<1bn
61806,NM,4637.0,20241231,71133,83418,71133,BANK OF HANCOCK COUNTY,45319,9425,0,17099,10057,17736,0.0,10057_20241231,1,1,0.24038069531722267,0.24038069531722267,<1bn
83613,NM,14505.0,20241231,120736,140237,120736,PLANTERS&CITIZENS BANK,41152,37552,1190,10563,10072,81367,5000.0,10072_20241231,1,1,0.08748840445269017,0.09734461966604824,<1bn
45868,NM,4868.0,20241231,52610,57677,52610,APEX BANKING CO OF GEORGIA,19232,6869,497,2038,10074,33281,0.0,10074_20241231,1,1,0.038737882531838054,0.04818475574985744,<1bn
32074,NM,864.0,20241231,38319,44435,38319,PEOPLES STATE BANK OF COLFAX,14064,6303,0,8878,10075,20737,0.0,10075_20241231,1,1,0.23168663065320078,0.23168663065320078,<1bn
20240,NM,0.0,20241231,26271,37023,26271,FARMERS STATE BANK OF EMDEN,20913,6082,1500,807,10077,12926,0.0,10077_20241231,1,1,0.030718282516843668,0.08781546191618134,<1bn
347554,NM,0.0,20241231,412791,463296,412791,NAPOLEON STATE BANK,70514,67288,6470,55041,10101,319633,0.0,10101_20241231,1,1,0.13333866290689478,0.1490124542443997,<1bn
261616,NM,12101.0,20241231,367598,439493,367598,OHNWARD BANK&TRUST,75607,108090,19302,9418,10111,333762,0.0,10111_20241231,1,1,0.02562037878334485,0.07812882551047612,<1bn
189666,NM,10930.0,20241231,236292,278930,236292,LEIGHTON STATE BANK,47503,47665,4147,6009,10118,202309,7.0,10118_20241231,1,1,0.025430399674978416,0.04298071877168927,<1bn
19834,NM,51.0,20241231,29161,33401,29161,AMERICAN TRUST&SAVINGS BANK,19615,9405,0,4116,10120,5465,2000.0,10120_20241231,1,1,0.14114742292788313,0.14114742292788313,<1bn
109410,NM,112.0,20241231,143477,175720,143477,LIBERTY TRUST&SAVINGS BANK,47619,34198,7606,12690,10121,103634,0.0,10121_20241231,1,1,0.08844623180021885,0.14145821281459747,<1bn
156956,NM,76004.0,20241231,186912,205160,186912,FARMERS SAVINGS BANK&TRUST,80993,30400,4916,2939,10122,110769,0.0,10122_20241231,1,1,0.015723977058722822,0.04202512412258175,<1bn
27240,NM,4865.0,20241231,46906,52873,46906,FIRST TRUST&SAVINGS BANK,33311,19784,0,3638,10123,11565,0.0,10123_20241231,1,1,0.0775593740672835,0.0775593740672835,<1bn
104545,NM,1785.0,20241231,148416,160809,148416,CITIZENS SAVINGS BANK,80067,44173,24307,11781,10125,63613,0.0,10125_20241231,1,1,0.07937823415265201,0.24315437688658906,<1bn
164861,NM,0.0,20241231,239013,270479,239013,SUCCESS BANK,46539,74324,39299,8268,10127,202565,1.0,10127_20241231,1,1,0.03459226067201365,0.19901427955801568,<1bn
87957,NM,2344.0,20241231,115049,141943,115049,EXCHANGE STATE BANK,11835,27635,0,8197,10132,118536,5000.0,10132_20241231,1,1,0.07124790306738868,0.07124790306738868,<1bn
182955,NM,13771.0,20241231,205842,230123,205842,COMMERCIAL BANK OF GRAYSON,64973,23167,18391,12123,10137,143321,3016.0,10137_20241231,1,1,0.058894686215641125,0.1482399121656416,<1bn
15601,NM,0.0,20241231,16836,24799,16836,HART COUNTY BANK&TRUST CO,1377,1482,0,6494,10145,15653,0.0,10145_20241231,1,1,0.3857210738892849,0.3857210738892849,<1bn
267364,NM,18053.0,20241231,304445,355248,304445,SHELBY STATE BANK,123836,37188,21482,12968,10157,198680,0.0,10157_20241231,1,1,0.04259554270886367,0.11315672781619011,<1bn
238861,NM,22474.0,20241231,387296,423940,387296,FIRST STATE BANK&TRUST,82516,149208,30098,39380,10159,283272,0.0,10159_20241231,1,1,0.1016793357018921,0.17939250599025036,<1bn
60019,N,0.0,20241231,65439,177765,65439,VERSABANK USA NATIONAL ASSN,108079,6002,108079,8901,10160,44223,0.0,10160_20241231,1,1,0.1360198047036171,1.7876190039578845,<1bn
70171,NM,106.0,20241231,84439,99491,84439,FIRST STATE BANK MINNESOTA,8681,14521,6494,9041,10162,77332,3703.0,10162_20241231,1,1,0.1070713769703573,0.18397896706498182,<1bn
162367,NM,1.0,20241231,195639,219696,195639,SECURITY STB OF MARINE,19210,33913,17138,30989,10163,167787,0.0,10163_20241231,1,1,0.15839888774733055,0.24599900837767522,<1bn
260390,NM,0.0,20241231,306306,329909,306306,FARMERS&MERCHANTS STB PIERZ,71670,46461,0,12010,10165,216855,1000.0,10165_20241231,1,1,0.03920915685621568,0.03920915685621568,<1bn
197793,NM,43200.0,20241231,247650,287230,247650,CITIZENS STB OF ROSEAU,116356,50742,0,3807,10167,161065,0.0,10167_20241231,1,1,0.015372501514233798,0.015372501514233798,<1bn
315326,NM,1485.0,20241231,415410,456312,415410,FIRST FARMERS&MERCHANTS BANK,135251,101529,15350,32146,10168,276118,0.0,10168_20241231,1,1,0.07738378950915963,0.114335235068968,<1bn
188857,NM,26544.0,20241231,229109,282172,229109,SHERBURNE STATE BANK,33956,40595,3836,4735,10169,215003,0.0,10169_20241231,1,1,0.02066701875526496,0.03741014102457782,<1bn
84109,NM,5916.0,20241231,95936,106175,95936,FARMERS STB OF UNDERWOOD,15527,12022,8444,8310,10174,76777,0.0,10174_20241231,1,1,0.08662024683122081,0.17463725817211476,<1bn
103385,NM,24111.0,20241231,140936,154007,140936,SECURITY STB OF HIBBING,46215,37794,5456,12678,10175,86112,5000.0,10175_20241231,1,1,0.08995572458420843,0.1286683317250383,<1bn
89354,NM,0.0,20241231,101140,113398,101140,PRODUCE STATE BANK,45680,11806,36785,8133,10178,55330,0.0,10178_20241231,1,1,0.08041328851097489,0.4441170654538264,<1bn
48684,NM,1366.0,20241231,61128,69912,61128,ELYSIAN BANK,2937,12573,890,11445,10185,51019,0.0,10185_20241231,1,1,0.18723007459756577,0.20178968721371549,<1bn
33494,NM,512.0,20241231,45248,53246,45248,NORTHERN STB OF GONVICK,9485,11954,8973,27574,10187,15894,0.0,10187_20241231,1,1,0.6093971004243282,0.8077042079207921,<1bn
119568,NM,0.0,20241231,168930,204429,168930,PRINSBANK,10778,49902,9772,2556,10191,125305,0.0,10191_20241231,1,1,0.015130527437400107,0.07297697271059018,<1bn
145929,NM,77.0,20241231,166442,179659,166442,PINE RIVER STATE BANK,44046,23881,23240,27319,10194,101066,3109.0,10194_20241231,1,1,0.16413525432282716,0.3037634731618221,<1bn
78324,NM,1937.0,20241231,81658,93123,81658,HOMETOWN COMMUNITY BANK,6540,8145,4083,4359,10197,79945,0.0,10197_20241231,1,1,0.05338117514511744,0.10338239976487301,<1bn
30855,NM,0.0,20241231,34033,38942,34033,STATE BANK OF JEFFERS,8832,3645,8759,2706,10200,19418,0.0,10200_20241231,1,1,0.079511062791996,0.3368789116445803,<1bn
54162,NM,0.0,20241231,67231,82787,67231,LOWRY STATE BANK,493,13225,477,3536,10202,76352,0.0,10202_20241231,1,1,0.05259478514375809,0.0596897264654698,<1bn
150431,NM,6815.0,20241231,170740,249098,170740,COMMERCE BANK,31282,20466,0,7622,10212,204685,78413.0,10212_20241231,1,1,0.04464097458123462,0.04464097458123462,<1bn
530033,NM,143609.0,20241231,740181,847134,740181,VERMILLION STATE BANK,374562,213382,68647,59134,10214,396127,0.0,10214_20241231,1,1,0.07989126983805313,0.1726348014877442,<1bn
201588,NM,75899.0,20241231,286479,317087,286479,CITIZENS BANK&TRUST CO,126719,85322,0,4659,10218,165088,9000.0,10218_20241231,1,1,0.01626297215502707,0.01626297215502707,<1bn
110715,NM,8699.0,20241231,156484,182247,156484,GOOSE RIVER BANK,27158,46491,0,10441,10236,134545,18588.0,10236_20241231,1,1,0.06672247641931443,0.06672247641931443,<1bn
71239,NM,16717.0,20241231,101447,107713,101447,FIRST STATE BANK OF GOLVA,46205,30315,2864,2918,10243,42361,0.0,10243_20241231,1,1,0.028763787987816297,0.05699527832267095,<1bn
3130948,NM,280147.0,20241231,4857071,5453117,4857071,FIRST INTERNATIONAL B&T,561676,1734659,0,298313,10248,4341199,1.0,10248_20241231,1,1,0.06141829098236365,0.06141829098236365,1-10bn
116083,NM,4889.0,20241231,142903,161658,142903,PEOPLES STATE BANK OF VELVA,34640,27796,0,3455,10250,110862,0.0,10250_20241231,1,1,0.024177239106246896,0.024177239106246896,<1bn
48552,NM,4464.0,20241231,62844,69565,62844,FIRST SECURITY BANK WEST,21570,14390,9364,17924,10253,26029,0.0,10253_20241231,1,1,0.2852141811469671,0.43421806377697153,<1bn
481985,NM,266553.0,20241231,778619,824071,778619,OLD FORT BANKING CO,292666,297323,1181,63297,10255,441966,0.0,10255_20241231,1,1,0.08129393194874515,0.08281072000554829,<1bn
216166,NM,1630.0,20241231,273096,320728,273096,CITIZENS BANK CO,107228,57206,0,7029,10266,188366,20540.0,10266_20241231,1,1,0.025738201950962297,0.025738201950962297,<1bn
94393,NM,1396.0,20241231,116861,134643,116861,FARMERS&MERCHANTS BANK,32037,22666,7303,17116,10280,77705,0.0,10280_20241231,1,1,0.1464646032465921,0.20895765054209703,<1bn
1088847,NM,55752.0,20241231,1658730,1899311,1658730,BUILTWELL BANK,85476,579435,0,484947,10307,1227503,0.0,10307_20241231,1,1,0.29236042032157133,0.29236042032157133,1-10bn
657573,SM,23871.0,20241231,851767,991080,851767,BANK OF FAYETTE COUNTY,60160,200582,14942,76494,10308,808359,0.0,10308_20241231,1,1,0.08980624983123318,0.10734860589809185,<1bn
65140,SM,23760.0,20241231,125736,135851,125736,BANK OF HALLS,48683,60975,0,24113,10315,51347,251.0,10315_20241231,1,1,0.1917748298021251,0.1917748298021251,<1bn
182476,NM,57874.0,20241231,236374,261080,236374,CITIZENS B&T GRAINGER CNTY,132863,54314,0,10753,10317,101689,0.0,10317_20241231,1,1,0.045491466912604604,0.045491466912604604,<1bn
126510,NM,1978.0,20241231,162875,180798,162875,CITIZENS SAVINGS B&T CO,6824,36683,2960,15845,10319,154674,0.0,10319_20241231,1,1,0.0972831926323868,0.11545663852647736,<1bn
53623,NM,5786.0,20241231,59847,70370,59847,CITIZENS STB OF LULING,7313,6284,0,6692,10327,54801,0.0,10327_20241231,1,1,0.11181847043293733,0.11181847043293733,<1bn
63621,NM,6496.0,20241231,96115,106659,96115,COMMERCIAL STATE BANK,48836,32505,12857,9578,10330,41852,0.0,10330_20241231,1,1,0.09965145918951256,0.23341830099360142,<1bn
460336,NM,26303.0,20241231,767927,880781,767927,SCHERTZ BANK&TRUST,32224,310500,5794,141945,10344,678614,0.0,10344_20241231,1,1,0.18484178834706944,0.19238677634723092,<1bn
114436,NM,16610.0,20241231,155289,167083,155289,PEOPLES STATE BANK,71527,40909,0,8706,10345,77611,9574.0,10345_20241231,1,1,0.0560632111740046,0.0560632111740046,<1bn
32398,SM,3724.0,20241231,46062,51484,46062,CROWELL STATE BANK,14370,13791,478,10184,10352,24435,0.0,10352_20241231,1,1,0.2210933090182797,0.23147062654682818,<1bn
1550204,NM,180898.0,20241231,2181630,2542660,2181630,CITIZENS&FARMERS BANK,424447,640215,10700,66523,10363,1900680,24963.0,10363_20241231,1,1,0.030492338297511495,0.03539692798503871,1-10bn
81502,NM,0.0,20241231,109969,125551,109969,BANNER BANKS,31101,28583,2967,56044,10374,31827,0.0,10374_20241231,1,1,0.5096345333684947,0.5366148641889987,<1bn
510060,NM,35132.0,20241231,594006,760882,594006,BANK OF NEW GLARUS,135767,85242,38802,14652,10378,545824,0.0,10378_20241231,1,1,0.024666417510934232,0.08998899001020191,<1bn
285897,NM,11045.0,20241231,349502,394124,349502,OOSTBURG STATE BANK,73744,65312,649,9744,10380,273434,5.0,10380_20241231,1,1,0.02787966878587247,0.029736596643223787,<1bn
110256,NM,27457.0,20241231,145922,172967,145922,FARMERS&MERCHANTS BANK&TRUST,42287,36149,0,4778,10382,113383,0.0,10382_20241231,1,1,0.032743520510957906,0.032743520510957906,<1bn
252819,SM,48834.0,20241231,376049,482783,376049,STATE BANK FINANCIAL,132337,123488,2785,31024,10383,289717,0.0,10383_20241231,1,1,0.08249988698281341,0.08990583673936109,<1bn
257056,NM,3892.0,20241231,281538,340195,281538,WAUMANDEE STATE BANK,51443,25668,13633,13819,10384,256173,0.0,10384_20241231,1,1,0.04908396024692937,0.09750726367310984,<1bn
69229,NM,0.0,20241231,91679,114487,91679,FARMERS STATE BANK OF BRUSH,41518,22712,1920,4172,10407,64633,0.0,10407_20241231,1,1,0.04550660456593113,0.06644924137479685,<1bn
222057,NM,22816.0,20241231,280889,317140,280889,STATE BANK OF GRAYMONT,95833,59442,19935,8865,10434,189350,10000.0,10434_20241231,1,1,0.03156050966751991,0.1025316050112322,<1bn
52519,NM,0.0,20241231,65604,73854,65604,FIRST STATE BANK OF OLMSTED,24560,12970,2371,4992,10437,40616,0.0,10437_20241231,1,1,0.0760929211633437,0.11223401012133406,<1bn
200768,NM,9863.0,20241231,221822,246904,221822,RARITAN STATE BANK,59809,21349,4596,7852,10438,167214,0.0,10438_20241231,1,1,0.03539775135018168,0.05611706683737411,<1bn
122210,NM,0.0,20241231,175926,195535,175926,FREDERICK COMMUNITY BANK THE,73359,53798,48010,27194,10446,88904,0.0,10446_20241231,1,1,0.15457635596785013,0.4274751884314996,<1bn
97014,NM,14158.0,20241231,117282,128094,117282,FARMERS STATE BANK&TRUST CO,22659,20689,0,7346,10458,90768,0.0,10458_20241231,1,1,0.06263535751436708,0.06263535751436708,<1bn
135688,NM,0.0,20241231,194775,222570,194775,TOWN&COUNTRY BANK MIDWEST,23971,59322,4064,32492,10460,159059,0.0,10460_20241231,1,1,0.1668181234758054,0.18768322423308947,<1bn
29021,NM,0.0,20241231,34562,39872,34562,MIDDLETOWN STATE BANK,6936,5687,1744,1105,10463,29985,0.0,10463_20241231,1,1,0.03197152942538047,0.08243157224697645,<1bn
79639,NM,22018.0,20241231,108155,119728,108155,FEDERATED BANK,42230,28576,0,12140,10464,58263,0.0,10464_20241231,1,1,0.11224631316166613,0.11224631316166613,<1bn
144412,NM,16843.0,20241231,163931,188866,163931,GIFFORD STATE BANK,32300,19653,12993,16266,10467,129995,0.0,10467_20241231,1,1,0.09922467379568232,0.17848363030787343,<1bn
37098,NM,0.0,20241231,41828,50815,41828,FARMERS&MERCHANTS BK HUTSONV,6200,4771,0,6066,10469,35423,0.0,10469_20241231,1,1,0.1450224729846036,0.1450224729846036,<1bn
44463,SM,39551.0,20241231,47819,60987,47819,CAMP GROVE STATE BANK,41425,3408,0,3462,10471,12190,1244.0,10471_20241231,1,1,0.07239800079466321,0.07239800079466321,<1bn
130525,NM,327.0,20241231,185021,209647,185021,IPAVA STATE BANK,46034,54796,10420,14128,10473,140974,0.0,10473_20241231,1,1,0.07635889980056318,0.13267683127861163,<1bn
307700,NM,48823.0,20241231,373018,414513,373018,CITIZENS STATE BANK,105226,65643,3816,3680,10474,281264,0.0,10474_20241231,1,1,0.009865475660691977,0.02009554498710518,<1bn
26170,NM,0.0,20241231,28581,29543,28581,ELGIN STATE BANK,5488,2535,0,4328,10489,19076,0.0,10489_20241231,1,1,0.15142927119414995,0.15142927119414995,<1bn
80208,NM,3329.0,20241231,104957,123652,104957,FARMERS&MERCHANTS SB,28591,25079,0,1886,10492,81006,4.0,10492_20241231,1,1,0.01796926360318988,0.01796926360318988,<1bn
122983,NM,24727.0,20241231,153990,185435,153990,MOUNT VERNON BANK&TRUST CO,42621,31582,0,10329,10494,126238,6140.0,10494_20241231,1,1,0.0670757841418274,0.0670757841418274,<1bn
152783,NM,612.0,20241231,170461,196021,170461,IOWA STATE BANK,29671,18836,16738,3645,10497,158268,0.0,10497_20241231,1,1,0.021383190289861024,0.11957573873202668,<1bn
89292,NM,0.0,20241231,104218,126477,104218,FARMERS SAVINGS BANK,26909,15335,1311,3494,10500,87887,750.0,10500_20241231,1,1,0.03352587844710127,0.04610527931835191,<1bn
111460,SM,0.0,20241231,117885,133712,117885,BANKWEST OF KANSAS,26334,6647,1996,4436,10502,83929,24441.0,10502_20241231,1,1,0.037629893540314714,0.05456164906476651,<1bn
48664,SM,0.0,20241231,77673,85585,77673,FIRST STATE BANK,42188,29468,0,1955,10503,30802,7049.0,10503_20241231,1,1,0.025169621361348215,0.025169621361348215,<1bn
96417,NM,3174.0,20241231,184532,201450,184532,KANSAS STATE BANK,103537,88395,70312,3927,10505,75786,0.0,10505_20241231,1,1,0.021280861855938266,0.40230962651464247,<1bn
126396,NM,21289.0,20241231,175081,202676,175081,CITIZENS BANK,38544,48795,1989,15107,10520,139239,0.0,10520_20241231,1,1,0.08628577629782787,0.09764623231532833,<1bn
241303,NM,37549.0,20241231,333934,370678,333934,BANK OF COMMERCE&TRUST CO,224428,93098,0,31077,10523,91737,0.0,10523_20241231,1,1,0.09306329993351979,0.09306329993351979,<1bn
85871,NM,50484.0,20241231,159159,176060,159159,EXCHANGE B&T NATCHITOCHES LA,67803,73296,0,14510,10528,91076,0.0,10528_20241231,1,1,0.09116669494027985,0.09116669494027985,<1bn
147347,NM,163.0,20241231,252130,284303,252130,CITIZENS PROGRESSIVE BANK,14209,106168,0,24514,10531,221908,8777.0,10531_20241231,1,1,0.09722762067187563,0.09722762067187563,<1bn
207936,NM,10646.0,20241231,286179,317821,286179,CLB THE COMMUNITY BANK,51746,78584,19975,21854,10532,231490,7536.0,10532_20241231,1,1,0.07636479266473081,0.1461637646368182,<1bn
225693,NM,8905.0,20241231,283901,336914,283901,WINNSBORO STATE B&T CO,43914,60490,956,19821,10533,254446,6235.0,10533_20241231,1,1,0.06981659099474817,0.07318396201492774,<1bn
145744,NM,17031.0,20241231,186539,222512,186539,ARCADIAN BANK,36151,41065,0,4071,10561,168969,12558.0,10561_20241231,1,1,0.02182385452907971,0.02182385452907971,<1bn
42963,NM,0.0,20241231,45877,49763,45877,UNITED MINNESOTA BANK,6635,3016,4095,8538,10567,33897,0.0,10567_20241231,1,1,0.18610632778952416,0.27536674150445756,<1bn
33735,NM,0.0,20241231,37642,42725,37642,FARMERS&MERCHANTS STB ALPHA,3950,4016,3950,7947,10571,29193,0.0,10571_20241231,1,1,0.21112055682482334,0.3160565325965677,<1bn
90366,NM,10100.0,20241231,103403,138250,103403,FIRST SOUTHEAST BANK,14280,13273,2866,3939,10576,114552,10079.0,10576_20241231,1,1,0.03809367233059002,0.06581046971557886,<1bn
152372,NM,29983.0,20241231,206329,235378,206329,BANK OF FRANKLIN,52800,52806,0,4141,10594,165616,5407.0,10594_20241231,1,1,0.02006988838214696,0.02006988838214696,<1bn
187270,NM,6136.0,20241231,228150,250577,228150,COMMUNITY FIRST BANK,21128,41465,5616,20439,10595,200776,0.0,10595_20241231,1,1,0.08958579881656804,0.11420118343195267,<1bn
57987,NM,3443.0,20241231,115213,137437,115213,TBO BANK,19299,57741,0,10907,10597,86853,5779.0,10597_20241231,1,1,0.09466813640821782,0.09466813640821782,<1bn
421136,NM,5656.0,20241231,466475,507420,466475,UNICO BANK,44885,46009,0,26992,10608,414091,0.0,10608_20241231,1,1,0.05786376547510585,0.05786376547510585,<1bn
852831,NM,63580.0,20241231,981455,1366541,981455,BTC BANK,178762,130572,10161,33008,10618,1058630,21374.0,10618_20241231,1,1,0.033631699874166414,0.04398469619085949,1-10bn
1198049,NM,78110.0,20241231,1548464,1812168,1548464,HAWTHORN BANK,217477,352024,4915,51994,10619,1444116,13.0,10619_20241231,1,1,0.033577790636398396,0.03675190382211017,1-10bn
74809,NM,19834.0,20241231,128506,139253,128506,STATE BANK OF MISSOURI,50622,53881,12593,7395,10623,76748,0.0,10623_20241231,1,1,0.057545951161813456,0.15554137549997665,<1bn
27497,NM,2960.0,20241231,29402,32844,29402,BANK OF NEW CAMBRIA,13884,1917,844,8027,10626,9368,0.0,10626_20241231,1,1,0.2730086388681042,0.30171416910414256,<1bn
96573,NM,10856.0,20241231,121607,132411,121607,PREFERRED BANK,65430,25094,25134,10325,10628,51962,0.0,10628_20241231,1,1,0.0849046518703693,0.29158683299481114,<1bn
5403956,NM,762062.0,20241231,7255489,8278376,7255489,PINNACLE BANK,1773164,1854458,773564,128015,10634,6099633,0.0,10634_20241231,1,1,0.0176438831345482,0.12426164521784817,1-10bn
15128,NM,0.0,20241231,15593,17392,15593,BANK OF STEINAUER,1753,504,1103,2989,10635,11695,0.0,10635_20241231,1,1,0.19168857820817034,0.2624254473161034,<1bn
100857,NM,236.0,20241231,113529,132979,113529,FIRST CENTRAL BANK,13998,12888,0,6268,10637,104866,10913.0,10637_20241231,1,1,0.055210562939865586,0.055210562939865586,<1bn
230636,NM,10971.0,20241231,263715,304119,263715,FLATWATER BANK,53573,34684,1449,4518,10639,227626,50907.0,10639_20241231,1,1,0.017132131278084297,0.02262669927762926,<1bn
376935,NM,0.0,20241231,452380,505352,452380,RIVERSTONE BANK,22377,79635,1995,8299,10641,432352,1.0,10641_20241231,1,1,0.018345196516203192,0.022755205800433265,<1bn
496090,NM,40022.0,20241231,635565,705929,635565,DUNDEE BANK,59639,140798,0,8890,10643,610917,61737.0,10643_20241231,1,1,0.013987554380747839,0.013987554380747839,<1bn
48745,SM,0.0,20241231,56527,69271,56527,AMERICAN EXCHANGE BANK,20096,7867,0,2300,10647,44450,0.0,10647_20241231,1,1,0.04068852053001221,0.04068852053001221,<1bn
456380,SM,163692.0,20241231,535918,565621,535918,ANDOVER BANK,257897,80426,0,12726,10663,263442,2500.0,10663_20241231,1,1,0.023746170123041213,0.023746170123041213,<1bn
1174650,SM,166957.0,20241231,1741279,1864436,1741279,MABREY BANK,406380,568092,14024,88079,10667,1297571,162309.0,10667_20241231,1,1,0.05058293357928281,0.05863678365155728,1-10bn
99306,NM,1.0,20241231,131461,144790,131461,EXCHANGE BANK,68635,32295,0,10563,10672,55834,2013.0,10672_20241231,1,1,0.08035082648085744,0.08035082648085744,<1bn
111209,NM,0.0,20241231,183895,205911,183895,BANK OF HYDRO,2814,73721,0,19498,10674,138460,5000.0,10674_20241231,1,1,0.1060278963538976,0.1060278963538976,<1bn
643999,NM,23416.0,20241231,790596,952118,790596,JONESTOWN B&T JONESTOWN PA,45050,147213,0,106662,10677,759555,0.0,10677_20241231,1,1,0.13491340710046598,0.13491340710046598,<1bn
377523,NM,21056.0,20241231,489630,593992,489630,MIFFLINBURG BANK&TRUST CO,115690,113792,2202,16135,10685,431960,6270.0,10685_20241231,1,1,0.03295345464942916,0.037450728100810814,<1bn
25277,SM,68.0,20241231,30310,39195,30310,AVANA BANK,1052,5051,984,25133,10704,8545,0.0,10704_20241231,1,1,0.8291982843945892,0.8616628175519631,<1bn
251234,NM,57784.0,20241231,309175,332862,309175,CROSSROADS BANK,100640,58495,3837,18421,10709,199280,0.0,10709_20241231,1,1,0.05958114336540794,0.07199159052316649,<1bn
236500,NM,14860.0,20241231,353585,382498,353585,PEOPLES STB OF HALLETTSVILLE,139753,118110,0,90759,10719,143604,8670.0,10719_20241231,1,1,0.2566822687614011,0.2566822687614011,<1bn
60025,NM,8291.0,20241231,71608,82297,71608,INDEPENDENCE STATE BANK,14223,11723,0,10261,10741,54726,0.0,10741_20241231,1,1,0.14329404535806056,0.14329404535806056,<1bn
94518,SM,24784.0,20241231,124860,167284,124860,ILLINI STATE BANK,41569,30896,0,9373,10788,107529,19500.0,10788_20241231,1,1,0.07506807624539484,0.07506807624539484,<1bn
159743,NM,18855.0,20241231,195865,288839,195865,COMMUNITY BANK,59810,37055,3718,29967,10791,189637,0.0,10791_20241231,1,1,0.15299823858269726,0.17198070099303092,<1bn
113646,NM,0.0,20241231,136442,159463,136442,FIRST STB OF CAMPBELL HILL,34072,22931,2451,16472,10799,99074,0.0,10799_20241231,1,1,0.12072528986675657,0.13868896674044648,<1bn
20601,NM,818.0,20241231,24728,28351,24728,DEWEY BANK,5053,4157,0,727,10803,20336,0.0,10803_20241231,1,1,0.02939987059204141,0.02939987059204141,<1bn
102888,SM,2169.0,20241231,122296,131678,122296,DU QUOIN STATE BANK,77083,19631,0,1492,10804,42391,0.0,10804_20241231,1,1,0.012199908418918035,0.012199908418918035,<1bn
29204,NM,7982.0,20241231,40064,43761,40064,FIRST STATE BANK OF VAN ORIN,14951,10926,0,14905,10809,11748,0.0,10809_20241231,1,1,0.37202975239616615,0.37202975239616615,<1bn
11231,NM,0.0,20241231,16288,18427,16288,GRAND RIVERS COMMUNITY BANK,1221,5062,188,2766,10816,12802,0.0,10816_20241231,1,1,0.16981827111984282,0.18136051080550097,<1bn
42762,NM,2336.0,20241231,54481,62258,54481,STATE BANK OF INDUSTRY,14548,11889,0,8899,10820,37254,0.0,10820_20241231,1,1,0.1633413483599787,0.1633413483599787,<1bn
59210,NM,30342.0,20241231,98627,108633,98627,CLAY COUNTY STATE BANK,32637,39581,1442,27071,10821,46788,0.0,10821_20241231,1,1,0.27447859105518774,0.28909933385381287,<1bn
351783,NM,50091.0,20241231,406569,459731,406569,PETEFISH SKILES&CO,84063,55273,3893,26687,10829,312586,0.0,10829_20241231,1,1,0.06563953474072051,0.07521478519021371,<1bn
193972,SM,0.0,20241231,276177,323389,276177,FIRST T&SB OF WATSEKA IL,117260,82548,57649,28304,10831,170728,0.0,10831_20241231,1,1,0.10248500056123427,0.3112243235316482,<1bn
20238,NM,0.0,20241231,21806,24680,21806,CAMPUS STATE BANK,5000,1594,2981,2681,10840,16491,0.0,10840_20241231,1,1,0.12294781252866184,0.2596533064294231,<1bn
32109,NM,5319.0,20241231,36546,40266,36546,CITIZENS BANK OF CHATSWORTH,13616,2989,0,6992,10843,17297,0.0,10843_20241231,1,1,0.1913205275543151,0.1913205275543151,<1bn
213133,N,37599.0,20241231,261764,309770,261764,BUENA VISTA NATIONAL BANK,77874,49030,2907,25073,10844,186605,0.0,10844_20241231,1,1,0.09578475267798475,0.10689017588362036,<1bn
154198,NM,24220.0,20241231,198875,218826,198875,CLAY CITY BANKING CO,42974,44937,4584,9112,10845,150561,0.0,10845_20241231,1,1,0.045817724701445635,0.06886737900691389,<1bn
203784,NM,47900.0,20241231,257198,286262,257198,TOMPKINS STATE BANK,109409,53717,2488,6986,10849,152850,0.0,10849_20241231,1,1,0.027161953047846406,0.036835434179114925,<1bn
162005,NM,27373.0,20241231,199446,251164,199446,WEST CENTRAL BANK,48326,38518,0,6394,10853,187907,0.0,10853_20241231,1,1,0.03205880288398865,0.03205880288398865,<1bn
115073,NM,2362.0,20241231,147344,180159,147344,STATE BANK OF BEMENT,49458,36254,11753,10806,10855,109929,0.0,10855_20241231,1,1,0.07333858182213053,0.15310430014116624,<1bn
74119,NM,1027.0,20241231,89409,104922,89409,ANDERSON STATE BANK,44750,15364,27392,9097,10858,38365,0.0,10858_20241231,1,1,0.10174590924850965,0.40811327718686036,<1bn
118243,NM,18740.0,20241231,166455,182497,166455,MURPHY-WALL STATE B&T CO,41299,48402,0,15705,10860,115121,12520.0,10860_20241231,1,1,0.09434982427683157,0.09434982427683157,<1bn
73177,NM,0.0,20241231,88666,105865,88666,FIRST STB OF BEECHER CITY,15699,15971,15699,2473,10871,77869,0.0,10871_20241231,1,1,0.027891187151783098,0.20494890939029617,<1bn
20229,NM,448.0,20241231,21505,23526,21505,CHESTERFIELD STATE BANK,659,1418,0,5497,10872,16955,0.0,10872_20241231,1,1,0.2556149732620321,0.2556149732620321,<1bn
99167,NM,1616.0,20241231,128148,155780,128148,WATERMAN BANK,9161,29166,1991,7105,10878,103611,0.0,10878_20241231,1,1,0.055443705715266724,0.07098042887910853,<1bn
46750,NM,1123.0,20241231,56534,65142,56534,BANK OF BLUFFS,15736,9822,4460,15014,10883,32799,0.0,10883_20241231,1,1,0.2655746984115753,0.3444652775321046,<1bn
443453,NM,84562.0,20241231,586234,645708,586234,LEGENCE BANK,134774,143077,0,33528,10886,432788,0.0,10886_20241231,1,1,0.05719217923218373,0.05719217923218373,<1bn
311329,NM,3850.0,20241231,455614,542469,455614,CENTRAL STATE BANK,84939,147636,0,14698,10903,435448,67169.0,10903_20241231,1,1,0.03225976374738265,0.03225976374738265,<1bn
68605,NM,7236.0,20241231,86471,101087,86471,BALDWIN STATE BANK,41550,18073,22847,11020,10906,46514,0.0,10906_20241231,1,1,0.1274415700061292,0.39165731863861875,<1bn
241757,NM,0.0,20241231,304503,383116,304503,GUARANTY STATE BANK&TRUST CO,101368,63579,22677,4130,10907,258886,4500.0,10907_20241231,1,1,0.013563084764353717,0.08803525745230753,<1bn
154982,NM,36441.0,20241231,260224,306775,260224,GRANT COUNTY BANK,117744,105910,10616,19718,10918,157712,42032.0,10918_20241231,1,1,0.07577318002951304,0.11656880226266601,<1bn
74762,NM,0.0,20241231,95646,113994,95646,STATE BANK OF BERN,42554,21302,995,1745,10919,62924,0.0,10919_20241231,1,1,0.018244359408652742,0.028647303598686825,<1bn
102318,SM,530.0,20241231,148490,190447,148490,FIDELITY STATE BANK&TRUST CO,87054,46272,73823,75462,10920,21434,0.0,10920_20241231,1,1,0.508195838103576,1.0053538958852448,<1bn
105700,NM,7078.0,20241231,121491,138273,121491,MINERS STATE BANK,34050,15993,0,4031,10928,91722,4068.0,10928_20241231,1,1,0.03317941246676709,0.03317941246676709,<1bn
342148,NM,417.0,20241231,386910,465081,386910,NORTHVIEW BANK,82878,45335,58507,20210,10956,335681,0.0,10956_20241231,1,1,0.05223436975007108,0.20345041482515314,<1bn
624628,NM,27486.0,20241231,775456,915500,775456,UNITED PRAIRIE BANK,90853,152639,11522,23752,10958,760530,81316.0,10958_20241231,1,1,0.030629719803573638,0.04548807411381174,<1bn
59465,NM,4715.0,20241231,75491,90170,75491,JANESVILLE STATE BANK,12813,16453,4975,5902,10960,67886,0.0,10960_20241231,1,1,0.07818150508007576,0.14408340067027858,<1bn
174795,SM,9574.0,20241231,213065,238034,213065,GRAND RAPIDS STATE BANK,48091,38530,11910,21681,10962,151924,0.0,10962_20241231,1,1,0.10175767958134842,0.15765611433130736,<1bn
110919,NM,9892.0,20241231,128146,140310,128146,LAKE REGION BANK,67427,17356,11911,6741,10965,61327,0.0,10965_20241231,1,1,0.05260406099292994,0.14555272891857723,<1bn
156473,N,14850.0,20241231,185067,210728,185067,F&M COMMUNITY BANK NA,40682,28809,1898,3777,10967,143133,4.0,10967_20241231,1,1,0.020408824912058875,0.03066457012865611,<1bn
47230,NM,0.0,20241231,52276,58376,52276,RANDALL STATE BANK,4190,5131,4190,5658,10969,46164,0.0,10969_20241231,1,1,0.10823322365904048,0.18838472721707858,<1bn
89298,NM,667.0,20241231,113981,136241,113981,PRIME SECURITY BANK,4287,24913,2428,9665,10971,116467,4108.0,10971_20241231,1,1,0.08479483422675708,0.10609663014011107,<1bn
478560,NM,31404.0,20241231,693653,784945,693653,ALLIANCE BANK,91242,219046,10596,104314,10973,566820,37909.0,10973_20241231,1,1,0.1503835491232648,0.16565919847531835,<1bn
161393,N,52231.0,20241231,215049,239670,215049,CENTER NATIONAL BANK,70523,54615,0,30604,10976,131304,0.0,10976_20241231,1,1,0.14231175220531134,0.14231175220531134,<1bn
140571,NM,0.0,20241231,154863,181541,154863,ESB BANK,11235,14292,1965,17139,10980,144471,0.0,10980_20241231,1,1,0.11067201332790919,0.12336064779837663,<1bn
34664,NM,263.0,20241231,38233,45431,38233,SECURITY STATE BANK OF OKLEE,7235,3729,6972,20068,10982,17655,0.0,10982_20241231,1,1,0.5248868778280543,0.7072424345460727,<1bn
116564,NM,839.0,20241231,122992,144805,122992,SECURITY BANK MINNESOTA,14041,7290,11925,13082,10984,115099,0.0,10984_20241231,1,1,0.10636464160270587,0.20332216729543384,<1bn
2021799,N,42855.0,20241231,2528376,3135139,2528376,STEARNS BANK NATIONAL ASSN,89721,524834,9986,279343,10988,2642731,1010253.0,10988_20241231,1,1,0.11048317180672496,0.11443274259841099,1-10bn
204868,NM,36935.0,20241231,245289,276956,245289,LAKE CENTRAL BANK,97345,40665,487,5388,10989,161279,0.0,10989_20241231,1,1,0.02196592590780671,0.02395133903273282,<1bn
82131,NM,832.0,20241231,92732,108409,92732,FIRST STATE BANK OF BIGFORK,6490,10747,5658,15042,10991,83980,0.0,10991_20241231,1,1,0.16220937756114395,0.22322391407496872,<1bn
42212,NM,0.0,20241231,55971,70675,55971,BONANZA VALLEY STATE BANK,9180,13787,0,1623,10993,56465,3091.0,10993_20241231,1,1,0.028997159243179502,0.028997159243179502,<1bn
343867,NM,5245.0,20241231,598252,659860,598252,FM BANK,214370,256464,57722,17825,10998,400111,0.0,10998_20241231,1,1,0.029795136497663192,0.12627956112140035,<1bn
149866,NM,1193.0,20241231,184234,212675,184234,ST CLAIR COUNTY STATE BANK,24212,34870,13410,27528,11002,146515,0.0,11002_20241231,1,1,0.14941867407753184,0.22220654168068868,<1bn
92850,NM,1527.0,20241231,99934,124427,99934,LIMEBANK,4367,7410,0,14505,11003,98378,13008.0,11003_20241231,1,1,0.14514579622550883,0.14514579622550883,<1bn
105024,NM,56079.0,20241231,135200,159168,135200,FIRST STATE BANK OF SHELBY,114423,30798,0,14452,11013,25344,0.0,11013_20241231,1,1,0.10689349112426036,0.10689349112426036,<1bn
4226371,SM,629934.0,20241231,6149163,7008570,6149163,PEAPACK-GLADSTONE BANK,899220,1931000,0,391367,11035,5447928,321268.0,11035_20241231,1,1,0.06364557257630023,0.06364557257630023,1-10bn
97921000,NM,26232000.0,20241231,155571000,223543000,155572000,FIRST-CITIZENS BANK&TRUST CO,43990000,59510000,14386000,21911000,11063,138672000,4715000.0,11063_20241231,1,1,0.1408424449286821,0.2333146923269761,>=100bn
1289278,NM,226750.0,20241231,1881461,2315834,1881461,SOMERSET TRUST CO,603322,596788,0,44956,11112,1523961,23728.0,11112_20241231,1,1,0.023894197115964667,0.023894197115964667,1-10bn
294471,NM,0.0,20241231,332740,435719,332740,HAMLIN BANK&TRUST CO,127012,39378,0,6415,11113,287603,0.0,11113_20241231,1,1,0.019279317184588567,0.019279317184588567,<1bn
5245474,NM,643185.0,20241231,7822421,9653169,7822421,S&T BANK,986630,2605137,92768,244372,11124,7641464,225265.0,11124_20241231,1,1,0.03123994476901716,0.04309918885726043,1-10bn
53350,NM,13152.0,20241231,60891,72073,60891,FARMERS STATE BANK OF CANTON,23627,7856,0,1693,11133,41664,8000.0,11133_20241231,1,1,0.02780378052585768,0.02780378052585768,<1bn
224504,NM,989.0,20241231,333889,444038,333889,TEXAS CHAMPION BANK,4331,111432,0,47427,11159,346606,2973.0,11159_20241231,1,1,0.14204421229809908,0.14204421229809908,<1bn
61482,NM,12649.0,20241231,74442,112999,74442,FIRST STATE BANK,19697,13043,0,8828,11175,73663,0.0,11175_20241231,1,1,0.11858896859299857,0.11858896859299857,<1bn
561261,SI,13178.0,20241231,779411,857225,779411,TRANSPECOS BANKS SSB,51157,218660,0,133429,11178,552097,285814.0,11178_20241231,1,1,0.17119209249035489,0.17119209249035489,<1bn
86118,NM,29065.0,20241231,120538,125523,120538,FIRST STB OF BROWNSBORO,56236,34549,963,5645,11181,59826,0.0,11181_20241231,1,1,0.0468317045247142,0.05482088635948829,<1bn
113336,NM,13358.0,20241231,136301,153025,136301,FIRST COMMUNITY BANK,32043,23397,953,5369,11225,103910,0.0,11225_20241231,1,1,0.03939076015583158,0.04638263842525,<1bn
248802,NM,7724.0,20241231,382799,516352,382799,FIRST CITIZENS STATE BANK,128036,140289,26435,30422,11228,325944,43512.0,11228_20241231,1,1,0.07947251690835139,0.14852964610670352,<1bn
149057,NM,18795.0,20241231,187272,206886,187272,BANK OF MILTON,37192,38369,0,22026,11232,141809,0.0,11232_20241231,1,1,0.11761501986415482,0.11761501986415482,<1bn
87350,NM,226.0,20241231,101264,117226,101264,BONDUEL STATE BANK,23113,14213,553,7336,11235,81793,14310.0,11235_20241231,1,1,0.07244430399747195,0.0779052772949913,<1bn
1099744,NM,15835.0,20241231,1368662,1578788,1368662,HORICON BANK,148476,271621,95804,125138,11236,1232705,0.0,11236_20241231,1,1,0.0914309011282552,0.1614291914292937,1-10bn
9606783,SM,1595643.0,20241231,17696637,22418169,17696637,CENTENNIAL BANK,4346853,8389481,28560,905397,11241,14488620,448442.0,11241_20241231,1,1,0.051162093679154974,0.05277595963572062,10-100bn
86128,NM,1.0,20241231,128325,163570,128325,MCGEHEE BANK,39776,42663,39775,4209,11242,112040,0.0,11242_20241231,1,1,0.03279953243717124,0.3427547243327489,<1bn
180087,SM,29.0,20241231,216435,247360,216435,BANK OF SALEM,12975,36609,0,27805,11243,193186,3131.0,11243_20241231,1,1,0.12846813130963106,0.12846813130963106,<1bn
126862,N,0.0,20241231,150107,216345,150107,FIRST NB OF IZARD COUNTY,61799,23753,0,4685,11252,106775,0.0,11252_20241231,1,1,0.031211069437134843,0.031211069437134843,<1bn
143611,SM,82.0,20241231,195623,231091,195623,GUNNISON BANK&TRUST CO,40763,52574,14403,10428,11259,148396,2699.0,11259_20241231,1,1,0.05330661527529994,0.12693292710979792,<1bn
51436,NM,170.0,20241231,64983,78777,64983,MCCLAVE STATE BANK,4226,13911,0,4078,11261,66833,12231.0,11261_20241231,1,1,0.06275487435175353,0.06275487435175353,<1bn
253348,NM,20781.0,20241231,343346,388816,343346,CITIZENS BANK OF SWAINSBORO,39684,90735,3994,76306,11295,258144,0.0,11295_20241231,1,1,0.22224228620691663,0.23387486675248875,<1bn
283971,NM,0.0,20241231,320461,353544,320461,FARMERS STB OF ALTO PASS ILL,22120,36785,0,6910,11299,297741,3481.0,11299_20241231,1,1,0.021562686255113726,0.021562686255113726,<1bn
20812,NM,0.0,20241231,21055,24384,21055,OAKDALE STATE BANK,1182,276,0,4921,11300,13412,0.0,11300_20241231,1,1,0.233721206364284,0.233721206364284,<1bn
22606,SM,0.0,20241231,23510,28657,23510,FIRST STATE BANK OF ST PETER,18666,975,0,1029,11302,8333,0.0,11302_20241231,1,1,0.04376860910250957,0.04376860910250957,<1bn
390673,NM,42912.0,20241231,527367,576206,527367,FNBC BANK&TRUST,220240,136990,108701,44640,11306,289556,0.0,11306_20241231,1,1,0.08464693467736889,0.29076715076976756,<1bn
202160,NM,0.0,20241231,275859,326318,275859,FARMERS STATE BANK,40664,74195,0,28947,11307,244232,0.0,11307_20241231,1,1,0.1049340423912216,0.1049340423912216,<1bn
258652,NM,34652.0,20241231,318347,333794,318347,BANK OF HERRIN,88111,60585,0,27518,11310,205304,30119.0,11310_20241231,1,1,0.08644026800943624,0.08644026800943624,<1bn
70976,SM,5813.0,20241231,97556,141955,97556,IUKA STATE BANK,13431,26801,0,6459,11317,113145,3000.0,11317_20241231,1,1,0.06620812661445734,0.06620812661445734,<1bn
69476,NM,0.0,20241231,84628,104580,84628,LONGVIEW COMMUNITY BANK,6371,18529,2565,11505,11319,73612,3000.0,11319_20241231,1,1,0.1359479132202108,0.16625703076995793,<1bn
62673,NM,5903.0,20241231,83010,89852,83010,FARMERS&MERCHANTS STB BUSHNE,33058,20384,20644,9689,11324,42794,0.0,11324_20241231,1,1,0.11672087700277076,0.3654138055655945,<1bn
40430,NM,0.0,20241231,45353,56607,45353,ASHTON STATE BANK,14544,5096,1640,969,11343,38375,0.0,11343_20241231,1,1,0.0213657310431504,0.05752651423279607,<1bn
249079,NM,58950.0,20241231,333908,493042,333908,GRINNELL STATE BANK,91811,85443,0,7137,11347,373042,0.0,11347_20241231,1,1,0.021374150963738514,0.021374150963738514,<1bn
57050,NM,0.0,20241231,67965,85054,67965,SANBORN SAVINGS BANK,13540,11170,3778,6837,11352,60501,0.0,11352_20241231,1,1,0.10059589494592805,0.15618332965496948,<1bn
84089,NM,9312.0,20241231,92235,111583,92235,BEDFORD LOAN&DEPOSIT BANK,26528,8327,2469,3191,11355,76566,0.0,11355_20241231,1,1,0.034596411340597384,0.06136499159754974,<1bn
186422,NM,0.0,20241231,319557,368257,319557,CUMBERLAND SECURITY BANK INC,39236,133370,14422,25726,11358,295345,0.0,11358_20241231,1,1,0.08050519938539916,0.12563642792991547,<1bn
1048981,NM,55195.0,20241231,1469751,1806828,1469751,STATE BANK,91367,423135,10306,214010,11406,1423592,40251.0,11406_20241231,1,1,0.14560969851355773,0.15262177062645305,1-10bn
330188,NM,6711.0,20241231,575911,627900,575911,HIGHPOINT COMMUNITY BANK,57237,246082,1977,226278,11407,324021,0.0,11407_20241231,1,1,0.3929044591959521,0.3963372812813091,<1bn
99818,NM,21317.0,20241231,118971,130219,118971,VALLEY PREMIER BANK,37817,19629,349,4606,11409,85089,0.0,11409_20241231,1,1,0.038715317178135845,0.04164880517100806,<1bn
79594,NM,8534.0,20241231,95056,101191,95056,RUSHFORD STATE BANK INC,18557,16398,6838,15210,11411,58148,0.0,11411_20241231,1,1,0.1600109409190372,0.23194748358862144,<1bn
170820,NM,6623.0,20241231,218267,235259,218267,HARVEST BANK,49784,41087,8045,19534,11415,157361,264.0,11415_20241231,1,1,0.08949589264524642,0.1263544191288651,<1bn
31051,SM,0.0,20241231,37480,42482,37480,WELCOME STATE BANK,4904,6471,2954,8417,11417,27610,0.0,11417_20241231,1,1,0.22457310565635005,0.30338847385272144,<1bn
190011,NM,36149.0,20241231,275246,306800,275246,BANK OF YAZOO CITY,121107,85595,6504,8140,11431,155583,10000.0,11431_20241231,1,1,0.02957354511963843,0.05320331630614069,<1bn
91647,NM,1666.0,20241231,139966,171645,139966,JEFFERSON BANK,27660,48919,0,18184,11445,116989,15344.0,11445_20241231,1,1,0.12991726562165098,0.12991726562165098,<1bn
161754,NM,42882.0,20241231,230803,289929,230803,UNITY BANK OF MISSISSIPPI,110878,69876,0,9228,11446,147658,0.0,11446_20241231,1,1,0.039982149278822196,0.039982149278822196,<1bn
354545,NM,61415.0,20241231,482854,530360,482854,CENTURY BANK,101782,130855,0,29427,11448,357622,0.0,11448_20241231,1,1,0.060943887800453136,0.060943887800453136,<1bn
469007,NM,19604.0,20241231,847527,979781,847527,MID AMERICA BANK,96759,380276,2753,114681,11459,719748,2405.0,11459_20241231,1,1,0.13531250331847836,0.13856077741476083,<1bn
100588,NM,1336.0,20241231,138659,155820,138659,INDEPENDENT FARMERS BANK,57403,38260,7498,6528,11462,86799,0.0,11462_20241231,1,1,0.047079526031487316,0.10115463114547199,<1bn
140010,SM,0.0,20241231,159129,186364,159129,CITIZENS-FARMERS BK COLE CAM,36512,19965,1242,8873,11463,129618,0.0,11463_20241231,1,1,0.055759792369712624,0.06356478077534579,<1bn
43705,NM,0.0,20241231,48124,62503,48124,TRI-COUNTY TRUST CO,16032,4504,0,945,11465,43664,5473.0,11465_20241231,1,1,0.019636771673177626,0.019636771673177626,<1bn
87985,NM,1634.0,20241231,101266,118942,101266,HOMEPRIDE BANK,6534,13530,1944,7451,11466,97240,0.0,11466_20241231,1,1,0.07357849623763159,0.09277546264294037,<1bn
55589,NM,12113.0,20241231,62433,81715,62433,THAYER COUNTY BANK,21078,6979,1978,3348,11475,50771,1711.0,11475_20241231,1,1,0.0536254865215511,0.08530744958595614,<1bn
141864,SM,36925.0,20241231,225519,255047,225519,AUBURN STATE BANK,117213,84085,7278,15386,11477,107721,29841.0,11477_20241231,1,1,0.06822485023434832,0.10049707563442548,<1bn
316478,NM,12240.0,20241231,395318,508518,395318,HOMESTEAD BANK,117981,79370,14483,12224,11482,352076,0.0,11482_20241231,1,1,0.030921941323187915,0.06755826954502452,<1bn
248427,NM,89154.0,20241231,451220,517129,451220,CITIZENS BANK OF CLOVIS,118482,204499,0,52086,11491,326534,21327.0,11491_20241231,1,1,0.11543371304463454,0.11543371304463454,<1bn
725670,NM,159822.0,20241231,1131410,1314197,1131410,INBANK,299127,407133,0,48416,11492,902365,101070.0,11492_20241231,1,1,0.04279262159606155,0.04279262159606155,1-10bn
507437,N,6135.0,20241231,594786,675927,594786,FIRST NB OF SCOTIA,76438,88259,17444,61709,11501,494635,0.0,11501_20241231,1,1,0.10374992013934424,0.13307811549027718,<1bn
2406698,NM,749977.0,20241231,3652708,3987905,3652708,FIDELITY BANK,1054285,1248551,9450,182628,11507,2608436,0.0,11507_20241231,1,1,0.04999797410578672,0.05258509577004239,1-10bn
181052,NM,16212.0,20241231,219621,271162,219621,SECURITY FIRST BANK OF ND,25777,39366,2784,6250,11519,226732,0.0,11519_20241231,1,1,0.028458116482485737,0.041134499888444184,<1bn
253061,SM,24796.0,20241231,406991,469509,406991,CHICKASAW COMMUNITY BANK,25503,154238,0,85147,11521,291964,98485.0,11521_20241231,1,1,0.209211014494178,0.209211014494178,<1bn
1026150,N,81409.0,20241231,1168211,1284821,1168211,LIBERTY NATIONAL BANK,266294,143300,116349,126064,11522,845619,408590.0,11522_20241231,1,1,0.10791201247034997,0.20750789026982283,1-10bn
194200,SM,10406.0,20241231,313419,360188,313419,COWBOY BANK,41105,119370,10496,27649,11526,263239,7899.0,11526_20241231,1,1,0.08821737035725338,0.12170608674011467,<1bn
33087,NM,0.0,20241231,45324,55117,45324,FIRST STB OF POND CREEK OK,4311,12286,998,5224,11527,44238,0.0,11527_20241231,1,1,0.11525902391668873,0.1372782631718295,<1bn
354340,NM,52464.0,20241231,476731,493625,476731,ENTERPRISE BANK OF SC,163151,123271,21545,63404,11539,256673,0.0,11539_20241231,1,1,0.13299743461197194,0.17819063580929287,<1bn
202584,NM,10406.0,20241231,266692,294127,266692,FIRST STATE BANK OF BURNET,145775,64398,65257,9937,11557,134430,0.0,11557_20241231,1,1,0.037260210280023395,0.2819507146821052,<1bn
229184,NM,221913.0,20241231,454687,541268,454687,FIRST STATE BANK&TRUST CO,316623,226098,0,8922,11559,179952,0.0,11559_20241231,1,1,0.01962228961901264,0.01962228961901264,<1bn
689532,NM,264723.0,20241231,1179555,1339375,1179555,ALLIANCE BANK,359027,500065,0,97486,11569,808514,0.0,11569_20241231,1,1,0.0826464217437932,0.0826464217437932,1-10bn
124579,NM,4202.0,20241231,180950,224775,180950,GLOBAL ONE BANK,4984,56739,0,16627,11570,165204,0.0,11570_20241231,1,1,0.09188726167449572,0.09188726167449572,<1bn
4602285,SM,382881.0,20241231,6523015,7803223,6523015,BURKE&HERBERT BANK&TRUST CO,1437341,1926724,149127,134771,11578,5606527,244802.0,11578_20241231,1,1,0.020660844716745248,0.04352251221252749,1-10bn
368282,NM,1070.0,20241231,496299,674442,496299,BANK OF SOUTHSIDE VIRGINIA,289871,129563,8998,12245,11580,321897,0.0,11580_20241231,1,1,0.024672626783451106,0.042802826521915215,<1bn
171822,NM,68704.0,20241231,223013,255381,223013,LEE BANK&TRUST CO,107286,51460,6636,21723,11582,120471,25178.0,11582_20241231,1,1,0.09740687762596799,0.12716299049831176,<1bn
433541,SM,75608.0,20241231,518810,600506,518810,COMMUNITY FIRST BANK,158420,93051,995,10675,11595,395591,20000.0,11595_20241231,1,1,0.020575933386018003,0.02249378385150633,<1bn
207821,NM,44441.0,20241231,251786,270908,251786,LAONA STATE BANK,94038,44215,0,17291,11601,146581,3000.0,11601_20241231,1,1,0.06867339725004568,0.06867339725004568,<1bn
206769,NM,19436.0,20241231,355312,416187,355312,BLC COMMUNITY BANK,54444,148939,0,12372,11608,336310,30284.0,11608_20241231,1,1,0.03482010176971225,0.03482010176971225,<1bn
370954,NM,32006.0,20241231,555811,641006,555811,GREENWOODS STATE BANK,38127,186814,0,73978,11623,489204,20062.0,11623_20241231,1,1,0.133099200987386,0.133099200987386,<1bn
2043582,NM,886825.0,20241231,2893046,3434310,2893046,D L EVANS BANK,1325454,853365,0,356417,11666,1575182,0.0,11666_20241231,1,1,0.12319783370191832,0.12319783370191832,1-10bn
110955,NM,0.0,20241231,139637,178170,139637,VERMILION VALLEY BANK,62477,29371,0,2840,11667,108080,0.0,11667_20241231,1,1,0.020338448978422623,0.020338448978422623,<1bn
225107,NM,1007.0,20241231,253980,304640,253980,FIRST STATE BANK OF FORREST,18759,29140,0,17266,11669,259371,8169.0,11669_20241231,1,1,0.06798173084494842,0.06798173084494842,<1bn
951199,NM,51897.0,20241231,1053531,1412356,1053531,CENTRAL BANK ILLINOIS,326087,104426,28822,63717,11670,935857,36465.0,11670_20241231,1,1,0.06047947331402683,0.0878369976773346,1-10bn
102404,NM,28287.0,20241231,140448,159232,140448,STATE BANK OF HERSCHER,69705,38224,982,5859,11671,72412,0.0,11671_20241231,1,1,0.04171650717703349,0.04870841877420825,<1bn
154269,NM,9773.0,20241231,217354,248573,217354,WARREN-BOYNTON STATE BANK,44459,63548,0,2999,11674,192123,0.0,11674_20241231,1,1,0.013797767696936794,0.013797767696936794,<1bn
115758,SM,37424.0,20241231,146878,167126,146878,FARMERS STB OF WESTERN IL,65318,31244,7315,21453,11680,72495,0.0,11680_20241231,1,1,0.14605999537030734,0.19586323343182777,<1bn
38443,NM,0.0,20241231,51257,58521,51257,ANCHOR STATE BANK,10792,13034,599,11818,11681,32587,6960.0,11681_20241231,1,1,0.23056363033341787,0.24224983904637415,<1bn
71732,NM,0.0,20241231,92336,106654,92336,ANNA STATE BANK,54294,20851,12666,4448,11682,43048,0.0,11682_20241231,1,1,0.04817189395252123,0.1853448275862069,<1bn
84986,NM,11990.0,20241231,102036,128456,102036,STATE BANK OF CHERRY,18566,17240,0,6437,11686,99265,0.0,11686_20241231,1,1,0.06308557763926458,0.06308557763926458,<1bn
170892,NM,9730.0,20241231,206322,231415,206322,GOODFIELD STATE BANK,22395,35933,0,20037,11699,180999,0.0,11699_20241231,1,1,0.09711518887951842,0.09711518887951842,<1bn
233164,SM,47839.0,20241231,316525,348495,316525,SHELBY COUNTY STATE BANK,93413,84249,0,4304,11702,243239,0.0,11702_20241231,1,1,0.013597662111997472,0.013597662111997472,<1bn
49737,NM,0.0,20241231,58259,65522,58259,1ST COMMUNITY BANK,2904,8659,2391,17748,11706,43321,0.0,11706_20241231,1,1,0.3046396264954771,0.3456804957173999,<1bn
245518,SM,52531.0,20241231,307708,347655,307708,TEUTOPOLIS STATE BANK,125267,63231,21824,32848,11708,177895,0.0,11708_20241231,1,1,0.10675055572165819,0.17767493857813252,<1bn
166814,NM,46961.0,20241231,207376,248946,207376,BANK OF RANTOUL,121618,40856,0,8151,11711,107538,4085.0,11711_20241231,1,1,0.03930541624874624,0.03930541624874624,<1bn
73234,NM,4150.0,20241231,80087,87507,80087,BANK OF YATES CITY,11539,7016,0,6068,11715,65732,0.0,11715_20241231,1,1,0.07576760273202891,0.07576760273202891,<1bn
16197,SM,0.0,20241231,17006,18375,17006,HARTSBURG STATE BANK,6485,923,0,4704,11716,6397,0.0,11716_20241231,1,1,0.2766082559096789,0.2766082559096789,<1bn
102693,NM,8065.0,20241231,114417,130139,114417,LIBERTY BANK,24658,12081,0,8858,11719,90115,0.0,11719_20241231,1,1,0.07741856542297036,0.07741856542297036,<1bn
436725,NM,86350.0,20241231,579027,695514,579027,PEOPLES STB OF NEWTON IL,168627,142719,4722,20967,11722,469799,25000.0,11722_20241231,1,1,0.03621074664911999,0.04436580677584983,<1bn
457330,NM,65919.0,20241231,694053,858434,694053,CIBM BANK,120339,238462,2874,6748,11729,701508,69570.0,11729_20241231,1,1,0.009722600435413434,0.013863494574621823,<1bn
25910,NM,211.0,20241231,32000,37236,32000,FAIRVIEW STATE BANKING CO,7640,6110,0,3475,11731,23403,0.0,11731_20241231,1,1,0.10859375,0.10859375,<1bn
145105,NM,9381.0,20241231,203122,227218,203122,BANK OF FARMINGTON,26029,58350,0,21742,11732,166379,0.0,11732_20241231,1,1,0.10703911934699344,0.10703911934699344,<1bn
220593,NM,45699.0,20241231,263574,294737,263574,FLANAGAN STATE BANK,99385,43562,0,4127,11734,174048,0.0,11734_20241231,1,1,0.015657841820513402,0.015657841820513402,<1bn
412887,NM,104889.0,20241231,547132,640223,547132,BANKORION,190179,135965,9572,20099,11739,393407,8000.0,11739_20241231,1,1,0.03673519370097161,0.05423005782882376,<1bn
315201,NM,84890.0,20241231,382854,491365,382854,SOLUTIONS BANK,195411,68509,0,7306,11741,256259,20096.0,11741_20241231,1,1,0.019082992472326265,0.019082992472326265,<1bn
115502,NM,7759.0,20241231,151163,164428,151163,IROQUOIS FARMERS STATE BANK,43075,36026,4608,5628,11746,104550,12500.0,11746_20241231,1,1,0.037231333064308064,0.06771498316386947,<1bn
167554,NM,48932.0,20241231,200254,228803,200254,FARMERS STATE BANK&TRUST CO,90776,33031,0,6404,11747,102320,0.0,11747_20241231,1,1,0.03197938617955197,0.03197938617955197,<1bn
90616,NM,0.0,20241231,99403,120565,99403,BANK OF KAMPSVILLE,57797,8966,952,4975,11750,47009,0.0,11750_20241231,1,1,0.05004879128396527,0.05962596702312808,<1bn
87041,NM,20775.0,20241231,101644,126357,101644,CITIZENS STATE BANK,36684,15016,0,9958,11759,73398,3000.0,11759_20241231,1,1,0.09796938333792451,0.09796938333792451,<1bn
550023,SM,8293.0,20241231,751462,901638,751462,VISIONBANK OF IOWA,69267,203835,34052,34718,11763,757151,43430.0,11763_20241231,1,1,0.04620060628481547,0.0915149402098842,<1bn
76468,NM,18320.0,20241231,88826,103125,88826,SIBLEY STATE BANK,24639,12674,2470,6709,11764,66707,0.0,11764_20241231,1,1,0.07552968725373202,0.10333686082903654,<1bn
292114,NM,62543.0,20241231,378723,437113,378723,FREEDOMBANK,77893,88197,0,5912,11767,303495,1000.0,11767_20241231,1,1,0.015610353741388826,0.015610353741388826,<1bn
889316,NM,18738.0,20241231,1372780,1623550,1372780,AVAILA BANK,376112,486319,57462,48083,11771,1091506,100431.0,11771_20241231,1,1,0.03502600562362505,0.07688413292734451,1-10bn
252903,NM,6203.0,20241231,333803,359568,333803,COMMERCIAL BANK,150919,82089,34073,31945,11777,167366,0.0,11777_20241231,1,1,0.09570015847670632,0.19777533455361396,<1bn
115818,SM,73209.0,20241231,199793,264141,199793,CITIZENS ST B&T ELLSWORTH KS,76313,84370,0,24688,11778,152264,2500.0,11778_20241231,1,1,0.12356789276901593,0.12356789276901593,<1bn
140913,NM,4867.0,20241231,181649,208634,181649,BANK OF ABBEVILLE&TRUST CO,63419,40944,12887,15769,11782,119675,0.0,11782_20241231,1,1,0.0868102769627138,0.15775479083286997,<1bn
157319,NM,204.0,20241231,248335,276854,248335,CALDWELL BANK&TRUST CO,14891,92435,998,30931,11785,208772,52091.0,11785_20241231,1,1,0.12455352648639942,0.12857229146113114,<1bn
131578,NM,15701.0,20241231,162909,185105,162909,BANK OF SUNSET&TRUST CO,18990,31651,0,6429,11788,148613,0.0,11788_20241231,1,1,0.039463749700753184,0.039463749700753184,<1bn
138093,NM,0.0,20241231,197897,220107,197897,FRANKLIN STATE BANK&TRUST CO,46253,61029,33053,66433,11792,100333,0.0,11792_20241231,1,1,0.3356948311495374,0.5027160593642147,<1bn
603939,NM,15391.0,20241231,821699,994673,821699,UNITED BANK OF MICHIGAN,61652,218295,0,55067,11807,803932,0.0,11807_20241231,1,1,0.06701602411588672,0.06701602411588672,<1bn
208981,SM,31743.0,20241231,281632,308873,281632,HURON COMMUNITY BANK,92881,73016,13895,40021,11810,158812,0.0,11810_20241231,1,1,0.14210388024088172,0.19144131348710375,<1bn
25990185,SM,6236644.0,20241231,40496201,47019190,40496201,CADENCE BANK,7315666,14696120,0,1728924,11813,33525154,2093432.0,11813_20241231,1,1,0.04269348623590642,0.04269348623590642,10-100bn
39326,NM,5450.0,20241231,44170,52044,44170,RICHTON BANK&TRUST CO,16899,4855,2252,9667,11817,19243,0.0,11817_20241231,1,1,0.21885895404120445,0.2698437853746887,<1bn
171384,NM,171.0,20241231,271446,319198,271446,LITTLE HORN STATE BANK,1272,102604,0,3332,11821,265891,62728.0,11821_20241231,1,1,0.012275001289390892,0.012275001289390892,<1bn
192494,NM,34743.0,20241231,228737,262962,228737,MANHATTAN BANK,63005,36509,0,23128,11823,164292,671.0,11823_20241231,1,1,0.10111175717089933,0.10111175717089933,<1bn
605642,SM,110301.0,20241231,747967,879162,747967,KILLBUCK SAVINGS BANK CO,268284,143541,15020,23602,11860,508406,6956.0,11860_20241231,1,1,0.03155486806236104,0.05163596789697941,<1bn
118524,NM,31066.0,20241231,161394,175935,161394,BANK OF BEAVER CITY,54010,43086,0,8105,11862,103902,3600.0,11862_20241231,1,1,0.050218719407165074,0.050218719407165074,<1bn
1463777,NM,183999.0,20241231,2342458,2584488,2342458,FIDELITY DEPOSIT&DISCOUNT BK,557221,883610,0,83353,11868,1781452,24644.0,11868_20241231,1,1,0.03558356222395449,0.03558356222395449,1-10bn
31154,NM,1861.0,20241231,40937,50135,40937,DONLEY COUNTY STATE BANK,25528,10378,0,11301,11891,7970,0.0,11891_20241231,1,1,0.2760583335368982,0.2760583335368982,<1bn
85915,NM,22272.0,20241231,128261,153614,128261,HILL BANK&TRUST CO,104420,42491,4992,36295,11902,10380,0.0,11902_20241231,1,1,0.28297767832778475,0.3218983167135762,<1bn
155525,NM,44.0,20241231,186891,211654,186891,TEXAS HERITAGE BANK,44,32890,0,46793,11903,158589,0.0,11903_20241231,1,1,0.2503758875494272,0.2503758875494272,<1bn
130434,NM,90492.0,20241231,159148,186048,159148,FIRST STB OF BEN WHEELER TX,101214,28819,0,3596,11904,68325,0.0,11904_20241231,1,1,0.02259532007942293,0.02259532007942293,<1bn
126715,NM,8300.0,20241231,164773,183094,164773,CITIZENS STATE BANK,49039,38399,1993,6902,11905,121173,0.0,11905_20241231,1,1,0.041887930668252686,0.05398335892409557,<1bn
178471,NM,4.0,20241231,271781,310837,271781,SECURITY STATE BANK,49887,93843,34863,18039,11907,218250,6000.0,11907_20241231,1,1,0.06637329320298328,0.19464936842531302,<1bn
83560,NM,22544.0,20241231,101254,122649,101254,BUCKHOLTS STATE BANK,25775,17887,0,16546,11916,79210,0.0,11916_20241231,1,1,0.163410828214194,0.163410828214194,<1bn
230346,NM,24490.0,20241231,302879,337524,302879,FIRST STATE BANK OF TEXAS,64817,73312,4957,42673,11922,209636,0.0,11922_20241231,1,1,0.1408912469996269,0.15725751867907647,<1bn
144061,NM,59127.0,20241231,162080,170655,162080,FIRST SECURITY STATE BANK,78278,18163,0,14614,11932,73452,0.0,11932_20241231,1,1,0.09016535044422508,0.09016535044422508,<1bn
223454,NM,4767.0,20241231,501022,568338,501022,DOMINION BANK,4767,277841,0,80655,11934,469498,0.0,11934_20241231,1,1,0.16098095492812692,0.16098095492812692,<1bn
846046,NM,6773.0,20241231,1137505,1281115,1137505,FIRST TEXAS BANK,623738,291890,3634,105773,11935,517233,0.0,11935_20241231,1,1,0.09298684401387247,0.096181555245911,1-10bn
495427,NM,47941.0,20241231,570554,616254,570554,POCA VALLEY BANK INC,72113,75470,0,45988,11952,458587,0.0,11952_20241231,1,1,0.08060236191491077,0.08060236191491077,<1bn
258280,NM,8938.0,20241231,304809,359309,304809,GRANT COUNTY BANK,47540,46988,950,4780,11953,278040,0.0,11953_20241231,1,1,0.015681951648409333,0.01879865751995512,<1bn
2647091,NM,287167.0,20241231,3274818,4077997,3274818,BAR HARBOR BANK&TRUST,520450,662436,0,71558,11971,3119588,255979.0,11971_20241231,1,1,0.02185098530666437,0.02185098530666437,1-10bn
10761729,SI,2046149.0,20241231,18674738,24015153,18674738,PROVIDENT BANK,3114433,9812233,330598,205914,12010,18628391,251520.0,12010_20241231,1,1,0.01102633943244612,0.028729291945086458,10-100bn
1291076,SI,90660.0,20241231,1515573,1617236,1515573,UNION COUNTY SAVINGS BANK,1105493,226501,1996,215324,12013,272086,117750.0,12013_20241231,1,1,0.14207431776628376,0.14339131140499337,1-10bn
152398,NM,23836.0,20241231,184343,200505,184343,CITIZENS COMMUNITY BANK,58365,32295,0,18353,12079,116195,0.0,12079_20241231,1,1,0.09955897430333671,0.09955897430333671,<1bn
10710,NM,0.0,20241231,11157,14449,11157,SAINTE MARIE STATE BANK,2605,473,1859,5617,12086,5608,0.0,12086_20241231,1,1,0.5034507484090706,0.6700726001613337,<1bn
147302,NM,1849.0,20241231,175521,210922,175521,SPRING VALLEY CITY BANK,55578,29093,0,15409,12087,131914,0.0,12087_20241231,1,1,0.08779006500646647,0.08779006500646647,<1bn
24572,SM,218.0,20241231,28612,32398,28612,FIRST STATE BANK OF DONGOLA,4156,4065,673,10137,12098,16149,0.0,12098_20241231,1,1,0.35429190549419826,0.3778135048231511,<1bn
52545,NM,11481.0,20241231,64052,72307,64052,FARMERS STATE BANK,20815,11633,0,11260,12107,37242,0.0,12107_20241231,1,1,0.17579466683319803,0.17579466683319803,<1bn
339842,NM,53202.0,20241231,392399,479210,392399,GERMANTOWN T&SB,188143,53487,7144,7559,12113,275420,0.0,12113_20241231,1,1,0.019263555717522217,0.037469514448303896,<1bn
39279,NM,0.0,20241231,43417,49554,43417,BUCKLEY STATE BANK,10444,4145,953,2705,12121,34749,0.0,12121_20241231,1,1,0.06230278462353456,0.08425271207130848,<1bn
148617,NM,12708.0,20241231,201120,236015,201120,COUNTY BANK,15486,52892,0,18726,12126,190638,2000.0,12126_20241231,1,1,0.09310859188544153,0.09310859188544153,<1bn
93291,NM,0.0,20241231,115545,138273,115545,CITIZENS SAVINGS BANK,67311,22890,0,1932,12128,62490,2966.0,12128_20241231,1,1,0.016720758146176816,0.016720758146176816,<1bn
68467,NM,652.0,20241231,78059,102285,78059,LYNDON STATE BANK,10260,9967,3757,2370,12135,81328,0.0,12135_20241231,1,1,0.030361649521515776,0.07849190996553888,<1bn
89122,NM,12903.0,20241231,103672,119369,103672,WILSON STATE BANK,23811,15050,0,2859,12136,83193,0.0,12136_20241231,1,1,0.027577359364148468,0.027577359364148468,<1bn
39810,NM,0.0,20241231,47523,59165,47523,FORD COUNTY STATE BANK,24580,7890,14115,1787,12139,28359,0.0,12139_20241231,1,1,0.03760284493824043,0.33461692233234436,<1bn
244903,NM,17714.0,20241231,289680,334275,289680,FIRST STATE BANK,53269,45457,0,6157,12149,258495,31857.0,12149_20241231,1,1,0.02125448771057719,0.02125448771057719,<1bn
109890,NM,12081.0,20241231,159496,187350,159496,ELKTON BANK&TRUST CO,72546,49734,0,26295,12162,77735,0.0,12162_20241231,1,1,0.16486306866629885,0.16486306866629885,<1bn
175304,NM,29897.0,20241231,263842,310807,263842,FARMERS BANK OF MILTON,78578,89214,0,3714,12163,209617,16000.0,12163_20241231,1,1,0.01407660645386254,0.01407660645386254,<1bn
349958,NM,30135.0,20241231,433149,525049,433149,WEST POINT BANK,76935,84275,0,10516,12166,412896,46108.0,12166_20241231,1,1,0.02427801980380885,0.02427801980380885,<1bn
224188,NM,65124.0,20241231,301423,323399,301423,CLEVELAND STATE BANK,116746,79026,0,23695,12201,159925,3998.0,12201_20241231,1,1,0.07861045772883954,0.07861045772883954,<1bn
447611,NM,35187.0,20241231,606306,715177,606306,MERCHANTS&MARINE BANK,134729,159082,14913,37168,12203,465127,0.0,12203_20241231,1,1,0.06130237866687778,0.08589886954772012,<1bn
912752,NM,381475.0,20241231,1071720,1471051,1071720,CITIZENS BK PHILADELPHIA MS,557558,160475,0,45875,12204,759181,0.0,12204_20241231,1,1,0.042805023700220206,0.042805023700220206,1-10bn
95247,SM,17573.0,20241231,121145,142096,121145,BANK OF WINONA,76918,26263,0,9529,12207,47029,0.0,12207_20241231,1,1,0.07865780676049362,0.07865780676049362,<1bn
344690,SM,22207.0,20241231,429918,470738,429918,BELGRADE STATE BANK,59428,86353,0,36267,12208,351856,0.0,12208_20241231,1,1,0.08435794732949074,0.08435794732949074,<1bn
213011,NM,4675.0,20241231,248280,274112,248280,UNITED STATE BANK,12363,35503,1967,39597,12214,207873,0.0,12214_20241231,1,1,0.15948525857902368,0.16740776542613178,<1bn
308809,NM,14789.0,20241231,391251,536334,391251,FIRST STB OF ST CHARLES MO,33892,83616,0,7017,12219,442200,0.0,12219_20241231,1,1,0.017934778441460852,0.017934778441460852,<1bn
100211,NM,4511.0,20241231,108244,123339,108244,COUNTY BANK,31870,8106,8274,2659,12220,84328,0.0,12220_20241231,1,1,0.02456487195595137,0.10100328886589557,<1bn
332110,SM,18916.0,20241231,417848,499098,417848,CALLAWAY BANK,73872,86234,15071,20142,12223,367891,0.0,12223_20241231,1,1,0.04820413164595738,0.08427227125653347,<1bn
32482,NM,3372.0,20241231,39225,42034,39225,FMB BANK,20009,6807,0,4047,12225,13540,0.0,12225_20241231,1,1,0.10317399617590822,0.10317399617590822,<1bn
68788,SM,6743.0,20241231,72464,90749,72464,PEOPLES BANK OF ALTENBURG,15706,3918,0,4214,12226,64977,0.0,12226_20241231,1,1,0.05815301391035549,0.05815301391035549,<1bn
4291001,SM,1590342.0,20241231,5931935,6630571,5931935,FIRST BANK,2139139,1644139,0,353852,12229,3758302,90032.0,12229_20241231,1,1,0.05965203597139888,0.05965203597139888,1-10bn
154174,NM,29291.0,20241231,227110,244986,227110,PEOPLES BANK,60056,73132,0,16964,12230,163836,0.0,12230_20241231,1,1,0.0746950816784818,0.0746950816784818,<1bn
107169,NM,11286.0,20241231,132335,149545,132335,BANK OF MONTICELLO,36659,25792,0,21902,12232,86451,1.0,12232_20241231,1,1,0.16550421279328975,0.16550421279328975,<1bn
377659,NM,56910.0,20241231,497804,611618,497804,WASHINGTON COUNTY BANK,85656,121457,11265,18968,12241,476616,10613.0,12241_20241231,1,1,0.038103349912817094,0.06073273818611341,<1bn
90409,NM,21732.0,20241231,122199,188357,122199,FIRST STATE BANK,44199,31995,6760,12786,12244,103497,18785.0,12244_20241231,1,1,0.10463260746814622,0.15995220910154748,<1bn
23637,NM,5045.0,20241231,53759,61082,53759,COMMERCIAL BANK,16480,30145,0,1177,12246,38990,17593.0,12246_20241231,1,1,0.021894008445097566,0.021894008445097566,<1bn
228701,SM,8256.0,20241231,292414,337642,292414,FIRST NEBRASKA BANK,75477,63852,30950,10640,12248,227771,0.0,12248_20241231,1,1,0.036386766707476384,0.1422298521958593,<1bn
216935,NM,62208.0,20241231,431597,476460,431597,SOUTHWEST CAPITAL BANK,200876,215036,6058,78509,12258,175265,0.0,12258_20241231,1,1,0.18190348867114461,0.1959397308136989,<1bn
432928,SM,163122.0,20241231,629920,688204,629920,LEA COUNTY STATE BANK,402373,198076,91719,35061,12259,229164,82291.0,12259_20241231,1,1,0.05565944881889764,0.20126365252730505,<1bn
291536,NM,125553.0,20241231,430128,498118,430128,MECHANICS&FARMERS BANK,154728,139461,1796,38296,12266,280125,32790.0,12266_20241231,1,1,0.08903396198340958,0.09320946322955027,<1bn
70330,SM,4812.0,20241231,126495,132368,126495,FIRST STATE BANK,74197,56225,497,17291,12283,32117,0.0,12283_20241231,1,1,0.1366931499268746,0.14062215897861577,<1bn
14791,NM,0.0,20241231,15835,18138,15835,FARMERS&MERCHANTS BANK,3243,1128,0,4659,12284,5419,0.0,12284_20241231,1,1,0.2942216608778023,0.2942216608778023,<1bn
333214,NM,1178.0,20241231,411597,524204,411597,CATTLEMENS BANK,2734,81716,0,36907,12285,464277,81786.0,12285_20241231,1,1,0.0896678061307541,0.0896678061307541,<1bn
16938,NM,657.0,20241231,17946,21638,17946,FARMERS STATE BANK,4713,1056,800,2708,12293,12337,0.0,12293_20241231,1,1,0.15089713585200046,0.19547531483338906,<1bn
72287,NM,10375.0,20241231,87572,107616,87572,COWBOY BANK OF TEXAS,14581,15421,1999,1593,12298,71092,2238.0,12298_20241231,1,1,0.018190745900516146,0.04101767688302197,<1bn
673109,SI,77190.0,20241231,924937,1175980,924937,SOUTHSTAR BANK SSB,159674,253948,19824,62752,12299,891476,1940.0,12299_20241231,1,1,0.06784462076876588,0.08927743186833266,1-10bn
154763,SM,56254.0,20241231,304655,346935,304655,CITIZENS STATE BANK,71866,150022,12594,43729,12303,212278,0.0,12303_20241231,1,1,0.14353613103346408,0.18487469432636916,<1bn
66752,NM,15285.0,20241231,128738,143275,128738,COLUMBUS STATE BANK,70976,62009,4992,65930,12305,4699,0.0,12305_20241231,1,1,0.5121254019792136,0.5509018316270254,<1bn
73343,N,0.0,20241231,114963,129840,114963,CITIZENS BANK NATIONAL ASSN,41637,41839,0,4267,12309,72710,7575.0,12309_20241231,1,1,0.03711628958882423,0.03711628958882423,<1bn
104325,NM,34858.0,20241231,126778,142923,126778,FIRST STATE BANK,71009,22542,746,13353,12315,46848,0.0,12315_20241231,1,1,0.1053258451781855,0.1112101468709082,<1bn
416630,NM,0.0,20241231,513093,708658,513093,CHIPPEWA VALLEY BANK,113441,96813,111452,26807,12322,500181,109856.0,12322_20241231,1,1,0.052245889146801845,0.2694618714346132,<1bn
98701,NM,0.0,20241231,117863,140160,117863,BANK OF CASHTON,25668,19520,8175,11929,12325,90916,3000.0,12325_20241231,1,1,0.1012107277092896,0.17057091708169655,<1bn
269347,NM,76058.0,20241231,352179,404228,352179,BANK OF MAUSTON,133434,84185,0,33921,12327,231185,0.0,12327_20241231,1,1,0.09631749763614525,0.09631749763614525,<1bn
302062,NM,16287.0,20241231,405960,475957,405960,STATE BANK OF CHILTON,32860,105278,1994,51530,12331,382617,0.0,12331_20241231,1,1,0.12693368804808355,0.13184550201990344,<1bn
154629,NM,3.0,20241231,176324,201071,176324,COMMUNITY BANK OF CAMERON,35112,21965,3535,8776,12349,148497,5394.0,12349_20241231,1,1,0.04977201061681904,0.06982033075474695,<1bn
48073,NM,0.0,20241231,55960,79015,55960,HUSTISFORD STATE BANK,19652,8097,0,1371,12354,54341,3737.0,12354_20241231,1,1,0.02449964260185847,0.02449964260185847,<1bn
204415,N,30492.0,20241231,334175,384380,334175,FIRST NB OF ALLENDALE,79043,130245,1953,13853,12365,267645,0.0,12365_20241231,1,1,0.041454327822248824,0.04729857110795242,<1bn
84375000,SM,24769000.0,20241231,130261000,155918000,130261000,REGIONS BANK,31247000,49862000,1983000,11438000,12368,95695000,2189000.0,12368_20241231,1,1,0.0878083232893959,0.10303160577609569,>=100bn
95654,NM,0.0,20241231,108472,137601,108472,FOWLER STATE BANK,43398,13096,1237,5952,12372,80932,0.0,12372_20241231,1,1,0.05487130319345084,0.0662751677852349,<1bn
1538794,NM,116087.0,20241231,3194621,3486508,3194621,CARROLLTON BANK,243153,1659184,61815,373674,12383,2760470,0.0,12383_20241231,1,1,0.11696974382876717,0.13631945698722947,1-10bn
141769,NM,17424.0,20241231,154884,175703,154884,JERSEY STATE BANK,76608,13408,0,2979,12384,84556,0.0,12384_20241231,1,1,0.01923374912837995,0.01923374912837995,<1bn
206469,NM,35548.0,20241231,276993,314261,276993,STATE BANK OF TOULON,80144,70879,0,7749,12386,205169,0.0,12386_20241231,1,1,0.027975436202358903,0.027975436202358903,<1bn
74660,NM,25665.0,20241231,82763,92249,82763,WILLIAMSVILLE STATE B&T,44620,8208,0,1903,12388,29573,0.0,12388_20241231,1,1,0.022993366601017362,0.022993366601017362,<1bn
69985,NM,8066.0,20241231,83353,99293,83353,LENA STATE BANK,25339,14104,1676,5933,12395,62384,0.0,12395_20241231,1,1,0.07117920170839682,0.09128645639629047,<1bn
74117,NM,2712.0,20241231,97311,109925,97311,EXCHANGE STATE BANK,36769,23579,0,9240,12402,60622,5000.0,12402_20241231,1,1,0.09495329407775072,0.09495329407775072,<1bn
120984,NM,38342.0,20241231,151878,179251,151878,LA SALLE STATE BANK,80029,31225,2299,9762,12410,83562,6252.0,12410_20241231,1,1,0.06427527357484297,0.07941242312909046,<1bn
65539,NM,7928.0,20241231,79393,85380,79393,TRI-VALLEY BANK,23860,14021,0,6492,12417,51511,509.0,12417_20241231,1,1,0.08177043316161374,0.08177043316161374,<1bn
36157,NM,15974.0,20241231,44675,50804,44675,SECURITY STATE BANK,23902,8648,2983,1536,12422,18423,0.0,12422_20241231,1,1,0.03438164521544488,0.10115277000559597,<1bn
15452,NM,1.0,20241231,16145,19889,16145,DICKINSON COUNTY BANK,1315,781,1296,5020,12425,13061,0.0,12425_20241231,1,1,0.31093217714462684,0.39120470733973367,<1bn
16109,NM,0.0,20241231,17283,25152,17283,BAXTER STATE BANK,4506,1177,3780,2294,12432,13126,0.0,12432_20241231,1,1,0.13273158595151305,0.35144361511311695,<1bn
9193737,NM,1431593.0,20241231,14976301,18036850,14976301,RENASANT BANK,1957125,6489547,0,1053224,12437,12929435,0.0,12437_20241231,1,1,0.07032604379412513,0.07032604379412513,10-100bn
15790676,NM,3444170.0,20241231,29778188,35067504,29778188,HANCOCK WHITNEY BANK,7597154,14598032,194281,1455174,12441,23002095,6902.0,12441_20241231,1,1,0.04886711038294204,0.055391382444089615,10-100bn
66757,NM,0.0,20241231,82386,89333,82386,STATE BANK OF COLD SPRING,30931,15788,26791,14187,12444,42675,1000.0,12444_20241231,1,1,0.17220158764838686,0.49739033330905735,<1bn
74648,NM,0.0,20241231,89263,102743,89263,CITIZENS BANK OF EDINA,5684,14876,2316,13941,12457,69857,0.0,12457_20241231,1,1,0.1561789319202805,0.18212473253195613,<1bn
744527,NM,0.0,20241231,988972,1143678,988972,FIRST OKLAHOMA BANK,22948,245625,0,104112,12484,970407,170379.0,12484_20241231,1,1,0.10527295009363258,0.10527295009363258,1-10bn
193412,SM,11128.0,20241231,221403,266617,221403,PAYNE COUNTY BANK,48113,28229,0,4062,12485,191025,6900.0,12485_20241231,1,1,0.018346634869446213,0.018346634869446213,<1bn
196653,N,2134.0,20241231,283053,334969,283053,PREMIER BANK NATIONAL ASSN,41493,86607,8690,21686,12493,260945,4225.0,12493_20241231,1,1,0.07661462694265739,0.10731559107304993,<1bn
860605,NM,33846.0,20241231,1163105,1130700,1163105,CITIZENS STATE BANK,662083,310732,20673,171844,12501,256066,92906.0,12501_20241231,1,1,0.14774590428207254,0.16551987997644238,1-10bn
519113,NM,25443.0,20241231,767820,790245,767820,INDUSTRY STATE BANK,424535,254561,15370,141518,12506,189330,90562.0,12506_20241231,1,1,0.18431142715740667,0.2043291396421036,<1bn
172184,NM,13331.0,20241231,183698,226750,183698,ALLIANCE BANK,43822,12112,10892,8766,12511,165548,0.0,12511_20241231,1,1,0.04771962677873466,0.10701259676207689,<1bn
73526,NM,9808.0,20241231,86276,100845,86276,COMMUNITY FIRST BANK,32385,12808,992,2797,12512,61453,1000.0,12512_20241231,1,1,0.032419212759052345,0.043917195975705876,<1bn
163051,NM,28839.0,20241231,211307,276284,211307,PARTNERS BANK OF WISCONSIN,70746,48486,1941,13720,12513,174114,591.0,12513_20241231,1,1,0.06492922619695514,0.07411491337248648,<1bn
448421,NM,69260.0,20241231,545127,810617,545127,IXONIA BANK,108621,106467,9543,52477,12514,593559,15000.0,12514_20241231,1,1,0.09626564085066416,0.11377165321108659,<1bn
1685759,NM,209626.0,20241231,1895052,2293836,1895052,BANK FIVE NINE,247249,214124,0,78433,12517,1868833,263013.0,12517_20241231,1,1,0.0413883101888497,0.0413883101888497,1-10bn
134116,NM,0.0,20241231,142061,207175,142061,PEOPLES BANK,13355,8040,2384,18172,12531,153547,9446.0,12531_20241231,1,1,0.12791688077656782,0.14469840420664362,<1bn
69034,NM,2489.0,20241231,86696,95682,86696,BANK OF CALHOUN COUNTY,20598,17880,9404,22618,12549,47738,0.0,12549_20241231,1,1,0.2608886223124481,0.3693596013656916,<1bn
22204,NM,309.0,20241231,24080,26365,24080,HOPETON STATE BANK,7100,1930,0,2293,12585,13525,0.0,12585_20241231,1,1,0.09522425249169435,0.09522425249169435,<1bn
388651,NM,247509.0,20241231,869583,965882,869583,CONVERSE COUNTY BANK,516575,482422,0,166792,12591,271098,0.0,12591_20241231,1,1,0.1918068775493541,0.1918068775493541,<1bn
319280,SM,103242.0,20241231,385439,433187,385439,SECURITY STATE BANK,181335,66460,19433,9874,12592,216659,23309.0,12592_20241231,1,1,0.02561754259428859,0.07603537784188938,<1bn
412162,NM,36010.0,20241231,538705,616730,538705,PUEBLO BANK&TRUST CO,124468,126667,36111,36570,12594,428736,0.0,12594_20241231,1,1,0.06788502055856174,0.13491799779099878,<1bn
108763,NM,19037.0,20241231,142293,209783,142293,FARMERS&DROVERS BANK,75615,33897,1429,4965,12602,120714,0.0,12602_20241231,1,1,0.03489279163416331,0.044935450092414946,<1bn
231213,NM,1254.0,20241231,308308,348512,308308,CITY BANK&TRUST CO,95789,77209,0,41271,12608,200729,0.0,12608_20241231,1,1,0.13386289035639684,0.13386289035639684,<1bn
196714,NM,17822.0,20241231,310237,341830,310237,PATTERSON STATE BANK,81421,115195,0,45975,12609,192746,0.0,12609_20241231,1,1,0.14819315555526905,0.14819315555526905,<1bn
600649,NM,10293.0,20241231,857023,1069138,857023,EVANGELINE BANK&TRUST CO,104002,263184,79851,57614,12611,865893,20143.0,12611_20241231,1,1,0.06722573373176682,0.1603982623570196,1-10bn
4579196,SM,738685.0,20241231,8277691,9588136,8277691,ORIGIN BANK,1113623,3736167,0,470249,12614,7493147,80226.0,12614_20241231,1,1,0.05680919957026664,0.05680919957026664,1-10bn
367520,NM,0.0,20241231,442676,545837,442676,LEGENDS BANK,96747,76831,84212,31522,12616,400610,1.0,12616_20241231,1,1,0.07120783597936188,0.2614417768300066,<1bn
719080,NM,10692.0,20241231,906163,1169110,906163,BANK OF WASHINGTON,22751,189164,2922,65933,12627,1021706,30123.0,12627_20241231,1,1,0.0727606401938724,0.0759852256161419,1-10bn
9646172,SM,3205259.0,20241231,15311449,19230483,15311449,CENTRAL TRUST BANK,5606665,5703274,1269553,1235325,12633,11484805,0.0,12633_20241231,1,1,0.08067982331391366,0.1635950980210952,10-100bn
96097,NM,22128.0,20241231,125432,148244,125432,GREENLEAF BANK,41247,29448,0,8646,12661,87675,2000.0,12661_20241231,1,1,0.0689297786848651,0.0689297786848651,<1bn
105957,NM,23.0,20241231,115804,130757,115804,CITIZENS COMMUNITY BANK,21374,10094,475,7547,12694,87893,0.0,12694_20241231,1,1,0.06517046043314566,0.06927221857621499,<1bn
230582,NM,30674.0,20241231,251845,306592,251845,STATE BANK,70367,21993,0,44068,12706,177003,0.0,12706_20241231,1,1,0.17498064285572476,0.17498064285572476,<1bn
74172,NM,2341.0,20241231,107042,126700,107042,BRIDGE COMMUNITY BANK,18134,33042,10710,9187,12717,93796,0.0,12717_20241231,1,1,0.0858261243250313,0.18588030866388894,<1bn
61070,NM,32.0,20241231,64182,81931,64182,SICILY ISLAND STATE BANK,3683,3258,0,7817,12722,67696,2007.0,12722_20241231,1,1,0.12179427253747156,0.12179427253747156,<1bn
35396,NM,0.0,20241231,37369,42827,37369,BANK OF PRAGUE,6529,2097,0,3312,12745,31799,0.0,12745_20241231,1,1,0.08862961278064706,0.08862961278064706,<1bn
70819,NM,15504.0,20241231,86087,97048,86087,FIRST STATE BANK,22294,15414,2737,2998,12757,68944,0.0,12757_20241231,1,1,0.034825234936750035,0.06661865322290242,<1bn
40117,NM,167.0,20241231,44702,52492,44702,FARMERS STB ALLEN OKLAHOMA,5218,4635,0,1817,12758,40101,0.0,12758_20241231,1,1,0.04064695091942195,0.04064695091942195,<1bn
479894,NM,10037.0,20241231,641591,772050,641591,F&M BANK,156994,162181,46571,22223,12761,556024,0.0,12761_20241231,1,1,0.03463733125932253,0.10722407265687954,<1bn
840703,NM,422377.0,20241231,1804944,2134481,1804944,FIRST UNITED BANK,614092,966567,0,41005,12769,1367166,0.0,12769_20241231,1,1,0.022718156352773272,0.022718156352773272,1-10bn
396897,SM,154428.0,20241231,471812,549566,471812,BARABOO STATE BANK,174119,75766,0,90891,12788,262702,0.0,12788_20241231,1,1,0.19264240841691183,0.19264240841691183,<1bn
625669,NM,123042.0,20241231,777895,890603,777895,PEOPLES STATE BANK,283950,154685,0,15082,12814,544298,19685.0,12814_20241231,1,1,0.01938822077529744,0.01938822077529744,<1bn
481214,N,81875.0,20241231,647506,738267,647506,HOME STB NA,163969,166627,0,53861,12815,479707,0.0,12815_20241231,1,1,0.08318224078232479,0.08318224078232479,<1bn
468067,NM,117886.0,20241231,746597,1035873,746597,FARMERS BANK FRANKFORT IN,187028,279924,0,21924,12828,762653,0.0,12828_20241231,1,1,0.029365239881756825,0.029365239881756825,1-10bn
113758,SM,16852.0,20241231,141488,162971,141488,FIRST STATE BANK OF PORTER,62500,28002,1726,3956,12836,77070,0.0,12836_20241231,1,1,0.027959968336537373,0.04015888273210449,<1bn
2056730,SM,303630.0,20241231,2826011,3231517,2826011,FIRST FARMERS BANK&TRUST CO,609672,772131,24169,111966,12839,2360649,438273.0,12839_20241231,1,1,0.039619803319944615,0.048172140872770844,1-10bn
4599067,NM,1008073.0,20241231,7579320,9692491,7579320,CENTIER BANK,1389213,3000655,0,180521,12854,7665724,953007.0,12854_20241231,1,1,0.023817572024930997,0.023817572024930997,1-10bn
659793,NM,26024.0,20241231,1153621,1641556,1153621,FARMERS STATE BANK,238005,497451,0,28603,12855,1310448,129339.0,12855_20241231,1,1,0.024794104822987793,0.024794104822987793,1-10bn
135161,NM,8246.0,20241231,192348,248584,192348,DENVER SAVINGS BANK,47916,58027,11536,15573,12857,171138,13250.0,12857_20241231,1,1,0.08096263023270323,0.14093725955039824,<1bn
390488,NM,36295.0,20241231,544761,622293,544761,FARMERS TRUST&SAVINGS BANK,79626,156526,0,16269,12858,515334,101026.0,12858_20241231,1,1,0.029864472677008817,0.029864472677008817,<1bn
37015,NM,0.0,20241231,42335,58389,42335,SWEDISH-AMERICAN STATE BANK,20045,5385,11558,839,12865,35206,0.0,12865_20241231,1,1,0.019818117396952876,0.29283099090586984,<1bn
523521,NM,18158.0,20241231,589194,713289,589194,FARMERS BANK&TRUST CO,62595,66255,994,21350,12869,595630,30796.0,12869_20241231,1,1,0.03623594266065167,0.037922993105836106,<1bn
828996,NM,111462.0,20241231,931493,1078599,931493,KATAHDIN TRUST CO,149990,103149,1953,50377,12874,816453,138501.0,12874_20241231,1,1,0.05408199524848818,0.05617862936168066,1-10bn
233958,NM,17973.0,20241231,267426,306182,267426,PEOPLES BANK,69445,33578,0,39659,12885,184112,0.0,12885_20241231,1,1,0.14829896868666473,0.14829896868666473,<1bn
37109,NM,2423.0,20241231,44101,59649,44101,FIRST STATE BANK OF DECATUR,17215,7042,0,11804,12893,25955,0.0,12893_20241231,1,1,0.26765832974308973,0.26765832974308973,<1bn
86146,NM,17331.0,20241231,90349,98053,90349,MAYVILLE STATE BANK,35292,4240,0,7239,12899,43924,0.0,12899_20241231,1,1,0.08012263555767081,0.08012263555767081,<1bn
8214380,N,3407952.0,20241231,13324402,16385645,13324402,BREMER BANK NATIONAL ASSN,3695773,5144849,49846,269398,12923,11654705,1223384.0,12923_20241231,1,1,0.020218393290745807,0.02395934917004155,10-100bn
1052600,SM,257340.0,20241231,2158935,2500879,2158935,ORANGE BANK&TRUST CO,443776,1107346,4970,150315,12944,1789674,179955.0,12944_20241231,1,1,0.06962460657685386,0.07192666754673022,1-10bn
134731,NM,26451.0,20241231,162204,180635,162204,BANK OF RICHMONDVILLE,76031,27747,726,9468,12956,84770,0.0,12956_20241231,1,1,0.05837094029740327,0.06284678552933343,<1bn
264897,NM,37498.0,20241231,311821,355171,311821,CATTARAUGUS COUNTY BANK,95063,47226,1132,13310,12959,227142,18926.0,12959_20241231,1,1,0.04268474541483736,0.04631503330436372,<1bn
790893,NM,113830.0,20241231,1071720,1185484,1071720,UNION BANK CO,236115,281314,0,91800,12969,759050,6711.0,12969_20241231,1,1,0.08565670137722539,0.08565670137722539,1-10bn
785162,SM,183276.0,20241231,1066755,1217625,1066755,RICHWOOD BANKING CO,271839,282586,0,68963,12978,793186,14787.0,12978_20241231,1,1,0.06464745888231131,0.06464745888231131,1-10bn
55970,SM,25418.0,20241231,76934,92702,76934,CORN CITY STATE BANK,32256,21034,0,1349,12980,57724,10000.0,12980_20241231,1,1,0.017534510099565862,0.017534510099565862,<1bn
2774423,SM,225562.0,20241231,3220673,4089119,3220673,CIVISTA BANK,645538,473529,64571,60867,12982,3042226,500265.0,12982_20241231,1,1,0.018898845055055263,0.03894776029730432,1-10bn
263509,NM,4592.0,20241231,318874,389621,318874,ELDERTON STATE BANK,21974,55815,5476,19132,12985,321230,8671.0,12985_20241231,1,1,0.05999862014463393,0.07717154738235164,<1bn
240290,NM,43067.0,20241231,336356,409160,336356,ENNIS STATE BANK,65632,97034,0,24986,13000,302959,15240.0,13000_20241231,1,1,0.07428438915910524,0.07428438915910524,<1bn
158656,NM,63180.0,20241231,300907,326060,300907,PECOS COUNTY STATE BANK,157368,142351,0,13229,13006,133894,0.0,13006_20241231,1,1,0.04396374959705158,0.04396374959705158,<1bn
2170622,SM,72701.0,20241231,2695199,3199914,2695199,FIRST COMMUNITY BANK,114081,525457,0,80457,13012,2381264,520.0,13012_20241231,1,1,0.029851970114266144,0.029851970114266144,1-10bn
51417,NM,973.0,20241231,57847,67089,57847,MINERS&MERCHANTS BANK,31422,6446,0,7364,13018,25374,0.0,13018_20241231,1,1,0.12730132936885233,0.12730132936885233,<1bn
299485,NM,25913.0,20241231,340836,381568,340836,FIRST EXCHANGE BANK,27627,42200,0,34226,13020,297710,28811.0,13020_20241231,1,1,0.10041779624218099,0.10041779624218099,<1bn
299924,NM,7526.0,20241231,373636,415891,373636,FARMERS SAVINGS BANK,154817,74324,0,34710,13025,217268,1000.0,13025_20241231,1,1,0.09289790063056022,0.09289790063056022,<1bn
91924,NM,0.0,20241231,103711,134606,103711,OAKWOOD BANK,1641,12135,0,12075,13030,112390,3369.0,13030_20241231,1,1,0.1164293083665185,0.1164293083665185,<1bn
208837,NM,34532.0,20241231,270292,326149,270292,CITIZENS FIRST BANK,65687,62224,0,6044,13032,235167,37324.0,13032_20241231,1,1,0.022361002175425096,0.022361002175425096,<1bn
206863,SM,0.0,20241231,237891,268285,237891,FARMERS STB OF WAUPACA,64320,32042,0,30442,13033,157345,0.0,13033_20241231,1,1,0.12796616938009425,0.12796616938009425,<1bn
54362,N,0.0,20241231,61445,73625,61445,PARK BANK NATIONAL ASSN,27442,7158,0,15103,13054,25006,0.0,13054_20241231,1,1,0.24579705427618195,0.24579705427618195,<1bn
629361,NM,92476.0,20241231,931860,1077485,931860,CITIZENS BANK,222976,302912,9019,106632,13055,705140,0.0,13055_20241231,1,1,0.1144292061039212,0.12410769858133196,1-10bn
463897,N,86327.0,20241231,598740,775761,598740,HIAWATHA NATIONAL BANK,170681,135924,0,37275,13058,531879,158628.0,13058_20241231,1,1,0.06225573704780038,0.06225573704780038,<1bn
1181268,SI,207829.0,20241231,1626222,1867411,1626222,KENNEBUNK SAVINGS BANK,229358,445061,0,45811,13063,1486454,0.0,13063_20241231,1,1,0.02817020062451498,0.02817020062451498,1-10bn
310392,SM,154.0,20241231,365519,409987,365519,COMMUNITY BANK&TRUST,117462,55978,117231,102212,13068,177349,0.0,13068_20241231,1,1,0.2796352583586626,0.6003600360036003,<1bn
503848,SM,114013.0,20241231,615404,705853,615404,TOWN&COUNTRY BANK,179321,112330,10656,30725,13071,464034,0.0,13071_20241231,1,1,0.04992655231360212,0.06724200687678338,<1bn
423077,SM,33427.0,20241231,649308,725601,649308,FIRST WESTERN BANK,81913,228062,0,21852,13083,550864,19543.0,13083_20241231,1,1,0.03365429041379438,0.03365429041379438,<1bn
2247557,SM,422409.0,20241231,5906867,6675647,5906867,LAKE CITY BANK,1124094,3674960,0,164557,13102,5033688,41560.0,13102_20241231,1,1,0.0278585923806986,0.0278585923806986,1-10bn
501084,NM,143714.0,20241231,724987,817246,724987,CITIZENS STB NEW CASTLE,264456,224609,0,48813,13107,473982,18302.0,13107_20241231,1,1,0.06732948314935303,0.06732948314935303,<1bn
489344,NM,38833.0,20241231,787001,982476,787001,JACKSON COUNTY BANK,102403,299232,1297,19479,13109,800844,0.0,13109_20241231,1,1,0.02475092153631317,0.02639894993780186,<1bn
164636,SM,17446.0,20241231,213533,231038,213533,HENDRICKS COUNTY B&T CO,69062,49037,0,13755,13111,133100,0.0,13111_20241231,1,1,0.06441627289458772,0.06441627289458772,<1bn
211908,NM,56196.0,20241231,301413,366878,301413,OWEN COUNTY STATE BANK,80924,89793,0,19268,13112,243291,15038.0,13112_20241231,1,1,0.06392557719806378,0.06392557719806378,<1bn
154535,NM,16.0,20241231,195946,243815,195946,PEOPLES TRUST&SAVINGS BANK,33728,41762,0,9200,13113,187352,99.0,13113_20241231,1,1,0.046951711185734844,0.046951711185734844,<1bn
344614,SM,31777.0,20241231,470284,540575,470284,FRIENDSHIP STATE BANK,187569,131768,2079,12233,13130,308274,0.0,13130_20241231,1,1,0.026011941720322188,0.030432674724209203,<1bn
190458,NM,5982.0,20241231,223960,254786,223960,KANZA BANK,48568,34278,3393,7061,13157,181202,986.0,13157_20241231,1,1,0.03152795141989641,0.04667797821039471,<1bn
119752,NM,21138.0,20241231,133795,161129,133795,BANK OF CLARKSON,42245,14326,0,5022,13167,103871,0.0,13167_20241231,1,1,0.03753503494151501,0.03753503494151501,<1bn
254230,SM,0.0,20241231,333357,391191,333357,FIRST COMMUNITY BANK,48420,79249,25947,9485,13179,310142,0.0,13179_20241231,1,1,0.02845297983843147,0.1062884535198001,<1bn
185503,NM,34116.0,20241231,214191,229428,214191,UNION STATE BANK OF HAZEN,78723,29139,0,9311,13195,123127,36606.0,13195_20241231,1,1,0.043470547315246674,0.043470547315246674,<1bn
48598,NM,11914.0,20241231,62478,70572,62478,PEOPLES STATE BANK,18074,13992,1981,8459,13196,38460,0.0,13196_20241231,1,1,0.13539165786356797,0.16709881878421204,<1bn
896592,NM,192462.0,20241231,1577708,1743084,1577708,CORNERSTONE BANK,284056,685160,2970,132500,13198,1198906,70161.0,13198_20241231,1,1,0.08398258739893567,0.08586506501836842,1-10bn
207286,NM,17878.0,20241231,233598,266290,233598,FORT JENNINGS STATE BANK,21122,26554,2488,8829,13209,196165,0.0,13209_20241231,1,1,0.0377957003056533,0.04844647642531186,<1bn
323076,NM,19950.0,20241231,431172,512190,431172,SAVINGS BANK,114361,108247,20394,6703,13216,348865,23770.0,13216_20241231,1,1,0.015546000204094886,0.06284498993441133,<1bn
513946,NM,163311.0,20241231,727323,806331,727323,PEOPLES BANK CO,329158,214301,6434,30719,13220,410459,27955.0,13220_20241231,1,1,0.0422357054568603,0.05108184396753574,<1bn
431638,NM,2.0,20241231,517203,625252,517203,SECURITY STATE BANK,33569,97193,19950,349429,13232,226573,0.0,13232_20241231,1,1,0.6756128638078279,0.7141857259141962,<1bn
151642,NM,12138.0,20241231,176448,240281,176448,FARMERS&MERCHANTS STATE BANK,18078,25534,0,9432,13242,197894,26.0,13242_20241231,1,1,0.053454842219804136,0.053454842219804136,<1bn
104740,SM,8956.0,20241231,137748,163912,137748,STATE SB OF MANISTIQUE,63556,33165,992,4468,13249,84321,0.0,13249_20241231,1,1,0.03243604262856811,0.039637599093997736,<1bn
50632,NM,0.0,20241231,62832,82992,62832,CHAMBERS STATE BANK,2155,12423,0,16463,13251,61668,8686.0,13251_20241231,1,1,0.2620161701044054,0.2620161701044054,<1bn
638679,SM,49447.0,20241231,936877,1167428,936877,MIDWEST BANK,195683,299187,0,32335,13255,866573,33798.0,13255_20241231,1,1,0.03451360210571932,0.03451360210571932,1-10bn
492045,NM,65732.0,20241231,594106,675867,594106,BANK OF LUXEMBURG,119209,102490,0,18740,13264,505230,5000.0,13264_20241231,1,1,0.031543192628924806,0.031543192628924806,<1bn
133919,SM,5825.0,20241231,161865,186637,161865,BANK OF COMMERCE,28996,28019,0,27777,13274,120686,0.0,13274_20241231,1,1,0.17160596793624316,0.17160596793624316,<1bn
658018,SM,146851.0,20241231,1058909,1193411,1058909,SOLVAY BANK,369063,402767,16418,56377,13297,710494,15000.0,13297_20241231,1,1,0.053240646741126954,0.06874528406123662,1-10bn
185240,NM,2737.0,20241231,282442,373007,282442,BANK OF ENGLAND,98658,97397,0,120982,13303,110087,0.0,13303_20241231,1,1,0.4283428102052811,0.4283428102052811,<1bn
343206,NM,75391.0,20241231,531433,583202,531433,NEW WASHINGTON STATE BANK,115285,188739,0,28004,13305,404742,0.0,13305_20241231,1,1,0.0526952597975662,0.0526952597975662,<1bn
877420,SM,161176.0,20241231,1157284,1369399,1157284,STATE BANK&TRUST CO,199660,282123,0,25268,13339,1038414,1.0,13339_20241231,1,1,0.021833880015622784,0.021833880015622784,1-10bn
696984,SM,139050.0,20241231,944275,1150445,944275,CROGHAN COLONIAL BANK,311510,249034,19175,33157,13341,726002,0.0,13341_20241231,1,1,0.03511371157766541,0.055420295994281325,1-10bn
259716,SM,18265.0,20241231,364410,400557,364410,EXCHANGE BANK&TRUST CO,81900,105595,0,10538,13366,286025,46748.0,13366_20241231,1,1,0.02891797700392415,0.02891797700392415,<1bn
118020,NM,27788.0,20241231,130945,143214,130945,NORTHEAST MISSOURI STB,65186,13500,0,8912,13381,61907,0.0,13381_20241231,1,1,0.06805910878613158,0.06805910878613158,<1bn
98438,NM,0.0,20241231,121190,137927,121190,FARMERS&MERCHANTS STB SPRING,25990,22929,19486,10531,13382,93965,0.0,13382_20241231,1,1,0.08689660863107516,0.2476854525950986,<1bn
715100,NM,56.0,20241231,1027139,1388968,1027139,BANK OF UTICA,1179332,314371,0,54013,13397,123348,0.0,13397_20241231,1,1,0.05258587201926906,0.05258587201926906,1-10bn
227121,NM,16208.0,20241231,312984,364209,312984,FARMERS STATE BANK,82064,86025,46484,45221,13407,218520,0.0,13407_20241231,1,1,0.14448342407279605,0.29300219819543494,<1bn
44183,NM,20192.0,20241231,66339,70022,66339,KAW VALLEY STATE BANK,37694,22273,0,2561,13413,28002,0.0,13413_20241231,1,1,0.03860474230844601,0.03860474230844601,<1bn
47671,NM,7430.0,20241231,63777,72721,63777,FARMERS&MERCHANTS BANK,30037,16407,17387,13795,13415,23591,0.0,13415_20241231,1,1,0.21630054721921696,0.48892233877416624,<1bn
47144,NM,435.0,20241231,52950,59394,52950,OKLAHOMA STATE BANK,9565,5874,5978,2221,13416,45730,0.0,13416_20241231,1,1,0.0419452313503305,0.1548441926345609,<1bn
6606496,NM,228614.0,20241231,7494758,8757386,7494758,UNION BANK&TRUST CO,1700586,918371,9436,308347,13421,6325203,920629.0,13421_20241231,1,1,0.04114168863090709,0.0424007019306027,1-10bn
160984,SM,2139.0,20241231,183659,201623,183659,WADENA STATE BANK,57147,23179,12617,7503,13430,130073,0.0,13430_20241231,1,1,0.04085288496616011,0.10955085239492755,<1bn
46628,NM,0.0,20241231,72991,81462,72991,INTEGRITY BANK,43380,26889,30877,5390,13450,28804,0.0,13450_20241231,1,1,0.07384472058198956,0.49686947705881546,<1bn
609913,NM,68736.0,20241231,682202,766608,682202,ROYAL BANK,181025,74342,1994,48146,13454,500174,0.0,13454_20241231,1,1,0.07057440464847656,0.07349729259075757,<1bn
85882,NM,4035.0,20241231,97013,116484,97013,STATE EXCHANGE BANK,7894,11325,724,15849,13551,88887,26191.0,13551_20241231,1,1,0.1633698576479441,0.17083277498891902,<1bn
318357,SM,13403.0,20241231,360688,389881,360688,FLEETWOOD BANK,132412,42380,0,14774,13561,219671,0.0,13561_20241231,1,1,0.040960608614647565,0.040960608614647565,<1bn
487660,NM,28966.0,20241231,652825,741964,652825,BANK OF SUN PRAIRIE,73420,167412,0,22686,13565,616421,81171.0,13565_20241231,1,1,0.03475050741010225,0.03475050741010225,<1bn
27887,NM,0.0,20241231,34013,37299,34013,STATE BANK OF NAUVOO,1225,6177,0,14429,13582,19776,0.0,13582_20241231,1,1,0.42422015111868994,0.42422015111868994,<1bn
40547,NM,0.0,20241231,54610,66643,54610,TAMPA STATE BANK,27261,14235,0,7255,13584,30569,0.0,13584_20241231,1,1,0.1328511261673686,0.1328511261673686,<1bn
263286,N,10593.0,20241231,368888,405814,368888,FIRST-LOCKHART NATIONAL BANK,39655,106079,24368,76131,13599,269341,0.0,13599_20241231,1,1,0.20637971416798595,0.2724377046691679,<1bn
105495,NM,55864.0,20241231,122177,133512,122177,POINTWEST BANK,67353,16723,8560,13261,13600,46899,0.0,13600_20241231,1,1,0.10853925043175065,0.1786015371141868,<1bn
29568,NM,0.0,20241231,32114,35725,32114,BANK OF MEAD,13839,2595,0,5187,13611,15882,0.0,13611_20241231,1,1,0.16151834091050632,0.16151834091050632,<1bn
68804,NM,0.0,20241231,87987,116601,87987,CORYDON STATE BANK,69036,19699,498,1770,13616,39566,1246.0,13616_20241231,1,1,0.020116608135292712,0.02577653516996829,<1bn
855254,NM,99639.0,20241231,912635,1091828,912635,DAYSPRING BANK,204376,59174,8001,51967,13622,744921,367857.0,13622_20241231,1,1,0.056941712732910744,0.06570863488689345,1-10bn
336511,SM,46825.0,20241231,527328,595479,527328,FIRST STATE BANK,96558,191438,0,67131,13632,403310,1.0,13632_20241231,1,1,0.12730406881485526,0.12730406881485526,<1bn
180471,NM,41369.0,20241231,217127,245993,217127,PINE COUNTRY BANK,58485,37096,0,21154,13652,149620,0.0,13652_20241231,1,1,0.0974268515661341,0.0974268515661341,<1bn
149618,NM,0.0,20241231,226500,269069,226500,UNITED COMMUNITY BANK,45314,77372,34292,7693,13656,199039,0.0,13656_20241231,1,1,0.033964679911699776,0.18536423841059602,<1bn
123099,NM,78.0,20241231,172245,192661,172245,FARMERS&MERCHANTS STB BLOOMF,38364,49912,38187,9137,13662,138705,15450.0,13662_20241231,1,1,0.05304653255537171,0.2747481784667189,<1bn
129013,NM,0.0,20241231,158840,174839,158840,BRUNSWICK STATE BANK,8012,30068,0,17323,13692,143665,8352.0,13692_20241231,1,1,0.10905943087383531,0.10905943087383531,<1bn
15898,NM,0.0,20241231,17263,20820,17263,NEBRASKA STATE BANK,0,1398,0,6201,13696,13892,1496.0,13696_20241231,1,1,0.3592075537276256,0.3592075537276256,<1bn
408193,N,98221.0,20241231,524292,606485,524292,GREENVILLE NATIONAL BANK,130447,118564,5357,31992,13703,414576,0.0,13703_20241231,1,1,0.06101943191961731,0.07123702059157874,<1bn
253290,NM,16825.0,20241231,319219,396162,319219,LIBERTYVILLE SAVINGS BANK,91915,66861,0,38705,13712,242311,0.0,13712_20241231,1,1,0.12124904845889499,0.12124904845889499,<1bn
66988,NM,2712.0,20241231,76353,82413,76353,STATE BANK,29913,9825,937,5876,13715,42824,0.0,13715_20241231,1,1,0.07695833824473171,0.08923028564692939,<1bn
1002073,NM,8367.0,20241231,1449730,1850655,1449730,MIDDLEFIELD BANKING CO,165802,447236,0,45130,13716,1497167,35065.0,13716_20241231,1,1,0.03112993453953495,0.03112993453953495,1-10bn
12847,NM,0.0,20241231,13535,16466,13535,PRESCOTT STATE BANK,3310,720,0,3752,13729,7846,0.0,13729_20241231,1,1,0.2772072404876247,0.2772072404876247,<1bn
164578,NM,0.0,20241231,244238,278904,244238,SAVINGS BANK,65168,80102,0,4260,13735,203454,0.0,13735_20241231,1,1,0.017442003291871042,0.017442003291871042,<1bn
72355,NM,0.0,20241231,89244,106807,89244,MAYNARD SAVINGS BANK,53108,17182,0,2069,13736,48907,0.0,13736_20241231,1,1,0.023183631392586616,0.023183631392586616,<1bn
149996,NM,41514.0,20241231,183974,215971,183974,FARMERS&MERCHANTS BANK&TRUST,73627,37052,4363,4014,13737,118861,0.0,13737_20241231,1,1,0.02181830041201474,0.045533608009827475,<1bn
151643,N,11988.0,20241231,170555,263474,170555,UPSTATE NATIONAL BANK,24401,19213,0,13692,13748,217028,26438.0,13748_20241231,1,1,0.08027908885696695,0.08027908885696695,<1bn
160715,NM,32046.0,20241231,188322,223169,188322,BLUE GRASS SAVINGS BANK,87230,28556,1917,991,13753,112183,5206.0,13753_20241231,1,1,0.005262263569843141,0.015441637195866654,<1bn
28126,NM,6207.0,20241231,35388,48842,35388,BENTON COUNTY STATE BANK,11159,7333,0,1986,13774,33598,0.0,13774_20241231,1,1,0.05612071888775856,0.05612071888775856,<1bn
157971,NM,37842.0,20241231,195442,216644,195442,FARMERS STATE BANK,57575,38531,0,23043,13775,122065,0.0,13775_20241231,1,1,0.11790198626702551,0.11790198626702551,<1bn
129266,N,0.0,20241231,161303,186277,161303,NORTHERN INTERSTATE BANK N A,92389,32133,0,4067,13784,75190,0.0,13784_20241231,1,1,0.02521341822532749,0.02521341822532749,<1bn
99156,NM,2424.0,20241231,104323,117472,104323,CONCORDIA BK OF CONCORDIA MO,11842,5558,0,9311,13788,91266,0.0,13788_20241231,1,1,0.08925165112199611,0.08925165112199611,<1bn
75031,NM,15580.0,20241231,91646,110727,91646,MCINTOSH COUNTY BANK,35941,16784,1343,3252,13794,65384,0.0,13794_20241231,1,1,0.03548436374746306,0.050138576697291756,<1bn
60604,N,26862.0,20241231,89451,98610,89451,FIRST NB IN FREDONIA,52972,29025,1495,13952,13798,30521,0.0,13798_20241231,1,1,0.15597366155772435,0.17268672233960491,<1bn
142695,NM,0.0,20241231,233385,253474,233385,FARMERS&MERCHANTS BANK,63820,90758,0,10630,13801,165611,0.0,13801_20241231,1,1,0.04554705743728175,0.04554705743728175,<1bn
102817,SM,14335.0,20241231,124303,132898,124303,TWIN VALLEY BANK,31080,21878,0,2197,13802,84627,0.0,13802_20241231,1,1,0.01767455330925239,0.01767455330925239,<1bn
145408,N,4710.0,20241231,170005,200680,170005,MINNSTAR BANK NATIONAL ASSN,11250,25751,6346,18273,13809,159077,2944.0,13809_20241231,1,1,0.1074850739684127,0.14481338784153408,<1bn
81351,N,20129.0,20241231,127743,137948,127743,FIRST NB IN PINCKNEYVILLE,66393,46628,0,7156,13813,56321,0.0,13813_20241231,1,1,0.05601872509648278,0.05601872509648278,<1bn
100772,SM,23134.0,20241231,142451,159953,142451,BANK 1ST,64005,42045,0,2314,13816,90318,0.0,13816_20241231,1,1,0.016244182210023096,0.016244182210023096,<1bn
181571,NM,0.0,20241231,209085,232236,209085,COMMERCIAL STATE BANK,21732,28359,998,8459,13819,192970,11795.0,13819_20241231,1,1,0.040457230313030584,0.04523040868546285,<1bn
308144,NM,18681.0,20241231,409291,524646,409291,CROSS BANK,72576,101709,0,15467,13821,414206,39522.0,13821_20241231,1,1,0.037789738841069065,0.037789738841069065,<1bn
31632,NM,204.0,20241231,35361,42649,35361,TRUST BANK,1077,3749,0,18264,13832,20609,0.0,13832_20241231,1,1,0.5165012301688301,0.5165012301688301,<1bn
570632,SM,786.0,20241231,698372,769106,698372,FIELD&MAIN BANK,55135,129312,0,47048,13838,614039,41873.0,13838_20241231,1,1,0.06736810754153946,0.06736810754153946,<1bn
227711,NM,13664.0,20241231,300220,379263,300220,KENTLAND BANK,112034,74503,5197,7111,13843,227200,5000.0,13843_20241231,1,1,0.023685963626673773,0.04099660249150623,<1bn
511043,SM,0.0,20241231,869060,1053475,869060,FIRST STATE BANK NEBRASKA,154099,359216,21701,25204,13868,808881,37455.0,13868_20241231,1,1,0.02900144984235841,0.05397210779462868,1-10bn
3964201,NM,390097.0,20241231,5473922,6168774,5473922,CNB BANK,777406,1516839,84643,440101,13876,4553566,185001.0,13876_20241231,1,1,0.08039957456463574,0.09586252781826267,1-10bn
101855,NM,37936.0,20241231,143086,156502,143086,FARMERS STATE BANK,59873,41549,914,4827,13883,83529,1.0,13883_20241231,1,1,0.033734956599527556,0.04012272339711782,<1bn
174646,NM,25957.0,20241231,263463,286086,263463,FARMERS&MERCHANTS BANK,125220,90318,0,8365,13887,115601,0.0,13887_20241231,1,1,0.03175018883106926,0.03175018883106926,<1bn
217660,NM,7339.0,20241231,316931,348494,316931,SANDHILLS STATE BANK,55678,99563,13948,6654,13892,266436,36214.0,13892_20241231,1,1,0.02099510619030641,0.06500468556247259,<1bn
272739,NM,41473.0,20241231,328809,362835,328809,FARMERS STATE BANK,49236,56535,0,8330,13897,290022,0.0,13897_20241231,1,1,0.025333856433370133,0.025333856433370133,<1bn
16889,NM,4462.0,20241231,19484,21611,19484,FARMERS STATE BANK OF MEDORA,11114,2597,493,2419,13902,7324,0.0,13902_20241231,1,1,0.12415315130363375,0.14945596386778895,<1bn
159344,N,39631.0,20241231,201665,221552,201665,FIRST TEXOMA NATIONAL BANK,56723,42571,976,8154,13905,148309,0.0,13905_20241231,1,1,0.04043339201150423,0.04527310143059034,<1bn
264737,N,9326.0,20241231,496447,563124,496447,SOUTHTRUST BANK N A,128118,232320,118792,84231,13919,325881,0.0,13919_20241231,1,1,0.16966765838045147,0.4089520130044093,<1bn
22935,NM,0.0,20241231,25351,32953,25351,STATE BK OF CANTON CANTON KS,10460,2481,7598,5411,13926,12551,0.0,13926_20241231,1,1,0.21344325667626524,0.5131552995937044,<1bn
24517,NM,196.0,20241231,36670,42023,36670,STATE BANK OF SCHALLER,25015,12216,6384,4923,13931,11081,4046.0,13931_20241231,1,1,0.13425143168802836,0.308344695936733,<1bn
173287,NM,23622.0,20241231,214400,236429,214400,FIRST BANK&TRUST CO,78311,41285,2759,9518,13946,142181,0.0,13946_20241231,1,1,0.04439365671641791,0.05726212686567164,<1bn
164138,NM,0.0,20241231,299745,336012,299745,ALAMOSA STATE BANK,95090,135761,32082,55326,13947,174298,0.0,13947_20241231,1,1,0.18457689035680327,0.2916078666866837,<1bn
318074,NM,193239.0,20241231,774165,814768,774165,COMMUNITY BANK OF LOUISIANA,472003,456848,0,61136,13951,259205,18518.0,13951_20241231,1,1,0.07897024536113102,0.07897024536113102,<1bn
550696,SM,114861.0,20241231,888352,1161504,888352,IOWA STATE BANK,286615,340015,4550,16569,13953,784978,101738.0,13953_20241231,1,1,0.018651390439825655,0.02377323403335615,1-10bn
146204,NM,303.0,20241231,177529,206518,177529,FOUNDATION BANK,33372,32713,5651,50208,13955,110558,0.0,13955_20241231,1,1,0.2828157653115829,0.3146471844036749,<1bn
12878,NM,248.0,20241231,66770,91787,66770,CBW BANK,2838,53894,497,65927,13959,11385,0.0,13959_20241231,1,1,0.987374569417403,0.994818032050322,<1bn
44992,NM,5064.0,20241231,48208,67567,48208,BANK OF HOUSTON,6363,3478,999,2481,13960,49773,4770.0,13960_20241231,1,1,0.051464487222037836,0.07218718884832392,<1bn
86972,SM,157.0,20241231,115232,142362,115232,BANK OF HARTINGTON,28658,28467,0,4177,13962,103406,0.0,13962_20241231,1,1,0.03624861149680644,0.03624861149680644,<1bn
91347,N,7114.0,20241231,99439,112054,99439,GRANVILLE NATIONAL BANK,52498,8203,11409,7396,13983,49309,0.0,13983_20241231,1,1,0.07437725640845141,0.1891109122175404,<1bn
3859,N,463.0,20241231,5206,6539,5206,TRANSACT BANK NATIONAL ASSN,463,1350,0,1290,13986,2421,0.0,13986_20241231,1,1,0.24779101037264695,0.24779101037264695,<1bn
39595,NM,288.0,20241231,43688,46576,43688,PALO SAVINGS BANK,16016,4189,0,6384,13990,21956,0.0,13990_20241231,1,1,0.14612708295184032,0.14612708295184032,<1bn
23445,NM,9364.0,20241231,31228,34063,31228,FARMERS&MERCHANTS STATE BANK,14714,7876,1547,1022,13999,14549,0.0,13999_20241231,1,1,0.03272703983604457,0.08226591520430383,<1bn
259801,SM,10566.0,20241231,360068,405817,360068,CHELSEA STATE BANK,94504,100657,7408,31356,14009,259015,4996.0,14009_20241231,1,1,0.08708355088483287,0.10765744248308652,<1bn
744493,NM,72565.0,20241231,908453,1020204,908453,MIDDLETOWN VALLEY BANK,131753,164222,0,16511,14017,844422,10000.0,14017_20241231,1,1,0.01817485329455679,0.01817485329455679,1-10bn
39195,NM,117.0,20241231,52097,56955,52097,FARMERS&MERCHANTS BK MOUND C,5654,13144,2734,12436,14024,37620,0.0,14024_20241231,1,1,0.2387085628731021,0.2911875923757606,<1bn
317046,NM,3446.0,20241231,416214,482268,416214,CONNECTIONS BANK,6744,99983,0,36158,14025,393981,0.0,14025_20241231,1,1,0.08687357945672178,0.08687357945672178,<1bn
54388,NM,0.0,20241231,66827,79113,66827,SCRIBNER BANK,11337,13678,5080,11788,14026,52590,0.0,14026_20241231,1,1,0.17639576817753302,0.252412946862795,<1bn
2672090,NM,100118.0,20241231,3478801,3970383,3478801,FIRST GUARANTY BANK,603158,833156,147780,564027,14028,2658969,767969.0,14028_20241231,1,1,0.1621325853361546,0.2046127386993392,1-10bn
509409,NM,16206.0,20241231,666829,783866,666829,FIRST LIBERTY BANK,42242,158959,3296,62080,14029,641439,56769.0,14029_20241231,1,1,0.09309733079995021,0.09804012722901974,<1bn
288269,SM,17401.0,20241231,419644,468414,419644,MISSOURI BANK,100875,131580,1186,18315,14036,274508,0.0,14036_20241231,1,1,0.043644136458521984,0.04647034152758052,<1bn
260771,NM,16790.0,20241231,296015,342083,296015,FARMERS&MERCHANTS BK ST CLAI,72620,35841,11539,22437,14056,219520,0.0,14056_20241231,1,1,0.07579683461986723,0.11477796733273651,<1bn
253298,NM,3877.0,20241231,296256,362591,296256,GREAT PLAINS STATE BANK,34467,44450,10633,5022,14058,279989,13635.0,14058_20241231,1,1,0.01695155541153597,0.052842811622380643,<1bn
1296387,NM,178798.0,20241231,1977773,2191749,1977773,PINNACLE BANK,368440,685372,23421,145188,14065,1542573,9996.0,14065_20241231,1,1,0.07340984025972647,0.08525194751874962,1-10bn
43684,NM,0.0,20241231,45563,57969,45563,STATE BANK OF SCOTIA,16973,1980,245,7128,14069,32088,0.0,14069_20241231,1,1,0.15644272765182274,0.16181989772403046,<1bn
755336,N,71853.0,20241231,1099246,1280259,1099246,COUNTY NATIONAL BANK,126887,344780,23325,71883,14073,1034068,36676.0,14073_20241231,1,1,0.06539300575121493,0.08661209592757217,1-10bn
325999,SM,40241.0,20241231,497553,629255,497553,GNB BANK,132151,173186,61381,18560,14079,436230,46854.0,14079_20241231,1,1,0.037302558722387365,0.1606683107126276,<1bn
67420,NM,28.0,20241231,83280,93025,83280,BISON STATE BANK,2197,15998,595,1813,14083,65373,9358.0,14083_20241231,1,1,0.02176993275696446,0.028914505283381364,<1bn
47787,N,12634.0,20241231,69059,76792,69059,FIRST NB IN FALFURRIAS,22265,21335,9509,30089,14095,23351,0.0,14095_20241231,1,1,0.43569990877365733,0.5733937647518789,<1bn
39724,NM,4291.0,20241231,45358,56302,45358,GENERATIONS BANK,10720,5767,489,3046,14096,39126,2994.0,14096_20241231,1,1,0.06715463644781516,0.07793553507650249,<1bn
306313,NM,23977.0,20241231,410270,466431,410270,PEOPLES STATE BANK,185426,104180,0,18789,14113,244280,0.0,14113_20241231,1,1,0.045796670485290174,0.045796670485290174,<1bn
559192,SI,60028.0,20241231,716959,894082,716959,PASSUMPSIC SAVINGS BANK,108905,157884,5955,73000,14134,636430,0.0,14134_20241231,1,1,0.10181893246336261,0.11012484674855884,<1bn
187916,SI,7777.0,20241231,204666,237708,204666,WELLS RIVER SAVINGS BANK,56613,16838,11880,9878,14136,156165,0.0,14136_20241231,1,1,0.04826400085993766,0.10630979254004085,<1bn
1022163,SI,122624.0,20241231,1234041,1558316,1234041,NORTHFIELD SAVINGS BANK,354704,212344,23848,15262,14140,1091944,0.0,14140_20241231,1,1,0.01236749832460996,0.03169262609589146,1-10bn
737351,NM,173275.0,20241231,1171399,1527590,1171399,UNION BANK,252138,436584,2702,25376,14158,1155422,0.0,14158_20241231,1,1,0.021662985882692404,0.023969629477231927,1-10bn
260196,NM,24798.0,20241231,325925,369405,325925,PEOPLES TR CO OF ST ALBANS,62444,65811,0,14404,14168,272596,0.0,14168_20241231,1,1,0.04419421646084222,0.04419421646084222,<1bn
68231,NM,0.0,20241231,80870,93413,80870,SILEX BANKING CO,25403,12701,5765,3940,14178,53731,0.0,14178_20241231,1,1,0.04872016817113887,0.12000741931494992,<1bn
263879,NM,51718.0,20241231,318780,345388,318780,MARION COMMUNITY BANK,97772,55580,0,34528,14184,191775,16245.0,14184_20241231,1,1,0.1083129430955518,0.1083129430955518,<1bn
400771,SM,36965.0,20241231,524283,616053,524283,FIRST STATE B&T CO INC,119455,124998,4580,13249,14185,437873,37568.0,14185_20241231,1,1,0.025270703036337244,0.03400644308512769,<1bn
235523,SM,0.0,20241231,303755,354871,303755,FARMERS TRUST&SAVINGS BANK,20777,69042,20440,5306,14195,310264,15027.0,14195_20241231,1,1,0.01746802521769189,0.08475909861566065,<1bn
1272992,NM,103711.0,20241231,1594980,1848565,1594980,LINCOLN SAVINGS BANK,265654,325219,13562,25300,14207,1399236,456670.0,14207_20241231,1,1,0.01586226786542778,0.024365195801828235,1-10bn
127414,SM,5439.0,20241231,160542,188654,160542,SECURITY SAVINGS BANK,41846,33427,4909,6033,14208,127172,0.0,14208_20241231,1,1,0.03757895130246291,0.06815661945160768,<1bn
764234,NM,30090.0,20241231,849744,1034492,849744,FARMERS STATE BANK,187169,86803,9745,38430,14209,780171,9054.0,14209_20241231,1,1,0.04522538552787663,0.05669354535012898,1-10bn
589285,SM,94495.0,20241231,781557,953523,781557,SECURITY FINANCIAL BANK,221947,192829,43215,20266,14222,659775,28884.0,14222_20241231,1,1,0.02593029043307142,0.08122376231036252,<1bn
111122,N,15542.0,20241231,156811,172216,156811,HOME NB OF THORNTOWN,31883,45869,4878,13562,14225,116112,0.0,14225_20241231,1,1,0.08648627966150334,0.11759379125188922,<1bn
136830,NM,0.0,20241231,184989,230075,184989,MALVERN BANK,672,48755,100,24650,14230,194288,1098.0,14230_20241231,1,1,0.13325116628556294,0.133791738968263,<1bn
742125,NM,169734.0,20241231,977466,1188010,977466,NORTHWAY BANK,226706,235727,0,47439,14240,864578,40122.0,14240_20241231,1,1,0.048532634383190824,0.048532634383190824,1-10bn
150120,NM,11204.0,20241231,180797,205525,180797,UNITED BANK&TRUST CO,62985,31185,12618,22607,14247,114376,0.0,14247_20241231,1,1,0.1250407916060554,0.1948317726510949,<1bn
44085,NM,0.0,20241231,49076,64440,49076,WALTERS BANK&TRUST CO,22695,5045,22695,5658,14260,31702,0.0,14260_20241231,1,1,0.11529056972858423,0.5777365718477464,<1bn
704541,SM,22333.0,20241231,814498,982133,814498,CORNHUSKER BANK,117908,110767,0,16340,14264,808796,18650.0,14264_20241231,1,1,0.02006143661494565,0.02006143661494565,<1bn
1279559,N,42259.0,20241231,1830334,2118333,1830334,NATIONAL BANK OF COMMERCE,227470,557110,51638,178036,14266,1610293,190784.0,14266_20241231,1,1,0.09726967864881492,0.12548201585065896,1-10bn
256202,NM,46940.0,20241231,345999,415681,345999,CITIZENS STATE BANK,67910,91610,448,10414,14269,316761,0.0,14269_20241231,1,1,0.030098352885412964,0.0313931543154749,<1bn
116827,NM,0.0,20241231,138984,182094,138984,FARMERS&MERCHANTS BANK,73,22763,0,28175,14275,147548,31282.0,14275_20241231,1,1,0.20272117653830657,0.20272117653830657,<1bn
363132,NM,16814.0,20241231,516289,617703,516289,FIRST BANK UPPER MICHIGAN,119149,154059,0,36097,14276,420195,5255.0,14276_20241231,1,1,0.06991626782674044,0.06991626782674044,<1bn
51420,SM,0.0,20241231,55454,70455,55454,FIRST BANK OF UTICA,614,4152,0,9735,14281,55074,9.0,14281_20241231,1,1,0.17555090705810222,0.17555090705810222,<1bn
118002,SM,0.0,20241231,127288,148244,127288,BANK,186,9749,0,9318,14291,128611,0.0,14291_20241231,1,1,0.07320407265413864,0.07320407265413864,<1bn
69309,NM,18744.0,20241231,97836,110434,97836,CITIZENS BANK&TRUST,46292,28761,0,8636,14293,52483,0.0,14293_20241231,1,1,0.08827016640091581,0.08827016640091581,<1bn
126843,NM,17479.0,20241231,150288,235547,150288,ADAMS COUNTY BANK,63069,23781,1429,5657,14311,153152,5104.0,14311_20241231,1,1,0.03764106249334611,0.04714947301181731,<1bn
241903,SM,1386.0,20241231,478780,535935,478780,FIVE POINTS BANK OF HASTINGS,239152,237456,15024,22047,14312,247774,0.0,14312_20241231,1,1,0.04604828940223067,0.07742804628430594,<1bn
69658,NM,26.0,20241231,85447,106737,85447,BENTON STATE BANK,2723,16075,0,9135,14316,90601,6027.0,14316_20241231,1,1,0.10690837595234473,0.10690837595234473,<1bn
322444,NM,0.0,20241231,379057,459195,379057,HORIZON BANK,42904,56985,2240,20492,14327,365329,56775.0,14327_20241231,1,1,0.054060471116481164,0.05996987260491166,<1bn
421555,SM,6832.0,20241231,546146,623527,546146,FIRSTBANK,50453,126248,29379,135775,14331,394453,0.0,14331_20241231,1,1,0.24860568419433632,0.302398992210874,<1bn
266125,NM,0.0,20241231,301561,374837,301561,COMMERCIAL BANK&TRUST OF PA,156076,35445,0,5064,14333,180587,0.0,14333_20241231,1,1,0.01679262238817354,0.01679262238817354,<1bn
355147,NM,46469.0,20241231,470301,570472,470301,UNITED BANK OF UNION,68330,116290,991,7538,14334,452707,38351.0,14334_20241231,1,1,0.01602803311070995,0.018135194269202064,<1bn
28243,SM,4904.0,20241231,30491,38388,30491,FARMERS STATE BANK,14112,2300,1271,424,14344,21581,0.0,14344_20241231,1,1,0.013905742678167328,0.05559017414974911,<1bn
80226,NM,3212.0,20241231,134431,148437,134431,BANK OF SALEM,34451,54356,0,13083,14349,92655,1500.0,14349_20241231,1,1,0.0973213023781717,0.0973213023781717,<1bn
119385,NM,36053.0,20241231,127065,145464,127065,FEDERATION BANK,60633,8046,4319,2329,14352,72267,0.0,14352_20241231,1,1,0.018329201589737536,0.0523196789044977,<1bn
255606,N,17410.0,20241231,310254,372529,310254,FIRST CITIZENS NB UPPER SAND,101480,54814,3989,18348,14355,222371,743.0,14355_20241231,1,1,0.05913864124233693,0.07199584856279048,<1bn
840740,NM,24262.0,20241231,1144580,1595380,1144580,JERSEY SHORE STATE BANK,140749,306151,0,16990,14359,1331350,28297.0,14359_20241231,1,1,0.014843872861661046,0.014843872861661046,1-10bn
1036287,NM,113408.0,20241231,1702840,1959673,1702840,FIDELITY BANK&TRUST,453415,673133,33773,46360,14382,1313061,0.0,14382_20241231,1,1,0.027225106293016374,0.047058443541377934,1-10bn
94148,NM,4589.0,20241231,144990,186858,144990,FARMERS TRUST&SAVINGS BANK,34159,51210,0,13190,14392,129865,0.0,14392_20241231,1,1,0.09097179115801089,0.09097179115801089,<1bn
58571,N,6935.0,20241231,66334,74116,66334,HASKELL NATIONAL BANK,39825,7801,0,6153,14399,24362,0.0,14399_20241231,1,1,0.09275786173003286,0.09275786173003286,<1bn
22044,N,0.0,20241231,23956,27796,23956,FIRST NB IN TIGERTON,6649,1972,5649,6509,14400,12499,0.0,14400_20241231,1,1,0.271706461846719,0.5075137752546335,<1bn
38034,SM,8585.0,20241231,49390,51422,49390,FARMERS STB OF NEWCASTLE,23979,11356,0,1023,14404,23826,0.0,14404_20241231,1,1,0.02071269487750557,0.02071269487750557,<1bn
477785,NM,0.0,20241231,682401,765153,682401,CITY STATE BANK,96589,206220,49998,86325,14410,562730,129.0,14410_20241231,1,1,0.12650186620476817,0.1997696369143656,<1bn
154103,SM,9181.0,20241231,223723,269395,223723,IOWA ST B&T CO FAIRFLD IA,28595,70800,6943,19243,14413,209368,9827.0,14413_20241231,1,1,0.08601261381261649,0.11704652628473604,<1bn
114116,NM,15965.0,20241231,146304,172430,146304,BELLEVUE STATE BANK,23176,32740,4639,10194,14415,122739,0.0,14415_20241231,1,1,0.06967683727034121,0.10138478783902012,<1bn
169715,NM,34377.0,20241231,227584,258909,227584,FNB BANK,62488,58299,0,10655,14420,173937,12.0,14420_20241231,1,1,0.04681787823397075,0.04681787823397075,<1bn
244871,N,45711.0,20241231,369784,401287,369784,FIRST NB IN DERIDDER,85082,126425,2977,71969,14427,229785,0.0,14427_20241231,1,1,0.19462442939662072,0.20267507517902342,<1bn
357189,NM,10141.0,20241231,419834,499809,419834,FARMERS&MERCHANTS UNION BANK,73633,65395,894,40640,14445,366444,0.0,14445_20241231,1,1,0.09680016387429317,0.09892957692802393,<1bn
237661,NM,0.0,20241231,278377,324017,278377,CITIZENS BANK,7576,42340,0,12034,14488,292310,10000.0,14488_20241231,1,1,0.043229146086063146,0.043229146086063146,<1bn
138656,SM,1608.0,20241231,176353,203294,176353,BANK OF CHARLOTTE COUNTY,28797,37925,3286,16969,14491,151809,1890.0,14491_20241231,1,1,0.09622178244770432,0.11485486495835058,<1bn
458403,NM,26522.0,20241231,540747,652082,540747,HOMEBANK,39268,83187,0,33595,14492,529739,739.0,14492_20241231,1,1,0.062127020584487755,0.062127020584487755,<1bn
453544,NM,37346.0,20241231,570700,638742,570700,CNB BANK INC,95597,117495,0,16813,14507,498930,0.0,14507_20241231,1,1,0.02946031189766953,0.02946031189766953,<1bn
441019,SM,52022.0,20241231,608978,667540,608978,THUMB BANK&TRUST,208933,168378,16344,62218,14513,342750,0.0,14513_20241231,1,1,0.10216789440669449,0.1290063023623185,<1bn
1116055,SM,65769.0,20241231,1750700,2151120,1750700,BANK IOWA,385980,641893,9959,39596,14521,1626888,131552.0,14521_20241231,1,1,0.022617238818758212,0.028305820528931283,1-10bn
233216,NM,0.0,20241231,307416,332025,307416,PCSB BANK,106128,75080,8850,24422,14522,170605,0.0,14522_20241231,1,1,0.07944283967002368,0.10823119161006584,<1bn
119281,NM,11645.0,20241231,139305,152285,139305,ANTWERP EXCHANGE BANK CO,26234,20333,0,5482,14523,112183,4019.0,14523_20241231,1,1,0.03935249991026883,0.03935249991026883,<1bn
4421591,N,25118.0,20241231,8418780,9557608,8418780,AMARILLO NATIONAL BANK,417935,4023338,100087,1576980,14531,7245270,4693.0,14531_20241231,1,1,0.18731692715571616,0.1992054668253595,1-10bn
303954,NM,0.0,20241231,367847,425405,367847,NEW ERA BANK,95692,64475,38801,32717,14546,260363,0.0,14546_20241231,1,1,0.08894186985349888,0.19442322487338487,<1bn
72742,NM,432.0,20241231,86282,100964,86282,EXCHANGE STATE BANK,23778,14677,0,13997,14556,56614,3392.0,14556_20241231,1,1,0.16222387056396467,0.16222387056396467,<1bn
80289,NM,18297.0,20241231,96066,114877,96066,UNION STATE BANK,30559,15923,719,7892,14560,71439,3.0,14560_20241231,1,1,0.08215185393375388,0.08963629171611184,<1bn
68154,NM,38080.0,20241231,82410,104352,82410,STATE BANK OF MEDORA,46913,14581,0,6970,14561,44626,0.0,14561_20241231,1,1,0.0845771144278607,0.0845771144278607,<1bn
306278,N,34598.0,20241231,402680,447727,402680,FIRST NATIONAL BANK IN OLNEY,163694,96704,40778,17529,14567,249573,0.0,14567_20241231,1,1,0.04353084334955796,0.1447973577033873,<1bn
61988,NM,6917.0,20241231,68790,76984,68790,ODIN STATE BANK,9901,7003,973,1369,14574,63017,10950.0,14574_20241231,1,1,0.019901148422735864,0.034045646169501384,<1bn
626611,NM,75268.0,20241231,1097575,1230326,1097575,FARMERS STATE BANK,264604,471822,70431,94989,14578,821877,62772.0,14578_20241231,1,1,0.08654442748787099,0.15071407420905178,1-10bn
49223,NM,18.0,20241231,60987,72750,60987,CLARKSON BANK,28870,11892,10438,4744,14581,36666,0.0,14581_20241231,1,1,0.07778706937544067,0.24893829832587272,<1bn
168636,N,12522.0,20241231,235864,254781,235864,FIRST NB IN TRINIDAD,88489,67284,0,8930,14584,137106,0.0,14584_20241231,1,1,0.03786080113963979,0.03786080113963979,<1bn
419448,NM,16635.0,20241231,731266,956188,731266,UNIVERSITY BANK,16635,312432,0,26620,14587,836566,243184.0,14587_20241231,1,1,0.036402622301597506,0.036402622301597506,<1bn
418712,SM,22058.0,20241231,570746,650094,570746,UNION BANK,138621,153052,33194,56430,14597,432784,0.0,14597_20241231,1,1,0.09887060093281425,0.1570295718235432,<1bn
159275,NM,15456.0,20241231,177423,203350,177423,COMMUNITY POINT BANK,25409,18384,0,4303,14604,164577,0.0,14604_20241231,1,1,0.024252774442997806,0.024252774442997806,<1bn
108231,N,0.0,20241231,168574,182800,168574,SAVANNAH BANK NATIONAL ASSN,71163,60749,0,17973,14619,91012,15755.0,14619_20241231,1,1,0.10661786515120955,0.10661786515120955,<1bn
344784,NM,0.0,20241231,467629,609792,467629,COMMUNITY SAVINGS BANK,123223,124322,14851,15454,14633,444000,10888.0,14633_20241231,1,1,0.03304756548460425,0.06480564721178542,<1bn
36757,SM,3240.0,20241231,46169,54208,46169,PEOPLES BANK,18233,9580,498,2210,14636,28837,3494.0,14636_20241231,1,1,0.04786761679915095,0.05865407524529446,<1bn
205775,NM,7265.0,20241231,233694,253862,233694,COMMERCIAL BANK,127732,28372,916,22000,14642,89102,0.0,14642_20241231,1,1,0.09414020043304493,0.09805985605107534,<1bn
404599,N,19.0,20241231,564788,655086,564788,MALVERN NATIONAL BANK,235992,161319,79658,11836,14644,363320,9315.0,14644_20241231,1,1,0.02095653590373733,0.16199706792637236,<1bn
528418,N,55435.0,20241231,836230,893732,836230,NEWFIELD NATIONAL BANK,352539,308435,0,22265,14646,437239,0.0,14646_20241231,1,1,0.026625449936022387,0.026625449936022387,<1bn
94647,NM,0.0,20241231,114746,128461,114746,COMMUNITY BANK,32974,20548,995,9148,14649,80423,0.0,14649_20241231,1,1,0.07972391194464296,0.08839523817823715,<1bn
2633568,NM,278090.0,20241231,3348459,4586865,3348459,HILLS BANK&TRUST CO,944136,719615,288462,123172,14650,3391492,35664.0,14650_20241231,1,1,0.03678468214781785,0.12293236978562377,1-10bn
335847,NM,23808.0,20241231,548986,635899,548986,BANK OF PRAIRIE DU SAC,183875,215170,0,76160,14660,360237,0.0,14660_20241231,1,1,0.13872849216555613,0.13872849216555613,<1bn
378792,NM,2998.0,20241231,506719,585783,506719,TRUSTBANK,50707,129755,18805,19632,14662,490987,0.0,14662_20241231,1,1,0.03874336663910372,0.07585466501157447,<1bn
221803,N,50158.0,20241231,266290,294259,266290,FIRST NATIONAL BANK IN AMBOY,154776,45289,3930,11933,14674,119179,13000.0,14674_20241231,1,1,0.04481204701641068,0.05957039318036727,<1bn
460922,NM,155879.0,20241231,643715,755456,643715,INDUSTRIAL BANK,258895,184105,32830,48716,14679,397644,26855.0,14679_20241231,1,1,0.07567945441693917,0.12668028553008706,<1bn
181695,NM,13533.0,20241231,247357,272900,247357,IOWA SAVINGS BANK,66942,66257,30403,14587,14690,184946,1.0,14690_20241231,1,1,0.05897144612847019,0.18188286565571218,<1bn
261357,SM,13363.0,20241231,427602,474065,427602,PEOPLES BANK,132759,168003,0,6051,14692,303927,19924.0,14692_20241231,1,1,0.01415100958367828,0.01415100958367828,<1bn
54369,NM,482.0,20241231,97704,120137,97704,CEDAR VALLEY BANK&TRUST,4224,43644,0,1920,14694,111220,0.0,14694_20241231,1,1,0.019651191353475806,0.019651191353475806,<1bn
249217,SM,56821.0,20241231,341834,380234,341834,MA BANK,142959,93295,37666,14897,14695,191294,0.0,14695_20241231,1,1,0.043579632219147305,0.1537676182006471,<1bn
66088,NM,0.0,20241231,105750,120855,105750,BANK OF NEW MADRID,43441,39758,3161,12594,14701,62232,0.0,14701_20241231,1,1,0.11909219858156028,0.14898345153664302,<1bn
165973,NM,7932.0,20241231,227048,252905,227048,DEWITT BANK&TRUST CO,40837,61963,1364,14920,14705,184319,0.0,14705_20241231,1,1,0.06571297699164934,0.07172051724745428,<1bn
696850,N,129023.0,20241231,1234786,1687096,1234786,FIRST NATIONAL BANK,205079,539483,13048,104150,14712,1264315,4170.0,14712_20241231,1,1,0.0843465993297624,0.09491361256120494,1-10bn
227355,NM,2291.0,20241231,309824,378516,309824,UNION BANK,45039,83060,7892,14451,14722,275849,4007.0,14722_20241231,1,1,0.04664260999793431,0.07211513633546787,<1bn
257942,NM,92828.0,20241231,373361,410613,373361,FRONTIER BANK,192600,117286,0,14184,14730,195992,15070.0,14730_20241231,1,1,0.037990041809401624,0.037990041809401624,<1bn
80832,N,7299.0,20241231,117719,130900,117719,CITIZENS NB OF QUITMAN,28570,37234,0,16232,14731,78252,0.0,14731_20241231,1,1,0.13788768168265106,0.13788768168265106,<1bn
325665,NM,9814.0,20241231,423857,471921,423857,FIRST CMTY BK HEARTLAND INC,38632,99554,0,20825,14735,374634,48639.0,14735_20241231,1,1,0.049132136546052085,0.049132136546052085,<1bn
185765,NM,2704.0,20241231,198909,224579,198909,WILLIAMSTOWN BANK INC,19315,16129,0,9426,14744,180980,0.0,14744_20241231,1,1,0.047388504290906894,0.047388504290906894,<1bn
197035,SM,16057.0,20241231,250900,300915,250900,1NB BANK,106684,54371,11384,10702,14761,168848,0.0,14761_20241231,1,1,0.04265444400159426,0.0880271024312475,<1bn
477648,NM,89152.0,20241231,545609,791664,545609,DMB COMMUNITY BANK,93346,72133,0,6926,14769,653332,113194.0,14769_20241231,1,1,0.012694072128575592,0.012694072128575592,<1bn
133819,NM,0.0,20241231,152796,176025,152796,DANVILLE STATE SAVINGS BANK,55161,20998,0,3331,14772,103143,0.0,14772_20241231,1,1,0.021800308908610174,0.021800308908610174,<1bn
143096,NM,0.0,20241231,161350,186289,161350,STATE SAVINGS BANK,1946,18984,1946,2990,14773,169208,0.0,14773_20241231,1,1,0.018531143476913543,0.030591881004028508,<1bn
207703,N,5430.0,20241231,256797,283276,256797,CITIZENS NB AT BROWNWOOD,122604,49846,8003,43299,14779,103179,0.0,14779_20241231,1,1,0.16861178284793046,0.19977647713953045,<1bn
53908,NM,0.0,20241231,65197,77554,65197,CITIZENS SAVINGS BANK,5281,11401,4980,14090,14785,48041,0.0,14785_20241231,1,1,0.21611423838520177,0.29249812107919076,<1bn
282643,NM,80743.0,20241231,477028,535805,477028,FIRST STATE BANK&TRUST,292241,194924,7010,38939,14801,189077,0.0,14801_20241231,1,1,0.08162833208952094,0.09632348625237931,<1bn
164233,NM,0.0,20241231,209604,244063,209604,FARMERS SAVINGS BANK,70775,46533,30,9694,14807,137952,13670.0,14807_20241231,1,1,0.046249117383256044,0.04639224442281636,<1bn
161655,NM,13071.0,20241231,204947,253057,204947,HEARTLAND BANK,31191,43761,5473,4878,14809,206309,17697.0,14809_20241231,1,1,0.023801275451702148,0.05050574050852172,<1bn
360260,NM,46914.0,20241231,433691,465586,433691,TS BANK,177230,74501,1767,11430,14812,210400,160541.0,14812_20241231,1,1,0.026355169925131025,0.030429499344002988,<1bn
24395,N,1132.0,20241231,27504,30060,27504,CITIZENS NB OF HAMMOND,6187,3274,3573,2366,14820,20934,2000.0,14820_20241231,1,1,0.0860238510762071,0.2159322280395579,<1bn
254643,N,17539.0,20241231,406025,446710,406025,FIRST NB IN NEW BREMEN,73751,151717,2931,212038,14836,147225,0.0,14836_20241231,1,1,0.5222289267902223,0.5294476941075057,<1bn
3447314,NM,964854.0,20241231,5482772,6231161,5482772,MIDWESTONE BANK,1330613,2043199,50399,204895,14843,4261176,200000.0,14843_20241231,1,1,0.037370694969624856,0.046562942978478766,1-10bn
793995,NM,67379.0,20241231,1079279,1267989,1079279,CITIZENS BANK,187154,290754,0,23390,14851,987813,37726.0,14851_20241231,1,1,0.021671875390885952,0.021671875390885952,1-10bn
32509,N,538.0,20241231,34326,37287,34326,FIRST NB AT ST JAMES,5546,1889,998,4486,14853,24465,0.0,14853_20241231,1,1,0.13068810813960263,0.1597622793217969,<1bn
276193,NM,13553.0,20241231,296502,325312,296502,STATE STREET BANK&TRUST CO,50365,20881,4492,8541,14857,254290,0.0,14857_20241231,1,1,0.028805876520225832,0.04395585864513561,<1bn
1648550,NM,97690.0,20241231,2454511,2879946,2454511,LINKBANK,177098,807524,0,149806,14863,2321120,103615.0,14863_20241231,1,1,0.06103293079558413,0.06103293079558413,1-10bn
64352,N,0.0,20241231,111604,121372,111604,STOCKMENS NB IN COTULLA,49915,47289,4926,38012,14864,29191,0.0,14864_20241231,1,1,0.3405971112146518,0.38473531414644635,<1bn
295335,NM,23672.0,20241231,390570,430248,390570,HOME STATE BANK,45586,97036,497,24164,14867,339442,70711.0,14867_20241231,1,1,0.061868551091993754,0.0631410502598766,<1bn
116756,NM,5335.0,20241231,139522,180263,139522,PEOPLES SAVINGS BANK,32155,23522,9920,1415,14868,138910,16002.0,14868_20241231,1,1,0.010141769756740873,0.08124166798067688,<1bn
273992,SM,1269.0,20241231,459255,526645,459255,COMMUNITY STATE BANK,26113,185809,0,99774,14883,382940,0.0,14883_20241231,1,1,0.21725185354541596,0.21725185354541596,<1bn
521892,NM,278422.0,20241231,791657,847846,791657,FIRST BANK,440305,270210,7755,158081,14885,221512,0.0,14885_20241231,1,1,0.19968370140098554,0.20947961048787542,<1bn
169632,NM,4500.0,20241231,217341,247083,217341,FARMERS BANK,51952,47661,0,16798,14894,170239,0.0,14894_20241231,1,1,0.07728868460161681,0.07728868460161681,<1bn
675647,SM,26295.0,20241231,1052639,1192977,1052639,BLUE SKY BANK,62109,378977,0,57289,14899,974114,123768.0,14899_20241231,1,1,0.054424166309627514,0.054424166309627514,1-10bn
82557,NM,0.0,20241231,99380,116994,99380,FIRST COMMUNITY BANK,28190,17134,9749,9891,14904,71191,0.0,14904_20241231,1,1,0.09952706782048702,0.19762527671563695,<1bn
77365,NM,0.0,20241231,86128,99556,86128,INTERNATIONAL BK OF AMHERST,32638,8791,13872,16857,14907,47709,0.0,14907_20241231,1,1,0.1957203232398291,0.3567829277354635,<1bn
263128,NM,43821.0,20241231,294733,345506,294733,SHELL LAKE STATE BANK,96275,32901,0,6215,14911,222280,10000.0,14911_20241231,1,1,0.021086882025426402,0.021086882025426402,<1bn
92867,NM,0.0,20241231,114287,131299,114287,BANK OF DIXON COUNTY,19258,21758,974,21667,14912,86766,0.0,14912_20241231,1,1,0.18958411717868173,0.19810652130163536,<1bn
150507,NM,14879.0,20241231,217916,254991,217916,COLLINS STATE BANK,19214,67992,497,14904,14914,206112,0.0,14914_20241231,1,1,0.06839332586868335,0.07067402118247398,<1bn
86824,SM,6641.0,20241231,97016,113652,97016,HAMLER STATE BANK,17156,10966,501,4886,14920,79411,0.0,14920_20241231,1,1,0.05036282675022677,0.05552692339407933,<1bn
253629,NM,0.0,20241231,317170,355422,317170,F&M BANK,32059,63760,29174,27485,14922,283272,0.0,14922_20241231,1,1,0.08665699782451051,0.17863921556263201,<1bn
467159,NM,28611.0,20241231,659059,768337,659059,WEST SHORE BANK,120912,192866,5581,27119,14929,565354,29789.0,14929_20241231,1,1,0.041148061099233905,0.04961619521165783,<1bn
240164,SM,26579.0,20241231,325956,366088,325956,FIRST IOWA STATE BANK,96973,86337,7527,5726,14930,249139,20000.0,14930_20241231,1,1,0.017566788155456564,0.04065886193228534,<1bn
152145,NM,11980.0,20241231,168771,196750,168771,LYON COUNTY STATE BANK,58275,16833,11920,8555,14952,125790,0.0,14952_20241231,1,1,0.05068998820887475,0.1213182359528592,<1bn
67067,NM,3936.0,20241231,123411,154194,123411,STATE BANK OF REESEVILLE,69603,56829,472,2590,14960,73957,45700.0,14960_20241231,1,1,0.020986783998184926,0.0248114025492055,<1bn
219502,N,84825.0,20241231,352332,382370,352332,SECURITY NB OF ENID,137447,133059,9743,24103,14966,215519,0.0,14966_20241231,1,1,0.06840990883598425,0.09606280440039508,<1bn
947087,NM,44658.0,20241231,1303781,1691780,1303781,KISH BANK,163042,363306,19855,17093,14969,1415905,90122.0,14969_20241231,1,1,0.013110330646021073,0.02833911523484389,1-10bn
343574,NM,34368.0,20241231,406353,471565,406353,FIRST STATE BANK&TRUST,98639,64204,19486,9807,14974,336621,0.0,14974_20241231,1,1,0.024134188747222243,0.07208756918245958,<1bn
89406,NM,7463.0,20241231,121598,131126,121598,UNION STATE BANK,24421,32790,983,16395,14982,84519,0.0,14982_20241231,1,1,0.13482952022237207,0.1429135347620849,<1bn
157610,NM,20639.0,20241231,210467,242061,210467,FARMERS STATE BANK,42909,54431,1444,12947,14991,169001,0.0,14991_20241231,1,1,0.06151558201523279,0.06837651508312467,<1bn
543843,NM,38942.0,20241231,737138,1011313,737138,RIVER BANK,75467,195376,0,85629,14995,815867,26625.0,14995_20241231,1,1,0.1161641375156348,0.1161641375156348,1-10bn
51108,NM,0.0,20241231,57421,69439,57421,PORT AUSTIN STATE BANK,15952,6335,15952,2759,14999,42744,0.0,14999_20241231,1,1,0.04804862332596088,0.3258563940021943,<1bn
150231,NM,15.0,20241231,203527,259844,203527,COLUMBUS BANK&TRUST CO,32132,54033,9544,6062,15010,211201,7000.0,15010_20241231,1,1,0.029784746004215656,0.07667778722233413,<1bn
6454336,SM,1894176.0,20241231,10556769,12147931,10556769,FIRST BANK,2563060,4106362,120581,509669,15019,7978046,9600.0,15019_20241231,1,1,0.04827888154036524,0.05970103163193208,10-100bn
738410,SM,112181.0,20241231,1132744,1246263,1132744,FIRST STATE BANK,213218,397646,0,126504,15032,831889,0.0,15032_20241231,1,1,0.11167924968042206,0.11167924968042206,1-10bn
89651,SM,5665.0,20241231,130187,146879,130187,RIVERWIND BANK,34245,40776,479,8906,15035,92621,7097.0,15035_20241231,1,1,0.06840928817777504,0.07208861099802592,<1bn
128288,NM,53543.0,20241231,163267,194870,163267,VALLEY STATE BANK,68948,35280,10232,11650,15038,108645,304.0,15038_20241231,1,1,0.07135550968658701,0.13402585948170787,<1bn
286803,NM,71369.0,20241231,335793,377122,335793,PEOPLES COMMUNITY BANK,105089,49122,0,29993,15046,220372,0.0,15046_20241231,1,1,0.0893199083959463,0.0893199083959463,<1bn
200222,NM,18267.0,20241231,280097,309673,280097,FIRST STATE BANK,61747,80187,13479,9798,15050,226679,0.0,15050_20241231,1,1,0.03498073881548178,0.08310335348111547,<1bn
287112,N,1290.0,20241231,397614,446419,397614,LOUISIANA NATIONAL BANK,13690,111284,1938,8744,15059,390309,19937.0,15059_20241231,1,1,0.021991177373030125,0.026865251223548468,<1bn
61368,N,27849.0,20241231,79923,84785,79923,JUNCTION NATIONAL BANK,47404,18580,0,15006,15078,21572,0.0,15078_20241231,1,1,0.18775571487556775,0.18775571487556775,<1bn
557737,NM,113699.0,20241231,682981,773832,682981,ARTHUR STATE BANK,152434,126213,9583,40286,15085,543507,10000.0,15085_20241231,1,1,0.05898553546877585,0.07301667249894214,<1bn
1774260,NM,114707.0,20241231,2598405,3134251,2598405,LAKE RIDGE BANK,309785,826440,6821,198037,15091,2389835,5465.0,15091_20241231,1,1,0.07621483179104105,0.07883990371016066,1-10bn
85850,NM,5955.0,20241231,95132,110522,95132,RICHLAND COUNTY BANK,50249,9477,5851,10378,15092,43734,2000.0,15092_20241231,1,1,0.10909052684690745,0.17059454232014465,<1bn
31719,NM,0.0,20241231,34175,38388,34175,UNION STATE BANK,11378,2537,6110,10230,15098,16359,0.0,15098_20241231,1,1,0.29934162399414777,0.4781272860277981,<1bn
71971,NM,0.0,20241231,91009,105892,91009,SENATH STATE BANK,14322,20853,5914,28898,15101,55670,0.0,15101_20241231,1,1,0.3175290355898867,0.3825116197299168,<1bn
207639,NM,3923.0,20241231,263711,301506,263711,BANK OF YORK,44124,59663,0,152729,15104,96163,0.0,15104_20241231,1,1,0.579152936358362,0.579152936358362,<1bn
46944,NM,33354.0,20241231,67256,75047,67256,ZAVALA COUNTY BANK,42936,20396,6590,21599,15105,6830,0.0,15105_20241231,1,1,0.3211460687522303,0.41912989175686927,<1bn
213808,NM,32130.0,20241231,283048,315647,283048,CITIZENS STATE BANK,88650,69811,14408,22696,15111,185645,0.0,15111_20241231,1,1,0.08018427969814307,0.13108730674655888,<1bn
102852,NM,0.0,20241231,121305,139116,121305,BANK OF GREELEYVILLE,24656,18675,17935,14712,15113,95643,0.0,15113_20241231,1,1,0.12128106838135279,0.26913152796669554,<1bn
855779,NM,67349.0,20241231,1078713,1894749,1078713,GATEWAY FIRST BANK,107869,224429,11502,155893,15118,1411583,232618.0,15118_20241231,1,1,0.1445175871617381,0.15518029355352164,1-10bn
548051,NM,133530.0,20241231,840264,960970,840264,BANK OF WISCONSIN DELLS,169115,294505,986,14532,15136,733050,58365.0,15136_20241231,1,1,0.017294564565422294,0.0184680052935744,<1bn
112326,NM,987.0,20241231,135653,178716,135653,GREAT NORTH BANK,45919,23747,0,23237,15146,79619,19553.0,15146_20241231,1,1,0.17129735427893228,0.17129735427893228,<1bn
73343,NM,9836.0,20241231,86601,101941,86601,BLACK RIVER COUNTRY BANK,15697,13356,0,6984,15152,74389,0.0,15152_20241231,1,1,0.08064572002632764,0.08064572002632764,<1bn
151458,NM,0.0,20241231,194873,224481,194873,FARMERS STB OF WESTMORELAND,62390,43760,5126,6801,15164,147047,0.0,15164_20241231,1,1,0.03489965259425369,0.06120396360706717,<1bn
111060,NM,0.0,20241231,146883,200583,146883,PEOPLES STB OF MUNISING,69319,35932,24828,2784,15165,114601,0.0,15165_20241231,1,1,0.018953861236494354,0.18798635648781684,<1bn
170194,NM,50309.0,20241231,280171,317522,280171,KCB BANK,115574,110191,1824,9900,15194,172219,41506.0,15194_20241231,1,1,0.03533556292407137,0.041845872699173,<1bn
475051,NM,23570.0,20241231,607752,709474,607752,DECORAH BANK&TRUST CO,133352,134762,10698,9092,15200,533182,9857.0,15200_20241231,1,1,0.014960049493872501,0.03256262422830365,<1bn
287149,NM,7645.0,20241231,363441,435103,363441,BANK3,20636,77105,1989,13718,15205,365133,75334.0,15205_20241231,1,1,0.03774477838218583,0.04321746858499729,<1bn
428681,NM,1385.0,20241231,629674,706034,629674,FIRST STATE BANK,146179,201705,14589,53855,15206,475940,0.0,15206_20241231,1,1,0.0855283845291373,0.10869751649266128,<1bn
66496,N,0.0,20241231,73094,93237,73094,FIRST CENTRAL NB OF ST PARIS,16214,6640,11146,8887,15214,55688,0.0,15214_20241231,1,1,0.12158316688100254,0.2740717432347388,<1bn
115543,NM,532.0,20241231,157296,176420,157296,PEOPLES BANK,10523,42081,5497,65509,15216,92723,0.0,15216_20241231,1,1,0.41646958600345846,0.4514164377987997,<1bn
82838,NM,9989.0,20241231,151291,165883,151291,BANK OF KAUKAUNA,12760,68700,0,10112,15228,116646,0.0,15228_20241231,1,1,0.06683808025593062,0.06683808025593062,<1bn
2156595,NM,302264.0,20241231,3113014,3853357,3113014,FIRST BUSINESS BANK,348133,980278,4718,157696,15229,3090841,874027.0,15229_20241231,1,1,0.050657015998000654,0.05217258900859424,1-10bn
58161,NM,11664.0,20241231,78299,92921,78299,JOHNSON STATE BANK,44766,20422,906,4994,15237,29502,0.0,15237_20241231,1,1,0.06378114663022516,0.075352175634427,<1bn
209992,NM,35504.0,20241231,274729,304085,274729,NORTHERN STATE BANK,88631,64837,20529,41539,15242,160843,0.0,15242_20241231,1,1,0.15119990972922406,0.22592445646437034,<1bn
417782,SM,57694.0,20241231,565154,648671,565154,PUTNAM COUNTY BANK,162471,151519,48676,52167,15243,418120,0.0,15243_20241231,1,1,0.09230581399052294,0.17843455058267305,<1bn
158820,NM,7810.0,20241231,182251,206765,182251,UNITED CITIZENS B&T CO,27529,23742,4916,4989,15249,161897,0.0,15249_20241231,1,1,0.02737433539459317,0.05434812429012735,<1bn
55540,NM,120.0,20241231,63877,76082,63877,CITIZENS STATE BANK&TRUST CO,368,8710,248,6207,15254,64462,0.0,15254_20241231,1,1,0.09717112575731483,0.10105358736321368,<1bn
106041,NM,22972.0,20241231,126928,137819,126928,GREENFIELD BANKING CO,35204,21395,0,3601,15255,89657,4327.0,15255_20241231,1,1,0.028370414723307702,0.028370414723307702,<1bn
49859,NM,8897.0,20241231,63181,73930,63181,FARMERS STATE BANK,15078,13547,1208,3901,15258,49867,0.0,15258_20241231,1,1,0.06174324559598614,0.0808629176492933,<1bn
93514,NM,16262.0,20241231,96827,133267,96827,ELK STATE BANK,57738,3548,0,695,15259,69161,11003.0,15259_20241231,1,1,0.007177750007745774,0.007177750007745774,<1bn
63821,NM,1872.0,20241231,121499,138853,121499,CITIZENS STATE BANK,42449,57948,7812,10303,15261,79924,0.0,15261_20241231,1,1,0.0847990518440481,0.1490958773323237,<1bn
479285,NM,2844.0,20241231,547642,663279,547642,PEOPLES SB OF RHINELAND,70936,69084,18003,27447,15264,530296,0.0,15264_20241231,1,1,0.0501185080764441,0.08299217371932759,<1bn
164864,NM,66415.0,20241231,354998,433474,354998,MERIT BANK,101508,190296,0,23450,15270,299586,29885.0,15270_20241231,1,1,0.06605671017864889,0.06605671017864889,<1bn
364438,NM,50049.0,20241231,449977,535575,449977,FIRST STATE BANK,141338,86946,0,13758,15271,333671,10989.0,15271_20241231,1,1,0.030574896050242568,0.030574896050242568,<1bn
368662,NM,12923.0,20241231,558517,652856,558517,MARION COUNTY STATE BANK,145592,191198,36822,9552,15272,471155,0.0,15272_20241231,1,1,0.017102433766563955,0.08303059709910351,<1bn
205401,NM,0.0,20241231,248856,281842,248856,HERITAGE COMMUNITY BANK,5657,45352,0,14380,15282,251386,0.0,15282_20241231,1,1,0.05778442151284277,0.05778442151284277,<1bn
249810,NM,1315.0,20241231,423445,470664,423445,NORTHERN STB THIEF RIVER FAL,91503,174640,89435,180387,15286,192255,0.0,15286_20241231,1,1,0.42599865389838115,0.6372067210617671,<1bn
312188,NM,47282.0,20241231,383025,457811,383025,DENISON STATE BANK,118467,71734,12767,22089,15305,291366,0.0,15305_20241231,1,1,0.05766986489132563,0.09100189282683897,<1bn
208686,NM,42015.0,20241231,266841,308899,266841,TRUCOMMUNITY BANK,86736,59377,4373,11532,15306,201056,0.0,15306_20241231,1,1,0.043216747051615004,0.059604783372869986,<1bn
1575064,NM,17720.0,20241231,2276433,2680927,2276433,CB&S BANK INC,879788,707102,9950,167171,15310,1411921,39975.0,15310_20241231,1,1,0.07343550194536803,0.07780637514919174,1-10bn
116591,NM,14886.0,20241231,141549,184274,141549,IOWA FALLS STATE BANK,75055,25765,9192,1561,15311,88037,0.0,15311_20241231,1,1,0.01102798324255205,0.07596662639792581,<1bn
409963,NM,12583.0,20241231,492207,590630,492207,FIRST STATE BANK,62687,84811,12502,8383,15321,482908,12000.0,15321_20241231,1,1,0.017031452214210686,0.04243133478394253,<1bn
277041,NM,53295.0,20241231,375410,456708,375410,SILVER LAKE BANK,82303,99766,10163,32270,15323,335517,0.0,15323_20241231,1,1,0.08595935110945366,0.1130310860126262,<1bn
660266,NM,590.0,20241231,1074235,1181262,1074235,SECURITY BANK&TRUST CO,302639,416136,230009,47023,15324,800153,0.0,15324_20241231,1,1,0.04377347600850838,0.25788770613506357,1-10bn
31589,NM,20773.0,20241231,42360,50350,42360,UNION BANKING CO,36502,10916,0,361,15326,7014,0.0,15326_20241231,1,1,0.00852219074598678,0.00852219074598678,<1bn
289584,SM,0.0,20241231,401745,463819,401745,ROLLING HILLS BANK&TRUST,44491,113505,42226,34233,15334,357828,516.0,15334_20241231,1,1,0.08521076802449315,0.19031724103598052,<1bn
178263,NM,37482.0,20241231,243061,282668,243061,DURDEN BANKING CO INC,59705,65280,3935,25712,15336,188761,0.0,15336_20241231,1,1,0.10578414472087254,0.12197349636511,<1bn
398285,SM,95011.0,20241231,560875,611776,560875,TXN BANK,223467,162864,0,20381,15345,309795,0.0,15345_20241231,1,1,0.03633786494316916,0.03633786494316916,<1bn
42527,NM,264.0,20241231,49608,61742,49608,COMMERCE BANK TEXAS,25654,7171,0,3346,15346,27810,0.0,15346_20241231,1,1,0.06744879858087405,0.06744879858087405,<1bn
106165,NM,5926.0,20241231,146766,165791,146766,SECURITY BK OF PULASKI CNTY,56407,40835,9229,9138,15347,89989,5890.0,15347_20241231,1,1,0.062262376844773315,0.12514478830246786,<1bn
30572,SM,5956.0,20241231,46482,58016,46482,FIRST BANK&TRUST CO,13527,15930,0,19133,15348,20961,0.0,15348_20241231,1,1,0.4116217030248268,0.4116217030248268,<1bn
90121,NM,28188.0,20241231,120264,133928,120264,MARION STATE BANK,52728,30219,1846,15732,15355,59849,0.0,15355_20241231,1,1,0.13081221313111155,0.14616177742300274,<1bn
2374396,NM,813998.0,20241231,4460023,5013753,4460023,SOUTHERN BANK&TRUST CO,1276260,2090693,0,284842,15359,3227105,9999.0,15359_20241231,1,1,0.06386558993081426,0.06386558993081426,1-10bn
63119,SM,727.0,20241231,70251,84664,70251,BELT VALLEY BANK,5659,7283,2938,8272,15362,68792,3004.0,15362_20241231,1,1,0.11774921353432691,0.15957068226786808,<1bn
44635,NM,0.0,20241231,51110,73303,51110,FIRST STATE BANK,9453,6672,0,3822,15364,52852,0.0,15364_20241231,1,1,0.07477988651927216,0.07477988651927216,<1bn
137500,NM,13290.0,20241231,161763,178172,161763,FARMERS STATE BANK,51996,24508,2933,11465,15367,106054,0.0,15367_20241231,1,1,0.07087529286672478,0.08900675679852624,<1bn
2625150,SM,522074.0,20241231,3438077,3866212,3438077,RCB BANK,1122754,817296,36038,265804,15399,2243455,0.0,15399_20241231,1,1,0.07731182285911573,0.08779384522219834,1-10bn
148540,NM,19783.0,20241231,183480,215665,183480,HOUGHTON STATE BANK,29499,35099,5192,9711,15405,159209,0.0,15405_20241231,1,1,0.052926749509483326,0.08122411161979508,<1bn
104930,NM,3014.0,20241231,125343,139471,125343,PEOPLES BANK OF WYACONDA MO,34248,20987,13832,12209,15415,88982,1821.0,15415_20241231,1,1,0.09740472144435669,0.20775791228867987,<1bn
534669,NM,35288.0,20241231,716760,934548,716760,AMERICAN BANK OF FREEDOM,75372,184691,0,64253,15423,748011,54077.0,15423_20241231,1,1,0.0896436743121826,0.0896436743121826,<1bn
123477,NM,10089.0,20241231,172625,191268,172625,CHELSEA SAVINGS BANK,107939,49620,0,11181,15427,67682,0.0,15427_20241231,1,1,0.06477045619116582,0.06477045619116582,<1bn
29100,NM,1429.0,20241231,35048,39953,35048,ROBERT LEE STATE BANK,22424,5992,0,1139,15442,14896,0.0,15442_20241231,1,1,0.03249828806208628,0.03249828806208628,<1bn
378194,NM,10875.0,20241231,456659,515771,456659,LAKE ELMO BANK,49588,79691,14918,54562,15443,393893,0.0,15443_20241231,1,1,0.11948083799947007,0.15214853972000988,<1bn
341325,NM,168446.0,20241231,564001,628870,564001,AMERICAN ST B&T CO WILLISTON,286273,224075,1441,12890,15444,300769,0.0,15444_20241231,1,1,0.02285456940679183,0.025409529415727987,<1bn
85520,NM,11867.0,20241231,101464,108830,101464,SPUR SECURITY BANK,27851,16414,0,9337,15460,57699,24595.0,15460_20241231,1,1,0.0920227864070015,0.0920227864070015,<1bn
259616,NM,0.0,20241231,382263,436420,382263,STATE BANK OF DE KALB,34137,123196,29949,39585,15463,348338,0.0,15463_20241231,1,1,0.10355435917156512,0.18190094254479247,<1bn
631608,NM,231679.0,20241231,779500,852633,779500,UNITED SOUTHERN BANK,318507,147182,0,88856,15465,392426,0.0,15465_20241231,1,1,0.11399101988454137,0.11399101988454137,<1bn
33337,NM,11125.0,20241231,38489,46578,38489,FIRST STATE BANK OF RANSOM,23337,5306,0,1759,15469,17530,2000.0,15469_20241231,1,1,0.04570136922237522,0.04570136922237522,<1bn
54082,NM,13344.0,20241231,67913,75638,67913,FIRST STATE BANK OF CANDO,36099,14186,0,9380,15471,29118,0.0,15471_20241231,1,1,0.1381178861190052,0.1381178861190052,<1bn
516585,NM,58391.0,20241231,620138,735632,620138,FIRST UNITED BANK,158329,106811,31662,15069,15472,518204,59948.0,15472_20241231,1,1,0.024299430126842735,0.07535580790082208,<1bn
250976,NM,32306.0,20241231,426078,473148,426078,CITIZENS BANK OF AMERICUS,111167,175513,40159,99514,15477,245233,0.0,15477_20241231,1,1,0.2335581747942865,0.327810870310131,<1bn
428987,NM,53538.0,20241231,605957,669851,605957,UNITED VALLEY BANK,119422,180398,2748,53775,15478,463665,0.0,15478_20241231,1,1,0.08874392077325619,0.09327889602727586,<1bn
153983,NM,3459.0,20241231,192235,212415,192235,COLEMAN COUNTY STATE BANK,43555,38370,3984,11461,15480,146265,0.0,15480_20241231,1,1,0.059619736260306394,0.08034437017192499,<1bn
464784,NM,66616.0,20241231,620430,667808,620430,WEST PLAINS BANK&TRUST CO,150863,157390,9695,31478,15489,452371,9985.0,15489_20241231,1,1,0.050735780023532066,0.06636203923085601,<1bn
378217,NM,0.0,20241231,531591,661235,531591,FIRST STATE BANK OF BLAKELY,97279,154747,64931,117881,15496,416465,33429.0,15496_20241231,1,1,0.22175130880695873,0.3438959651310876,<1bn
68064,NM,18409.0,20241231,97548,108975,97548,LYTLE STB OF LYTLE TEXAS,51943,29498,0,5595,15501,45015,0.0,15501_20241231,1,1,0.057356378398326975,0.057356378398326975,<1bn
336195,SM,17062.0,20241231,389424,440642,389424,AMERISTATE BANK,43497,53730,15466,50787,15510,306566,0.0,15510_20241231,1,1,0.13041569086651053,0.17013075722092116,<1bn
1011672,SM,366602.0,20241231,1652557,1763658,1652557,FIRST STATE BANK,652004,641529,61579,67525,15511,911932,0.0,15511_20241231,1,1,0.04086092037975089,0.07812378029925746,1-10bn
139817,NM,6449.0,20241231,219376,244719,219376,CITIZENS STATE BANK,25361,80059,0,25450,15519,185323,0.0,15519_20241231,1,1,0.1160108671869302,0.1160108671869302,<1bn
140643,NM,83845.0,20241231,190578,217917,190578,MUENSTER STATE BANK,129595,50000,0,9901,15523,71001,0.0,15523_20241231,1,1,0.0519524813986924,0.0519524813986924,<1bn
68425,NM,0.0,20241231,86695,104639,86695,CENTREBANK,0,18396,0,27399,15532,72605,0.0,15532_20241231,1,1,0.3160389872541669,0.3160389872541669,<1bn
243305,NM,0.0,20241231,331357,380643,331357,FIRST STATE BANK,18601,89938,13525,8718,15539,342372,10214.0,15539_20241231,1,1,0.026309991942225455,0.06712699595904116,<1bn
858026,NM,30367.0,20241231,1076248,1333547,1076248,FRONTIER BANK,86180,223830,15718,19383,15545,1183163,207376.0,15545_20241231,1,1,0.01800978956523032,0.032614230177431223,1-10bn
92837,NM,9767.0,20241231,124461,135402,124461,CHILLICOTHE STATE BANK,52312,31652,25664,10302,15546,68133,0.0,15546_20241231,1,1,0.08277291681731627,0.2889740561300327,<1bn
56810,SM,6439.0,20241231,72453,84046,72453,BANK OF LAKE VILLAGE,20400,15793,0,16802,15547,42076,6134.0,15547_20241231,1,1,0.23190206064621202,0.23190206064621202,<1bn
1336704,SM,23752.0,20241231,1836731,2167453,1836731,CENTRAL BANK,123583,504377,58628,55335,15555,1886599,23802.0,15555_20241231,1,1,0.030126893921864444,0.06204664700492342,1-10bn
518929,NM,173848.0,20241231,863544,952831,863544,PIONEER BANK&TRUST,367509,345543,4957,37573,15562,498287,0.0,15562_20241231,1,1,0.04351023225220718,0.04925053037251142,<1bn
573770,NM,145712.0,20241231,910428,1036460,910428,FIRST SOUTHERN BANK,286845,337598,0,20066,15565,662430,0.0,15565_20241231,1,1,0.022040183298404705,0.022040183298404705,1-10bn
204015,NM,22399.0,20241231,308934,332088,308934,HOOSIER HEARTLAND STATE BANK,67471,105144,0,4299,15566,229972,1986.0,15566_20241231,1,1,0.013915593621938666,0.013915593621938666,<1bn
916664,N,215605.0,20241231,1264928,1402548,1264928,FIRST NB OF PULASKI,263164,354072,0,117365,15572,948873,0.0,15572_20241231,1,1,0.09278393710946393,0.09278393710946393,1-10bn
74091,NM,6966.0,20241231,81159,90138,81159,INTEGRITY BANK PLUS,17500,7366,0,590,15578,58323,0.0,15578_20241231,1,1,0.007269680503702609,0.007269680503702609,<1bn
91118,NM,82461.0,20241231,213960,223746,213960,FIRST BANK OF COASTAL GA,152793,123321,0,17175,15580,47056,10000.0,15580_20241231,1,1,0.0802720134604599,0.0802720134604599,<1bn
660527,NM,5102.0,20241231,842200,933956,842200,MID-MISSOURI BANK,115389,183421,93807,125605,15584,648898,44068.0,15584_20241231,1,1,0.14913915934457372,0.26052244122536217,<1bn
120253,NM,8622.0,20241231,134644,149267,134644,BAY PORT STATE BANK,11835,15031,3213,4784,15585,116219,0.0,15585_20241231,1,1,0.0355307328956359,0.0593936603190636,<1bn
160026,NM,22091.0,20241231,209011,230646,209011,TAYLOR COUNTY BANK,48909,49629,0,12277,15590,163602,0.0,15590_20241231,1,1,0.058738535292400876,0.058738535292400876,<1bn
44436,NM,965.0,20241231,55692,66845,55692,IPSWICH STATE BANK,13419,11492,6734,15008,15593,31860,0.0,15593_20241231,1,1,0.269482151835093,0.3903971845148316,<1bn
52119,NM,3773.0,20241231,61894,70069,61894,SECURITY STB OF KENYON,8800,9826,438,4429,15597,51265,0.0,15597_20241231,1,1,0.07155782466798075,0.07863443952564061,<1bn
124160,NM,14704.0,20241231,171000,196151,171000,HORIZON FINANCIAL BANK,25845,47479,994,8010,15598,145667,5000.0,15598_20241231,1,1,0.04684210526315789,0.05265497076023392,<1bn
84390,NM,11195.0,20241231,105411,109232,105411,HAMILTON BANK,45113,21282,5052,2609,15606,55047,0.0,15606_20241231,1,1,0.02475073758905617,0.0726774245572094,<1bn
170713,NM,107.0,20241231,232791,259697,232791,FARMERS&MERCHANTS STATE BANK,71315,62964,20931,31697,15610,148878,1000.0,15610_20241231,1,1,0.13616076222878032,0.2260740320716866,<1bn
1806348,NM,339083.0,20241231,3361729,4013203,3361729,WEST BANK,544565,1562981,0,243478,15614,2974428,266418.0,15614_20241231,1,1,0.07242642104702669,0.07242642104702669,1-10bn
60043,NM,0.0,20241231,86442,96502,86442,FIRST FARMERS&MERCHANTS STB,11972,26956,498,14531,15621,68011,0.0,15621_20241231,1,1,0.16810115453136207,0.17386224289118715,<1bn
158838,NM,18430.0,20241231,197291,237822,197291,QUOIN FINANCIAL BANK,30134,40044,6820,30534,15629,152822,0.0,15629_20241231,1,1,0.15476630966440436,0.18933453629410363,<1bn
453379,NM,0.0,20241231,745963,864511,745963,GREENFIELD BANKING CO,181651,293000,64774,72547,15632,578584,0.0,15632_20241231,1,1,0.09725281280706952,0.1840855377545535,<1bn
122908,NM,2668.0,20241231,162853,198640,162853,STATE BANK&TRUST CO,73061,40245,17860,11441,15651,109640,0.0,15651_20241231,1,1,0.07025354153746016,0.17992299804117823,<1bn
470414,NM,60460.0,20241231,842391,976855,842391,ALLIANCE BANK CENTRAL TEXAS,68158,373833,0,47755,15657,791689,30002.0,15657_20241231,1,1,0.056689826933098764,0.056689826933098764,<1bn
476048,NM,225598.0,20241231,810253,914593,810253,FIRST STATE BANK,319871,335606,0,55069,15663,432386,0.0,15663_20241231,1,1,0.06796519111931705,0.06796519111931705,<1bn
164954,NM,12842.0,20241231,182043,202414,182043,FREEDOM BANK INC,40491,17251,0,19180,15664,130047,0.0,15664_20241231,1,1,0.1053597227028779,0.1053597227028779,<1bn
311718,NM,69045.0,20241231,372979,414754,372979,MCBANK,180323,62091,0,31719,15669,182211,0.0,15669_20241231,1,1,0.0850423214175597,0.0850423214175597,<1bn
265063,NM,73427.0,20241231,367197,413319,367197,BANK OF CLARENDON,147272,102545,17275,51618,15671,194542,0.0,15671_20241231,1,1,0.14057304389741745,0.18761863522850133,<1bn
191175,NM,32541.0,20241231,295164,337779,295164,CITIZENS BANK&TRUST CO,116537,104962,15762,16762,15675,186610,0.0,15675_20241231,1,1,0.05678876827797428,0.11018958951633669,<1bn
249043,NM,0.0,20241231,275382,357024,275382,GRANT COUNTY STATE BANK,0,27066,0,66235,15687,281855,9908.0,15687_20241231,1,1,0.24052044069692283,0.24052044069692283,<1bn
408645,SM,27881.0,20241231,544498,600626,544498,CLEAR LAKE BANK&TRUST CO,81873,138613,9813,45321,15690,443571,0.0,15690_20241231,1,1,0.08323446550767863,0.10125657027206711,<1bn
374706,NM,2123.0,20241231,481580,533934,481580,PINELAND BANK,49082,109271,37913,61870,15699,374533,0.0,15699_20241231,1,1,0.1284729432285394,0.20719921923667928,<1bn
152565,NM,32169.0,20241231,204148,240556,204148,SEYMOUR BANK,74223,52090,1637,27120,15701,130097,16572.0,15701_20241231,1,1,0.13284479887140702,0.14086349119266414,<1bn
298055,NM,24130.0,20241231,359363,427420,359363,TOWN&COUNTRY BANK&TRUST CO,101570,61763,0,30220,15703,275655,0.0,15703_20241231,1,1,0.08409324276567148,0.08409324276567148,<1bn
182624,SM,96654.0,20241231,302638,417729,302638,CASEY COUNTY BANK INC,177771,109170,5877,39065,15708,186304,0.0,15708_20241231,1,1,0.12908160905107752,0.1485008491993735,<1bn
777418,N,1366.0,20241231,1164168,1273533,1164168,DAKOTA COMMUNITY B&T NA,434459,390705,67128,110304,15728,690251,9903.0,15728_20241231,1,1,0.09474921145401695,0.15241099222792587,1-10bn
251772,NM,18836.0,20241231,366403,442582,366403,PARTNERS BANK,26356,115312,0,28203,15729,371475,42151.0,15729_20241231,1,1,0.07697262304075021,0.07697262304075021,<1bn
66557,NM,0.0,20241231,114477,134328,114477,SECURITY BANK OF TEXAS,852,48187,0,24921,15731,97131,249.0,15731_20241231,1,1,0.2176943840247386,0.2176943840247386,<1bn
390977,NM,0.0,20241231,460928,515262,460928,SECURITY SAVINGS BANK,54684,71442,12808,27481,15734,405534,42.0,15734_20241231,1,1,0.059621025409608445,0.08740844557067481,<1bn
81448,NM,2772.0,20241231,102601,143722,102601,COMMERCIAL BANK OF MOTT,27103,21629,1620,3491,15741,106333,748.0,15741_20241231,1,1,0.034025009502831355,0.04981432929503611,<1bn
38399,NM,2773.0,20241231,47250,57911,47250,SECURITY STATE BANK,10074,8977,7002,26117,15749,17318,0.0,15749_20241231,1,1,0.5527407407407408,0.700931216931217,<1bn
52567,NM,2235.0,20241231,75515,85451,75515,FLAT BRANCH BANK,14872,22958,8656,41439,15751,25570,0.0,15751_20241231,1,1,0.5487519035953122,0.6633781367940145,<1bn
971874,NM,46869.0,20241231,1274982,1537157,1274982,FIRST STATE BANK,143735,320972,24598,42418,15752,1270787,49223.0,15752_20241231,1,1,0.03326948929475083,0.05256231068360181,1-10bn
245715,N,20968.0,20241231,287256,346446,287256,CITIZENS NB OF ALBION,88073,42385,0,11536,15760,231463,10000.0,15760_20241231,1,1,0.04015930041496087,0.04015930041496087,<1bn
24596,NM,0.0,20241231,28940,33475,28940,FIRST AMERICAN BANK,3758,4382,0,2858,15762,24339,1500.0,15762_20241231,1,1,0.09875604699378024,0.09875604699378024,<1bn
139699,N,9344.0,20241231,160978,177903,160978,FIRST NB OF NOKOMIS,60518,21399,5904,6793,15763,95280,0.0,15763_20241231,1,1,0.04219831281293096,0.07887413186895104,<1bn
32778,NM,1186.0,20241231,36947,41871,36947,FIRST SECURITY BANK-HENDRICK,12948,4243,6484,11887,15767,16158,0.0,15767_20241231,1,1,0.32173112837307494,0.4972257558123799,<1bn
405461,NM,63978.0,20241231,556056,640118,556056,NORTHEAST GEORGIA BANK,154594,152456,48960,120723,15771,301535,0.0,15771_20241231,1,1,0.21710583106737452,0.30515451681125644,<1bn
167042,NM,0.0,20241231,215543,250962,215543,MEDIAPOLIS SAVINGS BANK,44353,49066,13767,9880,15772,184149,1874.0,15772_20241231,1,1,0.045837721475529246,0.10970896758419434,<1bn
35773,SM,3188.0,20241231,53424,62232,53424,GRANT COUNTY BANK,26527,17958,13710,9546,15778,16502,0.0,15778_20241231,1,1,0.1786837376460018,0.4353099730458221,<1bn
755138,SM,23249.0,20241231,796799,937207,796799,FARMERS&MERCHANTS BANK,148633,44335,0,26712,15779,731252,480461.0,15779_20241231,1,1,0.03352413845900911,0.03352413845900911,<1bn
60810,SM,3813.0,20241231,79458,86114,79458,STOCK EXC BK CALDWELL KS,7575,18861,0,2205,15784,73300,0.0,15784_20241231,1,1,0.02775050970323945,0.02775050970323945,<1bn
60122,NM,10265.0,20241231,64251,74882,64251,PEOPLES BK OF MONITEAU CNTY,22874,4389,0,6470,15792,43740,0.0,15792_20241231,1,1,0.10069882180822089,0.10069882180822089,<1bn
3211650,N,1048259.0,20241231,5230535,5706056,5230535,BROADWAY NATIONAL BANK,1676082,2033592,0,256174,15797,3456973,134850.0,15797_20241231,1,1,0.04897663432134571,0.04897663432134571,1-10bn
396204,NM,49280.0,20241231,471014,536187,471014,PREMIER COMMUNITY BANK,94859,75545,990,19653,15799,365423,96986.0,15799_20241231,1,1,0.04172487441986862,0.04382672277257152,<1bn
331400,SM,41040.0,20241231,426888,528886,426888,FARMERS&MERCHANTS BANK,136386,97573,0,39183,15801,315363,0.0,15801_20241231,1,1,0.09178754146286613,0.09178754146286613,<1bn
288975,NM,0.0,20241231,382090,469969,382090,IOWA STATE BANK,112605,94212,0,76273,15808,272820,0.0,15808_20241231,1,1,0.1996205082572169,0.1996205082572169,<1bn
1193445,NM,7617.0,20241231,1711964,2011000,1711964,SECURITY STATE BANK&TRUST,327900,519311,28070,270063,15809,1316423,0.0,15809_20241231,1,1,0.15775039662048967,0.1741467694414135,1-10bn
1941965,NM,158012.0,20241231,2855943,3643067,2855943,CENTRAL BANK&TRUST CO,465004,945248,58023,187244,15815,2832758,100000.0,15815_20241231,1,1,0.06556293315377792,0.08587951510236724,1-10bn
23465,NM,125.0,20241231,52704,67342,52704,GENESIS BANK,5770,29340,0,4608,15817,48981,16581.0,15817_20241231,1,1,0.08743169398907104,0.08743169398907104,<1bn
95452,NM,279.0,20241231,107235,124081,107235,RED RIVER STATE BANK,4145,12383,3024,3464,15820,107138,7863.0,15820_20241231,1,1,0.032302886184547956,0.06050263440108174,<1bn
127566,NM,22473.0,20241231,188090,222828,188090,CLAXTON BANK,44901,60809,984,13475,15826,119192,17530.0,15826_20241231,1,1,0.07164123557871231,0.07687277367217821,<1bn
62102,NM,56.0,20241231,95028,121383,95028,SECURITY STATE BANK,23150,33129,8358,21746,15839,72692,0.0,15839_20241231,1,1,0.22883781622258703,0.31679084059435114,<1bn
38958,NM,14743.0,20241231,52776,58966,52776,SUNRISE BANK DAKOTA,23656,13929,2648,10078,15847,22215,498.0,15847_20241231,1,1,0.19095801121721995,0.24113233287858118,<1bn
18928,NM,0.0,20241231,19823,26626,19823,FARMERS STATE BANK,6100,920,0,6437,15853,13396,0.0,15853_20241231,1,1,0.32472380568027037,0.32472380568027037,<1bn
357282,NM,86380.0,20241231,473806,523535,473806,PEOPLES BANK,265680,120448,0,14439,15871,207498,0.0,15871_20241231,1,1,0.030474498001291667,0.030474498001291667,<1bn
132111,NM,5344.0,20241231,150091,191144,150091,MILLEDGEVILLE STATE BANK,47829,18621,539,16539,15873,116123,34685.0,15873_20241231,1,1,0.11019314948930982,0.11378430418879214,<1bn
365825,SM,135868.0,20241231,465486,560936,465486,DEMOTTE STATE BANK,231287,101290,3793,6021,15883,254738,0.0,15883_20241231,1,1,0.01293486807336848,0.021083340852356462,<1bn
380260,SM,112175.0,20241231,622150,704411,622150,FIRST STB OF LIVINGSTON,398908,244456,0,47082,15898,216627,0.0,15898_20241231,1,1,0.07567628385437596,0.07567628385437596,<1bn
157978,SM,623.0,20241231,220117,263958,220117,FUSION BANK,51829,62292,3977,76263,15899,115798,15555.0,15899_20241231,1,1,0.3464657432183793,0.36453340723342587,<1bn
70876,NM,4288.0,20241231,78947,90008,78947,FOUR COUNTY BANK,11367,8328,246,14915,15904,62183,0.0,15904_20241231,1,1,0.1889242149796699,0.1920402295210711,<1bn
110324,SM,46358.0,20241231,160002,192108,160002,UNION STATE BANK,61802,49884,0,2626,15908,118256,2000.0,15908_20241231,1,1,0.016412294846314422,0.016412294846314422,<1bn
917475,SI,112912.0,20241231,1267182,1645117,1267182,IVES BANK,128702,350425,0,68862,15912,1352139,120000.0,15912_20241231,1,1,0.05434262797293522,0.05434262797293522,1-10bn
136465,SM,17988.0,20241231,176109,205323,176109,FIRST COMMUNITY BANK&TRUST,67323,39756,33206,28596,15913,97633,0.0,15913_20241231,1,1,0.16237670987854114,0.3509303897018324,<1bn
123345,N,3554.0,20241231,138193,155326,138193,FARMERS NB OF GRIGGSVILLE,11157,15567,5627,9929,15928,121391,0.0,15928_20241231,1,1,0.07184879118334503,0.11256720673261308,<1bn
17964,NM,0.0,20241231,21864,23645,21864,MAXWELL STATE BANK,11212,3967,0,4626,15930,7207,99.0,15930_20241231,1,1,0.21158068057080132,0.21158068057080132,<1bn
692383,NM,89242.0,20241231,919360,1027511,919360,CITIZENS BANK,228086,227533,29981,161564,15932,569664,0.0,15932_20241231,1,1,0.17573529411764705,0.20834602332057084,1-10bn
64533,NM,5715.0,20241231,172992,183071,172992,PEOPLES STATE BANK,65137,108556,26577,66174,15939,49178,0.0,15939_20241231,1,1,0.38252635960044395,0.5361577413984462,<1bn
204025,N,620.0,20241231,288985,325674,288985,FOREST PARK NB&T CO,55711,85194,20916,16503,15945,242266,0.0,15945_20241231,1,1,0.057106770247590706,0.12948422928525702,<1bn
265247,NM,0.0,20241231,320685,362001,320685,IOWA STATE BANK,73149,56661,9669,24155,15947,256052,15723.0,15947_20241231,1,1,0.07532313641111994,0.10547421924941922,<1bn
1746705,NM,331441.0,20241231,2309350,2867959,2309350,GUARANTY BANK&TRUST CO,598632,566428,26830,73330,15953,1989610,160604.0,15953_20241231,1,1,0.031753523718795335,0.043371511464264836,1-10bn
279058,SI,16193.0,20241231,294244,477972,294244,FULTON SAVINGS BANK,116787,15186,5971,24011,15966,245171,8000.0,15966_20241231,1,1,0.08160234363317519,0.1018950258968747,<1bn
348688,SI,17299.0,20241231,434525,526913,434525,RONDOUT SAVINGS BANK,49152,86812,0,25389,15969,425478,23000.0,15969_20241231,1,1,0.058429319371727746,0.058429319371727746,<1bn
994627,SI,103065.0,20241231,1181240,1332663,1181240,ULSTER SAVINGS BANK,171448,224803,498,69414,15970,999304,0.0,15970_20241231,1,1,0.058763672073414375,0.05918526294402492,1-10bn
681754,SB,83342.0,20241231,799385,914409,799385,WALDEN SAVINGS BANK,185009,117634,21887,18113,15987,659862,15007.0,15987_20241231,1,1,0.02265866885167973,0.05003846707156126,<1bn
551239,SI,13741.0,20241231,742983,902293,742983,WATERTOWN SAVINGS BANK,229343,85301,25502,43067,15990,554161,0.0,15990_20241231,1,1,0.0579649870858418,0.09228878722662565,<1bn
1283277,SM,86564.0,20241231,1717053,2113421,1717053,PCSB BANK,252271,435010,102449,140151,15995,1361963,119748.0,15995_20241231,1,1,0.08162299008825004,0.14128859155774456,1-10bn
5110559,SI,1252438.0,20241231,5680221,7191411,5680221,RIDGEWOOD SAVINGS BANK,1648285,750207,0,315554,16026,4675092,0.0,16026_20241231,1,1,0.05555312020430191,0.05555312020430191,1-10bn
252699,SI,3105.0,20241231,261562,339131,261562,NORTH COUNTRY SAVINGS BANK,3105,8875,0,12251,16030,290892,0.0,16030_20241231,1,1,0.04683784341762182,0.04683784341762182,<1bn
761893,SI,94012.0,20241231,1039443,1255577,1039443,RHINEBECK BANK,159947,278329,29693,37484,16032,971779,0.0,16032_20241231,1,1,0.036061621464572854,0.06462788243318777,1-10bn
211058,SI,13363.0,20241231,238124,287215,238124,SAWYER SAVINGS BANK,39372,27181,1816,7773,16039,229375,40521.0,16039_20241231,1,1,0.03264265676706254,0.04026893551259008,<1bn
299821,SB,728.0,20241231,331933,386289,331933,GENERATIONS BANK,25767,40463,0,12706,16040,307452,7494.0,16040_20241231,1,1,0.03827880927777594,0.03827880927777594,<1bn
11464683,SI,2454679.0,20241231,14476000,17464516,14476000,APPLE BANK,3517546,3022562,227728,631337,16068,12113395,600793.0,16068_20241231,1,1,0.04361266924564797,0.05934408676429953,10-100bn
289452,NM,43677.0,20241231,458904,503769,458904,RAYNE STATE BANK&TRUST CO,121785,170536,0,26108,16075,333692,0.0,16075_20241231,1,1,0.056892073287659294,0.056892073287659294,<1bn
128842,NM,19073.0,20241231,160250,188786,160250,YORK STATE BANK,30677,31624,1912,12225,16079,131579,998.0,16079_20241231,1,1,0.07628705148205928,0.08821840873634945,<1bn
40871,NM,444.0,20241231,47167,54555,47167,EXCHANGE STATE BANK,19759,6402,0,1056,16094,32140,0.0,16094_20241231,1,1,0.022388534356647657,0.022388534356647657,<1bn
428223,SI,60146.0,20241231,519853,624838,519853,MILFORD BANK,95783,91942,5776,15603,16101,484343,0.0,16101_20241231,1,1,0.030014254029504493,0.041125087284289985,<1bn
62382,NM,6082.0,20241231,69197,75755,69197,FARMBANK,17917,7045,214,4208,16103,47717,343.0,16103_20241231,1,1,0.060811884908305275,0.06390450453054324,<1bn
48217,SM,3327.0,20241231,48579,58046,48579,BUTTE STATE BANK,16869,498,2826,1557,16110,36202,4497.0,16110_20241231,1,1,0.03205088618538875,0.09022417093805965,<1bn
485312,NM,60899.0,20241231,655934,761121,655934,HIGHLAND BANK,191462,173480,13331,9511,16111,535048,33337.0,16111_20241231,1,1,0.014499934444624002,0.0348236255476923,<1bn
127336,NM,39350.0,20241231,150232,164828,150232,FARMERS STATE BANK&TRUST CO,56904,23194,0,5215,16114,77754,1009.0,16114_20241231,1,1,0.03471297726183503,0.03471297726183503,<1bn
282178,NM,15949.0,20241231,382647,443612,382647,NEBRASKA BANK,48474,101469,9938,21085,16116,342823,743.0,16116_20241231,1,1,0.055103006164950986,0.0810747242236317,<1bn
78004,NM,145.0,20241231,99407,116105,99407,RILEY STB OF RILEY KANSAS,28857,21886,7272,5240,16120,78812,0.0,16120_20241231,1,1,0.05271258563280252,0.1258663876789361,<1bn
388651,NM,28000.0,20241231,573519,673237,573519,EASTERN COLORADO BANK,104411,187096,0,11148,16125,480837,28153.0,16125_20241231,1,1,0.019437891334027294,0.019437891334027294,<1bn
122422,NM,13838.0,20241231,177850,208711,177850,CITIZENS BANK OF THE MIDWEST,41873,55990,0,2969,16126,146316,43916.0,16126_20241231,1,1,0.01669384312622997,0.01669384312622997,<1bn
289559,SM,17295.0,20241231,403375,447206,403375,FNB COMMUNITY BANK,142655,115626,10046,11907,16127,271381,0.0,16127_20241231,1,1,0.029518438177874185,0.05442330337775023,<1bn
2161345,N,244385.0,20241231,3679155,4997767,3679155,FIRST NATIONAL BANK ALASKA,1953509,1521619,961100,447558,16130,2455836,0.0,16130_20241231,1,1,0.12164695425987761,0.38287541568648237,1-10bn
61648,SM,1580.0,20241231,70804,77697,70804,STATE BANK,11781,9364,4100,13801,16151,48387,0.0,16151_20241231,1,1,0.19491836619400033,0.2528246991695384,<1bn
165826,NM,2699.0,20241231,222660,252199,222660,PEOPLES BANK,21815,57068,18385,41410,16152,177431,2031.0,16152_20241231,1,1,0.18597862211443456,0.2685484595347166,<1bn
55182,SM,1386.0,20241231,69267,88113,69267,BANK OF ELGIN,16155,14158,6253,9659,16154,59346,0.0,16154_20241231,1,1,0.13944591219484026,0.2297197799818095,<1bn
890316,NM,104338.0,20241231,1197439,1505456,1197439,WAUKESHA STATE BANK,288703,308121,16987,27398,16160,1095920,10000.0,16160_20241231,1,1,0.022880497461666104,0.037066606315645304,1-10bn
120680,NM,9547.0,20241231,137686,202948,137686,CAMPBELL COUNTY BANK INC,24984,17944,3760,3576,16161,161030,5319.0,16161_20241231,1,1,0.02597213950583211,0.05328065308019697,<1bn
159077,NM,15830.0,20241231,207960,232687,207960,FIRST STATE BANK OF PURDY,35676,49256,4004,36022,16162,151630,5743.0,16162_20241231,1,1,0.17321600307751492,0.19246970571263705,<1bn
72763,SM,2408.0,20241231,82937,94751,82937,METAMORA STATE BANK,17367,10327,4892,3728,16167,69088,0.0,16167_20241231,1,1,0.044949781159193125,0.10393431158590255,<1bn
629908,NM,104965.0,20241231,854033,972069,854033,WEST ALABAMA BANK&TRUST,233359,225818,0,56498,16175,585834,30037.0,16175_20241231,1,1,0.06615435234938229,0.06615435234938229,<1bn
93918,NM,11044.0,20241231,117311,134179,117311,JOHNSON CITY BANK,17241,23486,493,27909,16176,85071,0.0,16176_20241231,1,1,0.23790607871384611,0.24210858316781889,<1bn
85940,NM,0.0,20241231,107018,121066,107018,FIRST STATE BANK,16368,21124,12028,37501,16177,61061,0.0,16177_20241231,1,1,0.350417686744286,0.462809994580351,<1bn
91916,NM,50191.0,20241231,100007,115810,100007,SAMSON BANKING CO INC,63732,9618,13221,9192,16185,40788,0.0,16185_20241231,1,1,0.09191356605037647,0.22411431199816012,<1bn
3383749,NM,1277639.0,20241231,5647032,6880929,5647032,STOCKMAN BANK OF MONTANA,1744828,2279834,29887,177316,16191,4557868,12864.0,16191_20241231,1,1,0.031399857482656376,0.03669237220543464,1-10bn
57368,N,2792.0,20241231,68842,78309,68842,MASON CITY NATIONAL BANK,38348,11561,0,4597,16198,32586,1996.0,16198_20241231,1,1,0.06677609598791436,0.06677609598791436,<1bn
136597,NM,27585.0,20241231,206559,245741,206559,BANK OF WOLCOTT,98005,70322,0,6068,16201,134917,0.0,16201_20241231,1,1,0.02937659458072512,0.02937659458072512,<1bn
1069527,SM,91876.0,20241231,1512650,1812990,1512650,FARMERS&MERCHANTS BANK,319209,444708,0,31071,16216,1274214,0.0,16216_20241231,1,1,0.02054077281591908,0.02054077281591908,1-10bn
366421,NM,59728.0,20241231,654610,789575,654610,RELIABANK DAKOTA,263555,289782,42131,14423,16221,464014,49888.0,16221_20241231,1,1,0.022032966193611465,0.08639342509280334,<1bn
76229,NM,2783.0,20241231,89680,106880,89680,SHERWOOD STATE BANK,16236,13694,0,2123,16222,73135,0.0,16222_20241231,1,1,0.02367305976806423,0.02367305976806423,<1bn
88504,NM,246.0,20241231,158356,183613,158356,WHEELER COUNTY STATE BANK,6229,69852,3478,74942,16228,91946,0.0,16228_20241231,1,1,0.4732501452423653,0.4952133168304327,<1bn
283961,NM,8585.0,20241231,336934,383264,336934,DAKOTA HERITAGE BANK,51661,54878,497,9109,16231,303619,0.0,16231_20241231,1,1,0.027034968272718098,0.028510034606184,<1bn
639500,NM,115447.0,20241231,771919,867736,771919,BANK OF EASTERN OREGON,214731,132698,0,34059,16243,580056,0.0,16243_20241231,1,1,0.04412250508149171,0.04412250508149171,<1bn
182508,SB,15579.0,20241231,308453,344503,308453,COMMERCIAL BANKING CO,41558,126100,4142,47829,16246,234894,15069.0,16246_20241231,1,1,0.1550609006882734,0.16848920256894892,<1bn
41284,NM,0.0,20241231,55490,91362,55490,NEIGHBORS BANK,9024,14246,0,2267,16247,74903,0.0,16247_20241231,1,1,0.040854207965399174,0.040854207965399174,<1bn
252154,NM,63588.0,20241231,330779,495536,330779,DEVON BANK,227961,79157,476,10744,16249,220206,33496.0,16249_20241231,1,1,0.032480901145477796,0.03391992841141669,<1bn
1518256,SM,302813.0,20241231,1739809,2143858,1739809,MARQUETTE BANK,431655,226722,25978,157893,16250,1392970,0.0,16250_20241231,1,1,0.0907530654226987,0.10568458951528588,1-10bn
607732,NM,1520.0,20241231,931184,1055630,931184,PEOPLES BANK,76845,328697,18940,61527,16265,866768,34173.0,16265_20241231,1,1,0.06607394456949432,0.08641364112785443,1-10bn
143489,NM,9166.0,20241231,171302,195688,171302,CITIZENS BANK OF COCHRAN,12998,28025,0,29474,16275,148168,1000.0,16275_20241231,1,1,0.17205870334263465,0.17205870334263465,<1bn
409622,N,53252.0,20241231,572152,620966,572152,BANK OF HILLSBORO NA,149492,162904,16646,15551,16276,430116,0.0,16276_20241231,1,1,0.027179840322152156,0.05627350773920217,<1bn
21153,NM,550.0,20241231,25518,29124,25518,BANK OF LUMBER CITY,4661,4376,0,10269,16281,10116,0.0,16281_20241231,1,1,0.40242181989184106,0.40242181989184106,<1bn
27408,NM,12708.0,20241231,49629,56100,49629,BANK OF BEARDEN,20917,22239,0,5638,16282,29174,0.0,16282_20241231,1,1,0.11360293376856273,0.11360293376856273,<1bn
122541,NM,12147.0,20241231,213529,238548,213529,SOUTH COAST BANK&TRUST,30040,91284,493,17746,16283,181828,3609.0,16283_20241231,1,1,0.08310814924436494,0.08541696912363192,<1bn
222477,NM,37077.0,20241231,287800,337620,287800,SOUTHERN BANK,94448,65724,14369,5997,16288,195534,27130.0,16288_20241231,1,1,0.020837387074357193,0.07076441973592773,<1bn
492883,NM,34367.0,20241231,637467,747318,637467,MANUFACTURERS BANK&TRUST CO,152443,147106,32274,19691,16307,527616,31174.0,16307_20241231,1,1,0.030889442120141122,0.0815179452426557,<1bn
54826,NM,0.0,20241231,64205,75666,64205,MARSEILLES BANK,38522,9621,0,2689,16318,32823,0.0,16318_20241231,1,1,0.04188147340549801,0.04188147340549801,<1bn
28004,SM,452.0,20241231,32550,37642,32550,BATTLE CREEK STATE BANK,7613,4615,1563,1485,16330,27754,0.0,16330_20241231,1,1,0.0456221198156682,0.0936405529953917,<1bn
330562,NM,127984.0,20241231,437357,477603,437357,FIRST STATE BANK&TRUST,179408,107122,32004,89768,16332,193066,0.0,16332_20241231,1,1,0.20525108778412143,0.27842700585562824,<1bn
151926,NM,12001.0,20241231,194866,223710,194866,FIRST STATE BANK,40945,43187,9410,8980,16333,159233,20407.0,16333_20241231,1,1,0.04608294930875576,0.09437254318352098,<1bn
117020,NM,0.0,20241231,167513,200968,167513,FIRST STATE BANK OF ODEM,41751,50775,40289,56267,16334,94689,0.0,16334_20241231,1,1,0.335896318494684,0.5764089951227666,<1bn
205646,NM,31629.0,20241231,205504,224712,205504,TRI-COUNTY BANK,54053,233,0,4936,16339,147904,23952.0,16339_20241231,1,1,0.02401899719713485,0.02401899719713485,<1bn
51078,NM,814.0,20241231,68231,75023,68231,STATE BANK OF PEARL CITY,23939,17337,316,16640,16344,33053,0.0,16344_20241231,1,1,0.24387741642361976,0.24850874236051063,<1bn
197841,NM,182198.0,20241231,492919,560384,492919,CAPRA BANK,235961,295951,16564,75463,16363,231800,30000.0,16363_20241231,1,1,0.1530941189120322,0.1866980173213043,<1bn
127987,NM,10933.0,20241231,205047,223497,205047,CITIZENS BANK,42785,77315,5856,14792,16369,156807,19881.0,16369_20241231,1,1,0.07213955824762128,0.10069886416285047,<1bn
161862,NM,15970.0,20241231,191608,210299,191608,HICKSVILLE BANK,50257,30161,1219,14919,16370,132638,398.0,16370_20241231,1,1,0.07786209344077491,0.08422404074986431,<1bn
86023,NM,4712.0,20241231,99716,109586,99716,BRANTLEY BANK&TRUST CO,23748,13935,955,5492,16386,73641,14075.0,16386_20241231,1,1,0.05507641702434915,0.0646536162702074,<1bn
995188,NM,91990.0,20241231,1364424,1494224,1364424,BANK OF TRAVELERS REST,417175,371330,52552,177323,16389,839194,0.0,16389_20241231,1,1,0.12996180073056468,0.16847768728782256,1-10bn
37772,NM,4447.0,20241231,42549,48336,42549,TABLE GROVE STATE BANK,9504,4839,0,3528,16394,34219,0.0,16394_20241231,1,1,0.08291616724247339,0.08291616724247339,<1bn
173557,NM,22012.0,20241231,216073,232749,216073,LAFAYETTE STATE BANK,31539,43627,0,46941,16396,140725,0.0,16396_20241231,1,1,0.21724602333470633,0.21724602333470633,<1bn
724152,NM,73060.0,20241231,1014626,1175847,1014626,BENNINGTON STATE BANK,263711,292225,59029,97821,16402,734454,5001.0,16402_20241231,1,1,0.09641089426054526,0.15458898155576536,1-10bn
153698,NM,2544.0,20241231,194120,214873,194120,ANDOVER STATE BANK,12279,40974,2398,3704,16410,181831,7779.0,16410_20241231,1,1,0.01908098083659592,0.03143416443437049,<1bn
69122,NM,20143.0,20241231,73489,84321,73489,BANK OF STRONGHURST,39340,4518,986,2271,16413,37869,0.0,16413_20241231,1,1,0.030902584060199485,0.04431955802909279,<1bn
350092,N,11398.0,20241231,374898,463077,374898,FSNB NATIONAL ASSN,234468,24889,0,33400,16416,155075,0.0,16416_20241231,1,1,0.0890908993913011,0.0890908993913011,<1bn
133232,NM,0.0,20241231,156838,175636,156838,CITIZENS BANK&TRUST CO,24238,24492,0,6600,16417,139710,0.0,16417_20241231,1,1,0.0420816383784542,0.0420816383784542,<1bn
705034,SB,9814.0,20241231,1133225,1329164,1133225,BANKSOUTH,48104,429302,3264,141512,16418,1070728,80499.0,16418_20241231,1,1,0.12487546603719474,0.12775574135762977,1-10bn
207518,NM,59794.0,20241231,292924,312781,292924,CENTERA BANK,131578,86162,23293,15061,16436,149336,0.0,16436_20241231,1,1,0.051416066966175525,0.13093498654941213,<1bn
100676,NM,37000.0,20241231,149662,169875,149662,FARMERS&MERCHANTS BANK,71203,49464,6947,36386,16440,54255,0.0,16440_20241231,1,1,0.24312116636153466,0.28953909476019296,<1bn
75468,NM,0.0,20241231,93594,102392,93594,SECURITY STATE BANK,25890,18555,9755,1945,16448,66251,0.0,16448_20241231,1,1,0.020781246661110756,0.1250080133341881,<1bn
6318813,SM,1932271.0,20241231,10055588,12011325,10055588,BUSEY BANK,2642418,3784530,0,697001,16450,7617340,13090.0,16450_20241231,1,1,0.06931479292906591,0.06931479292906591,10-100bn
93401,NM,24771.0,20241231,121867,131698,121867,WHITESVILLE STATE BANK,46926,28964,0,7723,16453,69149,245.0,16453_20241231,1,1,0.06337236495523808,0.06337236495523808,<1bn
224332,NM,2967.0,20241231,287234,321688,287234,MERCHANTS&PLANTERS BANK,86106,63122,2395,28777,16464,178305,266.0,16464_20241231,1,1,0.10018660743505295,0.10852475681848249,<1bn
1238176,NM,485360.0,20241231,2644530,2870970,2644530,JEFFERSON BANK,597223,1422881,0,188723,16470,1873484,63129.0,16470_20241231,1,1,0.07136353151599717,0.07136353151599717,1-10bn
114245,NM,0.0,20241231,133863,159171,133863,KENDALL BANK,0,19905,0,1987,16471,152661,2967.0,16471_20241231,1,1,0.014843534060942904,0.014843534060942904,<1bn
80549,NM,12766.0,20241231,109877,151485,109877,FIRST BANK,47713,29374,977,3592,16473,89748,10472.0,16473_20241231,1,1,0.032691100048235756,0.04158286083529765,<1bn
50314,NM,0.0,20241231,66979,73013,66979,STATE BANK OF LAKOTA,16633,16822,0,1620,16477,39166,0.0,16477_20241231,1,1,0.024186685378999387,0.024186685378999387,<1bn
518978,N,174246.0,20241231,999716,1178534,999716,FIRST BANKERS TRUST CO NA,409495,485849,1999,81161,16501,621126,38832.0,16501_20241231,1,1,0.08118405627198125,0.0831836241492584,1-10bn
14123,NM,0.0,20241231,15112,18053,15112,NEBRASKA STATE BANK,0,1008,0,9561,16516,8131,250.0,16516_20241231,1,1,0.6326760190577025,0.6326760190577025,<1bn
472528,NM,38250.0,20241231,530548,611979,530548,METAIRIE BANK&TRUST CO,125913,58317,29505,12353,16539,445736,0.0,16539_20241231,1,1,0.02328347293741565,0.07889578322790775,<1bn
756954,NM,124129.0,20241231,1032873,1197708,1032873,JD BANK,346730,276815,18029,60800,16546,717160,0.0,16546_20241231,1,1,0.05886493305566125,0.0763201284184987,1-10bn
84667,NM,3025.0,20241231,112655,163438,112655,BANK PLUS,18525,28455,0,1376,16547,132174,10506.0,16547_20241231,1,1,0.01221428254405042,0.01221428254405042,<1bn
960218,NM,113242.0,20241231,1092368,1360078,1092368,ELKHORN VALLEY BANK&TRUST,277142,135417,66673,21595,16553,983945,91490.0,16553_20241231,1,1,0.019768978952147995,0.08080427108813147,1-10bn
20194,NM,0.0,20241231,22907,28675,22907,STATE BANK OF EASTON,4570,2817,2308,5561,16561,17487,0.0,16561_20241231,1,1,0.24276422054393854,0.34351944820360586,<1bn
106699011,N,34109104.0,20241231,210560441,263653406,210560441,BMO BANK NATIONAL ASSN,63487398,105692925,20807830,26998291,16571,146053150,11111931.0,16571_20241231,1,1,0.12822109828312908,0.22704227238961758,>=100bn
54979,NM,2621.0,20241231,64578,78333,64578,CITIZENS STATE BANK,4123,9750,0,2428,16581,57202,1987.0,16581_20241231,1,1,0.037597943572114344,0.037597943572114344,<1bn
7599,SM,9.0,20241231,10242,11258,10242,STATE BANK OF BURRTON,2641,2647,0,2100,16583,5835,0.0,16583_20241231,1,1,0.2050380785002929,0.2050380785002929,<1bn
75997,NM,16668.0,20241231,88789,106700,88789,CARVER STATE BANK,31496,13095,11833,25164,16584,41726,30333.0,16584_20241231,1,1,0.2834134859047855,0.4166844992059827,<1bn
19513,NM,1150.0,20241231,19482,26506,19482,VERMONT STATE BANK,1567,70,0,8737,16585,14344,150.0,16585_20241231,1,1,0.4484652499743353,0.4484652499743353,<1bn
454185,NM,33663.0,20241231,597082,664753,597082,CCB COMMUNITY BANK,65330,145926,1929,91224,16595,487715,6000.0,16595_20241231,1,1,0.1527830348260373,0.15601374685554079,<1bn
71616,NM,0.0,20241231,162769,186878,162769,FIRST STATE BANK,139048,91212,0,34157,16600,9932,0.0,16600_20241231,1,1,0.20984954137458606,0.20984954137458606,<1bn
132838,NM,0.0,20241231,186859,208723,186859,BANK NORTHWEST,24334,54305,3885,8139,16601,161408,0.0,16601_20241231,1,1,0.04355690654450682,0.06434798430902446,<1bn
102653,SM,2693.0,20241231,114851,129365,114851,PEOPLES BANK,4106,12833,0,3154,16603,102877,0.0,16603_20241231,1,1,0.027461667726010223,0.027461667726010223,<1bn
1649200,SM,65664.0,20241231,2408671,2814773,2408671,BANK INDEPENDENT,373996,766599,195088,387608,16604,1818901,57619.0,16604_20241231,1,1,0.16092193578948724,0.24191597773211868,1-10bn
54718,NM,335.0,20241231,66372,77802,66372,ROCHELLE STATE BANK,10241,11831,0,13128,16609,52015,4509.0,16609_20241231,1,1,0.19779425058759717,0.19779425058759717,<1bn
196287,SM,37892.0,20241231,243599,280458,243599,FNB PICAYUNE BANK,84941,48340,4960,13454,16612,175088,0.0,16612_20241231,1,1,0.05523011178206807,0.07559144331462773,<1bn
226523,NM,100648.0,20241231,376358,409273,376358,UNION BANK INC,170023,150147,0,54707,16620,165310,0.0,16620_20241231,1,1,0.14535894015804102,0.14535894015804102,<1bn
224125,NM,66412.0,20241231,301750,346551,301750,ESB FINANCIAL,90896,77970,16887,16831,16629,224260,0.0,16629_20241231,1,1,0.055777961888980945,0.11174150787075393,<1bn
125557,NM,0.0,20241231,257014,335841,257014,LUMINATE BANK,1956,131796,0,41078,16635,263574,25918.0,16635_20241231,1,1,0.15982786929894868,0.15982786929894868,<1bn
694012,SI,113797.0,20241231,755695,977694,755695,TORRINGTON SAVINGS BANK,148423,61686,0,26384,16636,735023,0.0,16636_20241231,1,1,0.034913556395106495,0.034913556395106495,<1bn
36306,SM,14513.0,20241231,53536,58560,53536,FIRST STATE BANK,23353,17248,2464,4742,16643,20795,0.0,16643_20241231,1,1,0.08857591153616258,0.13460101613867304,<1bn
298869,NM,29183.0,20241231,612682,690575,612682,SOUTHWEST BANK,112717,314399,42920,57671,16652,490658,0.0,16652_20241231,1,1,0.09412876500370503,0.16418141874577677,<1bn
87068,NM,3206.0,20241231,103285,110381,103285,SECURITY STB OF AITKIN,44959,16322,0,11678,16656,45627,0.0,16656_20241231,1,1,0.11306578883671395,0.11306578883671395,<1bn
446969,NM,84945.0,20241231,634517,779041,634517,NORTHEAST BANK,205653,189257,0,12648,16659,550507,72650.0,16659_20241231,1,1,0.01993327207939267,0.01993327207939267,<1bn
601140,SM,61368.0,20241231,739707,938700,739707,PADUCAH BANK&TRUST CO,160585,139054,7426,29362,16664,713569,44740.0,16664_20241231,1,1,0.039694095094409,0.049733205174481245,<1bn
500451,NM,43807.0,20241231,703302,771973,703302,ITASCA BANK&TRUST CO,171194,203412,18891,45521,16666,525620,38.0,16666_20241231,1,1,0.06472468441722048,0.09158512274954429,<1bn
53717,NM,29188.0,20241231,76144,81011,76144,WASHINGTON STATE BANK,45056,22468,1438,2416,16667,30289,0.0,16667_20241231,1,1,0.03172935490649296,0.05061462492120193,<1bn
317135,NM,35499.0,20241231,470652,546935,470652,GIBSLAND BANK&TRUST CO,116026,153885,43224,33331,16689,353371,0.0,16689_20241231,1,1,0.07081877905543799,0.16265733493111684,<1bn
225171,NM,37424.0,20241231,299811,336671,299811,FIRST STATE BANK,96846,75579,12967,22887,16695,206916,0.0,16695_20241231,1,1,0.07633809299858911,0.11958867419807813,<1bn
183648,NM,29845.0,20241231,225871,242213,225871,BANKWEST,101578,42404,43921,6535,16704,123104,0.0,16704_20241231,1,1,0.02893244374001089,0.2233841440468232,<1bn
120432,NM,0.0,20241231,145766,206921,145766,SOUTH CENTRAL STATE BANK,52561,25634,5837,4920,16707,136270,501.0,16707_20241231,1,1,0.03375272697336828,0.07379635854726067,<1bn
124796,NM,18394.0,20241231,341263,369415,341263,WESTERN BANK,75532,216487,2984,30211,16720,145859,0.0,16720_20241231,1,1,0.08852703047209923,0.09727101971206957,<1bn
420181,NM,33580.0,20241231,682454,784699,682454,CAROLINA BANK&TRUST CO,112920,263437,44567,65869,16723,574854,0.0,16723_20241231,1,1,0.09651786054444696,0.16182189568820757,<1bn
272873,NM,11155.0,20241231,344962,376642,344962,NORTH STAR BANK,85757,73383,0,31053,16733,254365,8219.0,16733_20241231,1,1,0.09001861074553139,0.09001861074553139,<1bn
12156,NM,32.0,20241231,14841,20329,14841,PEOPLES STATE BANK,432,2770,0,1077,16744,17911,1236.0,16744_20241231,1,1,0.07256923387911866,0.07256923387911866,<1bn
100991,N,1094.0,20241231,120521,135611,120521,NATIONAL BANK OF ST ANNE,12263,19831,5360,10192,16752,103227,0.0,16752_20241231,1,1,0.08456617518938608,0.129039752408294,<1bn
581121,NM,36016.0,20241231,961925,1097079,961925,CITIZENS STATE BANK,242572,383056,103314,90348,16753,705172,0.0,16753_20241231,1,1,0.09392416248668035,0.20132754632637678,1-10bn
218265,NM,0.0,20241231,245225,341159,245225,CAMPBELL&FETTER BANK,83707,27304,50453,26687,16757,215476,0.0,16757_20241231,1,1,0.10882658782750536,0.3145682536446121,<1bn
32092,NM,996.0,20241231,38034,44320,38034,FRANKLIN STATE BANK,6141,6161,3005,10588,16778,24812,0.0,16778_20241231,1,1,0.2783824998685387,0.3573907556396908,<1bn
255467,NM,45147.0,20241231,341530,375184,341530,GREAT OAKS BANK,95251,86677,4949,18099,16780,246694,20000.0,16780_20241231,1,1,0.05299388047902088,0.06748455479752877,<1bn
45600,NM,988.0,20241231,65092,73049,65092,UNION STATE BANK,11173,19584,1944,4017,16788,49234,1052.0,16788_20241231,1,1,0.06171265286056658,0.09157807411048977,<1bn
73299,SM,4.0,20241231,92558,104574,92558,ALL CAPITAL BANK,5056,19408,1493,8633,16795,81915,2559.0,16795_20241231,1,1,0.093271246137557,0.10940167246483286,<1bn
713999,NM,3673.0,20241231,812085,966788,812085,FARMERS&MERCHANTS BANK,578394,97847,0,38621,16810,255754,490829.0,16810_20241231,1,1,0.04755782953754841,0.04755782953754841,<1bn
239202,NM,21514.0,20241231,409245,481336,409245,CITIZENS BANK,89289,171083,14940,92013,16817,274079,0.0,16817_20241231,1,1,0.22483597844811787,0.26134222776087673,<1bn
303116,NM,49449.0,20241231,309221,358897,309221,BANK OF GLEN BURNIE,107949,6258,0,24146,16820,202380,0.0,16820_20241231,1,1,0.07808654651527548,0.07808654651527548,<1bn
253470,NM,6059.0,20241231,336544,390446,336544,SUNMARK COMMUNITY BANK,15670,83778,0,84948,16825,260028,0.0,16825_20241231,1,1,0.2524127602928592,0.2524127602928592,<1bn
17033155,NM,10962113.0,20241231,28459302,39595132,28459302,PROSPERITY BANK,11094424,11468057,0,1978591,16835,21797404,0.0,16835_20241231,1,1,0.06952352520803216,0.06952352520803216,10-100bn
103489,NM,16024.0,20241231,123603,141194,123603,RIVER FALLS STATE BANK,23968,20666,1443,8029,16840,101298,10106.0,16840_20241231,1,1,0.06495797027580237,0.07663244419633827,<1bn
761404,NM,68426.0,20241231,979756,1113951,979756,FIRST ARKANSAS BANK&TRUST,225731,220902,0,22257,16849,765760,0.0,16849_20241231,1,1,0.022716880529437943,0.022716880529437943,1-10bn
179488,NM,24000.0,20241231,263141,313903,263141,CITIZENS DEP BK ARLINGTON,59435,84908,0,16329,16852,221290,34063.0,16852_20241231,1,1,0.06205418387860501,0.06205418387860501,<1bn
154929,NM,24651.0,20241231,272787,291761,272787,COMMUNITY 1ST BANK LAS VEGAS,86629,118044,33328,18624,16854,87255,0.0,16854_20241231,1,1,0.06827304820244366,0.19044895834478917,<1bn
446758,NM,58162.0,20241231,685336,804832,685336,FIRST AMERICAN BANK&TRUST CO,151924,238743,41738,17099,16858,601724,0.0,16858_20241231,1,1,0.0249498056427796,0.08585131964467065,<1bn
218851,NM,84343.0,20241231,277822,331115,277822,CITIZENS INDEPENDENT BANK,95091,59367,0,12897,16863,207912,0.0,16863_20241231,1,1,0.04642180964790405,0.04642180964790405,<1bn
166869,NM,17009.0,20241231,283035,320037,283035,WEST TEXAS STATE BANK,51052,117723,0,33764,16866,211869,5000.0,16866_20241231,1,1,0.11929266698464853,0.11929266698464853,<1bn
27144,NM,0.0,20241231,31022,35356,31022,CORN GROWERS STATE BANK,9723,3926,0,1358,16868,22236,0.0,16868_20241231,1,1,0.04377538521049578,0.04377538521049578,<1bn
14668389,SM,4997422.0,20241231,23851926,27656514,23851926,UNITED COMMUNITY BANK,6789417,9558237,523565,512379,16889,18026516,168292.0,16889_20241231,1,1,0.02148166148092192,0.04343229976480725,10-100bn
413152,NM,135551.0,20241231,556188,692921,556188,PILGRIM BANK,153214,144009,0,10064,16891,483315,21000.0,16891_20241231,1,1,0.018094601106100814,0.018094601106100814,<1bn
148798,NM,22653.0,20241231,164929,201106,164929,FIRST STATE BANK OF BEDIAS,45038,16463,2761,22977,16895,120764,0.0,16895_20241231,1,1,0.13931449290300674,0.15605502974006996,<1bn
249745,NM,32181.0,20241231,341024,396305,341024,F&M BANK,98031,91631,0,30200,16897,239261,7037.0,16897_20241231,1,1,0.08855681711551093,0.08855681711551093,<1bn
71540,NM,16022.0,20241231,103288,109883,103288,PRINCEVILLE STATE BANK,36069,31795,1680,9486,16900,58453,2000.0,16900_20241231,1,1,0.09184029122453721,0.10810549144140655,<1bn
37334,NM,0.0,20241231,39781,49028,39781,STATE BANK OF TAUNTON,9633,2614,6163,1944,16906,33718,0.0,16906_20241231,1,1,0.04886754983534854,0.20379075438023178,<1bn
54986,NM,0.0,20241231,66867,81034,66867,SSB BANK,27692,11999,5274,14128,16908,30248,0.0,16908_20241231,1,1,0.21128508830962955,0.29015807498467105,<1bn
246779,NM,12551.0,20241231,293013,331583,293013,22ND STATE BANK,17370,46390,0,8767,16910,259248,40562.0,16910_20241231,1,1,0.029920174190223643,0.029920174190223643,<1bn
63410,NM,5270.0,20241231,72028,81805,72028,F&M BANK&TRUST CO,5270,8997,0,7339,16916,57532,0.0,16916_20241231,1,1,0.1018909313044927,0.1018909313044927,<1bn
45285,NM,28790.0,20241231,52110,55551,52110,CITIZENS STATE BANK,34289,6874,0,8507,16934,10386,0.0,16934_20241231,1,1,0.1632508155824218,0.1632508155824218,<1bn
59561,NM,14541.0,20241231,74278,79452,74278,FARMERS STATE BANK,32032,14886,0,1316,16941,40240,0.0,16941_20241231,1,1,0.017717224481003796,0.017717224481003796,<1bn
36054,NM,0.0,20241231,51546,57328,51546,BANK OF CLARKS,8301,15574,965,1661,16953,43796,8100.0,16953_20241231,1,1,0.03222364489970124,0.05094478718038257,<1bn
2210696,NM,132120.0,20241231,2826237,3161280,2826237,MINNWEST BANK,495609,624079,106881,195436,16958,2294902,568541.0,16958_20241231,1,1,0.06915060555784953,0.10696802851282465,1-10bn
63495,NM,0.0,20241231,77348,89730,77348,BANK OF BILLINGS,0,14029,0,13559,16959,67836,0.0,16959_20241231,1,1,0.17529865025598593,0.17529865025598593,<1bn
315466,NM,35779.0,20241231,382025,423768,382025,PEOPLES BANK,139215,67182,3626,23059,16968,242455,0.0,16968_20241231,1,1,0.06035992408873765,0.06985144951246647,<1bn
361156,NM,28265.0,20241231,424218,492768,424218,PEOPLES BANK OF KENTUCKY INC,55485,64119,489,29107,16970,378567,4.0,16970_20241231,1,1,0.06861330730897792,0.06976601652923732,<1bn
287996,NM,0.0,20241231,409229,477203,409229,SOLUTIONS NORTH BANK,127148,122231,77500,31648,16971,278959,0.0,16971_20241231,1,1,0.07733567269181803,0.2667161906902981,<1bn
366438,NM,32817.0,20241231,406635,459442,406635,COMMUNITY STB OF ORBISONIA,66773,40356,570,9324,16976,352131,0.0,16976_20241231,1,1,0.02292965435833118,0.02433140285514036,<1bn
4453236,NM,832776.0,20241231,6306052,7230434,6306052,BANK OF COLORADO,2066398,1855603,1038002,227857,16980,4673988,0.0,16980_20241231,1,1,0.03613306709173981,0.20073716486955706,1-10bn
679769,SM,41559.0,20241231,998123,1150430,998123,BANK OF PONTIAC,159786,320415,20388,109685,16982,802691,22724.0,16982_20241231,1,1,0.10989126590610576,0.13031760614673743,1-10bn
95362,NM,423.0,20241231,106819,174740,106819,FIRST SECURITY BANK&TRUST CO,423,11821,0,1598,17001,156301,12043.0,17001_20241231,1,1,0.01495988541364364,0.01495988541364364,<1bn
212655,NM,1428.0,20241231,296082,356532,296082,CENTRAL BANK OF KANSAS CITY,27129,83694,9771,32069,17009,288011,27510.0,17009_20241231,1,1,0.10831121108341608,0.1413122040515803,<1bn
417915,NM,1271.0,20241231,582872,689110,582872,FNB SOUTH,99472,166352,96722,113772,17011,414756,0.0,17011_20241231,1,1,0.19519208333905214,0.3611324613294171,<1bn
495840,NM,118158.0,20241231,700693,786719,700693,WILSON&MUIR BANK&TRUST CO,215252,205214,5815,34847,17040,512510,0.0,17040_20241231,1,1,0.0497321936996659,0.05803112061915846,<1bn
33827,NM,3836.0,20241231,41885,50811,41885,STATE BANK OF BELLINGHAM,20051,8365,0,1357,17062,27335,7345.0,17062_20241231,1,1,0.032398233257729496,0.032398233257729496,<1bn
342894,NM,0.0,20241231,417964,501373,417964,LABETTE BANK,117559,76398,2977,39975,17068,321221,0.0,17068_20241231,1,1,0.09564220841986391,0.10276483142088792,<1bn
76205,NM,0.0,20241231,97691,111257,97691,PEOPLES BANK,35359,21665,0,37666,17073,34567,0.0,17073_20241231,1,1,0.3855626413896879,0.3855626413896879,<1bn
760137,NM,96023.0,20241231,975273,1100842,975273,FIRST US BANK,168570,216789,42360,47216,17077,812855,72396.0,17077_20241231,1,1,0.0484131109955879,0.09184710332388982,1-10bn
177285,NM,3856.0,20241231,298516,344062,298516,HOMEBANK TEXAS,17572,121665,0,19499,17094,268996,12000.0,17094_20241231,1,1,0.06531978185423896,0.06531978185423896,<1bn
98133,NM,37399.0,20241231,126898,139711,126898,LIBERTY STATE BANK,75475,29323,0,3993,17096,47230,0.0,17096_20241231,1,1,0.03146621696165424,0.03146621696165424,<1bn
479225,NM,85578.0,20241231,572891,643974,572891,COMMUNITY B&T WACO TEXAS,214236,94870,9819,20407,17108,384928,74983.0,17108_20241231,1,1,0.035621086733776584,0.052760472760088745,<1bn
776064,SI,68940.0,20241231,827656,1041970,827656,PARTNERS BANK OF NEW ENGLAND,103973,51924,5615,20737,17115,863959,55492.0,17115_20241231,1,1,0.025055095353625177,0.03183931488444475,1-10bn
489087,NM,133783.0,20241231,799288,873036,799288,FIRST SECURITY BANK,280388,314129,0,19650,17120,508891,10000.0,17120_20241231,1,1,0.024584380098287475,0.024584380098287475,<1bn
26612,NM,7752.0,20241231,31302,34266,31302,LAKE COUNTRY COMMUNITY BANK,9996,4790,709,9633,17122,11059,0.0,17122_20241231,1,1,0.30774391412689284,0.3303942240112453,<1bn
525917,SI,82250.0,20241231,616471,695416,616471,ARTISANS BANK,117203,90648,0,38159,17123,502667,0.0,17123_20241231,1,1,0.061899099876555425,0.061899099876555425,<1bn
167209,NM,0.0,20241231,217479,281489,217479,INTERCITY STATE BANK,30298,50628,11815,26647,17128,213936,0.0,17128_20241231,1,1,0.12252677269989286,0.17685385715402407,<1bn
12350,NM,5.0,20241231,13416,15098,13416,PEOPLES STATE BANK,1253,1072,998,2633,17138,10280,0.0,17138_20241231,1,1,0.19625819916517592,0.2706469886702445,<1bn
344395,NM,32003.0,20241231,407775,580110,407775,HERITAGE BANK,324936,63676,271830,20511,17145,221568,0.0,17145_20241231,1,1,0.05029979768254552,0.716917417693581,<1bn
1493622,NM,138810.0,20241231,2574705,3317048,2574705,BANK OF UTAH,301675,1087687,5935,164217,17159,2619300,388343.0,17159_20241231,1,1,0.06378089917097299,0.06608601762143625,1-10bn
28679,SM,2.0,20241231,33437,37489,33437,COTTONWOOD VALLEY BANK,23058,4793,0,6647,17160,3915,0.0,17160_20241231,1,1,0.198791757633759,0.198791757633759,<1bn
461392,NM,90600.0,20241231,639672,746185,639672,DAIRY STATE BANK,305531,180017,88029,70479,17162,344034,0.0,17162_20241231,1,1,0.11017990470115935,0.24779574531947623,<1bn
105907,NM,29029.0,20241231,125853,144342,125853,STATE BANK&TRUST CO,43092,20352,0,4524,17169,90386,0.0,17169_20241231,1,1,0.03594669972110319,0.03594669972110319,<1bn
27075,NM,6053.0,20241231,33164,35321,33164,PEOPLES STB FAIRMOUNT N D,7818,6190,0,1547,17174,22565,0.0,17174_20241231,1,1,0.046646966590278616,0.046646966590278616,<1bn
971327,SI,69171.0,20241231,1219406,1600157,1219406,MEREDITH VILLAGE SB,92280,250714,13785,34784,17180,1405137,76854.0,17180_20241231,1,1,0.028525363988696137,0.03983004840061473,1-10bn
128120,NM,2746.0,20241231,151144,190516,151144,BANK OF CAMILLA,41820,23774,926,24413,17190,110514,22403.0,17190_20241231,1,1,0.1615214629757053,0.16764807071402107,<1bn
108030,NM,0.0,20241231,138595,166656,138595,WARRINGTON BANK,102062,30646,102062,7570,17193,54880,0.0,17193_20241231,1,1,0.054619575020743896,0.7910242072224828,<1bn
35019,NM,4825.0,20241231,39410,47319,39410,POTTER STATE BANK OF POTTER,17523,4436,1560,5667,17205,19777,0.0,17205_20241231,1,1,0.14379599086526262,0.18337985282923117,<1bn
1032747,SM,20050.0,20241231,1317729,1486851,1317729,CITIZENS BANK,92543,286342,0,78449,17211,1222377,98651.0,17211_20241231,1,1,0.059533485261385306,0.059533485261385306,1-10bn
251951,NM,77931.0,20241231,374646,416407,374646,CITIZENS STATE BANK,149166,125564,0,5112,17214,249235,0.0,17214_20241231,1,1,0.013644880767444467,0.013644880767444467,<1bn
100186,NM,49497.0,20241231,290791,326347,290791,FIRST SECURITY T&SB,92108,190866,0,50248,17224,177142,0.0,17224_20241231,1,1,0.17279764504403505,0.17279764504403505,<1bn
297216,NM,25609.0,20241231,386525,477436,386525,HENDERSON STATE BANK,71238,90221,0,7275,17229,375063,51329.0,17229_20241231,1,1,0.018821550999288533,0.018821550999288533,<1bn
318559,N,0.0,20241231,587771,711782,587771,ALBANY B&T CO NA,34776,271873,13878,89614,17230,575388,0.0,17230_20241231,1,1,0.1524641399456591,0.17607537629450926,<1bn
99544,NM,15242.0,20241231,118015,130787,118015,SIDNEY STATE BANK,27529,18680,3339,10592,17232,90147,962.0,17232_20241231,1,1,0.08975130280049147,0.11804431640045757,<1bn
98534,NM,24049.0,20241231,129379,149020,129379,NORTH CENTRAL BANK,46200,31041,495,7825,17241,83872,0.0,17241_20241231,1,1,0.060481221836619546,0.06430719050232263,<1bn
102278,SM,214.0,20241231,140288,193861,140288,ST ANSGAR STATE BANK,56767,38398,2008,9129,17259,121198,0.0,17259_20241231,1,1,0.06507327782846715,0.07938669023722628,<1bn
361384,SI,0.0,20241231,422111,500038,422111,ESSEX SAVINGS BANK,61998,61479,59541,50104,17262,355106,0.0,17262_20241231,1,1,0.11869863614073076,0.2597539509749805,<1bn
27789618,NM,5139091.0,20241231,41792967,51566291,41792967,UMPQUA BANK,8338992,14033526,321297,1877973,17266,37327807,3030936.0,17266_20241231,1,1,0.04493514423132485,0.052622968835880926,10-100bn
315158,NM,72024.0,20241231,427300,432354,427300,BANK OF TIOGA,270017,113444,22422,6367,17280,106453,145000.0,17280_20241231,1,1,0.014900538263515095,0.06737421015679851,<1bn
34159898,N,3552804.0,20241231,76624504,92193181,76624504,CITY NATIONAL BANK,18255028,44876751,11144886,7231573,17281,62266962,11156913.0,17281_20241231,1,1,0.09437676751551957,0.23982483462470439,10-100bn
412949,NM,3092.0,20241231,641611,819973,641611,BANKIOWA,128292,230922,41686,8677,17282,637782,22524.0,17282_20241231,1,1,0.013523770633608214,0.07849460186935697,<1bn
3858212,NM,1063399.0,20241231,6667031,7459770,6667031,CENTRAL PACIFIC BANK,1334588,2818272,59498,380941,17308,5279332,0.0,17308_20241231,1,1,0.05713802740680222,0.06606223969860048,1-10bn
211596,NM,0.0,20241231,270941,302670,270941,GOPPERT STATE SERVICE BANK,16481,60409,16038,37344,17317,238211,0.0,17317_20241231,1,1,0.13783074543904392,0.1970244444362426,<1bn
292652,NM,81810.0,20241231,481385,592329,481385,PEOPLES BANK&TRUST,128643,188826,0,11562,17320,408114,893.0,17320_20241231,1,1,0.02401819749265141,0.02401819749265141,<1bn
2768255,NM,318875.0,20241231,3554294,4217547,3554294,FIRST STATE COMMUNITY BANK,583254,792425,30601,224067,17323,3095828,67127.0,17323_20241231,1,1,0.06304121155987659,0.07165079759862296,1-10bn
200644,NM,36399.0,20241231,247602,276343,247602,BANK OF DICKSON,92056,47785,7702,5408,17327,170221,0.0,17327_20241231,1,1,0.021841503703524206,0.05294787602684954,<1bn
274323,NM,3178.0,20241231,450313,572985,450313,SOUTH STORY BANK&TRUST,7497,178360,0,35957,17348,508467,91662.0,17348_20241231,1,1,0.07984890509490065,0.07984890509490065,<1bn
42027,NM,21318.0,20241231,67091,73281,67091,FIRST STB OF SAN DIEGO,37825,25199,11491,16293,17350,18582,0.0,17350_20241231,1,1,0.242849264431891,0.4141241001028454,<1bn
109243,NM,11320.0,20241231,174280,189013,174280,CARSON BANK,32376,65376,9687,19306,17369,126933,8257.0,17369_20241231,1,1,0.11077576313977508,0.16635873307321553,<1bn
303988,NM,0.0,20241231,346371,466926,346371,MID-AMERICA BANK,34559,43974,0,12877,17374,356821,9142.0,17374_20241231,1,1,0.03717689991367638,0.03717689991367638,<1bn
29968,NM,10565.0,20241231,46931,50388,46931,STATE EXCHANGE BANK,20546,17031,0,445,17375,15996,0.0,17375_20241231,1,1,0.0094820054974324,0.0094820054974324,<1bn
241559,NM,25151.0,20241231,342935,431003,342935,M C BANK&TRUST CO,37920,102228,0,38952,17388,319167,0.0,17388_20241231,1,1,0.11358420691967866,0.11358420691967866,<1bn
3059118,NM,938719.0,20241231,5426700,6288885,5426700,GERMAN AMERICAN BANK,1513530,2416895,110864,188825,17393,4088705,0.0,17393_20241231,1,1,0.03479554793889472,0.05522490648091842,1-10bn
104569,SM,17008.0,20241231,144172,169426,144172,IMPACT BANK,41798,40006,0,8792,17399,106421,14500.0,17399_20241231,1,1,0.060982715090308795,0.060982715090308795,<1bn
25532,NM,0.0,20241231,33793,51253,33793,HAVILAND STATE BANK,11199,8302,0,2291,17403,35819,0.0,17403_20241231,1,1,0.0677951054952209,0.0677951054952209,<1bn
65395,NM,2149.0,20241231,91269,111900,91269,BENDENA STATE BANK,34072,26060,1853,2367,17410,72531,0.0,17410_20241231,1,1,0.025934326003352725,0.046236947923172164,<1bn
318916,SM,9922.0,20241231,435345,571946,435345,MOUNTAIN VALLEY BANK,117749,117647,32588,26611,17411,395388,28505.0,17411_20241231,1,1,0.06112623321733338,0.1359818075319574,<1bn
579985,SM,52693.0,20241231,659669,839584,659669,STONE BANK,88628,80783,0,36274,17431,636593,46750.0,17431_20241231,1,1,0.054988183467769444,0.054988183467769444,<1bn
2681507,SM,193115.0,20241231,3939361,4440049,3939361,DACOTAH BANK,552250,1274158,166643,73554,17437,3579192,0.0,17437_20241231,1,1,0.018671556122934658,0.060973594448439736,1-10bn
3109821,N,0.0,20241231,3686346,6310718,3686346,FIRST NB OF AMERICA,81542,587497,0,250160,17438,5786604,1719180.0,17438_20241231,1,1,0.06786123711664613,0.06786123711664613,1-10bn
12633,NM,0.0,20241231,14008,17468,14008,DYSART STATE BANK,726,1384,0,2915,17441,10053,0.0,17441_20241231,1,1,0.20809537407195888,0.20809537407195888,<1bn
237330,SI,28483.0,20241231,296951,362004,296951,PISCATAQUA SAVINGS BANK,114908,59638,8150,21154,17443,196685,0.0,17443_20241231,1,1,0.07123734218776835,0.09868294769170671,<1bn
410784,NM,175418.0,20241231,523651,550816,523651,COMMUNITY BANK,385817,113176,53789,16989,17445,134021,0.0,17445_20241231,1,1,0.03244336399624941,0.13516254146368478,<1bn
139502,NM,51071.0,20241231,250841,286791,250841,MAVERICK BANK,77530,112209,0,36672,17446,150782,0.0,17446_20241231,1,1,0.14619619599666722,0.14619619599666722,<1bn
30213,NM,0.0,20241231,34074,41347,34074,DEFIANCE STATE BANK,5649,3862,0,3135,17450,30710,0.0,17450_20241231,1,1,0.09200563479485825,0.09200563479485825,<1bn
110944,SM,0.0,20241231,160591,180897,160591,HALSTEAD BANK,27691,49819,26872,9593,17451,132984,1.0,17451_20241231,1,1,0.059735601621510544,0.22706751935039945,<1bn
356298,NM,73809.0,20241231,502950,616831,502950,APPLE RIVER STATE BANK,163936,147001,14057,69617,17453,360572,0.0,17453_20241231,1,1,0.1384173377075256,0.16636643801570733,<1bn
1124357,NM,0.0,20241231,1547771,1961893,1547771,FIRST BANK CHICAGO,483858,425285,0,61789,17470,1339909,260849.0,17470_20241231,1,1,0.03992128034444372,0.03992128034444372,1-10bn
506042,SM,13577.0,20241231,688452,889964,688452,UNITED BANK&TRUST,153874,183531,45686,16500,17477,656472,0.0,17477_20241231,1,1,0.0239668125010894,0.09032728498137851,<1bn
566770,NM,39336.0,20241231,750728,912555,750728,FIRSTIER BANK,48305,186391,0,8411,17478,761089,23308.0,17478_20241231,1,1,0.011203791519698213,0.011203791519698213,<1bn
5642615,SM,1724002.0,20241231,11257804,13329161,11257804,PLAINSCAPITAL BANK,2104929,5708244,4762,2173693,17491,8344432,15173.0,17491_20241231,1,1,0.1930832158740728,0.1935062113357099,10-100bn
611878,NM,65931.0,20241231,992014,1145897,992014,FIRST STB OF THE FL KEYS,288261,383497,21244,11028,17509,815995,0.0,17509_20241231,1,1,0.01111677859385049,0.03253179894638584,1-10bn
209469,N,20396.0,20241231,283367,336829,283367,FISHER NATIONAL BANK,55579,74320,0,8072,17513,250068,7026.0,17513_20241231,1,1,0.028486026954444237,0.028486026954444237,<1bn
2292208,NM,59689.0,20241231,2837285,3116135,2837285,BANTERRA BANK,531370,549889,11815,52053,17514,2396040,430845.0,17514_20241231,1,1,0.018346059701439932,0.022510251878115874,1-10bn
85458720,N,32659566.0,20241231,154986169,184461420,154986169,KEYBANK NATIONAL ASSN,45101680,76841586,8396129,19234191,17534,103892889,4988886.0,17534_20241231,1,1,0.12410262879650893,0.17827603700559888,>=100bn
106552,NM,12732.0,20241231,144095,152773,144095,BANK OF DADE,53602,37898,240,5008,17543,86468,0.0,17543_20241231,1,1,0.03475484923140983,0.036420417085950244,<1bn
33133,NM,916.0,20241231,34600,41521,34600,COMMUNITY STATE BANK,20320,1540,10705,829,17551,15952,0.0,17551_20241231,1,1,0.023959537572254334,0.33335260115606935,<1bn
368367,NM,127735.0,20241231,497568,603711,497568,PALMETTO STATE BANK,324146,130399,0,10329,17563,213051,0.0,17563_20241231,1,1,0.020758971638047463,0.020758971638047463,<1bn
14496,NM,9.0,20241231,19069,23011,19069,BANK OF DENTON,8435,4591,2906,1497,17569,12149,0.0,17569_20241231,1,1,0.07850437883475798,0.23089831663957208,<1bn
139915,N,31499.0,20241231,168750,192999,168750,FIRST NB IN TAYLORVILLE,107644,28923,0,6938,17572,65088,0.0,17572_20241231,1,1,0.041114074074074074,0.041114074074074074,<1bn
300785,NM,1.0,20241231,533443,599734,533443,FNBT BANK,128728,237168,95157,197397,17580,259061,0.0,17580_20241231,1,1,0.3700432848495528,0.5484259799078814,<1bn
165306,NM,3.0,20241231,187825,225233,187825,SIMMESPORT STATE BANK,3035,22802,0,27828,17587,183232,1246.0,17587_20241231,1,1,0.1481591907360575,0.1481591907360575,<1bn
538757,NM,109248.0,20241231,748989,818174,748989,FIRST STATE BANK,165233,210707,21801,68446,17588,549123,0.0,17588_20241231,1,1,0.09138451966584289,0.12049175622071887,<1bn
8386,NM,0.0,20241231,10053,12253,10053,CULBERTSON BANK,3192,1685,597,1944,17589,5755,0.0,17589_20241231,1,1,0.19337511190689347,0.25276037003879437,<1bn
158882,N,3019.0,20241231,259984,292917,259984,NATIONAL BANK OF ANDREWS,46169,101139,9162,9289,17603,204402,0.0,17603_20241231,1,1,0.03572912179211028,0.07096975198473753,<1bn
45203,NM,1842.0,20241231,47647,52728,47647,CITY STATE BANK,9350,2516,1823,5771,17607,34462,0.0,17607_20241231,1,1,0.12111990261716372,0.15938044367956009,<1bn
589443,SM,30383.0,20241231,1086315,1208506,1086315,CENTRAL BANK,164414,497539,15034,51378,17612,950263,9858.0,17612_20241231,1,1,0.047295673906739756,0.06113512194897428,1-10bn
629764,NM,79475.0,20241231,743379,985971,743379,FARMERS BANK&TRUST,438366,118396,0,31690,17614,465486,137548.0,17614_20241231,1,1,0.04262966804281531,0.04262966804281531,<1bn
62008,NM,0.0,20241231,67133,75166,67133,BASILE STATE BANK,164,5528,0,6014,17621,61274,0.0,17621_20241231,1,1,0.08958336436625802,0.08958336436625802,<1bn
218846,NM,64103.0,20241231,270703,307142,270703,ALDEN STATE BANK,76921,52056,3973,40771,17622,175821,0.0,17622_20241231,1,1,0.15061155583794786,0.16528815713161657,<1bn
40754,NM,0.0,20241231,49178,57676,49178,FARMERS STB OF BLUE MOUND,9717,8520,485,3408,17629,33845,1493.0,17629_20241231,1,1,0.06929928016592786,0.07916141364024563,<1bn
14404,NM,0.0,20241231,14391,16445,14391,FARMERS STATE BANK,989,55,492,8052,17632,7247,0.0,17632_20241231,1,1,0.5595163643944132,0.5937043985824474,<1bn
325572,NM,88136.0,20241231,396003,421606,396003,ASTRA BANK,151647,70766,932,7530,17636,223223,5028.0,17636_20241231,1,1,0.019015007462064682,0.021368524985921823,<1bn
384720,NM,8339.0,20241231,468196,522603,468196,RVR BANK,77361,84291,6303,23949,17639,391050,0.0,17639_20241231,1,1,0.05115165443532196,0.06461396509154285,<1bn
283972,N,104608.0,20241231,456935,473696,456935,FIRST NATIONAL BANK,201493,173365,0,43840,17643,208492,10011.0,17643_20241231,1,1,0.09594362436670424,0.09594362436670424,<1bn
105433,NM,12072.0,20241231,147712,182619,147712,STOCKGROWERS STB ASHLAND KS,59939,42790,1990,4043,17650,111005,5959.0,17650_20241231,1,1,0.02737082972270364,0.0408429917677643,<1bn
1235695,SI,297425.0,20241231,1532228,1989287,1532228,NORWAY SAVINGS BANK,431650,298396,5958,31502,17658,1423547,161680.0,17658_20241231,1,1,0.020559603401060417,0.024448058644013816,1-10bn
76995,NM,12247.0,20241231,99227,118442,99227,FIRST STATE BANK OF HEALY,35572,23001,0,960,17661,74700,21186.0,17661_20241231,1,1,0.009674786096526148,0.009674786096526148,<1bn
87772,NM,49.0,20241231,134278,150349,134278,BANK OF PRAIRIE VILLAGE,7802,46604,3201,20335,17671,112113,0.0,17671_20241231,1,1,0.15143955078270455,0.17527815427694782,<1bn
283524,NM,45304.0,20241231,368208,434259,368208,CITIZENS STATE BANK,151284,85096,9782,9884,17672,240120,0.0,17672_20241231,1,1,0.026843523226002693,0.05341002911397905,<1bn
491871,NM,5625.0,20241231,617413,753740,617413,LEGACY BANK,99292,126972,15928,13467,17676,595055,5000.0,17676_20241231,1,1,0.02181197998746382,0.04760994666455031,<1bn
453133,NM,649.0,20241231,541623,613523,541623,OUTDOOR BANK,3323,90461,0,102603,17685,477500,54602.0,17685_20241231,1,1,0.1894361945486067,0.1894361945486067,<1bn
127544,NM,22699.0,20241231,201122,247314,201122,DLP BANK,54518,73598,15406,58749,17734,112339,0.0,17734_20241231,1,1,0.29210628374817277,0.368706556219608,<1bn
4416846,N,1200825.0,20241231,5260314,6438179,5260314,CITY NB OF WEST VIRGINIA,1411045,923667,0,222734,17735,4251319,0.0,17735_20241231,1,1,0.04234233925959553,0.04234233925959553,1-10bn
251588,SI,75480.0,20241231,414239,471267,414239,HOMETOWN SAVINGS BANK,136629,163251,0,29414,17736,270442,0.0,17736_20241231,1,1,0.07100731703195498,0.07100731703195498,<1bn
366144,NM,52792.0,20241231,734493,876395,734493,PLAINS STATE BANK,77490,368740,4520,115168,17739,658255,104722.0,17739_20241231,1,1,0.15679931599075825,0.16295322079311853,<1bn
664218,SI,73353.0,20241231,895674,1167995,895674,MAINE COMMUNITY BANK,107189,231623,961,11554,17741,983817,107679.0,17741_20241231,1,1,0.012899782733449893,0.013972717752217883,1-10bn
817460,SI,130846.0,20241231,1011066,1411602,1011066,SACO&BIDDEFORD SVG INST,187954,198023,0,25575,17743,1131331,253524.0,17743_20241231,1,1,0.02529508459388408,0.02529508459388408,1-10bn
1152636,SI,197654.0,20241231,1393920,1608101,1393920,GORHAM SAVINGS BANK,213941,242789,0,29130,17748,1268666,114679.0,17748_20241231,1,1,0.020897899449035813,0.020897899449035813,1-10bn
577419,SI,133359.0,20241231,1098984,1400586,1098984,BATH SAVINGS INSTITUTION,454205,521780,0,45855,17749,814852,85153.0,17749_20241231,1,1,0.0417249022733725,0.0417249022733725,1-10bn
1124964,SI,87392.0,20241231,1317297,1661812,1317297,ANDROSCOGGIN SAVINGS BANK,126091,193012,0,87877,17751,1362180,317475.0,17751_20241231,1,1,0.0667100889169261,0.0667100889169261,1-10bn
87835,NM,0.0,20241231,100648,108203,100648,BALTIC STATE BANK,5886,12898,0,5646,17759,86166,3082.0,17759_20241231,1,1,0.05609649471425165,0.05609649471425165,<1bn
1758213,SI,150194.0,20241231,2126168,2812780,2126168,CENTREVILLE BANK,416717,369748,0,51680,17764,2170624,283219.0,17764_20241231,1,1,0.02430663992685432,0.02430663992685432,1-10bn
202000,NM,37792.0,20241231,268667,307296,268667,GUARANTY BANK&TRUST CO,59300,66851,14998,18311,17767,213992,0.0,17767_20241231,1,1,0.06815500228907904,0.1239787543687911,<1bn
218439,NM,66913.0,20241231,306469,355939,306469,BANK OF HAYS,124088,88419,6171,8050,17769,207671,0.0,17769_20241231,1,1,0.02626693074992903,0.04640273567636531,<1bn
147118,NM,5950.0,20241231,167988,183362,167988,BLUE RIDGE BANK,26669,20954,0,20399,17773,128179,0.0,17773_20241231,1,1,0.12143129271138414,0.12143129271138414,<1bn
102976,NM,11916.0,20241231,135447,158284,135447,FIRST STATE BANK,46456,32542,0,49498,17775,56644,0.0,17775_20241231,1,1,0.3654418333370248,0.3654418333370248,<1bn
73003,N,6025.0,20241231,85420,101830,85420,PIKES PEAK NATIONAL BANK,17862,12475,1994,15578,17782,63278,0.0,17782_20241231,1,1,0.18236946850854602,0.20571294778740343,<1bn
510474,SB,154187.0,20241231,692478,912350,692478,ROLLSTONE BANK&TRUST,191994,183836,0,4110,17797,650190,139865.0,17797_20241231,1,1,0.00593520660584163,0.00593520660584163,<1bn
3260016,SM,64184.0,20241231,4710345,6411208,4710345,BROOKLINE BANK,405021,1453836,246588,168216,17798,5490870,508442.0,17798_20241231,1,1,0.03571203383191677,0.08806233938278406,1-10bn
485787,NM,205561.0,20241231,707112,807255,707112,CITIZENS BANK,326126,221326,38052,47686,17809,370075,0.0,17809_20241231,1,1,0.06743769021032028,0.12125094751609364,<1bn
201643,N,41618.0,20241231,306388,377736,306388,FIRST NB IN PORT LAVACA,113680,104917,0,28964,17811,214016,0.0,17811_20241231,1,1,0.09453372847500555,0.09453372847500555,<1bn
30833,NM,14350.0,20241231,58298,65346,58298,BANK OF HAZELTON,20682,27764,5597,7975,17813,32560,0.0,17813_20241231,1,1,0.13679714569968096,0.23280386977254794,<1bn
18853,NM,0.0,20241231,18785,22163,18785,BOELUS STATE BANK,417,0,0,16355,17825,5185,0.0,17825_20241231,1,1,0.8706414692573862,0.8706414692573862,<1bn
128592,NM,4285.0,20241231,151525,185802,151525,CITIZENS BANK OF CHARLESTON,22141,23290,3918,28121,17830,122821,0.0,17830_20241231,1,1,0.18558653687510313,0.21144365616234945,<1bn
172749,SM,17875.0,20241231,223223,266075,223223,KAW VALLEY STATE B&T CO,91498,50837,34565,14686,17832,137712,0.0,17832_20241231,1,1,0.06579071153062184,0.2206358663757767,<1bn
10636970,SB,4164036.0,20241231,17340079,20721673,17340079,WILMINGTON SVG FUND SOCIETY,4525809,6820396,0,1151116,17838,13045917,0.0,17838_20241231,1,1,0.0663847033222859,0.0663847033222859,10-100bn
101886,NM,8173.0,20241231,149015,164095,149015,VERMILION BANK&TRUST CO,36231,47510,8416,57112,17841,68009,0.0,17841_20241231,1,1,0.38326342985605477,0.43974096567459653,<1bn
2040423,NM,306776.0,20241231,3842996,4367018,3842996,TEXAS BANK&TRUST CO,477776,1808551,22803,236490,17842,3450732,166914.0,17842_20241231,1,1,0.06153792509802248,0.06747157686346798,1-10bn
201040,NM,44998.0,20241231,358878,491040,358878,STERLING STATE BANK,172645,158172,98459,6243,17863,293213,0.0,17863_20241231,1,1,0.01739588383796165,0.29174817068753167,<1bn
3915358,NM,453637.0,20241231,5440652,6876590,5440652,CAMBRIDGE SAVINGS BANK,716220,1547704,0,83542,17870,5683453,156698.0,17870_20241231,1,1,0.015355144934835016,0.015355144934835016,1-10bn
100838,N,22197.0,20241231,120041,141269,120041,FIRST NATIONAL BANK CORTEZ,33728,19481,0,2748,17872,89735,0.0,17872_20241231,1,1,0.02289217850567723,0.02289217850567723,<1bn
71896,NM,0.0,20241231,82255,94699,82255,BANK OF LOUISIANA,11318,10496,3496,6304,17878,48729,0.0,17878_20241231,1,1,0.07663971795027658,0.1191416935140721,<1bn
146082,NM,0.0,20241231,210042,262591,210042,FREEDOM BANK,32694,64192,32694,52315,17881,155377,1749.0,17881_20241231,1,1,0.24906923377229315,0.40472381714133365,<1bn
1093286,SI,101311.0,20241231,1348133,1764971,1348133,KENNEBEC SAVINGS BANK,205321,255669,1962,46718,17897,1460078,180065.0,17897_20241231,1,1,0.03465385091826993,0.036109196941251344,1-10bn
208102,SM,19494.0,20241231,331456,419980,331456,MAQUOKETA STATE BANK,168961,124432,27159,25681,17903,201000,428.0,17903_20241231,1,1,0.07747936377679089,0.1594178412821008,<1bn
134900,NM,25100.0,20241231,221537,249882,221537,AMERICAN BANK&TRUST CO,54968,86868,992,20146,17906,166235,0.0,17906_20241231,1,1,0.09093740548982789,0.09541521280869561,<1bn
695298,NM,68702.0,20241231,1287283,1493073,1287283,MORRIS BANK,225563,599362,17750,53672,17910,1101486,11142.0,17910_20241231,1,1,0.04169401755480341,0.05548274932551739,1-10bn
96429,N,15701.0,20241231,119862,138267,119862,FIRST NB OF FORT STOCKTON,47945,23508,4945,6208,17913,79428,5500.0,17913_20241231,1,1,0.05179289516277052,0.0930486726402029,<1bn
72885,NM,1065.0,20241231,87571,97567,87571,STRASBURG STATE BANK,19539,15212,498,9619,17922,46421,0.0,17922_20241231,1,1,0.10984229939135101,0.11552911351931576,<1bn
152852,NM,38160.0,20241231,209106,255174,209106,VINTAGE BANK KANSAS,71282,56512,0,7544,17927,159511,16646.0,17927_20241231,1,1,0.03607739615314721,0.03607739615314721,<1bn
525238,NM,6748.0,20241231,693357,813274,693357,BLUE RIDGE BANK&TRUST CO,117236,169229,45917,49301,17933,613034,0.0,17933_20241231,1,1,0.0711047844039939,0.1373289661747123,<1bn
494884,NM,9300.0,20241231,606317,754026,606317,FRANKLIN BANK&TRUST CO,9300,112489,0,57260,17937,646234,0.0,17937_20241231,1,1,0.09443904756092934,0.09443904756092934,<1bn
4873778,SI,816143.0,20241231,6511670,8102950,6511670,LIBERTY BANK,1354159,1641742,0,211187,17943,6052687,239999.0,17943_20241231,1,1,0.032432079635485216,0.032432079635485216,1-10bn
259902,NM,16784.0,20241231,346444,382764,346444,FIRST STATE BANK,38900,87566,0,36738,17950,283974,32747.0,17950_20241231,1,1,0.10604311230675087,0.10604311230675087,<1bn
556473,SI,110146.0,20241231,701106,821983,701106,FRANKLIN SAVINGS BANK,147293,146504,0,14544,17951,612606,22380.0,17951_20241231,1,1,0.020744366757665746,0.020744366757665746,<1bn
278330,NM,9022.0,20241231,348154,417831,348154,DOLORES STATE BANK,80441,70617,2251,6198,17959,282906,0.0,17959_20241231,1,1,0.01780246672449548,0.02426799634644439,<1bn
955391,SI,81340.0,20241231,1120519,1353925,1120519,MERRIMACK COUNTY SB,127934,166869,24764,30730,17960,1138261,37224.0,17960_20241231,1,1,0.027424791547488264,0.049525264631835784,1-10bn
1531908,NM,128642.0,20241231,2111520,2509909,2111520,STATE BANK OF SOUTHERN UTAH,628146,583113,221596,40158,17964,1695646,0.0,17964_20241231,1,1,0.01901852693794044,0.12396472683185572,1-10bn
87769,NM,12169.0,20241231,108538,115220,108538,COMMERCIAL BANK OF OZARK,39055,21295,0,16981,17975,52247,0.0,17975_20241231,1,1,0.1564521181521679,0.1564521181521679,<1bn
153051,NM,26258.0,20241231,242672,265560,242672,CASTROVILLE STATE BANK,64086,89778,3821,25340,17979,170847,0.0,17979_20241231,1,1,0.10442078196083603,0.12016631502604339,<1bn
10019,NM,300.0,20241231,13684,16741,13684,WALTON STATE BANK,6415,3715,5868,6035,17982,2884,0.0,17982_20241231,1,1,0.4410260157848582,0.8698479976615024,<1bn
10443429,NM,5319323.0,20241231,18201560,23831114,20340346,FIRST HAWAIIAN BANK,5717345,9941007,0,1170190,17985,14247865,0.0,17985_20241231,1,1,0.06429064321959217,0.06429064321959217,10-100bn
120230,NM,13238.0,20241231,146859,176432,146859,KEYSTONE SAVINGS BANK,48235,26974,0,11765,17993,108342,0.0,17993_20241231,1,1,0.08011085462927026,0.08011085462927026,<1bn
37430,NM,0.0,20241231,40863,47657,40863,BANK OF GREELEY,12697,3628,1724,10638,17995,22491,0.0,17995_20241231,1,1,0.26033330886131706,0.30252306487531505,<1bn
1868831,SM,60392.0,20241231,2255597,2624175,2255597,BANK OF NEW HAMPSHIRE,264788,386859,0,143755,18012,2069142,191464.0,18012_20241231,1,1,0.06373257279558361,0.06373257279558361,1-10bn
2269658,SM,160370.0,20241231,2614357,2917813,2614357,MASCOMA BANK,340893,346353,75412,36859,18013,2415094,45652.0,18013_20241231,1,1,0.014098686598655041,0.04294402026961123,1-10bn
182391,NM,0.0,20241231,205793,236173,205793,PATRIOTS BANK,22121,23602,3434,18193,18019,182511,0.0,18019_20241231,1,1,0.08840436749549305,0.10509103808195613,<1bn
283379,SI,31415.0,20241231,341523,402051,341523,SUGAR RIVER BANK,79199,58324,0,17414,18028,277108,0.0,18028_20241231,1,1,0.05098924523384955,0.05098924523384955,<1bn
598593,SI,66656.0,20241231,716969,777879,716969,SAVINGS BANK OF WALPOLE,108062,118762,19773,28047,18030,585037,0.0,18030_20241231,1,1,0.03911884614258078,0.06669744438044044,<1bn
490816,SI,89765.0,20241231,530034,675378,530034,WOODSVILLE GUARANTY SB,137420,39365,0,46356,18031,455780,0.0,18031_20241231,1,1,0.0874585403955218,0.0874585403955218,<1bn
121326,NM,3164.0,20241231,142570,152135,142570,SECURITY BANK OF THE OZARKS,26408,21543,1922,17148,18033,98878,0.0,18033_20241231,1,1,0.12027775829417128,0.1337588552991513,<1bn
369485,SI,31873.0,20241231,417615,559057,417615,CLAREMONT SAVINGS BANK,53838,48169,0,40746,18038,429922,10000.0,18038_20241231,1,1,0.09756833447074459,0.09756833447074459,<1bn
11109821,SM,6179643.0,20241231,19379195,23567863,20740211,BANK OF HAWAII,7305571,9754299,279758,763571,18053,13929602,0.0,18053_20241231,1,1,0.03940158505035942,0.05383758200482528,10-100bn
1035099,NM,187018.0,20241231,1813947,2171329,1813947,BANK OF COMMERCE,394588,783287,0,247896,18059,1408528,0.0,18059_20241231,1,1,0.13666110421087274,0.13666110421087274,1-10bn
90243,NM,0.0,20241231,103730,116681,103730,COREBANK,13085,13757,11803,2722,18063,93714,0.0,18063_20241231,1,1,0.026241203123493685,0.14002699315530703,<1bn
62341,NM,573.0,20241231,68785,78580,68785,WATKINS SAVINGS BANK,41887,6713,10441,984,18071,33638,0.0,18071_20241231,1,1,0.01430544450098132,0.16609725957694266,<1bn
23979,NM,3319.0,20241231,26538,31342,26538,MARQUETTE FARMERS STB MARQUE,11682,2723,495,4411,18094,11272,0.0,18094_20241231,1,1,0.16621448488959228,0.18486698319391062,<1bn
789847,NM,308291.0,20241231,1028520,1237982,1028520,COREFIRST BANK&TRUST,316679,239383,3946,25420,18100,819157,0.0,18100_20241231,1,1,0.024715124645121146,0.02855170536304593,1-10bn
40627,NM,908.0,20241231,52360,59379,52360,FARMERS STB OF BUCKLIN KS,10662,11927,195,7617,18101,32556,0.0,18101_20241231,1,1,0.14547364400305576,0.14919786096256685,<1bn
87275,NM,3069.0,20241231,96175,173110,96175,TRICENTURY BANK,3069,9091,0,23331,18109,138856,11377.0,18109_20241231,1,1,0.24258903041330906,0.24258903041330906,<1bn
254265,NM,40134.0,20241231,351555,435153,351555,BANK OF THE PLAINS,83620,98893,0,13418,18118,311177,0.0,18118_20241231,1,1,0.03816756979704456,0.03816756979704456,<1bn
101943,NM,0.0,20241231,136252,169339,136252,FARMERS STB OF ALICEVILLE KS,29470,35174,25324,16814,18120,119402,0.0,18120_20241231,1,1,0.1234036931567977,0.3092651850982004,<1bn
1687672,SM,301994.0,20241231,2269959,2795365,2269959,BANKNEWPORT,368684,584316,0,25419,18129,2279835,144434.0,18129_20241231,1,1,0.011197999611446727,0.011197999611446727,1-10bn
106092,NM,80231.0,20241231,177864,188943,177864,PEARLAND STATE BANK,110426,72335,0,31324,18132,45445,0.0,18132_20241231,1,1,0.17611208563846534,0.17611208563846534,<1bn
60542,N,2771.0,20241231,71120,87973,71120,FIRST NB OF WAUCHULA,5413,10731,0,12416,18136,65310,467.0,18136_20241231,1,1,0.17457817772778403,0.17457817772778403,<1bn
479889,NM,52534.0,20241231,570444,639898,570444,OCONEE STATE BANK,139228,91089,30813,58478,18143,406288,10019.0,18143_20241231,1,1,0.10251313012320228,0.15652894937978137,<1bn
33119,NM,28573.0,20241231,70851,78390,70851,STATE BANK OF EAGLE BUTTE,29013,37753,0,7051,18145,29255,0.0,18145_20241231,1,1,0.09951870827511256,0.09951870827511256,<1bn
108131,NM,24302.0,20241231,186782,229838,186782,BRIDGE CITY STATE BANK,87520,79345,2602,12050,18155,115761,0.0,18155_20241231,1,1,0.06451371117131201,0.07844438971635383,<1bn
62813,NM,5548.0,20241231,77143,92781,77143,GARFIELD COUNTY BANK,14265,14725,3236,8956,18164,49641,0.0,18164_20241231,1,1,0.11609608130355314,0.15804415177008932,<1bn
64549,NM,111.0,20241231,87263,120167,87263,STOCKGROWERS STATE BANK,32758,22854,0,2280,18165,79062,0.0,18165_20241231,1,1,0.026127912173544342,0.026127912173544342,<1bn
226298,NM,0.0,20241231,303585,353228,303585,BANK OF O FALLON,20824,78548,19464,55587,18171,265082,0.0,18171_20241231,1,1,0.1831019319136321,0.24721577153021396,<1bn
742042,N,48716.0,20241231,1079167,1291815,1079167,COMMUNITY NB&T OF TEXAS,156960,337778,0,171250,18185,871189,0.0,18185_20241231,1,1,0.15868720967190436,0.15868720967190436,1-10bn
1838930,SI,334894.0,20241231,2330181,3086225,2330181,UNION SAVINGS BANK,623457,491276,0,93640,18190,2109010,55000.0,18190_20241231,1,1,0.040185719478443946,0.040185719478443946,1-10bn
796550,SI,89427.0,20241231,1018714,1161835,1018714,GUILFORD SAVINGS BANK,196291,222837,59635,47148,18194,853699,9997.0,18194_20241231,1,1,0.046281880881189424,0.10482137282888034,1-10bn
1392801,SI,87788.0,20241231,1799504,2112159,1799504,ION BANK,241254,406922,81953,85888,18198,1614910,42251.0,18198_20241231,1,1,0.04772870746605731,0.09327070125990272,1-10bn
1307107,SI,128136.0,20241231,1500045,1807513,1500045,NEWTOWN SAVINGS BANK,218877,192970,6861,67471,18199,1428733,45958.0,18199_20241231,1,1,0.04497931728714805,0.04955318007126453,1-10bn
657584,SI,146577.0,20241231,894716,1163774,894716,DIME BANK,265415,237488,47852,52850,18200,787159,1000.0,18200_20241231,1,1,0.059069023019595046,0.11255191591521779,1-10bn
1346986,SI,249307.0,20241231,1747014,2321624,1747014,FIRST COUNTY BANK,327509,401219,0,156681,18204,1683584,65276.0,18204_20241231,1,1,0.08968502828254382,0.08968502828254382,1-10bn
832283,SI,233259.0,20241231,1379932,1759057,1379932,FAIRFIELD COUNTY BANK,252026,547650,0,19478,18213,1367141,0.0,18213_20241231,1,1,0.014115188284640113,0.014115188284640113,1-10bn
87573,NM,3923.0,20241231,216376,239292,216376,TEJAS BANK,54770,128804,0,18702,18216,120703,0.0,18216_20241231,1,1,0.08643287610455873,0.08643287610455873,<1bn
46899400,N,15800279.0,20241231,65209254,78957213,65209254,WEBSTER BANK NATIONAL ASSN,17450791,22553081,0,2074059,18221,51843236,3181298.0,18221_20241231,1,1,0.031806206524000416,0.031806206524000416,10-100bn
173340,SI,2856.0,20241231,181026,424873,181026,STAFFORD SAVINGS BANK,288787,7687,81245,63228,18227,63746,0.0,18227_20241231,1,1,0.3492757946372344,0.7980787290223503,<1bn
914739,SI,129151.0,20241231,1017926,1154883,1017926,NORTHWEST COMMUNITY BANK,160302,212021,0,27909,18229,912209,0.0,18229_20241231,1,1,0.027417513650304638,0.027417513650304638,1-10bn
322754,SI,14495.0,20241231,360884,442987,360884,JEWETT CITY SAVINGS BANK,28060,38143,0,28631,18237,358395,0.0,18237_20241231,1,1,0.07933574223296129,0.07933574223296129,<1bn
904112,SI,187468.0,20241231,1198144,1709099,1198144,CHELSEA GROTON BANK,322861,294233,0,33694,18238,1231773,0.0,18238_20241231,1,1,0.028121828427968593,0.028121828427968593,1-10bn
1234890,SI,174423.0,20241231,1603488,1827812,1603488,THOMASTON SAVINGS BANK,364525,368600,67726,54145,18258,1299988,12644.0,18258_20241231,1,1,0.03376701291185216,0.07600368696242192,1-10bn
1900240,NM,14897.0,20241231,2688621,3226777,2688621,NORTHERN BANK&TRUST CO,143902,795882,121850,126839,18266,2779879,544316.0,18266_20241231,1,1,0.04717622900364164,0.09249685991443198,1-10bn
998621,SM,5404.0,20241231,1256941,1521562,1256941,COMMUNITY STATE BANK,271592,261412,0,12769,18272,1148084,155962.0,18272_20241231,1,1,0.010158790269392119,0.010158790269392119,1-10bn
94957,N,66760.0,20241231,156606,162700,156606,FIRST NATIONAL BANK OF ALVIN,94866,62165,0,41737,18282,23022,0.0,18282_20241231,1,1,0.2665095845625327,0.2665095845625327,<1bn
132735,NM,4918.0,20241231,169181,198350,169181,FARMERS SAVINGS BANK,36757,36920,5980,5301,18284,150547,6000.0,18284_20241231,1,1,0.031333305749463594,0.06668006454625519,<1bn
410787,N,168619.0,20241231,770395,857949,770395,HAWAII NATIONAL BANK,187299,360056,0,158959,18296,479783,0.0,18296_20241231,1,1,0.2063344128661271,0.2063344128661271,<1bn
4129867,NM,1045325.0,20241231,6671624,8512453,6671624,SOUTHSIDE BANK,2818385,2549461,173956,373354,18297,4618659,742868.0,18297_20241231,1,1,0.05596148703823837,0.08203549840338724,1-10bn
68292,NM,0.0,20241231,107596,133942,107596,FIRST STATE BANK,15951,39558,14706,13589,18301,86545,0.0,18301_20241231,1,1,0.12629651659913008,0.262974460017101,<1bn
25140,NM,0.0,20241231,33044,48838,33044,POWELL STATE BANK,4423,7945,497,24232,18302,15204,0.0,18302_20241231,1,1,0.7333252632853166,0.7483658152766008,<1bn
250,NM,0.0,20241231,500,84953,500,BOSTON TRUST WALDEN CO,15633,254,500,335,18342,44,0.0,18342_20241231,1,1,0.67,1.67,<1bn
478630,NM,19867.0,20241231,638066,742404,638066,UBANK,26477,160672,0,91261,18344,579850,21870.0,18344_20241231,1,1,0.14302752379847852,0.14302752379847852,<1bn
907457,NM,4056.0,20241231,1631526,1909713,1631526,NORTH DALLAS BANK&TRUST CO,335952,727082,217233,257544,18355,1238104,0.0,18355_20241231,1,1,0.15785467102577586,0.2910017983164228,1-10bn
132335,NM,9989.0,20241231,162573,183855,162573,CITIZENS STATE BANK,54558,30872,12330,6113,18356,118167,0.0,18356_20241231,1,1,0.037601569756355605,0.11344442189047382,<1bn
363702,NM,18656.0,20241231,449944,553149,449944,COULEE BANK,72948,86703,10020,13981,18361,449193,29361.0,18361_20241231,1,1,0.03107275572071191,0.0533421936952154,<1bn
566897,NM,101543.0,20241231,691360,929763,691360,SECURITY STATE BANK,146368,126511,16278,18632,18374,708340,131828.0,18374_20241231,1,1,0.026949780143485303,0.050494677158065264,<1bn
75740,NM,2299.0,20241231,83273,96350,83273,SECURITY STB OF WANAMINGO,7495,7700,981,2927,18378,80301,7024.0,18378_20241231,1,1,0.03514944820049716,0.04692997730356778,<1bn
113510,NM,9071.0,20241231,119752,133378,119752,FIRST INDEPENDENT BANK,46078,6521,2951,10518,18380,73004,0.0,18380_20241231,1,1,0.08783151847150779,0.11247411316721224,<1bn
253742,NM,1933.0,20241231,352572,438297,352572,NORTHEAST SECURITY BANK,129293,99698,39862,17666,18384,254278,0.0,18384_20241231,1,1,0.050106077623861225,0.16316667233926688,<1bn
368211,NM,13991.0,20241231,453436,564774,453436,REGIONAL MISSOURI BANK,78721,86140,0,10692,18385,416766,22969.0,18385_20241231,1,1,0.023579953951605077,0.023579953951605077,<1bn
263484,NM,154633.0,20241231,699033,780847,699033,WESTERN COMMERCE BANK,254769,435659,19768,54885,18389,449492,0.0,18389_20241231,1,1,0.07851560655934699,0.1067946720684145,<1bn
93548,NM,6858.0,20241231,116682,142190,116682,FARMERS SAVINGS BANK,30354,23341,1971,11497,18394,92377,0.0,18394_20241231,1,1,0.098532764265268,0.11542482987950155,<1bn
303541,NM,18972.0,20241231,415706,541607,415706,IOWA TRUST&SAVINGS BANK,84905,113752,7203,36505,18400,389182,32850.0,18400_20241231,1,1,0.0878144650305745,0.10514161450640597,<1bn
974631,NM,98175.0,20241231,1374402,1845682,1374402,BLACKHAWK BANK&TRUST,696785,402424,69563,21613,18402,1075576,0.0,18402_20241231,1,1,0.015725384567251793,0.06633866947225048,1-10bn
4983394,SI,1119141.0,20241231,5962875,7237664,5962875,BANGOR SAVINGS BANK,1587262,982823,34295,96171,18408,4905696,783467.0,18408_20241231,1,1,0.01612829381799887,0.021879714064104983,1-10bn
194900011,N,53078678.0,20241231,297222261,372778425,297222261,TD BANK NATIONAL ASSN,128365894,107726160,46533339,36184757,18409,179438835,2542665.0,18409_20241231,1,1,0.12174309178006018,0.2783038380829759,>=100bn
3245049,NM,947635.0,20241231,4503191,5439688,4503191,MORTON COMMUNITY BANK,1418585,1260387,10047,209042,18429,3564037,351269.0,18429_20241231,1,1,0.046420860230001346,0.04865194480980265,1-10bn
433304,NM,51871.0,20241231,521846,568730,521846,FIRST BANK KANSAS,153988,91160,42646,44871,18431,349534,0.0,18431_20241231,1,1,0.0859851373776938,0.16770656477198254,<1bn
449447,SM,1579.0,20241231,670308,776121,670308,CUSB BANK,113304,223230,0,22848,18443,595395,35451.0,18443_20241231,1,1,0.03408582323349863,0.03408582323349863,<1bn
82936,NM,785.0,20241231,102918,112200,102918,SECURITY STATE BANK,41172,20172,1909,15625,18448,52748,0.0,18448_20241231,1,1,0.1518198954507472,0.1703686429973377,<1bn
58192,N,6979.0,20241231,73606,85637,73606,ZAPATA NATIONAL BANK,27346,15714,8772,17592,18454,37662,0.0,18454_20241231,1,1,0.23900225525093063,0.3581773225008831,<1bn
28830,NM,0.0,20241231,35417,40645,35417,HERITAGE BANK,12601,6697,0,7211,18463,19625,0.0,18463_20241231,1,1,0.20360278962080358,0.20360278962080358,<1bn
163122,NM,64711.0,20241231,279986,295049,279986,FIRST KANSAS BANK,142344,117057,26773,20218,18474,126599,0.0,18474_20241231,1,1,0.0722107533948126,0.16783339166958347,<1bn
13634,NM,11.0,20241231,22000,25423,22000,ANDES STATE BANK,2523,8391,0,9843,18483,9404,0.0,18483_20241231,1,1,0.4474090909090909,0.4474090909090909,<1bn
869850,SM,6220.0,20241231,1151431,1391200,1151431,ADAMS BANK&TRUST,348165,283297,0,148703,18489,845431,8313.0,18489_20241231,1,1,0.12914625366174787,0.12914625366174787,1-10bn
10129743,NM,708572.0,20241231,19536060,23036365,19736694,CATHAY BANK,1555061,9433656,621462,1039505,18503,19215723,1055396.0,18503_20241231,1,1,0.05320955197721547,0.0850205722136398,10-100bn
53963,NM,3919.0,20241231,82203,94257,82203,FIRST SECURITY STATE BANK,12456,28375,8537,21165,18508,58788,0.0,18508_20241231,1,1,0.25747235502353927,0.3613250124691313,<1bn
146274,NM,1503.0,20241231,225750,266059,225750,FIRST NEW MEXICO BANK,91948,79620,0,17373,18514,123185,0.0,18514_20241231,1,1,0.07695681063122924,0.07695681063122924,<1bn
139147,NM,828.0,20241231,165736,220034,165736,WESTSIDE STATE BANK,17094,27439,2936,4220,18518,189771,5016.0,18518_20241231,1,1,0.025462180817685958,0.04317710093160207,<1bn
409231,NM,205.0,20241231,670512,743015,670512,FIRST SERVICE BANK,42368,263005,7958,14911,18519,625131,82025.0,18519_20241231,1,1,0.02223822988999451,0.03410677213830625,<1bn
1827018,N,448588.0,20241231,2255823,2488363,2255823,SUNRISE BANKS NATIONAL ASSN,565173,429702,10358,79092,18561,1732889,0.0,18561_20241231,1,1,0.03506126145535354,0.039652933762976975,1-10bn
196095,N,0.0,20241231,277991,358135,277991,FIRST NB OF BROOKFIELD,3223,82076,0,37012,18564,308558,0.0,18564_20241231,1,1,0.1331410009676572,0.1331410009676572,<1bn
261168,NM,39483.0,20241231,292580,338302,292580,PEOPLES BK OF KANKAKEE CNTY,106346,31786,0,60342,18566,156645,0.0,18566_20241231,1,1,0.20624102809488004,0.20624102809488004,<1bn
14671,NM,0.0,20241231,29668,40359,29668,COMMUNITY BANK OF EASTON,585,15102,585,21735,18568,17444,0.0,18568_20241231,1,1,0.7326075232573817,0.752325738169071,<1bn
778416,NM,158467.0,20241231,1159445,1465529,1159445,PEOPLES STATE BANK,275833,382256,0,40401,18569,1078421,76647.0,18569_20241231,1,1,0.034845119863382915,0.034845119863382915,1-10bn
154138,SM,0.0,20241231,427062,525534,427062,BANK OF TEXAS,5442,273965,5442,59321,18576,448526,40000.0,18576_20241231,1,1,0.13890488968814832,0.15164777011300468,<1bn
383941,NM,14421.0,20241231,504720,566150,504720,COMMERCIAL BANK,78349,121097,9945,57331,18584,392169,25974.0,18584_20241231,1,1,0.11358971310825805,0.13329370740212396,<1bn
240719,NM,19905.0,20241231,455245,559812,455245,FIRST BANK OF OWASSO,66276,214544,0,3565,18592,438623,0.0,18592_20241231,1,1,0.007830948170765193,0.007830948170765193,<1bn
760376,NM,195483.0,20241231,1331390,1453438,1331390,AMERICAN BANK OF COMMERCE,407195,573062,24958,78460,18609,882084,14786.0,18609_20241231,1,1,0.05893089177476171,0.07767671381037863,1-10bn
302267,SM,5942.0,20241231,358112,427156,358112,UNION STATE BANK OF EVEREST,95384,56520,15467,8293,18610,303941,6000.0,18610_20241231,1,1,0.023157559646144223,0.0663479581806809,<1bn
3072323,NM,250634.0,20241231,5048563,6335320,5048563,SMBC MANUBANK,1139845,1977760,769745,1010967,18618,3908040,215002.0,18618_20241231,1,1,0.2002484667419224,0.3527166047051408,1-10bn
150178,NM,0.0,20241231,185277,208985,185277,CITIZENS B&T CO OF JACKSON,25320,35360,16852,11384,18620,156313,10030.0,18620_20241231,1,1,0.061443136492926806,0.15239884065480336,<1bn
155329,NM,0.0,20241231,170614,206037,170614,FIRST B&T CO OF ILLINOIS,1807,15493,0,71524,18641,125924,0.0,18641_20241231,1,1,0.41921530472294183,0.41921530472294183,<1bn
155998,NM,0.0,20241231,245789,300528,245789,CHARTER BANK,101093,90364,0,5542,18660,187239,0.0,18660_20241231,1,1,0.02254779505999048,0.02254779505999048,<1bn
82432,NM,37960.0,20241231,149362,180512,149362,VICTORY BANK,49439,67265,0,39169,18677,69513,0.0,18677_20241231,1,1,0.2622420696027102,0.2622420696027102,<1bn
245750,NM,6683.0,20241231,339817,423413,339817,TEXAS STATE BANK,117111,94217,1996,31540,18698,251573,0.0,18698_20241231,1,1,0.09281466200925792,0.09868841170394653,<1bn
165935,NM,0.0,20241231,206437,250536,206437,NORTH VALLEY BANK,0,41620,0,23202,18710,222471,0.0,18710_20241231,1,1,0.1123926427917476,0.1123926427917476,<1bn
16972692,SM,5507479.0,20241231,24037740,27247393,24037740,FIRSTBANK,9054807,7100042,399477,762580,18714,16104667,0.0,18714_20241231,1,1,0.031724280235995564,0.04834302226415628,10-100bn
46632,NM,948.0,20241231,49521,60010,49521,GRAND TIMBER BANK,4633,2936,997,786,18719,51366,2243.0,18719_20241231,1,1,0.015872054280002424,0.036004927202600914,<1bn
23374,NM,0.0,20241231,23769,32521,23769,CITIZENS STATE BANK,0,457,0,3325,18724,27895,2240.0,18724_20241231,1,1,0.1398880895283773,0.1398880895283773,<1bn
836383,N,0.0,20241231,1042976,1213802,1042976,NEWTEK BANK NATIONAL ASSN,23916,206627,23916,349884,18734,743338,27100.0,18734_20241231,1,1,0.33546697143558435,0.3583975086675053,1-10bn
546401,NM,74921.0,20241231,667437,921900,667437,HEARTLAND BANK,212761,122536,0,13415,18740,612210,6102.0,18740_20241231,1,1,0.0200992752874054,0.0200992752874054,<1bn
426036,NM,70552.0,20241231,527983,652961,527983,BRUNING BANK,170704,103242,11382,11911,18748,435330,4718.0,18748_20241231,1,1,0.022559438466768816,0.04411695073515624,<1bn
125821,NM,518.0,20241231,145805,176294,145805,FOUNDATION ONE BANK,25652,20478,23696,2669,18761,140812,0.0,18761_20241231,1,1,0.018305270738314873,0.18082370289084737,<1bn
192886,NM,0.0,20241231,239090,268318,239090,SUNDOWN STATE BANK,16031,46457,0,2269,18780,212850,0.0,18780_20241231,1,1,0.009490150152662177,0.009490150152662177,<1bn
116859,NM,150.0,20241231,147818,165856,147818,CEDAR RAPIDS STATE BANK,13295,31331,9960,2406,18820,142885,45465.0,18820_20241231,1,1,0.016276772788158412,0.08365692946731791,<1bn
358602,NM,65336.0,20241231,462538,512859,462538,PHELPS COUNTY BANK,92212,104270,13475,10032,18841,398504,0.0,18841_20241231,1,1,0.021689028793309955,0.0508217703194116,<1bn
80705,SM,0.0,20241231,114361,144288,114361,OKLAHOMA CAPITAL BANK,9328,33759,6450,18769,18856,104281,1364.0,18856_20241231,1,1,0.16412063553134373,0.22052098180323712,<1bn
226196,SM,9281.0,20241231,292359,329535,292359,HOCKING VALLEY BANK,95619,66289,42340,18004,18858,199715,0.0,18858_20241231,1,1,0.061581822348550926,0.20640377070656282,<1bn
113085,NM,18520.0,20241231,123487,136909,123487,KENNETT TRUST BANK,35757,10651,0,11170,18879,77245,21470.0,18879_20241231,1,1,0.09045486569436459,0.09045486569436459,<1bn
355058,N,259128.0,20241231,531667,592595,531667,FIRST NB OF GILLETTE,399958,177340,9892,30994,18880,157998,0.0,18880_20241231,1,1,0.058295888215744066,0.07690151918400051,<1bn
243400,N,37340.0,20241231,250774,298944,250774,NEIGHBORHOOD NATIONAL BANK,99271,24487,3497,4113,18885,186673,8868.0,18885_20241231,1,1,0.016401221817253783,0.0303460486334309,<1bn
100522,NM,2599.0,20241231,111583,128956,111583,COMMUNITY BANK OF TRENTON,14490,11171,3760,7338,18889,92219,0.0,18889_20241231,1,1,0.06576270578851617,0.09945959509961194,<1bn
37153,N,2819.0,20241231,43054,48989,43054,KRESS NATIONAL BANK,15790,6173,1476,13930,18892,18301,0.0,18892_20241231,1,1,0.32354717331722954,0.3578297022344033,<1bn
95514,N,119188.0,20241231,213970,215106,213970,FIRST NB OF LAKE JACKSON,151470,119008,28449,27903,18895,33011,0.0,18895_20241231,1,1,0.1304061317007057,0.2633640229938776,<1bn
1233181,N,365339.0,20241231,1741343,1909773,1741343,TRI CITY NATIONAL BANK,474970,508920,0,153358,18922,1164822,0.0,18922_20241231,1,1,0.08806880666244388,0.08806880666244388,1-10bn
154181,NM,0.0,20241231,173205,183423,173205,OLD GLORY BANK,423,19026,199,134041,18924,4482,0.0,18924_20241231,1,1,0.7738864351491008,0.7750353627204757,<1bn
65866,NM,31883.0,20241231,131523,142540,131523,BANK OF BELLE GLADE,37192,65671,480,40629,18930,62613,0.0,18930_20241231,1,1,0.30891174927579207,0.3125613010652129,<1bn
24125,N,3499.0,20241231,24092,27649,24092,ST MARTIN NATIONAL BANK,12772,0,8287,1348,18937,12857,0.0,18937_20241231,1,1,0.05595218329736012,0.3999252864021252,<1bn
35284,NM,17935.0,20241231,38853,44303,38853,BK SAN JACINTO CNTY COLDSPRI,17935,3597,0,13419,18942,12376,0.0,18942_20241231,1,1,0.34537873523280055,0.34537873523280055,<1bn
2758528,NM,78297.0,20241231,4454529,5143528,4454529,RIVER CITY BANK,687324,1700921,374756,148665,18983,4065994,1115967.0,18983_20241231,1,1,0.03337389878929961,0.11750310751147877,1-10bn
339861,NM,7636.0,20241231,489963,626445,489963,FIRST MIDWEST BANK OF DEXTER,31977,151100,3803,35818,19001,530768,14740.0,19001_20241231,1,1,0.07310347924231013,0.08086528982800742,<1bn
2416025,NM,41230.0,20241231,2741489,3582675,2741489,PARKWAY BANK&TRUST CO,291493,356933,0,404956,19008,2792237,787245.0,19008_20241231,1,1,0.14771388832856888,0.14771388832856888,1-10bn
188427,SM,21779.0,20241231,273057,337515,273057,LEGACY BANK,102998,84884,0,6826,19011,201580,0.0,19011_20241231,1,1,0.02499844354841663,0.02499844354841663,<1bn
203763,N,60455.0,20241231,294671,312733,294671,COMMERCIAL NB OF TEXARKANA,60455,91440,0,13947,19024,220285,0.0,19024_20241231,1,1,0.04733075192333144,0.04733075192333144,<1bn
233327,N,19594.0,20241231,337820,376278,337820,FIRST NB OF CLARKSDALE,99754,105517,0,17904,19070,229650,0.0,19070_20241231,1,1,0.052998638328103725,0.052998638328103725,<1bn
1950534,N,971918.0,20241231,3780496,4515181,3780496,INWOOD NATIONAL BANK,1546124,1831165,58555,435126,19080,2446755,0.0,19080_20241231,1,1,0.11509759565940554,0.13058630401936677,1-10bn
47126,NM,1874.0,20241231,66286,102292,66286,BANK OF LINDSAY,2463,19282,0,4420,19087,86859,16826.0,19087_20241231,1,1,0.06668074706574541,0.06668074706574541,<1bn
439503,NM,42340.0,20241231,643357,713432,643357,HARFORD BANK,100643,204597,19732,97556,19101,493835,0.0,19101_20241231,1,1,0.15163587246272286,0.1823062467650154,<1bn
17775,NM,0.0,20241231,20631,24547,20631,PEOPLES BANK OF MACON,10975,2916,3629,7514,19105,5821,0.0,19105_20241231,1,1,0.36420919974795213,0.5401095438902622,<1bn
1840409,SM,123802.0,20241231,1929760,2220120,1929760,FIRST WESTERN BANK&TRUST,259499,101779,2655,45238,19123,1762528,91102.0,19123_20241231,1,1,0.023442293342177265,0.02481811209684106,1-10bn
377684,NM,16871.0,20241231,516734,621539,516734,UNITED COMMUNITY BANK,45696,140653,14478,46587,19143,480803,0.0,19143_20241231,1,1,0.09015663765109322,0.11817492171987909,<1bn
346379,NM,27386.0,20241231,413188,460869,413188,FIRST STATE BANK,53428,67536,0,27989,19163,361291,28275.0,19163_20241231,1,1,0.06773914053651123,0.06773914053651123,<1bn
606636,N,135080.0,20241231,873136,961199,873136,HILLTOP NATIONAL BANK,393327,266733,25315,32579,19184,514537,0.0,19184_20241231,1,1,0.03731262941855564,0.06630582177346943,<1bn
473423,NM,18456.0,20241231,626353,715662,626353,FIRST MW BANK OF THE OZARKS,39642,153994,1654,33744,19212,611308,11496.0,19212_20241231,1,1,0.053873774053928056,0.05651445750239881,<1bn
732013,N,163585.0,20241231,1486528,1764188,1486528,SECURITY NB OF OMAHA,240777,755634,62431,201453,19213,1253555,0.0,19213_20241231,1,1,0.1355191425926723,0.17751700607052137,1-10bn
503090,SM,4438.0,20241231,1091229,1214800,1091229,BENCHMARK BANK,8438,601250,0,332019,19215,799066,0.0,19215_20241231,1,1,0.3042615253077035,0.3042615253077035,1-10bn
1411117,SM,579922.0,20241231,2569106,2964088,2569106,ANB BANK,812216,1161988,24568,66629,19220,1891861,0.0,19220_20241231,1,1,0.025934702577472477,0.035497562187002014,1-10bn
2864236,NM,219627.0,20241231,5179324,5802335,5179324,FREMONT BANK,416054,2316500,497,528487,19222,4551916,0.0,19222_20241231,1,1,0.1020378335087745,0.10213379197748587,1-10bn
40549,N,262.0,20241231,45679,52021,45679,COMMUNITY NB IN MONMOUTH,13695,5226,0,5862,19230,31535,0.0,19230_20241231,1,1,0.12833030495413647,0.12833030495413647,<1bn
205429,NM,0.0,20241231,290542,328678,290542,AMERICAN BANK,130,86640,0,67887,19234,241014,18248.0,19234_20241231,1,1,0.2336564076794405,0.2336564076794405,<1bn
362663,N,10295.0,20241231,410036,484445,410036,HERITAGE BANK NATIONAL ASSN,30611,49212,0,34850,19254,399864,64130.0,19254_20241231,1,1,0.08499253724063253,0.08499253724063253,<1bn
275144,NM,6076.0,20241231,319724,359162,319724,BANNER CAPITAL BANK,27332,45299,7352,35167,19274,275274,25929.0,19274_20241231,1,1,0.10999174287823248,0.1329865759217325,<1bn
88367,NM,0.0,20241231,119220,125612,119220,CARMINE STATE BANK,39388,30991,0,44751,19278,36755,0.0,19278_20241231,1,1,0.3753648716658279,0.3753648716658279,<1bn
254657,NM,46903.0,20241231,327972,349851,327972,LOGAN BANK&TRUST CO,143524,73438,2488,15314,19285,171544,0.0,19285_20241231,1,1,0.046693010378934786,0.05427902381910651,<1bn
546695,NM,35136.0,20241231,868800,1001535,868800,FIRSTAR BANK,75164,322762,0,15207,19288,824322,1.0,19288_20241231,1,1,0.017503453038674035,0.017503453038674035,1-10bn
2719807,N,578239.0,20241231,4420920,4954662,4420920,AMERICAN NATIONAL BANK,976765,1704023,15306,249786,19300,3598091,344947.0,19300_20241231,1,1,0.056500909312993675,0.05996308460682392,1-10bn
1322663,NM,236453.0,20241231,2228827,2647954,2228827,REPUBLIC BANK OF CHICAGO,429495,906917,24937,394546,19333,1733768,6308.0,19333_20241231,1,1,0.17701957128121654,0.18820796768883363,1-10bn
135444,NM,50.0,20241231,173842,201262,173842,FIRST MISSOURI BANK OF SEMO,4776,38641,0,11043,19349,174217,0.0,19349_20241231,1,1,0.06352319922688418,0.06352319922688418,<1bn
113539,NM,22438.0,20241231,138664,153594,138664,BANK OF ESTES PARK,39322,25272,2909,10970,19351,91171,0.0,19351_20241231,1,1,0.07911209830958288,0.10009086713206024,<1bn
62333,NM,1308.0,20241231,81775,98546,81775,HODGE BANK&TRUST CO,21338,19751,5903,8159,19354,67876,250.0,19354_20241231,1,1,0.09977376948945277,0.17195964536838887,<1bn
650066,NM,161627.0,20241231,799813,882509,799813,ROUND TOP STATE BANK,242649,151643,11854,28482,19358,560504,0.0,19358_20241231,1,1,0.03561082403011704,0.05043178843054564,<1bn
800654,SM,54915.0,20241231,1262576,1450661,1262576,RELYANCE BANK,146985,463922,0,53073,19371,1135578,85129.0,19371_20241231,1,1,0.042035489348759995,0.042035489348759995,1-10bn
120322,NM,12008.0,20241231,126799,141215,126799,PARK STATE BANK&TRUST,12008,6791,0,2272,19381,102047,0.0,19381_20241231,1,1,0.017918122382668634,0.017918122382668634,<1bn
333766,NM,5805.0,20241231,475353,575327,475353,UNISON BANK,119150,143748,0,9585,19396,409998,5001.0,19396_20241231,1,1,0.020163962360603593,0.020163962360603593,<1bn
386343,NM,68709.0,20241231,568196,636835,568196,CAPITAL BANK,71049,182794,0,18612,19401,530549,8000.0,19401_20241231,1,1,0.03275630240269203,0.03275630240269203,<1bn
1712995,NM,195951.0,20241231,4452062,5221345,4452062,CTBC BANK CORP USA,238274,2743762,14917,589987,19416,4155620,83269.0,19416_20241231,1,1,0.132519942444647,0.13587052471416616,1-10bn
201569,NM,0.0,20241231,295892,339234,295892,CITIZENS BANK OF THE SOUTH,44734,94448,0,36121,19420,243320,0.0,19420_20241231,1,1,0.12207494626417748,0.12207494626417748,<1bn
518450,NM,108642.0,20241231,697807,783096,697807,BAC COMMUNITY BANK,274078,179501,3926,29980,19434,446022,2526.0,19434_20241231,1,1,0.042963168899136865,0.04858936640073831,<1bn
171359,NM,884.0,20241231,224299,227619,224299,FIRST FINANCIAL BANK,71157,52951,0,19330,19440,113846,0.0,19440_20241231,1,1,0.08617960846905247,0.08617960846905247,<1bn
476578,NM,115542.0,20241231,679941,774450,679941,BNA BANK,253871,204668,0,21609,19448,447219,0.0,19448_20241231,1,1,0.03178069861943904,0.03178069861943904,<1bn
2094239,NM,513025.0,20241231,3295898,3859236,3295898,UNITED COMMUNITY BANK,943462,1268177,68870,353459,19459,2401841,142154.0,19459_20241231,1,1,0.10724209305020968,0.12813776397206467,1-10bn
721394,N,159833.0,20241231,997934,1109896,997934,CONSUMERS NATIONAL BANK,275410,277208,2879,20387,19482,755669,516.0,19482_20241231,1,1,0.02042920674112717,0.023314167069164896,1-10bn
881922,N,0.0,20241231,1166861,1328488,1166861,FIRST NB OF TENNESSEE,509006,289317,397159,87826,19502,708284,0.0,19502_20241231,1,1,0.07526689125782762,0.41563219612276014,1-10bn
1131876,NM,40167.0,20241231,1476648,1708754,1476648,BANK OF SPRINGFIELD,97135,345981,6947,88659,19506,1445593,82961.0,19506_20241231,1,1,0.060040713832951384,0.0647452879765523,1-10bn
711336,NM,21251.0,20241231,922488,1045716,922488,ROYAL BANKS OF MISSOURI,64824,212658,24777,121529,19512,758564,0.0,19512_20241231,1,1,0.1317404670846667,0.15859935305391507,1-10bn
421114,SI,66110.0,20241231,530211,628308,530211,MT MCKINLEY BANK,297671,110444,30625,31836,19525,247518,0.0,19525_20241231,1,1,0.06004402021082173,0.11780404405038748,<1bn
1912002,SI,156809.0,20241231,2305045,2607826,2305045,MACHIAS SAVINGS BANK,254167,395265,41908,120030,19531,2136837,542392.0,19531_20241231,1,1,0.0520727361071042,0.07025372606608547,1-10bn
538614,SI,130651.0,20241231,726139,841355,726139,SKOWHEGAN SAVINGS BANK,166105,188573,6873,28477,19532,604580,0.0,19532_20241231,1,1,0.03921700941555267,0.048682139370010424,<1bn
175266,NM,3451.0,20241231,234348,263425,234348,PIONEER BANK,47441,60175,3294,16918,19540,189784,1012.0,19540_20241231,1,1,0.0721917831600867,0.0862478024135047,<1bn
191977,NM,30860.0,20241231,234472,256994,234472,MADISON VALLEY BANK,113799,43248,0,6663,19544,129130,0.0,19544_20241231,1,1,0.028417039134736772,0.028417039134736772,<1bn
1095633,NM,27368.0,20241231,2027846,2545401,2027846,TEXASBANK,78077,937959,2487,614622,19559,1792224,46662.0,19559_20241231,1,1,0.3030910631280679,0.30431748761986854,1-10bn
1176208,NM,45434.0,20241231,2285485,2700724,2285485,LAKESIDE BANK,228013,1113049,100764,265847,19573,2071625,157471.0,19573_20241231,1,1,0.11631973082299818,0.1604084034679729,1-10bn
10048317,NM,37185.0,20241231,12732444,14533697,12732444,BELL BANK,216295,2716834,79871,1611663,19581,11868668,2041314.0,19581_20241231,1,1,0.12657923333493554,0.13285226308476206,10-100bn
73615,NM,6697.0,20241231,89533,101451,89533,NORTHERN STB OF VIRGINIA,18489,16172,5307,7634,19589,69906,0.0,19589_20241231,1,1,0.085264651022528,0.14453888510381646,<1bn
225134,NM,23299.0,20241231,305932,330364,305932,ALTAMAHA BANK&TRUST CO,63144,81291,0,29575,19590,220660,159.0,19590_20241231,1,1,0.09667180942170156,0.09667180942170156,<1bn
74077,NM,25021.0,20241231,92962,105714,92962,COMMERCIAL BANK,51147,19144,0,8272,19595,42957,0.0,19595_20241231,1,1,0.08898259503883307,0.08898259503883307,<1bn
1727299,N,298008.0,20241231,2394313,2925032,2394313,ACADEMY BANK NATIONAL ASSN,316681,676273,0,201237,19600,2279510,42005.0,19600_20241231,1,1,0.0840479085232382,0.0840479085232382,1-10bn
538098,N,177377.0,20241231,880773,958639,880773,HOMETOWN BANK NATIONAL ASSN,293465,343360,0,55672,19603,579859,0.0,19603_20241231,1,1,0.06320811378187115,0.06320811378187115,<1bn
758842,NM,133700.0,20241231,1175553,1464916,1175553,PARK BANK,144601,417466,9113,24474,19608,1242810,22107.0,19608_20241231,1,1,0.02081913788659465,0.028571234134062862,1-10bn
3869291,NM,1597935.0,20241231,6386097,9257828,6386097,INTERNATIONAL BK OF COM,1754801,2530999,0,269065,19629,6320245,0.0,19629_20241231,1,1,0.042132933464681166,0.042132933464681166,1-10bn
266977,NM,0.0,20241231,359438,423402,359438,GUARANTY B&T CO OF DELHI LA,13634,94972,4991,81810,19638,318798,0.0,19638_20241231,1,1,0.22760531718961266,0.24149088298955593,<1bn
304098,SM,114159.0,20241231,510711,543001,510711,FIDELITY BANK,261727,207061,1804,5197,19644,246225,0.0,19644_20241231,1,1,0.010176009523977358,0.013708339941767457,<1bn
199628,NM,5772.0,20241231,236577,273530,236577,CITIZENS BANK OF WESTON,58422,37970,0,6533,19674,204269,1000.0,19674_20241231,1,1,0.02761468781834244,0.02761468781834244,<1bn
222367,NM,3286.0,20241231,286972,328265,286972,CITIZENS BANK OF ADA,107139,64726,29616,28644,19679,173373,17702.0,19679_20241231,1,1,0.09981461606010343,0.20301632214989615,<1bn
44137,NM,3332.0,20241231,56851,65356,56851,SECURITY STATE BANK,9191,12742,0,14784,19680,37779,3000.0,19680_20241231,1,1,0.2600481961618969,0.2600481961618969,<1bn
221171,NM,27037.0,20241231,235516,319316,235516,COMMUNITY BK OF PARKERSBURG,28748,14920,0,7863,19681,272981,13000.0,19681_20241231,1,1,0.03338626675045432,0.03338626675045432,<1bn
94905,NM,4754.0,20241231,127959,151275,127959,GARDEN PLAIN STATE BANK,59082,33408,456,22148,19687,53466,0.0,19687_20241231,1,1,0.1730866918309771,0.17665033330988833,<1bn
130031,NM,10098.0,20241231,155750,175974,155750,STATE BANK OF WHITTINGTON,43000,25815,744,9831,19689,111061,4063.0,19689_20241231,1,1,0.06312038523274478,0.06789727126805778,<1bn
3045560,NM,1718.0,20241231,3178140,4083054,3178140,NORTHEAST BANK,32898,141911,17888,364870,19690,3581247,1533717.0,19690_20241231,1,1,0.11480614447444103,0.12043459381902623,1-10bn
199893,NM,21818.0,20241231,259364,297199,259364,VALUEBANK TEXAS,57160,59889,5963,61874,19700,159791,0.0,19700_20241231,1,1,0.2385604787094585,0.26155133326136243,<1bn
410229,NM,26785.0,20241231,573214,726192,573214,FIRST CENTRAL STATE BANK,235600,164652,41463,17512,19716,442576,0.0,19716_20241231,1,1,0.03055054482270147,0.10288478648462877,<1bn
112718,NM,7695.0,20241231,131462,150249,131462,FARMERS STATE BANK,18315,19119,0,10742,19720,118726,2000.0,19720_20241231,1,1,0.08171182547047816,0.08171182547047816,<1bn
186247,SM,36535.0,20241231,308265,354389,308265,FIRST WESTROADS BANK INC,101220,122280,50654,14377,19742,233270,236.0,19742_20241231,1,1,0.046638444195740675,0.2109581042285047,<1bn
107402,NM,39100.0,20241231,141395,156907,141395,CITIZENS B&T CO OF VIVIAN LA,70308,34067,0,6349,19744,68414,0.0,19744_20241231,1,1,0.04490257788464939,0.04490257788464939,<1bn
106760,NM,8816.0,20241231,139267,176102,139267,SOUTH LAFOURCHE B&T CO,24868,33240,0,3644,19755,126285,0.0,19755_20241231,1,1,0.026165566860778217,0.026165566860778217,<1bn
1292419,NM,161053.0,20241231,1743164,2004363,1743164,INCREDIBLEBANK,337648,454212,6752,54776,19772,1471861,109707.0,19772_20241231,1,1,0.03142331989416945,0.035296736279546846,1-10bn
717268,SM,128255.0,20241231,995010,1098041,995010,PEOPLES BANK,262990,279538,39313,29130,19788,703856,0.0,19788_20241231,1,1,0.02927608767751078,0.06878624335433815,1-10bn
419687,NM,76328.0,20241231,542545,658153,542545,ABBYBANK,144314,123987,8075,49248,19795,424989,5310.0,19795_20241231,1,1,0.09077219401155665,0.10565575205743302,<1bn
52024,NM,20267.0,20241231,56726,65625,56726,MIDLAND COMMUNITY BANK,20267,4837,0,365,19796,43150,0.0,19796_20241231,1,1,0.006434439234213588,0.006434439234213588,<1bn
99549,NM,11372.0,20241231,182131,206204,182131,PLAQUEMINE BANK&TRUST CO,90088,84456,57114,24405,19800,84993,0.0,19800_20241231,1,1,0.1339969582333595,0.44758443098648776,<1bn
73483,NM,0.0,20241231,86656,121114,86656,HERSHEY BANK,6011,13539,1517,8088,19809,100839,7967.0,19809_20241231,1,1,0.09333456425406204,0.11084056499261448,<1bn
31356,N,745.0,20241231,52826,60798,52826,SOUTHEAST FIRST NB,28039,21597,3475,14022,19819,17245,1056.0,19819_20241231,1,1,0.2654374739711506,0.3312194752583955,<1bn
386285,N,0.0,20241231,601621,700401,601621,PIONEER TRUST BANK NA,79141,215633,49433,92844,19827,523335,0.0,19827_20241231,1,1,0.1543230705045203,0.23648941775636156,<1bn
435192,SM,40502.0,20241231,546072,725956,546072,FRANKLIN SAVINGS BANK,47413,111533,2989,19274,19836,616812,11909.0,19836_20241231,1,1,0.035295711920772355,0.040769349096822394,<1bn
767877,NM,99416.0,20241231,953611,1302261,953611,WEST GATE BANK,213773,187239,0,40689,19850,917498,29102.0,19850_20241231,1,1,0.04266834170327314,0.04266834170327314,1-10bn
1537537,NM,13034.0,20241231,2043620,2481584,2043620,KS STATEBANK,416560,510469,10480,37651,19899,1974168,123542.0,19899_20241231,1,1,0.018423679549035534,0.023551834489777945,1-10bn
232939,NM,43185.0,20241231,400883,429607,400883,CENTINEL BANK OF TAOS,185148,168651,32622,95891,19904,137198,0.0,19904_20241231,1,1,0.23919946717620852,0.3205748310604341,<1bn
6435931,NM,2098117.0,20241231,12074083,13856139,12074083,ISRAEL DISCOUNT BANK OF NY,2386003,5860193,0,1393133,19977,9237748,3845917.0,19977_20241231,1,1,0.11538209568378816,0.11538209568378816,10-100bn
177764,N,647.0,20241231,259207,282542,259207,PENNSVILLE NATIONAL BANK,122807,81448,54049,49764,19978,102614,0.0,19978_20241231,1,1,0.19198555594563418,0.4005023012495805,<1bn
223267,NM,0.0,20241231,775432,903519,775432,BESSEMER TRUST CO,216159,575946,167094,406198,20015,265998,0.0,20015_20241231,1,1,0.5238344561483147,0.7393195019034551,<1bn
91610,N,669.0,20241231,115672,131189,115672,EASTERN NATIONAL BANK,960,24062,0,32423,20026,93094,0.0,20026_20241231,1,1,0.28030119648661733,0.28030119648661733,<1bn
489590,NM,67242.0,20241231,531196,595416,531196,ALL AMERICA BANK,75859,42281,0,14177,20093,485404,0.0,20093_20241231,1,1,0.026688830488181388,0.026688830488181388,<1bn
2720954,NM,405.0,20241231,2728331,4430627,2728331,TEXAS EXCHANGE BANK,660656,10644,123439,1126600,20099,1167500,2607016.0,20099_20241231,1,1,0.4129264374447235,0.458169848159919,1-10bn
254463,NM,27980.0,20241231,339139,387505,339139,TOWER COMMUNITY BANK,34646,85521,1982,30088,20100,295583,15036.0,20100_20241231,1,1,0.08871878492299617,0.09456299629355515,<1bn
537700,NM,2947.0,20241231,714729,1128607,714729,BANKFIRST,326274,179832,0,12744,20130,718783,51102.0,20130_20241231,1,1,0.017830534370369747,0.017830534370369747,1-10bn
528901,NM,155027.0,20241231,836029,993133,836029,KIRKPATRICK BANK,231320,307928,0,22582,20156,716692,10000.0,20156_20241231,1,1,0.02701102473718017,0.02701102473718017,<1bn
548088,NM,0.0,20241231,938683,1046091,938683,CITIZENS BANK OF LAS CRUCES,253916,391126,142350,58807,20161,697094,0.0,20161_20241231,1,1,0.06264841272293202,0.21429705235952926,1-10bn
81704,NM,7212.0,20241231,93787,105290,93787,ASCENT BANK,11648,12182,874,10727,20162,78125,0.0,20162_20241231,1,1,0.11437619286255024,0.12369518163498139,<1bn
1376278,NM,76618.0,20241231,2843931,3491626,2843931,SUNWEST BANK,391472,1468053,300051,116909,20164,2791081,98369.0,20164_20241231,1,1,0.041108240671099264,0.146613964966098,1-10bn
276959,NM,43100.0,20241231,491821,644122,491821,FIRST INDEPENDENCE BANK,106549,215450,9262,15158,20179,378127,86601.0,20179_20241231,1,1,0.030820156113708037,0.04965221086533515,<1bn
389092,NM,48425.0,20241231,504740,574333,504740,SOUTH GEORGIA BANKING CO,107382,116025,0,77181,20198,324162,0.0,20198_20241231,1,1,0.15291239053770259,0.15291239053770259,<1bn
156716,NM,11384.0,20241231,201194,225617,201194,BCBANK INC,31269,44689,0,9466,20215,172361,20193.0,20215_20241231,1,1,0.04704911677286599,0.04704911677286599,<1bn
1768125,NM,304421.0,20241231,2357396,2681387,2357396,PINNACLE BANK,627374,589494,238986,161251,20231,1699114,1759.0,20231_20241231,1,1,0.06840216917310456,0.16977928188560598,1-10bn
11246243,N,6054179.0,20241231,20859402,26506696,20859402,CITY NB OF FLORIDA,6456971,9664208,98688,416657,20234,18198102,2783825.0,20234_20241231,1,1,0.019974541935574183,0.024705645924077785,10-100bn
112938,SM,42363.0,20241231,130153,132220,130153,BANK OF CADIZ&TRUST CO,52369,17450,0,4507,20239,67802,0.0,20239_20241231,1,1,0.03462847571704071,0.03462847571704071,<1bn
1357658,N,307298.0,20241231,2258530,2525283,2258530,AMERICAN BANK NATIONAL ASSN,417776,904859,0,245545,20241,1706114,0.0,20241_20241231,1,1,0.1087189455088044,0.1087189455088044,1-10bn
199348,NM,25849.0,20241231,413879,530320,413879,SCALE BANK,39494,214586,8747,89276,20268,362744,2.0,20268_20241231,1,1,0.2157055564549059,0.23683975268133922,<1bn
256196,SM,9170.0,20241231,324263,348542,324263,COMMUNITY STATE BANK,56261,69279,7238,14284,20279,253175,1004.0,20279_20241231,1,1,0.044050662579449396,0.06637204984842551,<1bn
2800585,SM,822238.0,20241231,5374888,6744404,5374888,JOHNSON BANK,1048242,2621450,1000,230498,20296,4971559,0.0,20296_20241231,1,1,0.042884242425144485,0.04307029281354328,1-10bn
428284,NM,91176.0,20241231,584430,653357,584430,AMERICAN BANK,147666,157192,8922,77555,20311,394926,0.0,20311_20241231,1,1,0.1327019489074825,0.14796810567561555,<1bn
349903,NM,125175.0,20241231,434006,495122,434006,GULF COAST BANK,137811,84644,0,23771,20353,295824,4023.0,20353_20241231,1,1,0.054771132196329085,0.054771132196329085,<1bn
3389136,NM,659331.0,20241231,4334433,5029359,4334433,HEARTLAND BANK&TRUST CO,1200512,949390,111145,137692,20369,3425688,0.0,20369_20241231,1,1,0.031767015432006905,0.05740935434923092,1-10bn
665323,SM,32097.0,20241231,807485,965014,807732,BANK OF THE ORIENT,40671,148052,0,100400,20387,782625,6812.0,20387_20241231,1,1,0.12433667498467464,0.12433667498467464,<1bn
157780,NM,324.0,20241231,183832,206925,183832,LIBERTY BANK,35582,26507,0,6111,20429,139771,0.0,20429_20241231,1,1,0.0332423081944384,0.0332423081944384,<1bn
19319,NM,2457.0,20241231,28825,31852,28825,CITIZENS BANK OF EDINBURG,7713,9534,0,13918,20454,9147,0.0,20454_20241231,1,1,0.48284475281873374,0.48284475281873374,<1bn
247844,NM,10633.0,20241231,313887,333016,313887,FIRSTSTATE BANK,118186,66834,0,47673,20468,148478,0.0,20468_20241231,1,1,0.15187949803591738,0.15187949803591738,<1bn
57106,NM,0.0,20241231,78591,88926,78591,FIRST SECURITY BK OF ROUNDUP,45790,21503,14516,9994,20479,25226,0.0,20479_20241231,1,1,0.12716468806860837,0.3118677711188304,<1bn
1010992,SM,15120.0,20241231,1105078,1223574,1105078,BENCHMARK COMMUNITY BANK,101439,95021,23713,62596,20484,989077,9034.0,20484_20241231,1,1,0.056643965403347096,0.07810217921268905,1-10bn
1212653,SM,118104.0,20241231,1933025,2097119,1933025,FIVE POINTS BANK,579706,724732,0,243400,20488,1187077,0.0,20488_20241231,1,1,0.12591663325616587,0.12591663325616587,1-10bn
11646698,NM,899351.0,20241231,21865242,26175081,21865242,AMERIS BANK,1835314,10243046,796464,1220377,20504,20930421,810070.0,20504_20241231,1,1,0.05581356017006352,0.09223959195146342,10-100bn
156452,NM,0.0,20241231,255991,305431,255991,AMERICAN BANK&TRUST CO,89603,100184,38758,15155,20537,183113,1737.0,20537_20241231,1,1,0.05920130004570473,0.21060506033415238,<1bn
371879,NM,94802.0,20241231,466099,519894,466099,LUMBEE GUARANTY BANK,247057,94592,0,25077,20568,216546,15003.0,20568_20241231,1,1,0.05380187470902104,0.05380187470902104,<1bn
5240029,NM,1086305.0,20241231,7495784,9477985,7495784,BYLINE BANK,1426166,2275351,32570,563138,20624,6812034,715610.0,20624_20241231,1,1,0.07512729822524235,0.07947240742262583,1-10bn
60629,NM,0.0,20241231,72904,81714,72904,FIRST SECURITY BK DEER LODGE,0,13221,0,9514,20657,71468,0.0,20657_20241231,1,1,0.13050038406671788,0.13050038406671788,<1bn
310744,NM,35189.0,20241231,406770,465054,406770,NORTHWEST BANK OF ROCKFORD,76033,96845,1455,22022,20666,345234,0.0,20666_20241231,1,1,0.05413870246085011,0.05771566241364899,<1bn
278371,NM,0.0,20241231,345075,385258,345075,SOUTHERN HERITAGE BANK,72035,68165,10706,24882,20698,273491,0.0,20698_20241231,1,1,0.07210606389915236,0.10313120336158806,<1bn
716651,SM,18722.0,20241231,839969,932333,839969,TENNESSEE STATE BANK,198812,126705,9526,33086,20720,652934,54000.0,20720_20241231,1,1,0.03938954890001893,0.05073044362351468,<1bn
440395,N,140810.0,20241231,928725,1100093,928725,DALLAS CAPITAL BANK NA,144490,492844,1786,76111,20727,826349,93320.0,20727_20241231,1,1,0.08195213868475598,0.0838752052545156,1-10bn
950220,N,61180.0,20241231,1638365,1979724,1638365,PIONEER BANK NATIONAL ASSN,346937,688288,216706,92877,20741,1434575,40000.0,20741_20241231,1,1,0.05668883307443701,0.188958504362581,1-10bn
670021,NM,60032.0,20241231,866418,976930,866418,BORDER BANK,98646,199164,997,39098,20776,790648,39655.0,20776_20241231,1,1,0.04512602462091046,0.04627673940292099,<1bn
986705,NM,105149.0,20241231,1352781,1484933,1352781,CITIZENS TRI-COUNTY BANK,211533,377084,0,299037,20818,922531,0.0,20818_20241231,1,1,0.22105351864048947,0.22105351864048947,1-10bn
624171,NM,18199.0,20241231,1087853,1249040,1087853,WALLIS BANK,20536,467051,0,150546,20845,990780,0.0,20845_20241231,1,1,0.13838818296222008,0.13838818296222008,1-10bn
413855,NM,78742.0,20241231,939505,1076349,939505,LIBERTY BANK&TRUST CO,304990,527019,143659,53462,20856,622399,0.0,20856_20241231,1,1,0.05690443371775563,0.2098136784796249,1-10bn
214961,NM,5346.0,20241231,251478,284415,251478,CITIZENS GUARANTY BANK,11764,37477,0,6291,20872,257343,0.0,20872_20241231,1,1,0.025016104788490444,0.025016104788490444,<1bn
770910,NM,295251.0,20241231,1834341,2564023,2317277,BANK OF GUAM,708853,1548852,0,87861,20884,1618974,0.0,20884_20241231,1,1,0.04789785541510548,0.04789785541510548,1-10bn
1101018,N,386063.0,20241231,1754568,1929134,1754568,CITIZENS NATIONAL BANK,447980,655655,0,181018,20954,1219111,0.0,20954_20241231,1,1,0.10316955512696002,0.10316955512696002,1-10bn
779362,NM,130888.0,20241231,1086514,1239179,1086514,INDEPENDENCE BANK,238004,309186,1784,46848,20989,905744,96043.0,20989_20241231,1,1,0.04311771408375778,0.04475966255381891,1-10bn
458281,SM,17073.0,20241231,562838,627199,562838,HARDIN COUNTY BANK,60637,107930,0,24926,20993,500114,44280.0,20993_20241231,1,1,0.04428627775665467,0.04428627775665467,<1bn
1297406,NM,514957.0,20241231,2711164,2982268,2711164,BANK OF TAMPA,901837,1414202,29989,185884,21031,1748842,0.0,21031_20241231,1,1,0.06856243296237335,0.07962373356978773,1-10bn
88854,NM,5941.0,20241231,104986,126231,104986,FIRST STB OF THE SOUTH INC,44681,16481,1440,4215,21050,60856,0.0,21050_20241231,1,1,0.040148210237555486,0.0538643247671118,<1bn
555738,NM,880.0,20241231,728751,852500,728751,TEXAS BANK,139558,174505,0,18433,21074,651747,10000.0,21074_20241231,1,1,0.02529396186077275,0.02529396186077275,<1bn
321252,NM,47740.0,20241231,389884,494004,389884,UNITED MISSISSIPPI BANK,108772,69325,0,21300,21083,341115,0.0,21083_20241231,1,1,0.05463163402447908,0.05463163402447908,<1bn
58815,NM,925.0,20241231,67896,81794,67896,BANK OF ONTARIO,6182,10469,0,1629,21085,68963,9414.0,21085_20241231,1,1,0.02399257688229056,0.02399257688229056,<1bn
481879,NM,73506.0,20241231,686598,766839,686598,WESTERN STATE BANK,207791,209074,0,14617,21121,526910,0.0,21121_20241231,1,1,0.021289022106094103,0.021289022106094103,<1bn
224770,NM,36242.0,20241231,325735,375309,325735,BANK OF THE BLUEGRASS&TR CO,57246,102392,0,10734,21161,285146,6289.0,21161_20241231,1,1,0.032953167452069936,0.032953167452069936,<1bn
68951,NM,1536.0,20241231,81734,92703,81734,BANK OF THE MOUNTAINS INC,9645,12867,0,6607,21219,61059,0.0,21219_20241231,1,1,0.0808353928597646,0.0808353928597646,<1bn
359932,NM,49765.0,20241231,423880,488851,423880,CBBC BANK,154037,77334,0,43857,21227,263687,3000.0,21227_20241231,1,1,0.10346560347268095,0.10346560347268095,<1bn
421204,NM,96916.0,20241231,509029,576248,509029,FIRST KENTUCKY BANK INC,171189,89350,6287,35790,21247,345901,16900.0,21247_20241231,1,1,0.07031033595335433,0.08266130220478597,<1bn
38899,SM,0.0,20241231,43080,49337,43080,LAKESIDE BANK OF SALINA,5895,4231,0,3610,21255,35170,0.0,21255_20241231,1,1,0.08379758588672238,0.08379758588672238,<1bn
1941595,NM,72076.0,20241231,4713861,5404455,4713861,BRADESCO BANK,378433,2795002,0,1171606,21265,3670214,796202.0,21265_20241231,1,1,0.24854487648235704,0.24854487648235704,1-10bn
86094,NM,0.0,20241231,130117,144873,130117,BANK OF PENSACOLA,61599,44151,61599,10344,21284,70899,0.0,21284_20241231,1,1,0.07949768285466158,0.5529100732417747,<1bn
868359,NM,76846.0,20241231,1051782,1109001,1051782,PEOPLESSOUTH BANK,264979,186804,0,27184,21292,755138,0.0,21292_20241231,1,1,0.025845660032212,0.025845660032212,1-10bn
236530,NM,0.0,20241231,435427,491486,435427,NBT FINANCIAL BANK,6930,200279,4093,25426,21329,435421,2.0,21329_20241231,1,1,0.058393255356236524,0.06779322366320875,<1bn
146845,NM,2292.0,20241231,195664,218314,195664,SONATA BANK,3272,49357,0,18812,21342,183414,43003.0,21342_20241231,1,1,0.09614441082672336,0.09614441082672336,<1bn
64426,SM,12315.0,20241231,81773,95229,81773,FIRST NATURALSTATE BANK,16621,17743,0,3926,21379,70416,0.0,21379_20241231,1,1,0.048010957161899404,0.048010957161899404,<1bn
43739,NM,0.0,20241231,52804,64567,52804,HOLLADAY BANK&TRUST,456,9168,0,21699,21448,40007,349.0,21448_20241231,1,1,0.41093477766835845,0.41093477766835845,<1bn
81580,NM,0.0,20241231,97125,126774,97125,FIDELITY BANK OF TEXAS,14980,15716,14980,22120,21455,73485,0.0,21455_20241231,1,1,0.22774774774774775,0.38198198198198197,<1bn
170673,NM,11870.0,20241231,187948,218856,187948,CROSSROADS BANK,52935,18018,0,17448,21486,138326,0.0,21486_20241231,1,1,0.09283418817970929,0.09283418817970929,<1bn
196197,NM,44411.0,20241231,216249,236919,216249,CORNERSTONE STATE BANK,68803,20767,3887,5651,21525,148324,0.0,21525_20241231,1,1,0.026131912748729474,0.04410656234248482,<1bn
103704,NM,9166.0,20241231,114240,148739,114240,WEST CENTRAL GEORGIA BANK,52624,11152,1837,12021,21526,75112,0.0,21526_20241231,1,1,0.10522584033613445,0.12130602240896358,<1bn
56727,NM,268.0,20241231,92365,110094,92365,BANK OF OAK RIDGE,3001,35775,0,14369,21529,88005,373.0,21529_20241231,1,1,0.15556758512423538,0.15556758512423538,<1bn
230963,NM,20927.0,20241231,282778,323963,282778,THREE RIVERS BANK OF MONTANA,31459,52198,0,8272,21557,260986,3456.0,21557_20241231,1,1,0.029252629271018255,0.029252629271018255,<1bn
299936,N,13868.0,20241231,455797,557293,455797,AMERICAN BANK NATIONAL ASSN,28762,157146,452,101113,21567,391686,16532.0,21567_20241231,1,1,0.22183779182399183,0.2228294613610884,<1bn
964162,NM,134654.0,20241231,1732422,1929305,1732422,BANK OF TENNESSEE,214354,768890,9729,29463,21573,1550604,29089.0,21573_20241231,1,1,0.01700682628135639,0.022622663531171965,1-10bn
1043409,SB,368886.0,20241231,2486073,2965987,2486073,BANK OF GREENE COUNTY,1145729,342673,40747,169020,21591,1531435,0.0,21591_20241231,1,1,0.06798674053416774,0.08437684653668658,1-10bn
387820,NM,75242.0,20241231,827573,939572,827573,HCN BANK,118670,439795,16350,106128,21606,684223,0.0,21606_20241231,1,1,0.1282400464974087,0.147996611779263,<1bn
54389,NM,1.0,20241231,64007,73702,64007,BANK OF BOURBONNAIS,457,9777,456,13244,21635,55051,0.0,21635_20241231,1,1,0.20691486868623743,0.21403908947458872,<1bn
88785,NM,23165.0,20241231,106220,114044,106220,PEOPLES BANK OF GRACEVILLE,68855,17783,0,4444,21692,39410,2100.0,21692_20241231,1,1,0.04183769534927509,0.04183769534927509,<1bn
215860,NM,0.0,20241231,240739,307991,240739,LAKESIDE BANK,0,24910,0,85491,21693,212703,104895.0,21693_20241231,1,1,0.355119029322212,0.355119029322212,<1bn
564634,NM,23114.0,20241231,988732,1136616,988732,PREMIER BANK,139478,428688,85978,119888,21714,828942,30230.0,21714_20241231,1,1,0.12125429337778083,0.20821213432962624,1-10bn
4283486,NM,3884497.0,20241231,12004758,15160648,12004758,CITIZENS BUSINESS BANK,4935180,7722900,34256,205178,21716,8456310,300000.0,21716_20241231,1,1,0.0170913899305592,0.01994492517050323,10-100bn
118487,NM,8464.0,20241231,124261,145320,124261,HERITAGE BANK OF SCHAUMBURG,42345,6182,29644,18152,21721,74600,0.0,21721_20241231,1,1,0.14607962272957725,0.38464200352483885,<1bn
67744,NM,12414.0,20241231,105074,147025,105074,FARMERS&MERCHANTS STATE BANK,61903,38080,0,4533,21728,76026,0.0,21728_20241231,1,1,0.04314102442088433,0.04314102442088433,<1bn
59121,NM,11833.0,20241231,69965,78578,69965,FIRST STATE BANK,21911,11069,0,10180,21752,42429,0.0,21752_20241231,1,1,0.14550132208961625,0.14550132208961625,<1bn
250,SM,0.0,20241231,500,68139,500,JPMORGAN CHASE BANK DEARBORN,0,250,0,66196,21761,0,0.0,21761_20241231,1,1,132.392,132.392,<1bn
350476,NM,24341.0,20241231,506720,558805,506720,FIRST PORT CITY BANK,47196,157192,1992,48703,21784,439612,496.0,21784_20241231,1,1,0.09611422481844016,0.1000453899589517,<1bn
299895,SM,50862.0,20241231,362502,412161,362502,FIRST STATE BANK OF DEQUEEN,127740,63323,0,16938,21805,247809,68073.0,21805_20241231,1,1,0.046725259446844435,0.046725259446844435,<1bn
40970,NM,0.0,20241231,45444,52247,45444,LOVELADY STATE BANK,6071,4563,0,18062,21807,22727,0.0,21807_20241231,1,1,0.39745620984068303,0.39745620984068303,<1bn
2060266,SM,380.0,20241231,6970697,8367264,6970697,MIZUHO BANK USA,22356,4940246,0,5625160,21843,2511603,1727210.0,21843_20241231,1,1,0.8069723874097525,0.8069723874097525,1-10bn
481929,NM,16981.0,20241231,703974,780999,703974,QUAIL CREEK BANK,129341,222998,0,45596,21848,595964,0.0,21848_20241231,1,1,0.06476943750763522,0.06476943750763522,<1bn
519382,N,0.0,20241231,2904244,3838145,2904244,BESSEMER TRUST CO NA,1411373,2466000,1362401,969969,21868,798390,0.0,21868_20241231,1,1,0.3339833016785091,0.8030902362198218,1-10bn
158013,NM,0.0,20241231,190794,215783,190794,FIRST PEOPLES BANK OF TN,49648,33181,966,9203,21874,142308,0.0,21874_20241231,1,1,0.048235269452917805,0.05329832175015986,<1bn
392863,SM,114624.0,20241231,445020,511131,445020,TRUPOINT BANK,124372,63799,0,30648,21883,322975,4983.0,21883_20241231,1,1,0.06886881488472428,0.06886881488472428,<1bn
122066,NM,1982.0,20241231,171200,186604,171200,BANK STAR,25681,49425,0,7744,21897,145582,16403.0,21897_20241231,1,1,0.045233644859813085,0.045233644859813085,<1bn
763162,SM,71007.0,20241231,944631,1134496,944631,PRIORITYONE BANK,169182,184987,0,18077,21906,884447,15000.0,21906_20241231,1,1,0.019136572905187315,0.019136572905187315,1-10bn
233534,NM,40059.0,20241231,313817,351299,313817,KIRKWOOD BANK&TRUST CO,91384,81960,6955,39517,21928,200745,0.0,21928_20241231,1,1,0.1259237071286769,0.14808630507588819,<1bn
5526237,NM,1466728.0,20241231,8099995,9671740,8099995,TRI COUNTIES BANK,2019360,2584265,0,144856,21943,6643866,0.0,21943_20241231,1,1,0.017883467829301128,0.017883467829301128,1-10bn
131104,SM,5489.0,20241231,213147,237955,213147,STRYV BANK,16990,93097,903,8940,21955,202495,73331.0,21955_20241231,1,1,0.041942884488170136,0.04617939731734437,<1bn
1085927,NM,374571.0,20241231,1810736,2110843,1810736,MONTECITO BANK&TRUST,665089,725732,15774,26255,21956,1273848,0.0,21956_20241231,1,1,0.014499628880190154,0.023211003702361913,1-10bn
344476,NM,4922.0,20241231,455216,535539,455216,FRONTIER STATE BANK,54942,111643,0,35736,21978,424311,7500.0,21978_20241231,1,1,0.07850339179642192,0.07850339179642192,<1bn
248534,NM,30741.0,20241231,292157,324350,292157,COMMUNITY STB OF ROCK FALLS,83306,44771,11222,19992,21988,203729,0.0,21988_20241231,1,1,0.06842896114075651,0.10683981557861014,<1bn
74955,NM,4875.0,20241231,86198,99618,86198,COVINGTON COUNTY BANK,14472,12117,0,10967,21998,69844,1800.0,21998_20241231,1,1,0.12723033017007354,0.12723033017007354,<1bn
410775,NM,35737.0,20241231,520855,574178,520855,ANDREW JOHNSON BANK,107576,112513,15096,20977,22015,418326,797.0,22015_20241231,1,1,0.04027416459475286,0.06925727889719788,<1bn
352739,SM,46656.0,20241231,476547,531153,476547,INSOUTH BANK,67279,124568,0,14820,22020,402650,0.0,22020_20241231,1,1,0.03109871639103803,0.03109871639103803,<1bn
108967,N,32279.0,20241231,177485,207528,177485,FIRST NATIONAL BANK USA,58083,68996,1965,35206,22046,102663,373.0,22046_20241231,1,1,0.19836042482463306,0.20943178296757473,<1bn
367076,SM,32221.0,20241231,550698,625070,550698,GRAND BANK,62789,184231,0,23131,22065,505749,58865.0,22065_20241231,1,1,0.04200305793738129,0.04200305793738129,<1bn
294233,NM,21668.0,20241231,404988,456371,404988,MAGNOLIA STATE BANK,54222,111386,7077,14007,22081,347438,0.0,22081_20241231,1,1,0.034586209961776644,0.05206080180153486,<1bn
131951,NM,0.0,20241231,205077,259213,205077,MAIN BANK,31995,73428,31995,3846,22086,195245,0.0,22086_20241231,1,1,0.01875393145013824,0.17476850158720872,<1bn
239662,NM,6217.0,20241231,322216,375405,322216,COFFEE COUNTY BANK,16471,85070,0,26917,22090,321981,5308.0,22090_20241231,1,1,0.08353713037217271,0.08353713037217271,<1bn
439866,N,12257.0,20241231,560593,649980,560593,FIRST NATIONAL CMTY BANK,22812,121014,0,108004,22092,492650,0.0,22092_20241231,1,1,0.19266027224742371,0.19266027224742371,<1bn
1362200,NM,32338.0,20241231,2905329,3284205,2905329,CACHE VALLEY BANK,134698,1548276,59576,644311,22134,2373622,68468.0,22134_20241231,1,1,0.22176868781470188,0.24227445497566713,1-10bn
247763,NM,3273.0,20241231,295744,332616,295744,RABUN COUNTY BANK,8651,49852,1974,118290,22138,190318,0.0,22138_20241231,1,1,0.3999743020991127,0.4066489937243021,<1bn
424716,NM,25396.0,20241231,686135,763522,686135,PROGRESSIVE BANK,69762,262091,33870,92801,22139,559762,0.0,22139_20241231,1,1,0.1352518090463247,0.18461527250468202,<1bn
480903,SM,55306.0,20241231,671972,1249756,671972,UNITED BANKERS BANK,116990,191705,14914,340982,22180,706240,327193.0,22180_20241231,1,1,0.5074348335942569,0.5296292107409237,1-10bn
288652,NM,30140.0,20241231,494147,549343,494147,BARWICK BANKING CO,35057,205948,4917,41806,22205,442842,0.0,22205_20241231,1,1,0.08460235516961552,0.09455283549227254,<1bn
42480,N,7271.0,20241231,58099,66375,58099,COMMONWEALTH NATIONAL BANK,28876,16562,7572,11189,22229,24118,0.0,22229_20241231,1,1,0.19258507031102085,0.32291433587497204,<1bn
57449,NM,20075.0,20241231,168086,187868,168086,UNION BANK&TRUST CO,51915,110600,24669,34743,22242,96681,0.0,22242_20241231,1,1,0.20669776186000025,0.3534619183037255,<1bn
1531909,NM,361923.0,20241231,2597225,3098615,2597225,COLONY BANK,798750,857551,91004,228929,22257,1863786,59499.0,22257_20241231,1,1,0.08814369182492852,0.12318262761216298,1-10bn
60241,SM,9763.0,20241231,72648,78691,72648,AMERICAN STB OF GRYGLA,21083,12511,3947,16176,22263,39700,3661.0,22263_20241231,1,1,0.22266270234555666,0.2769931725580883,<1bn
229305,N,104846.0,20241231,299623,356325,299623,FIRST NATIONAL BANK,161434,70939,17639,13556,22271,146882,0.0,22271_20241231,1,1,0.04524352269351819,0.10411417014047654,<1bn
113819,NM,5380.0,20241231,118593,141796,118593,GUARANTY BANK INC,8593,5221,0,3864,22273,116060,19727.0,22273_20241231,1,1,0.03258202423414536,0.03258202423414536,<1bn
287072,NM,2.0,20241231,447114,533563,447114,FIRST NATIONS BANK,17481,161711,17479,76432,22282,431326,39985.0,22282_20241231,1,1,0.17094521755078124,0.21003815581708468,<1bn
553887,SM,57758.0,20241231,940296,1048484,940296,WEST MICHIGAN COMMUNITY BANK,75208,387380,0,16147,22308,894691,15044.0,22308_20241231,1,1,0.017172252141878726,0.017172252141878726,1-10bn
1281558,SM,88.0,20241231,1603822,1878772,1603822,LEGACY BANK&TRUST CO,9493,326352,0,177339,22319,1596482,215917.0,22319_20241231,1,1,0.11057274435691741,0.11057274435691741,1-10bn
1243284,SM,128603.0,20241231,1691030,2168445,1691030,ONE COMMUNITY BANK,235883,452350,8489,39561,22334,1801205,223607.0,22334_20241231,1,1,0.023394617481653193,0.028414634867506786,1-10bn
342959,NM,39657.0,20241231,432279,531446,432279,PANHANDLE FIRST BANK,113878,91433,0,12236,22340,373851,9797.0,22340_20241231,1,1,0.028305793249267255,0.028305793249267255,<1bn
1434541,SM,35174.0,20241231,1939717,2277375,1939717,COMMERCIAL BANK,176155,508702,102736,134503,22354,1776137,174918.0,22354_20241231,1,1,0.0693415585881858,0.12230598587319697,1-10bn
35340,NM,0.0,20241231,42358,55522,42358,PINNACLE BANK INC,14561,7176,0,5188,22355,30265,3296.0,22355_20241231,1,1,0.12247981491099674,0.12247981491099674,<1bn
86097,NM,46127.0,20241231,111736,121847,111736,CITIZENS BANK,61540,25870,0,12568,22358,38093,0.0,22358_20241231,1,1,0.11247941576573352,0.11247941576573352,<1bn
378698,NM,37874.0,20241231,534614,670708,534614,GBC INTERNATIONAL BANK,72247,157044,0,124463,22366,455170,51057.0,22366_20241231,1,1,0.23280909216743295,0.23280909216743295,<1bn
1221395,N,18728.0,20241231,2035318,2284059,2035318,AMERICAN NATIONAL BANK&TRUST,96104,818258,9877,317292,22373,1759720,137483.0,22373_20241231,1,1,0.1558930840291296,0.160745888357495,1-10bn
130294,N,45145.0,20241231,224466,233509,224466,ANAHUAC NATIONAL BANK,114550,94387,0,16395,22381,86011,0.0,22381_20241231,1,1,0.07304001496885942,0.07304001496885942,<1bn
401557,NM,17.0,20241231,572413,693448,572413,PEOPLES COMMUNITY BANK,147716,172589,403,33705,22394,451373,0.0,22394_20241231,1,1,0.05888231049958684,0.05958634761963827,<1bn
877818,N,99038.0,20241231,1153625,1293302,1153625,CENTRAL NATIONAL BANK,118249,278191,5562,137124,22396,1021036,31659.0,22396_20241231,1,1,0.11886358218658576,0.12368490627370246,1-10bn
530545,N,98372.0,20241231,614120,778333,614120,MODERN BANK NATIONAL ASSN,99868,86682,0,127190,22398,526575,227813.0,22398_20241231,1,1,0.2071093597342539,0.2071093597342539,<1bn
31023,NM,2368.0,20241231,35102,41744,35102,WASHITA STATE BANK,7214,4129,0,5167,22430,27865,0.0,22430_20241231,1,1,0.14719958976696484,0.14719958976696484,<1bn
153729,N,10300.0,20241231,192270,245190,192270,BANKCHAMPAIGN NATIONAL ASSN,19183,38971,8883,25293,22434,193641,4006.0,22434_20241231,1,1,0.13154938367920113,0.1777500390076455,<1bn
191615,NM,44380.0,20241231,238338,266909,238338,WRAY STATE BANK,52766,47331,0,11457,22447,188378,2118.0,22447_20241231,1,1,0.048070387432973344,0.048070387432973344,<1bn
73283,NM,7977.0,20241231,79404,86009,79404,FIRST STATE BANK,22371,6253,0,1681,22448,49861,4720.0,22448_20241231,1,1,0.021170218125031486,0.021170218125031486,<1bn
932108,NM,92042.0,20241231,1331319,1561779,1331319,VOLUNTEER STATE BANK,171742,400585,0,44847,22451,1090447,18969.0,22451_20241231,1,1,0.03368614133802642,0.03368614133802642,1-10bn
141298,NM,0.0,20241231,172374,226657,172374,MONTEREY COUNTY BANK,76543,33640,0,29758,22460,80617,0.0,22460_20241231,1,1,0.17263624444521797,0.17263624444521797,<1bn
44405,SM,3508.0,20241231,52572,75240,52572,FIRST CITIZENS BANK OF BUTTE,22494,8296,11913,16406,22502,34699,0.0,22502_20241231,1,1,0.31206726013847674,0.5386707753176596,<1bn
107576,SM,11490.0,20241231,129686,152055,129686,UTAH INDEPENDENT BANK,22430,22324,0,7125,22514,94576,10.0,22514_20241231,1,1,0.05494039449130978,0.05494039449130978,<1bn
137668,NM,0.0,20241231,196679,239370,196679,SPRING HILL STATE BANK,9839,59493,5408,46594,22526,177711,0.0,22526_20241231,1,1,0.23690378738960438,0.2644003681125082,<1bn
274726,NM,5451.0,20241231,354860,394388,354860,FIRST SECURE BANK&TRUST CO,19839,81096,945,75558,22536,286502,0.0,22536_20241231,1,1,0.21292340641379698,0.2155864284506566,<1bn
485239,NM,149580.0,20241231,1219405,1352190,1219405,PEOPLES BANK OF ALABAMA,206116,737373,2959,194227,22537,859605,0.0,22537_20241231,1,1,0.15928014072436966,0.16170673402192054,1-10bn
10571,SM,0.0,20241231,23878,32651,23878,FIRST PROGRESSIVE BANK,17454,13311,0,3962,22549,10482,0.0,22549_20241231,1,1,0.1659267945389061,0.1659267945389061,<1bn
2377032,NM,220762.0,20241231,3014370,3393055,3014370,BRAVERA BANK,762372,683263,145501,47690,22559,2297324,4403.0,22559_20241231,1,1,0.015820884629292355,0.06409000885757223,1-10bn
68265,NM,0.0,20241231,94274,115250,94274,COMMUNITY STATE BANK,19460,26222,0,17675,22567,76082,1251.0,22567_20241231,1,1,0.18748541485457285,0.18748541485457285,<1bn
175294,NM,20387.0,20241231,266652,307875,266652,BRIGHTON BANK,51106,101760,0,29946,22578,210754,0.0,22578_20241231,1,1,0.11230367670221862,0.11230367670221862,<1bn
2099104,NM,224575.0,20241231,2904735,3607133,2904735,BANK OF THE SIERRA,961481,812555,0,100664,22597,2306604,274950.0,22597_20241231,1,1,0.03465514065827003,0.03465514065827003,1-10bn
67096,SM,14156.0,20241231,111070,117711,111070,FLORA BANK&TRUST,35898,44168,0,10029,22598,62219,2000.0,22598_20241231,1,1,0.09029440893130458,0.09029440893130458,<1bn
107291,NM,3662.0,20241231,239304,278640,239304,VALLEY BANK OF COMMERCE,3713,131249,0,118251,22600,145508,0.0,22600_20241231,1,1,0.49414552201384015,0.49414552201384015,<1bn
136966,NM,478.0,20241231,166950,185435,166950,CITIZENS BANK,8198,30273,0,14631,22601,151353,1998.0,22601_20241231,1,1,0.08763701707097933,0.08763701707097933,<1bn
181235,NM,57398.0,20241231,212749,233583,212749,COMMUNITY BANK OF MARSHALL,112610,32358,2020,9738,22636,99604,0.0,22636_20241231,1,1,0.04577224804816944,0.05526700478028099,<1bn
113695,SM,28738.0,20241231,183410,201539,183410,BANK OF COMMERCE,79435,70133,6308,12076,22639,100650,0.0,22639_20241231,1,1,0.06584155716700289,0.10023444741290007,<1bn
4326782,SM,1587856.0,20241231,4442410,4598459,4442410,GREEN DOT BK DBA BONNEVILLE,2032802,115638,0,1718596,22653,76834,267095.0,22653_20241231,1,1,0.38686118570775774,0.38686118570775774,1-10bn
57356,NM,11027.0,20241231,68422,78026,68422,CITIZENS STATE BANK,20945,11220,0,9498,22657,41532,0.0,22657_20241231,1,1,0.13881500102306277,0.13881500102306277,<1bn
124665,NM,48771.0,20241231,180519,197770,180519,NEVADA BANK&TRUST CO,82582,55856,1949,7820,22669,73336,0.0,22669_20241231,1,1,0.0433195397714368,0.05411618721575014,<1bn
190411,SM,25619.0,20241231,269287,312805,269287,CITIZENS B&T CO OF ARDMORE,91628,79338,6375,15972,22717,193715,6000.0,22717_20241231,1,1,0.05931218365535655,0.082985810677827,<1bn
605859,NM,112066.0,20241231,731700,874197,731700,FIRST UTAH BANK,118092,126883,0,51158,22738,662923,93376.0,22738_20241231,1,1,0.06991663249965833,0.06991663249965833,<1bn
204299,NM,13412.0,20241231,337957,388287,337957,BANK OF ST FRANCISVILLE,31822,135231,1993,80181,22739,265839,0.0,22739_20241231,1,1,0.2372520764475954,0.2431492763872327,<1bn
229269,NM,8635.0,20241231,257399,289868,257399,PEOPLES B&T CO PICKETT CNTY,23627,32145,0,4957,22756,211645,1.0,22756_20241231,1,1,0.019258039075520882,0.019258039075520882,<1bn
83238,NM,5636.0,20241231,135583,185696,135583,BRICKYARD BANK,18488,52564,0,42849,22811,117528,0.0,22811_20241231,1,1,0.31603519615291004,0.31603519615291004,<1bn
47947,NM,10708.0,20241231,55645,62007,55645,LAUDERDALE COUNTY BANK,18727,7834,0,5818,22835,26355,0.0,22835_20241231,1,1,0.10455566537874023,0.10455566537874023,<1bn
106316,NM,2139.0,20241231,120422,146490,120422,BANK OF GIBSON CITY,26205,14494,13886,8938,22838,102117,2000.0,22838_20241231,1,1,0.07422231818106326,0.1895334739499427,<1bn
33816,NM,0.0,20241231,51428,67232,51428,LATIMER STATE BANK,16879,17692,0,16898,22839,12893,0.0,22839_20241231,1,1,0.32857587306525626,0.32857587306525626,<1bn
70437,NM,1425.0,20241231,83132,99597,83132,OKLAHOMA HERITAGE BANK,8000,13027,0,3317,22855,66981,14675.0,22855_20241231,1,1,0.039900399364865516,0.039900399364865516,<1bn
15409617,SM,1200470.0,20241231,24213089,29924656,24213089,UNITED BANK,2957176,9064422,225291,2290206,22858,21446009,19.0,22858_20241231,1,1,0.09458545334715451,0.1038899662905464,10-100bn
213831,NM,100333.0,20241231,307677,312285,307677,COMMUNITY BANK OF RAYMORE,171572,93964,0,30617,22867,98677,0.0,22867_20241231,1,1,0.09951020063248146,0.09951020063248146,<1bn
509788,NM,16316.0,20241231,658116,752805,658116,HICKORY POINT BANK&TRUST,162124,149825,124450,74231,22874,468785,0.0,22874_20241231,1,1,0.11279318539588766,0.3018935871487701,<1bn
685518,NM,164805.0,20241231,1028220,1162637,1028220,SOUTHWEST MISSOURI BANK,436431,346669,12570,83462,22876,575207,0.0,22876_20241231,1,1,0.08117134465386786,0.09339635486569023,1-10bn
141545,SM,1.0,20241231,152519,176421,152519,FARMERS&MINERS BANK,28050,11556,0,55214,22888,89575,0.0,22888_20241231,1,1,0.3620139130206728,0.3620139130206728,<1bn
163288,NM,0.0,20241231,234578,278630,234578,PUTNAM COUNTY STATE BANK,5865,71659,497,37202,22895,229329,250.0,22895_20241231,1,1,0.1585911722326902,0.16070987049083887,<1bn
2040132,SM,4007.0,20241231,3401614,3821583,3401614,FIRST BANK&TRUST CO,61039,1367222,56280,416351,22918,3196467,0.0,22918_20241231,1,1,0.12239807338516363,0.13894316051145134,1-10bn
76256,NM,9063.0,20241231,152620,181088,152620,INDEPENDENCE BANK,33216,77215,1695,30046,22925,110410,0.0,22925_20241231,1,1,0.19686803826497182,0.20797405320403617,<1bn
100915,N,27329.0,20241231,117262,130819,117262,AMERICAN NB OF MT PLEASANT,44069,16560,0,1966,22942,81737,0.0,22942_20241231,1,1,0.01676587470791902,0.01676587470791902,<1bn
4703210,N,1418555.0,20241231,7954868,9884832,7954868,AMERANT BANK NATIONAL ASSN,1437714,3646055,0,583129,22953,7186359,701884.0,22953_20241231,1,1,0.07330467331450377,0.07330467331450377,1-10bn
39377,NM,969.0,20241231,40489,50042,40489,CITIZENS BK MORGANTOWN INC,10464,1139,937,967,22954,35983,1006.0,22954_20241231,1,1,0.02388302995875423,0.047025117933265824,<1bn
1068833,N,236714.0,20241231,2495683,2768067,2495683,WEST TEXAS NATIONAL BANK,493633,1427822,96788,771765,22957,1402318,1046.0,22957_20241231,1,1,0.30923999562444426,0.34802216467395897,1-10bn
480872,NM,101763.0,20241231,646303,734487,646303,FIRST COMMUNITY BANK,215055,167094,14673,22574,22964,460970,0.0,22964_20241231,1,1,0.034927889859709765,0.05763086354233231,<1bn
222431,NM,19006.0,20241231,248489,294171,248489,FIRST SECURE STATE BANK,50637,26391,16873,51537,22971,172883,0.0,22971_20241231,1,1,0.20740153487679536,0.275303936995199,<1bn
117005,NM,0.0,20241231,141887,160860,141887,TWIN RIVER BANK,2915,25187,0,41844,22993,114078,0.0,22993_20241231,1,1,0.29491073882737673,0.29491073882737673,<1bn
518210,SM,77518.0,20241231,679966,776319,679966,OREGON PACIFIC BK DBA OR PAC,155258,161966,18068,20442,23007,564164,10001.0,23007_20241231,1,1,0.030063267869275816,0.05663518470041149,<1bn
1884436,NM,337776.0,20241231,2911079,3518255,2911079,COMMUNITY WEST BANK,785058,1029929,9057,120353,23030,2308418,386947.0,23030_20241231,1,1,0.04134308962415654,0.04445430714865519,1-10bn
630639,NM,187458.0,20241231,1015144,1152772,1015144,BANK OF THE PACIFIC,304500,385131,59416,80151,23041,695397,0.0,23041_20241231,1,1,0.07895530092282474,0.137484928246633,1-10bn
312376,N,1705.0,20241231,391764,531971,391764,NEW OMNI BANK NATIONAL ASSN,1705,83467,0,145768,23086,357227,0.0,23086_20241231,1,1,0.3720811508969686,0.3720811508969686,<1bn
3474385,NM,431091.0,20241231,5848468,6521366,5848468,ALPINE BANK,1854767,2381978,9946,315862,23091,4016063,245000.0,23091_20241231,1,1,0.05400764781477816,0.05570826411292667,1-10bn
55865,NM,11542.0,20241231,77214,98711,77214,BANK OF PROTECTION,25416,21577,0,2976,23099,61387,1000.0,23099_20241231,1,1,0.03854223327375864,0.03854223327375864,<1bn
354667,SM,93092.0,20241231,445366,576802,445366,BANK OF BARTLETT,153972,90888,0,6041,23123,378863,0.0,23123_20241231,1,1,0.013564124787253629,0.013564124787253629,<1bn
63079,SM,1820.0,20241231,76230,87613,76230,HURON STATE BANK,12787,13200,3562,14735,23126,53137,0.0,23126_20241231,1,1,0.19329660238751148,0.2400236127508855,<1bn
385815,NM,29465.0,20241231,556198,673527,556198,SOUTH LOUISIANA BANK,272371,178273,197568,34782,23144,335614,0.0,23144_20241231,1,1,0.06253528419735419,0.4177469174646439,<1bn
230148,NM,70146.0,20241231,324659,378276,324659,FIRST CITIZENS BANK,119695,96194,923,9916,23152,209591,0.0,23152_20241231,1,1,0.030542815692773034,0.033385798637955516,<1bn
195151,NM,39516.0,20241231,260181,279081,260181,COMMUNITY BANK&TRUST CO,91172,65445,2600,10114,23189,156887,0.0,23189_20241231,1,1,0.03887293845438368,0.04886598175885249,<1bn
201242,SM,11238.0,20241231,291975,431504,291975,BANKERS BANK OF THE WEST,19507,90989,5382,51812,23210,310016,98745.0,23210_20241231,1,1,0.17745354910523162,0.1958866341296344,<1bn
5805512,N,332709.0,20241231,8102079,8842472,8102079,WOODFOREST NATIONAL BANK,1479855,2298482,0,419309,23220,6428833,0.0,23220_20241231,1,1,0.051753259873175764,0.051753259873175764,1-10bn
23965,NM,0.0,20241231,42281,82356,42281,CALIFORNIA PACIFIC BANK,0,18450,0,15062,23242,59655,0.0,23242_20241231,1,1,0.3562356614081975,0.3562356614081975,<1bn
37872,NM,3365.0,20241231,39236,45183,39236,NORTH ADAMS STATE BANK,10429,1435,0,10275,23244,22604,0.0,23244_20241231,1,1,0.2618768477928433,0.2618768477928433,<1bn
281341,NM,0.0,20241231,327909,367754,327909,COMMUNITY STATE BANK,87246,47909,0,6660,23257,255439,0.0,23257_20241231,1,1,0.020310512977685883,0.020310512977685883,<1bn
60246,SM,0.0,20241231,73311,83235,73311,SIOUXLAND BANK,39194,13709,25906,6632,23270,32480,0.0,23270_20241231,1,1,0.09046391401017582,0.4438351679829766,<1bn
887873,SM,322675.0,20241231,1383361,1622958,1383361,PLUMAS BANK,437735,496226,0,82018,23275,1005375,0.0,23275_20241231,1,1,0.059288934703233646,0.059288934703233646,1-10bn
1013423,SM,68133.0,20241231,1349079,1874686,1349079,FALL RIVER FIVE CENTS SB,249084,336520,1915,82478,23286,1441057,59616.0,23286_20241231,1,1,0.06113652350974257,0.06255601043378482,1-10bn
3694727,NM,274156.0,20241231,4434055,5708025,4434055,CAPE COD FIVE CENTS SB,509247,701725,37435,102811,23287,4734040,100000.0,23287_20241231,1,1,0.02318667675524999,0.03162928741298879,1-10bn
1303584,SI,102979.0,20241231,1693966,1961307,1693966,FLORENCE BANK,609353,391420,17145,75384,23293,1181971,0.0,23293_20241231,1,1,0.04450148350084949,0.05462270199047679,1-10bn
4626725,NM,407668.0,20241231,5628318,7844697,5628318,SALEM FIVE CENTS SB,1538146,1122148,19002,44444,23296,5892601,0.0,23296_20241231,1,1,0.007896497674793784,0.01127263953458209,1-10bn
937204,SM,466099.0,20241231,1310288,1477233,1310288,WATERTOWN SAVINGS BANK,678154,373091,41589,102451,23298,609428,0.0,23298_20241231,1,1,0.07818968043666735,0.10993003064975028,1-10bn
54178,NM,5.0,20241231,62639,96316,62639,UNITED ORIENT BANK,1907,8924,0,10617,23373,75459,0.0,23373_20241231,1,1,0.16949504302431392,0.16949504302431392,<1bn
267457,NM,1789.0,20241231,347828,429064,347828,FIRST JACKSON BANK INC,85184,83394,0,7038,23376,295274,22124.0,23376_20241231,1,1,0.020234138712237084,0.020234138712237084,<1bn
100834,N,0.0,20241231,122879,137643,122879,EVERGREEN NATIONAL BANK,27875,22107,27875,20197,23404,85572,0.0,23404_20241231,1,1,0.16436494437617494,0.39121412120866866,<1bn
136968,N,13236.0,20241231,230698,261720,230698,FIRST NB OF BURLESON,70860,93823,0,77501,23430,107101,0.0,23430_20241231,1,1,0.3359413605666282,0.3359413605666282,<1bn
717,N,0.0,20241231,967,1301949,967,BANK OF NY MELLON TR CO NA,98676,250,98676,231857,23472,0,0.0,23472_20241231,1,1,239.7693898655636,341.81282316442605,1-10bn
1887578,SM,546074.0,20241231,2358625,2809175,2358625,FIRST FIDELITY BANK,649183,476607,2802,62029,23473,1934528,19113.0,23473_20241231,1,1,0.02629879696857279,0.02748677725369654,1-10bn
2774177,N,1058649.0,20241231,5236406,5515169,5236406,AMERICAN NB OF TEXAS,1810611,2471116,55520,300354,23474,3118626,376059.0,23474_20241231,1,1,0.057358806784653445,0.06796149878370776,1-10bn
3354670,SI,84186.0,20241231,4834423,5946055,4834423,TBK BANK SSB,386007,1488210,0,330117,23498,4507418,737090.0,23498_20241231,1,1,0.06828467430342773,0.06828467430342773,1-10bn
109087,NM,21233.0,20241231,139441,151433,139441,CITIZENS BANK INC,57126,30355,0,10154,23523,78224,9492.0,23523_20241231,1,1,0.07281932860492968,0.07281932860492968,<1bn
412992,SM,98981.0,20241231,926448,1470771,926448,BANKERS BANK,212469,517804,33310,78114,23537,1078524,223455.0,23537_20241231,1,1,0.08431557950365266,0.12027010690292386,1-10bn
218026,NM,45499.0,20241231,274654,350502,274654,MUNICIPAL TRUST&SAVINGS BANK,73989,56929,495,23119,23546,245839,0.0,23546_20241231,1,1,0.08417499836157492,0.08597726594187596,<1bn
92998,NM,5895.0,20241231,106593,127388,106593,COMMUNITY BK EL DORADO SPRIN,20580,13872,3722,9957,23551,73543,0.0,23551_20241231,1,1,0.09341138723931215,0.12832925238993179,<1bn
260801,N,47706.0,20241231,332410,379419,332410,LAMAR NATIONAL BANK,88007,71725,0,13588,23597,235573,14975.0,23597_20241231,1,1,0.040877229926897504,0.040877229926897504,<1bn
1259394,SI,110151.0,20241231,1831986,2482010,1831986,DEDHAM INST FOR SVG,437380,573030,34151,17963,23620,1937411,111095.0,23620_20241231,1,1,0.009805205934979853,0.028446723937846686,1-10bn
6179068,NM,814362.0,20241231,10542730,12267590,10542730,BERKSHIRE BANK,1163972,5003026,6988,1128440,23621,9273370,439973.0,23621_20241231,1,1,0.10703489513626926,0.1076977215578887,10-100bn
1613863,NM,145189.0,20241231,2524206,3002043,2524206,BRISTOL COUNTY SAVINGS BANK,312660,917709,1832,172440,23622,2416504,10000.0,23622_20241231,1,1,0.06831455118956219,0.06904032396721979,1-10bn
3862774,NM,855147.0,20241231,5121852,6935621,5121852,WASHINGTON TR CO OF WESTERLY,920292,1363689,14996,116626,23623,5400095,297538.0,23623_20241231,1,1,0.02277027918807494,0.025698126380848178,1-10bn
3354097,NM,194806.0,20241231,5264187,6840042,5264187,REPUBLIC BANK&TRUST CO,590795,1913882,83978,431661,23627,5379947,299557.0,23627_20241231,1,1,0.08199955662669278,0.09795225739511153,1-10bn
193144,N,134142.0,20241231,2433418,2955684,2433418,TIB NATIONAL ASSN,134142,2240274,0,820450,23647,1782014,0.0,23647_20241231,1,1,0.3371595015735069,0.3371595015735069,1-10bn
382771,N,19099.0,20241231,475643,576837,475643,VAST BANK NATIONAL ASSN,38736,93220,0,44720,23737,384822,81025.0,23737_20241231,1,1,0.0940200949031101,0.0940200949031101,<1bn
146912,N,0.0,20241231,176245,218988,176245,MISSION NATIONAL BANK,0,30350,0,36693,23749,173128,49360.0,23749_20241231,1,1,0.20819314023092853,0.20819314023092853,<1bn
221304,SM,24789.0,20241231,290705,322782,290705,FMS BANK,39638,69686,2943,5772,23764,230472,0.0,23764_20241231,1,1,0.019855179649472834,0.029978844533117766,<1bn
421070,NM,457518.0,20241231,661052,745112,661052,COMMERCE BANK,460317,242959,0,6572,23772,150581,0.0,23772_20241231,1,1,0.00994172924369036,0.00994172924369036,<1bn
182802,N,25021.0,20241231,320542,373956,320542,MCCURTAIN COUNTY NB,84494,138136,3976,62817,23798,154302,0.0,23798_20241231,1,1,0.19597119878206287,0.20837518952274586,<1bn
1014948,SM,301880.0,20241231,2033365,2302202,2033365,TEXAS FIRST BANK,761888,1020428,64626,202269,23799,1224339,0.0,23799_20241231,1,1,0.09947500817610218,0.13125779188684766,1-10bn
97179,NM,3933.0,20241231,125833,160386,125833,UNITED PACIFIC BANK,14912,28850,1983,21491,23805,120667,0.0,23805_20241231,1,1,0.17078985639697059,0.18654883853996965,<1bn
564098,NM,105.0,20241231,792880,1020841,792880,TRAILWEST BANK,52407,229348,0,172068,23806,748931,1743.0,23806_20241231,1,1,0.2170164463727172,0.2170164463727172,1-10bn
202432,NM,36841.0,20241231,298255,344426,298255,FIRST STB OF DEKALB COUNTY,94522,96459,12647,34821,23815,176620,0.0,23815_20241231,1,1,0.11674909054332702,0.15915240314495985,<1bn
256,SM,0.0,20241231,2700,40863,2700,BANK OF JACKSON HOLE TRUST,0,2502,0,29594,23826,149,0.0,23826_20241231,1,1,10.960740740740741,10.960740740740741,<1bn
126411,NM,0.0,20241231,237439,294037,237439,SUMMIT BANK,395,112445,395,75747,23864,199465,0.0,23864_20241231,1,1,0.31901667375620685,0.32068025892966195,<1bn
324421,N,12391.0,20241231,539160,599655,539160,AMERICAN BANK NATIONAL ASSN,42620,215372,18903,67450,23886,468294,0.0,23886_20241231,1,1,0.12510201053490616,0.16016210401365086,<1bn
452765,NM,88808.0,20241231,512458,756367,512458,ONEUNITED BANK,103734,61569,2999,206858,23966,407991,103679.0,23966_20241231,1,1,0.4036584461555874,0.4095106330665147,<1bn
87468,SM,1037.0,20241231,117577,133426,117577,MINNESOTA LAKES BANK,28044,30221,20401,14275,23986,83871,0.0,23986_20241231,1,1,0.12140979953562346,0.29492162582818066,<1bn
75301,SM,5840.0,20241231,81864,93972,81864,MINERS EXCHANGE BANK,21071,6921,0,7248,23989,55892,0.0,23989_20241231,1,1,0.08853708589856348,0.08853708589856348,<1bn
1113207,SI,138348.0,20241231,1447823,1981532,1447823,COUNTRY BANK FOR SAVINGS,328585,336469,0,103159,23992,1497692,59850.0,23992_20241231,1,1,0.07125111287774817,0.07125111287774817,1-10bn
592188,NM,57849.0,20241231,1054025,1240830,1054025,STATE BANK OF INDIA CA,101975,467265,38463,49379,23998,1059333,146484.0,23998_20241231,1,1,0.04684803491378288,0.08333957923199165,1-10bn
192614,NM,0.0,20241231,332642,382482,332642,HARBOR BANK OF MARYLAND,97865,140215,0,36846,24015,225139,0.0,24015_20241231,1,1,0.11076773227674196,0.11076773227674196,<1bn
10498,N,0.0,20241231,10920,28567,10920,BRAZOS NATIONAL BANK,0,423,0,4384,24038,19276,0.0,24038_20241231,1,1,0.4014652014652015,0.4014652014652015,<1bn
19788267,SM,2193180.0,20241231,27380375,33458298,27380375,BANC OF CALIFORNIA,4552988,7642713,189985,2497653,24045,23568637,5821962.0,24045_20241231,1,1,0.09122055486822223,0.09815928379359304,10-100bn
53895,NM,29432.0,20241231,79177,87245,79177,ATASCOSA BANK,48144,25441,0,17731,24064,18928,0.0,24064_20241231,1,1,0.22394129608345859,0.22394129608345859,<1bn
64084,N,2044.0,20241231,86405,97780,86405,CITIZENS NATIONAL BANK,35851,22325,15012,8472,24085,34605,0.0,24085_20241231,1,1,0.09804988137260576,0.27178982697760545,<1bn
3263936,NM,399590.0,20241231,5614703,6719648,5614703,OCEAN BANK,817435,2370805,164829,110156,24156,5457054,59790.0,24156_20241231,1,1,0.01961920336658947,0.04897587637315812,1-10bn
3746041,NM,629044.0,20241231,6447162,7637519,6447162,HANMI BANK,866990,2735897,50121,304800,24170,6189807,60730.0,24170_20241231,1,1,0.0472766156643807,0.05505073395084535,1-10bn
114860,N,5281.0,20241231,161948,194898,161948,CAPITOL NATIONAL BANK,5281,47118,0,25316,24199,156612,0.0,24199_20241231,1,1,0.1563217823004915,0.1563217823004915,<1bn
117425,N,0.0,20241231,156004,181262,156004,BANK OF WHITTIER NA,0,38726,0,91708,24211,83234,0.0,24211_20241231,1,1,0.5878567216225224,0.5878567216225224,<1bn
53011,NM,4854.0,20241231,70760,85191,70760,CHASEWOOD BANK,4854,17828,0,9748,24272,66933,0.0,24272_20241231,1,1,0.13776144714527983,0.13776144714527983,<1bn
35357,NM,0.0,20241231,56540,69920,56540,PAVILLION BANK,627,21214,0,12520,24303,52336,0.0,24303_20241231,1,1,0.2214361513972409,0.2214361513972409,<1bn
191371,N,37525.0,20241231,254975,289018,254975,LLANO NATIONAL BANK,101338,63905,0,9146,24305,159034,0.0,24305_20241231,1,1,0.035870183351308954,0.035870183351308954,<1bn
209349,NM,0.0,20241231,299913,534288,299913,FIRST CREDIT BANK,11088,95455,1859,83799,24332,399315,105325.0,24332_20241231,1,1,0.27941102919846755,0.2856094934197584,<1bn
1100028,N,26253.0,20241231,2814506,3162233,2814506,LONE STAR NATIONAL BANK,905863,1717403,77666,496911,24347,1593684,0.0,24347_20241231,1,1,0.17655354083451946,0.2041484367061218,1-10bn
386024,NM,33438.0,20241231,593553,661826,593553,FIRST COMMUNITY BANK,156073,209086,10786,16728,24353,462009,0.0,24353_20241231,1,1,0.028182824448701297,0.046354748438639855,<1bn
44588,N,326.0,20241231,54442,62995,54442,CITY NATIONAL BANK,7056,10286,2449,8754,24367,43959,0.0,24367_20241231,1,1,0.16079497446824143,0.20577862679548878,<1bn
1710533,N,7890.0,20241231,2246144,2882231,2246144,INDUSTRIAL&COMMERCIAL BK CHI,7890,549071,0,94535,24387,2693600,669744.0,24387_20241231,1,1,0.04208768449395942,0.04208768449395942,1-10bn
77015,N,165.0,20241231,100718,113145,100718,PROGRESSIVE NATIONAL BANK,9762,23899,7486,8316,24443,84954,0.0,24443_20241231,1,1,0.08256716773565798,0.15689350463670843,<1bn
457074,SM,30966.0,20241231,552980,651741,552980,AMERICAN NATION BANK,147228,97327,10118,20459,24472,448749,15368.0,24472_20241231,1,1,0.036997721436579985,0.0552949473760353,<1bn
201555,NM,9406.0,20241231,243860,273086,243860,FIRST STATE BANK,55258,42593,6348,58896,24498,148039,11198.0,24498_20241231,1,1,0.24151562371852703,0.26754695316985155,<1bn
983062,NM,285249.0,20241231,2092279,2464704,2092279,INTERAUDI BANK,570055,1119974,29848,452380,24516,1380401,68506.0,24516_20241231,1,1,0.21621399440514386,0.2304797782704888,1-10bn
886668,NM,462.0,20241231,1227168,1527088,1227168,BANK OF NEW ENGLAND,6280,341331,0,125925,24540,1358292,361038.0,24540_20241231,1,1,0.10261431197684424,0.10261431197684424,1-10bn
686244,SM,49021.0,20241231,1802351,2088091,1802351,TEXAS COMMUNITY BANK,607315,1120135,555648,344601,24563,1078107,0.0,24563_20241231,1,1,0.19119527772337352,0.49948594918525857,1-10bn
313086,N,36898.0,20241231,459548,525776,459548,FIRST COMMERCIAL BANK NA,66702,147992,0,116923,24603,318205,0.0,24603_20241231,1,1,0.25443044034573103,0.25443044034573103,<1bn
87631,N,0.0,20241231,169426,198436,169426,TRIAD BANK NATIONAL ASSN,0,81891,0,10493,24677,128573,18043.0,24677_20241231,1,1,0.0619326431598456,0.0619326431598456,<1bn
567902,NM,7133.0,20241231,1122299,1263209,1122299,INTERNATIONAL FINANCE BANK,69118,556546,37616,116428,24823,1061955,0.0,24823_20241231,1,1,0.10374062527009291,0.13725754010294938,1-10bn
230305,SM,140939.0,20241231,557260,896422,557260,ATLANTIC CMTY BANKERS BANK,189042,361040,0,105213,24829,536502,52764.0,24829_20241231,1,1,0.18880414887126296,0.18880414887126296,<1bn
97693,NM,1454.0,20241231,120929,141787,120929,FIRST NM BANK OF SILVER CITY,44272,23293,0,4812,24865,68633,0.0,24865_20241231,1,1,0.039791944033275725,0.039791944033275725,<1bn
4098,NM,0.0,20241231,154014,252033,154014,BNY MELLON TRUST OF DELAWARE,0,149916,0,173949,24867,7942,0.0,24867_20241231,1,1,1.1294362850130508,1.1294362850130508,<1bn
994965,N,92780.0,20241231,2108258,2401684,2108258,COMMUNITY NATIONAL BANK,248889,1116481,2873,480361,24897,1558612,0.0,24897_20241231,1,1,0.2278473507511889,0.2292100871904672,1-10bn
48057,N,10380.0,20241231,67855,77300,67855,FIRST NB OF S PADRE ISL,18854,19826,2989,24876,24902,31574,0.0,24902_20241231,1,1,0.36660526121877535,0.4106550733181048,<1bn
639994,SM,162980.0,20241231,1035664,1127423,1035664,UWHARRIE BANK,359731,396118,29894,52267,24919,665114,0.0,24919_20241231,1,1,0.05046713992182793,0.0793317137604474,1-10bn
1238136,NM,74836.0,20241231,3263101,3804511,3263101,WOORI AMERICA BANK,140711,2045123,0,644445,24920,2915387,100000.0,24920_20241231,1,1,0.19749465309225794,0.19749465309225794,1-10bn
415568,NM,114793.0,20241231,532766,578052,532766,GRAND VALLEY BANK,260059,117543,30745,22561,24922,272180,0.0,24922_20241231,1,1,0.04234692153778582,0.10005518370166265,<1bn
326128,NM,283262.0,20241231,404938,468337,404938,INTERNATIONAL BK OF COM,285891,80207,0,13344,24961,134055,0.0,24961_20241231,1,1,0.032953192834458606,0.032953192834458606,<1bn
146466,SM,10308.0,20241231,166994,184817,166994,VALLEY BANK OF RONAN,22225,20612,0,30666,24966,125542,0.0,24966_20241231,1,1,0.18363534019186317,0.18363534019186317,<1bn
15810034,SM,4013580.0,20241231,25684925,31808311,25684925,COMMERCE BANK,9174126,10026287,2555252,3384573,24998,17060603,0.0,24998_20241231,1,1,0.13177274218242802,0.23125724525183547,10-100bn
78161,N,660.0,20241231,86957,93331,86957,SUMMIT NATIONAL BANK,16819,8876,16120,28581,25054,44044,25000.0,25054_20241231,1,1,0.3286796922616926,0.5140586726773003,<1bn
1117455,NM,158850.0,20241231,1595043,2451741,2076493,HABIB AMERICAN BANK,251350,495840,24922,486065,25093,1599484,100000.0,25093_20241231,1,1,0.3047347312893759,0.32035938843028056,1-10bn
2528048,NM,377939.0,20241231,3725623,4230555,3725623,CITY BANK,577240,1203756,0,358922,25103,3032359,207769.0,25103_20241231,1,1,0.09633878682840427,0.09633878682840427,1-10bn
501337,NM,77037.0,20241231,534459,700026,534459,FINANCE FACTORS LTD,88125,34111,0,19128,25158,489825,0.0,25158_20241231,1,1,0.035789461867046866,0.035789461867046866,<1bn
73665,N,0.0,20241231,104052,128414,104052,COMMUNITY NB OF OKARCHE,76822,30921,22955,7412,25161,42069,0.0,25161_20241231,1,1,0.07123361396224964,0.29184446238419254,<1bn
244189,NM,25219.0,20241231,343686,411562,343686,MEADE COUNTY BANK,41272,100591,0,10779,25173,340911,17509.0,25173_20241231,1,1,0.0313629301164435,0.0313629301164435,<1bn
11974000,N,0.0,20241231,12685000,15691000,12685000,BANK OF AMERICA CA NA,0,742000,0,4935000,25178,10659000,2567000.0,25178_20241231,1,1,0.38904217579818684,0.38904217579818684,10-100bn
108503,N,72620.0,20241231,337276,952216,337276,FIRST NATIONAL BANKERS BANK,73530,228773,369,76773,25247,661330,0.0,25247_20241231,1,1,0.22762663219440457,0.22872069165905667,<1bn
250998,N,25458.0,20241231,848131,950499,848131,C3BANK NATIONAL ASSN,29863,597848,1966,339077,25249,554996,164000.0,25249_20241231,1,1,0.3997931923252422,0.4021112304585023,<1bn
769326,N,283983.0,20241231,933833,1063635,933833,INTERCREDIT BANK NA,394903,166107,0,108673,25258,532045,28415.0,25258_20241231,1,1,0.11637305599609352,0.11637305599609352,1-10bn
242600,NM,6147.0,20241231,338097,434273,338097,TRUBANK,114832,96311,71052,7982,25267,275124,0.0,25267_20241231,1,1,0.023608609363585005,0.2337613170184888,<1bn
410281,NM,4137.0,20241231,461176,525990,461176,BANK OF THE VALLEY,49114,52072,0,10103,25291,436204,129096.0,25291_20241231,1,1,0.02190703766024251,0.02190703766024251,<1bn
80040,SM,2767.0,20241231,187147,210777,187147,BOC BANK,30191,107230,26097,19117,25328,155764,0.0,25328_20241231,1,1,0.10214964706888167,0.2415961784052109,<1bn
39228,NM,8.0,20241231,43048,54895,43048,CEDAR SECURITY BANK,14013,3915,3910,12599,25591,26794,235.0,25591_20241231,1,1,0.29267329492659355,0.38350213714922876,<1bn
806449,N,0.0,20241231,859910,1664279,859910,CREDIT ONE BANK NA,13935,54089,0,274097,25620,1122936,0.0,25620_20241231,1,1,0.3187507995022735,0.3187507995022735,1-10bn
392118,NM,81424.0,20241231,593812,670760,593812,SAGE CAPITAL BANK,128604,202734,0,77649,25621,391342,0.0,25621_20241231,1,1,0.13076360868423004,0.13076360868423004,<1bn
117050,N,14031.0,20241231,148315,177003,148315,BEACON BUSINESS BANK NA,43834,31564,7576,20613,25644,103446,22417.0,25644_20241231,1,1,0.13898122239827396,0.19006169301823822,<1bn
648406,N,198118.0,20241231,796389,861251,796389,COMMUNITY NATIONAL BANK,363165,151146,4403,45746,25665,402054,0.0,25665_20241231,1,1,0.057441777824656044,0.06297048301772123,<1bn
2607804,NM,1861801.0,20241231,3621442,4111484,3621442,INTERNATIONAL BK OF COM,1861901,1023913,0,63208,25679,1397845,0.0,25679_20241231,1,1,0.01745382088129535,0.01745382088129535,1-10bn
130735,NM,0.0,20241231,145675,171424,145675,BANK OF WEST,0,15239,0,16081,25703,145315,0.0,25703_20241231,1,1,0.11038956581431268,0.11038956581431268,<1bn
237100,NM,0.0,20241231,292089,356402,292089,MURPHY BANK,0,55407,0,38111,25726,299510,47280.0,25726_20241231,1,1,0.13047735450496253,0.13047735450496253,<1bn
625149,SM,40252.0,20241231,1032034,1203043,1032034,SOVEREIGN BANK,64086,407622,0,25910,25738,919076,29666.0,25738_20241231,1,1,0.02510576201946835,0.02510576201946835,1-10bn
70552,SM,0.0,20241231,77808,87130,77808,SMALL BUSINESS BANK,0,7352,0,13283,25744,66632,0.0,25744_20241231,1,1,0.17071509356364384,0.17071509356364384,<1bn
106815,N,152.0,20241231,123048,160921,123048,EASTBANK NATIONAL ASSN,30257,18090,0,23301,25749,94355,0.0,25749_20241231,1,1,0.18936512580456408,0.18936512580456408,<1bn
90589,NM,24056.0,20241231,118353,129246,118353,COMMUNITY BANK,65617,28623,0,2171,25750,55219,12500.0,25750_20241231,1,1,0.018343430246804054,0.018343430246804054,<1bn
160137,NM,0.0,20241231,263116,299717,263116,COMMUNITY BANK,0,103133,0,46272,25752,247011,0.0,25752_20241231,1,1,0.17586159716626887,0.17586159716626887,<1bn
267130,NM,97321.0,20241231,481533,525558,481533,PEOPLES BANK&TRUST,211142,215067,0,33743,25795,257275,0.0,25795_20241231,1,1,0.0700741174540478,0.0700741174540478,<1bn
174834,NM,596.0,20241231,203294,216640,203294,COMMUNITY B&T WEST GEORGIA,10882,29396,0,27750,25796,164994,3000.0,25796_20241231,1,1,0.13650181510521708,0.13650181510521708,<1bn
34044,NM,8124.0,20241231,34044,117740,34044,HATCH BANK,31465,0,0,13129,25803,70828,33883.0,25803_20241231,1,1,0.3856479849606392,0.3856479849606392,<1bn
109646,SM,1548.0,20241231,226832,332726,226832,MIDWEST IND BANKERSBANK,28506,117525,0,29810,25849,224369,41852.0,25849_20241231,1,1,0.1314188474289342,0.1314188474289342,<1bn
2933244,SM,659930.0,20241231,4483349,5319635,4483349,EQUITY BANK,1004912,1554797,81730,386342,25858,3458063,125113.0,25858_20241231,1,1,0.08617263567926566,0.10440231175400354,1-10bn
179963,NM,1772.0,20241231,194625,236697,194625,METROPOLITAN BANK,5393,14960,0,19684,25869,192144,0.0,25869_20241231,1,1,0.10113808606294156,0.10113808606294156,<1bn
304049,SM,17606.0,20241231,432375,591285,432375,FIRST EAGLE BANK,127071,129172,0,43576,25883,394265,374.0,25883_20241231,1,1,0.1007828852269442,0.1007828852269442,<1bn
441401,NM,207041.0,20241231,767347,945393,767347,RIO BANK,323802,326200,28177,40103,25886,479168,0.0,25886_20241231,1,1,0.05226188412804116,0.08898190779399671,<1bn
318305,N,42702.0,20241231,381560,451823,381560,FIRST NATIONAL BANK,67921,64595,12060,27416,25894,331953,0.0,25894_20241231,1,1,0.07185239542929028,0.10345948212600901,<1bn
80023,NM,1952.0,20241231,123399,150063,123399,VALLEY STATE BANK,45369,43877,0,19515,26021,80380,0.0,26021_20241231,1,1,0.15814552792162012,0.15814552792162012,<1bn
560048,N,16874.0,20241231,761600,851438,761600,TEXAS NB OF JACKSONVILLE,21732,202567,0,112662,26181,694015,0.0,26181_20241231,1,1,0.1479280462184874,0.1479280462184874,<1bn
250623,SM,8047.0,20241231,414193,467824,414193,CHARTER WEST BANK,29015,164279,13429,40013,26185,365701,17875.0,26185_20241231,1,1,0.09660472291902567,0.12902680634390248,<1bn
84384,SM,0.0,20241231,130094,182708,130094,HAVERFORD TRUST CO,35625,46382,2602,35193,26189,98079,0.0,26189_20241231,1,1,0.2705197780066721,0.2905207004166218,<1bn
299813,SM,5668.0,20241231,403453,454645,403453,BANK OF COMMERCE,107812,104408,18470,30285,26217,294013,0.0,26217_20241231,1,1,0.07506450565493378,0.12084431148113907,<1bn
1177415,N,21867.0,20241231,1668675,2006070,1668675,GOLDEN BANK NATIONAL ASSN,63786,509363,5995,198691,26223,1687515,123080.0,26223_20241231,1,1,0.119071119301242,0.12266379013288987,1-10bn
99233,N,2.0,20241231,116931,132234,116931,FIRST NB OF DUBLIN,417,17799,0,39313,26228,87818,0.0,26228_20241231,1,1,0.3362068228271374,0.3362068228271374,<1bn
54478,N,4266.0,20241231,58478,73214,58478,FIRST NB IN MARLOW,16522,4114,913,3020,26260,48917,0.0,26260_20241231,1,1,0.051643353055850064,0.06725606210882726,<1bn
165208,NM,369.0,20241231,189094,240078,189094,HOME BANK OF CALIFORNIA,369,23886,0,15547,26271,220064,0.0,26271_20241231,1,1,0.08221836758437602,0.08221836758437602,<1bn
804783,N,148885.0,20241231,1063479,1302698,1063479,PACIFIC NATIONAL BANK,269357,259972,0,135613,26299,847357,60006.0,26299_20241231,1,1,0.12751826787364864,0.12751826787364864,1-10bn
1964539,SB,3825940.0,20241231,5853859,6120210,5853859,FIRST AMERICAN TRUST FSB,4789474,3892472,55240,1094000,26312,0,0.0,26312_20241231,1,1,0.18688526662497337,0.1963217767971521,1-10bn
157525,N,12782.0,20241231,581807,645819,581807,FLORIDA CAPITAL BANK NA,14101,424362,0,152241,26323,457745,9110.0,26323_20241231,1,1,0.26166924770585437,0.26166924770585437,<1bn
646774,NM,101063.0,20241231,980406,1236709,980406,GENESEE REGIONAL BANK,188522,335624,0,53590,26333,922394,113824.0,26333_20241231,1,1,0.05466102818628201,0.05466102818628201,1-10bn
846478,SI,98608.0,20241231,1700205,1989581,1700205,VILLAGE BANK,296402,853731,45248,8987,26336,1610467,0.0,26336_20241231,1,1,0.005285833178940187,0.031899094520954824,1-10bn
112918,NM,37005.0,20241231,136661,149626,136661,FLINT HILLS BANK,66312,23952,12901,4013,26340,74051,0.0,26340_20241231,1,1,0.0293646321920665,0.12376610737518384,<1bn
5557936,N,1499155.0,20241231,5959668,6755443,5959668,RBC BANK GEORGIA NA,3521025,417591,1261190,276387,26342,2876510,0.0,26342_20241231,1,1,0.04637624109262462,0.25799708977077246,1-10bn
121584,N,44800.0,20241231,171253,201440,171253,UNITY NB OF HOUSTON,55944,50237,0,15413,26351,116299,61814.0,26351_20241231,1,1,0.09000134304216569,0.09000134304216569,<1bn
105723,NM,5008.0,20241231,140009,157734,140009,STATE BANK OF SOUTHWEST MO,9831,34408,4823,12447,26358,130888,0.0,26358_20241231,1,1,0.08890142776535793,0.12334921326486155,<1bn
272203,NM,4395.0,20241231,307194,400305,307194,COMMUNITY COMMERCE BANK,4395,35040,0,63990,26363,293582,49890.0,26363_20241231,1,1,0.2083048497040958,0.2083048497040958,<1bn
211661,N,63522.0,20241231,331288,373239,331288,PIKE NATIONAL BANK,130450,120797,3226,40072,26379,177817,0.0,26379_20241231,1,1,0.1209581995122069,0.13069595035135592,<1bn
721709,N,224743.0,20241231,1346290,1544354,1346290,BONVENU BANK NATIONAL ASSN,304337,626421,6980,92444,26381,1059544,82437.0,26381_20241231,1,1,0.06866574066508702,0.07385035913510463,1-10bn
250,NM,0.0,20241231,3024,136560,3024,DEUTSCHE BANK TR CO DELAWARE,0,2774,0,134376,26392,0,0.0,26392_20241231,1,1,44.43650793650794,44.43650793650794,<1bn
222522,SI,44656.0,20241231,300461,395860,300461,PITTSFIELD COOP BANK,88865,77940,3228,6165,26393,270726,0.0,26393_20241231,1,1,0.02051846995117503,0.031261960786924094,<1bn
603405,SI,29016.0,20241231,869857,1260426,869857,MUTUALONE BANK,91983,268468,0,31502,26395,1088856,156000.0,26395_20241231,1,1,0.03621514800708622,0.03621514800708622,1-10bn
547062,SM,142096.0,20241231,693862,786065,693862,GREENFIELD COOP BANK,183584,143040,6347,55428,26397,502676,0.0,26397_20241231,1,1,0.0798833197379306,0.08903067180505633,<1bn
203604,N,57686.0,20241231,360264,422572,360264,AMERICAN NATIONAL BANK,58007,156786,0,9802,26398,310310,0.0,26398_20241231,1,1,0.02720782537250461,0.02720782537250461,<1bn
727822,NM,72458.0,20241231,1129326,1327540,1129326,BANK OF IDAHO,183349,403090,20364,81736,26403,1021518,39979.0,26403_20241231,1,1,0.07237591271253828,0.09040790701710578,1-10bn
371519,SI,64335.0,20241231,508004,616451,508004,HAVERHILL BANK,117762,136509,5928,11069,26411,460375,0.0,26411_20241231,1,1,0.02178919851024795,0.033458397965370354,<1bn
48540,NM,183.0,20241231,57410,67607,57410,COMMUNITY STB OF CANTON,8712,8941,3831,3627,26416,48393,0.0,26416_20241231,1,1,0.06317714683852987,0.1299076815885734,<1bn
405047,N,45805.0,20241231,724892,788111,724892,TERRABANK NATIONAL ASSN,204636,320151,45338,36923,26442,516806,45100.0,26442_20241231,1,1,0.050935863549328726,0.11348035293533382,<1bn
634664,SI,49825.0,20241231,1014600,1417753,1014600,EVERETT COOP BANK,79779,381451,5467,157717,26444,1136437,125606.0,26444_20241231,1,1,0.15544746698206188,0.16083579735856496,1-10bn
115951,SM,15699.0,20241231,133914,159534,133914,CANTON COOP BANK,37344,18230,0,20189,26450,94797,17208.0,26450_20241231,1,1,0.15076093612318353,0.15076093612318353,<1bn
961114,SI,198744.0,20241231,1352411,1550411,1352411,FIDELITY COOP BANK,295528,394617,19409,62308,26451,1063083,136773.0,26451_20241231,1,1,0.046071793264029944,0.06042319975214635,1-10bn
441118,SI,105061.0,20241231,554507,770030,554507,SAVERS COOP BANK,125588,113410,0,13096,26455,585356,18564.0,26455_20241231,1,1,0.023617375434394877,0.023617375434394877,<1bn
2942946,SM,50017.0,20241231,4182356,5006001,4182356,NEEDHAM BANK,228205,1245786,69084,220216,26483,4294463,309806.0,26483_20241231,1,1,0.052653576118340956,0.0691715387212375,1-10bn
1660090,SM,181088.0,20241231,2345008,2920096,2345008,NORTH SHORE BANK A COOP BANK,252185,684918,0,68191,26484,2308410,18153.0,26484_20241231,1,1,0.02907921849307124,0.02907921849307124,1-10bn
387531,SM,7822.0,20241231,494400,623024,494400,WALPOLE COOP BANK,73344,107110,0,22898,26487,511727,29988.0,26487_20241231,1,1,0.04631472491909385,0.04631472491909385,<1bn
322005,N,6598.0,20241231,354978,477426,354978,AMERICAN NB OF MINNESOTA,9304,35144,0,9653,26499,416637,101245.0,26499_20241231,1,1,0.02719323451030768,0.02719323451030768,<1bn
101444,SI,2596.0,20241231,124519,137256,124519,METHUEN COOP BANK,15255,23138,3770,13077,26512,103525,0.0,26512_20241231,1,1,0.1050201174118006,0.13529662139914392,<1bn
102961,SM,9495.0,20241231,116924,131199,116924,STOUGHTON COOP BANK,13537,13963,0,10417,26513,102137,2000.0,26513_20241231,1,1,0.0890920597995279,0.0890920597995279,<1bn
216370,SI,11537.0,20241231,259263,304959,259263,WAKEFIELD COOP BANK,35568,43468,998,6066,26516,250574,26059.0,26516_20241231,1,1,0.023397090984830077,0.027246464015304922,<1bn
882881,SI,62650.0,20241231,1362224,1619575,1362224,CAPE COD COOP BANK,108425,481357,0,45794,26517,1382864,63760.0,26517_20241231,1,1,0.03361708500217292,0.03361708500217292,1-10bn
41784,NM,0.0,20241231,43477,52689,43477,FROST STATE BANK,783,2016,393,3974,26519,41381,6011.0,26519_20241231,1,1,0.0914046507348713,0.10044391287347333,<1bn
105797,NM,0.0,20241231,117404,132902,117404,SECURITY BANK OF SW MO,13718,11957,11125,10135,26520,107108,0.0,26520_20241231,1,1,0.0863258492044564,0.18108411979148922,<1bn
301244,NM,6130.0,20241231,410099,476038,410099,THE BANK,106283,109820,0,89504,26522,261491,0.0,26522_20241231,1,1,0.21824973969699998,0.21824973969699998,<1bn
901175,SM,144087.0,20241231,1284798,1503384,1284798,BANKHOMETOWN,158167,383623,6024,64249,26523,1209225,0.0,26523_20241231,1,1,0.050007082825471394,0.054695757621042375,1-10bn
320678,NM,58815.0,20241231,445026,511035,445026,DENALI STATE BANK,114365,125589,0,16809,26530,355870,11000.0,26530_20241231,1,1,0.03777082687303663,0.03777082687303663,<1bn
222022,SI,3232.0,20241231,309836,382833,309836,BANKGLOUCESTER,28882,88578,7990,16747,26536,325432,10207.0,26536_20241231,1,1,0.05405117546056624,0.07983901160614003,<1bn
133319,NM,0.0,20241231,218145,249245,218145,MICRONESIA,64238,84986,51244,123207,26539,58055,0.0,26539_20241231,1,1,0.5647940589974558,0.7997020330514107,<1bn
173578,N,0.0,20241231,236814,263660,236814,BANK OF DESOTO NATIONAL ASSN,8030,63886,7270,82558,26542,165152,0.0,26542_20241231,1,1,0.34861959174710955,0.37931879027422366,<1bn
846300,N,28804.0,20241231,1166326,1543728,1166326,FIRST NATIONAL BANK,55658,322204,0,164082,26543,1262966,120005.0,26543_20241231,1,1,0.14068279366146344,0.14068279366146344,1-10bn
141739,SM,20932.0,20241231,182765,205783,182765,BANK OF EASTON,54620,41026,0,31468,26554,110020,0.0,26554_20241231,1,1,0.17217738626104562,0.17217738626104562,<1bn
577418,SI,16229.0,20241231,793413,965707,793413,ONELOCAL BANK,92799,231717,0,10941,26555,814309,31050.0,26555_20241231,1,1,0.013789791697388372,0.013789791697388372,<1bn
552367,SI,64165.0,20241231,718035,825042,718035,STONEHAMBANK A COOP BANK,87121,165794,0,50728,26559,662338,86495.0,26559_20241231,1,1,0.07064836672307061,0.07064836672307061,<1bn
327179,NM,39899.0,20241231,487898,561988,487898,DELTA BANK,128820,161431,8795,9112,26564,403827,10404.0,26564_20241231,1,1,0.018676034744967186,0.036702343522621535,<1bn
48837,SI,0.0,20241231,58665,83695,58665,NORTH CAMBRIDGE COOP BANK,14139,9875,6958,20711,26567,48262,0.0,26567_20241231,1,1,0.35303843859200545,0.47164408079774994,<1bn
127437,SI,44.0,20241231,161621,179143,161621,WRENTHAM COOP BANK,13049,34792,0,47641,26576,108642,0.0,26576_20241231,1,1,0.2947698628272316,0.2947698628272316,<1bn
71847,NM,5330.0,20241231,93376,101594,93376,DEDICATED COMMUNITY BANK,13744,21582,0,11868,26588,71004,3949.0,26588_20241231,1,1,0.1270990404386566,0.1270990404386566,<1bn
580602,SM,28783.0,20241231,773537,964596,773537,COASTAL HERITAGE BANK,109682,192990,59570,37475,26591,773152,20000.0,26591_20241231,1,1,0.04844629280823025,0.12545618373781733,<1bn
215766,SM,43365.0,20241231,291584,311674,291584,CHARLES RIVER BANK,50051,75721,0,23161,26602,217680,0.0,26602_20241231,1,1,0.07943165605794557,0.07943165605794557,<1bn
8882851,NM,1763388.0,20241231,14348619,17048804,14348619,BANK OF HOPE,2079949,5555687,0,458199,26610,13482237,1063108.0,26610_20241231,1,1,0.031933317066959545,0.031933317066959545,10-100bn
486909,SM,115492.0,20241231,692307,930502,692307,READING COOP BANK,139736,210084,0,7923,26620,729514,0.0,26620_20241231,1,1,0.011444344777678112,0.011444344777678112,<1bn
460075,SM,118138.0,20241231,782479,1109333,782479,UNITED TEXAS BANK,229276,324441,0,336596,26626,512080,92483.0,26626_20241231,1,1,0.43016617698366344,0.43016617698366344,1-10bn
353217,NM,38715.0,20241231,729459,802927,729459,BANK OF THE WEST,78204,380511,5830,212243,26627,479579,0.0,26627_20241231,1,1,0.29095946447984056,0.29895168885434276,<1bn
532129,SI,59932.0,20241231,652658,837477,652658,MECHANICS COOP BANK,78003,121453,0,10721,26634,704332,66358.0,26634_20241231,1,1,0.016426673694339148,0.016426673694339148,<1bn
2605667,SI,119477.0,20241231,4183466,5384720,4183466,FIRSTRUST SAVINGS BANK,436158,1700419,56961,383336,26647,4423147,137093.0,26647_20241231,1,1,0.0916311976719782,0.10524694117270225,1-10bn
74169,NM,10792.0,20241231,82062,91828,82062,BANDERA BANK,16957,7925,494,23891,26653,49733,0.0,26653_20241231,1,1,0.29113353318222807,0.2971533718408033,<1bn
32236,NM,7508.0,20241231,37725,47689,37725,AMISTAD BANK,8513,5502,0,3672,26658,29497,0.0,26658_20241231,1,1,0.09733598409542743,0.09733598409542743,<1bn
110800,SM,221.0,20241231,232660,275876,232660,BANKERS BANK,14577,121937,9876,17972,26677,203120,59944.0,26677_20241231,1,1,0.0772457663543368,0.11969397403937075,<1bn
108459,NM,19657.0,20241231,141666,155179,141666,PNB COMMUNITY BANK,28252,33522,0,7993,26687,114217,0.0,26687_20241231,1,1,0.05642144198325639,0.05642144198325639,<1bn
132145,NM,1035.0,20241231,159993,316943,159993,BANK OF ALMA,41387,28728,0,78693,26689,192098,0.0,26689_20241231,1,1,0.4918527685586244,0.4918527685586244,<1bn
342414,NM,32441.0,20241231,427406,492254,427406,RIVER CITY BANK INC,78564,85964,0,11255,26703,364492,0.0,26703_20241231,1,1,0.026333275620838266,0.026333275620838266,<1bn
278800,NM,0.0,20241231,372414,421962,372414,BALBOA THRIFT&LOAN ASSN,0,93671,0,39411,26704,372423,54186.0,26704_20241231,1,1,0.10582577454123637,0.10582577454123637,<1bn
75380,NM,0.0,20241231,98124,102840,98124,SPECTRA BANK,15923,23031,14673,31470,26708,53023,0.0,26708_20241231,1,1,0.320716644246056,0.4702519261342791,<1bn
1979717,NM,883550.0,20241231,2526831,2831371,2526831,BANCO DO BRASIL AMERICAS,919626,548701,21947,236019,26725,1621155,0.0,26725_20241231,1,1,0.0934051386895285,0.10209072154014258,1-10bn
106352,NM,13693.0,20241231,131296,160794,131296,BANK OF SOUTH TEXAS,16666,25263,1000,30067,26727,98211,0.0,26727_20241231,1,1,0.22900164513770413,0.236618023397514,<1bn
69730,NM,49192.0,20241231,136035,161855,136035,TEXAS FINANCIAL BANK,57107,66343,0,28932,26738,54443,3027.0,26738_20241231,1,1,0.2126805601499614,0.2126805601499614,<1bn
20961,NM,0.0,20241231,20799,26042,20799,MINNESOTA 1ST CREDIT&SVG INC,0,0,0,1536,26755,23389,449.0,26755_20241231,1,1,0.07384970431270735,0.07384970431270735,<1bn
395602,NM,12277.0,20241231,625884,709779,625884,GREEN BELT BANK&TRUST,55499,233821,27696,12087,26760,598897,5833.0,26760_20241231,1,1,0.019311885269474856,0.06356289663899381,<1bn
226681,N,68782.0,20241231,458592,578769,458592,HANA BANK USA NATIONAL ASSN,68782,234015,0,90378,26790,397435,99365.0,26790_20241231,1,1,0.19707714046472682,0.19707714046472682,<1bn
83203,NM,0.0,20241231,89273,118524,89273,HOME SAVINGS BANK,0,6394,0,18528,26798,95935,20666.0,26798_20241231,1,1,0.20754315414515026,0.20754315414515026,<1bn
268862,NM,12543.0,20241231,305748,453776,305748,EVABANK,84527,39637,0,9971,26799,348753,14674.0,26799_20241231,1,1,0.03261182411659275,0.03261182411659275,<1bn
8040,NM,390.0,20241231,8629,13608,8629,LIBERTY BANK INC,488,632,0,10549,26816,0,0.0,26816_20241231,1,1,1.2225055046934754,1.2225055046934754,<1bn
172535,N,39204.0,20241231,265379,311206,265379,FIRST NATIONAL BANK OF PASCO,67165,93941,0,8397,26829,186721,0.0,26829_20241231,1,1,0.03164153908184144,0.03164153908184144,<1bn
76863,NM,0.0,20241231,103886,131116,103886,CHESAPEAKE BANK&TRUST CO,19528,27102,16764,6017,26847,100009,0.0,26847_20241231,1,1,0.05791925764780625,0.21928845080184048,<1bn
1079463,NM,312193.0,20241231,1774497,2014765,1774497,FALCON INTERNATIONAL BANK,394258,700717,22602,234948,26856,1279918,373.0,26856_20241231,1,1,0.13240259070598598,0.14513972128439778,1-10bn
86538,SM,7757.0,20241231,110433,143170,110433,COMMUNITY BANKERS BANK,17868,23994,497,7838,26871,103197,40393.0,26871_20241231,1,1,0.07097516141008575,0.07547562775619607,<1bn
5963712,N,1004521.0,20241231,9442178,11305158,9461643,SAFRA NB OF NEW YORK,2920215,3590463,804523,4073767,26876,3061837,4344492.0,26876_20241231,1,1,0.4314435715996881,0.51664880708667,10-100bn
25452802,N,1523346.0,20241231,26008552,31087762,26008552,SOFI BANK NATIONAL ASSN,1860595,574644,271031,2639272,26881,25376504,772914.0,26881_20241231,1,1,0.10147708338395771,0.1118979249594518,10-100bn
225288,SM,58927.0,20241231,243309,265567,243309,LIBERTY BANK MINNESOTA,91980,18192,0,10401,26891,141594,0.0,26891_20241231,1,1,0.042748110427481105,0.042748110427481105,<1bn
1375621,SM,349733.0,20241231,2445263,2715928,2445263,TEXAS REGIONAL BANK,900136,1072889,80986,92065,26906,1450834,225000.0,26906_20241231,1,1,0.03765034681341026,0.07076989264549458,1-10bn
291540,NM,0.0,20241231,491142,556766,491142,BANK OF SOUTH CAROLINA,157471,200116,76773,11007,26912,365421,42849.0,26912_20241231,1,1,0.022411033876149872,0.1787263154036918,<1bn
301743,SI,13192.0,20241231,458266,554811,458266,COOP BANK,44882,156523,4392,15106,26922,467359,18736.0,26922_20241231,1,1,0.032963388075920974,0.042547341500351325,<1bn
35295,NM,2833.0,20241231,43809,47925,43809,PEOPLES BANK OF DEER LODGE,4612,8570,0,1001,26941,33992,0.0,26941_20241231,1,1,0.022849186240270263,0.022849186240270263,<1bn
198137,SM,7221.0,20241231,251850,323256,251850,AMERICAN STATE BANK,70474,54084,4526,7103,26944,229773,3711.0,26944_20241231,1,1,0.02820329561246774,0.04617431010522136,<1bn
210081,NM,18456.0,20241231,277781,355884,277781,BANK OF CLEVELAND,34883,68474,0,20154,26955,283720,0.0,26955_20241231,1,1,0.07255355837872281,0.07255355837872281,<1bn
1164416,NM,18.0,20241231,1400717,1572595,1400717,FIRST BANK OF THE LAKE,6475,193160,0,32808,26960,1499596,670645.0,26960_20241231,1,1,0.023422290155684554,0.023422290155684554,1-10bn
3437280,NM,418820.0,20241231,4841137,5356722,4841137,WILSON BANK&TRUST,827893,1429546,4538,237840,26962,4044921,0.0,26962_20241231,1,1,0.04912895462367622,0.050066337721902936,1-10bn
14140,NM,0.0,20241231,15308,17265,15308,YOUNG AMERICANS BANK,0,1168,0,15300,27010,25,0.0,27010_20241231,1,1,0.9994773974392475,0.9994773974392475,<1bn
126462,SB,0.0,20241231,151171,209944,151171,42 NORTH PRIVATE BANK,0,24760,0,25923,27015,171235,8008.0,27015_20241231,1,1,0.17148130263079558,0.17148130263079558,<1bn
142787,N,44478.0,20241231,360513,404104,360513,NATIVE AMERICAN BANK NA,47471,218012,0,161350,27026,175718,22749.0,27026_20241231,1,1,0.4475566761808867,0.4475566761808867,<1bn
130890,SM,8290.0,20241231,174509,208450,174509,SANGER BANK,33742,44059,1680,32217,27043,126463,0.0,27043_20241231,1,1,0.1846151201370703,0.19424213077835528,<1bn
1639325,N,156818.0,20241231,1930155,2233211,1930155,COMMUNITY NB&T,469362,294183,64809,105092,27046,1482897,53113.0,27046_20241231,1,1,0.05444744074957711,0.08802453688952441,1-10bn
1662057,N,286719.0,20241231,2427394,2849857,2427394,ST CHARLES B&T CO NA,371793,767986,0,57901,27052,2269662,231213.0,27052_20241231,1,1,0.023853152805024647,0.023853152805024647,1-10bn
245930,NM,0.0,20241231,2522899,3083413,2522899,SUMITOMO MITSUI TR BK U SA,0,2283371,0,3008975,27054,1444,0.0,27054_20241231,1,1,1.192665659624107,1.192665659624107,1-10bn
1642892,NM,23737.0,20241231,2278721,2781756,2278721,STATE BANK OF TEXAS,152878,661314,0,273795,27074,2263385,179614.0,27074_20241231,1,1,0.12015292789244493,0.12015292789244493,1-10bn
228103,NM,0.0,20241231,338356,367511,338356,PREMIER BANK OF THE SOUTH,77571,110874,0,77884,27118,198852,0.0,27118_20241231,1,1,0.23018359361146248,0.23018359361146248,<1bn
536485,SM,78875.0,20241231,1060475,1211826,1060475,UNITED SECURITY BANK,160708,524116,0,56211,27132,912416,100288.0,27132_20241231,1,1,0.05300549282161296,0.05300549282161296,1-10bn
114880,SB,14391.0,20241231,116507,131382,116507,CITIZENS BANK&TRUST INC,32457,1943,491,6791,27153,79735,0.0,27153_20241231,1,1,0.05828834318967959,0.06250268224226871,<1bn
61206,NM,44916.0,20241231,71746,80843,71746,COMMUNITY STATE BANK,46977,10562,501,2777,27201,27863,1000.0,27201_20241231,1,1,0.03870599057787194,0.04568895826945056,<1bn
2252682,SM,0.0,20241231,3958366,4526022,3958366,INTERBANK,0,1708948,0,441329,27210,3868358,0.0,27210_20241231,1,1,0.11149272199690478,0.11149272199690478,1-10bn
494403,NM,28775.0,20241231,581828,785650,581828,FIRST COMMUNITY BANK OF TN,89041,88786,0,57430,27211,577673,158584.0,27211_20241231,1,1,0.09870614683377218,0.09870614683377218,<1bn
33086,SM,1438.0,20241231,67795,143926,67795,INDEPENDENT CORRESPONDENT BA,2428,34728,990,62809,27219,76734,16069.0,27219_20241231,1,1,0.9264547533003908,0.9410576001180028,<1bn
309889,NM,66222.0,20241231,412004,452245,412004,PEOPLES INDEPENDENT BANK,172895,102570,34816,44832,27233,190049,3175.0,27233_20241231,1,1,0.10881447752934438,0.19331851147076243,<1bn
1478680,NM,537359.0,20241231,2610170,2971005,2610170,STAR FINANCIAL BANK,1010736,1133168,99658,67742,27235,1723153,9931.0,27235_20241231,1,1,0.02595309884030542,0.06413375374017784,1-10bn
8800866,NM,1075306.0,20241231,13276224,15568085,13276224,ENTERPRISE BANK&TRUST,2794188,4506369,128893,761155,27237,11082515,722297.0,27237_20241231,1,1,0.05733219023722408,0.067040748935842,10-100bn
529617,SI,11841.0,20241231,686197,852112,686197,WINCHESTER COOP BANK,135355,156580,65496,57244,27238,636226,0.0,27238_20241231,1,1,0.08342210764547207,0.17886991636512548,<1bn
127207,NM,33646.0,20241231,235507,254546,235507,WAYCROSS BANK&TRUST,76324,108603,956,30741,27254,141626,0.0,27254_20241231,1,1,0.13053115194028203,0.134590479263886,<1bn
609726,NM,284.0,20241231,780914,962146,780914,AMERASIA BANK,78834,182051,0,102755,27267,749891,28387.0,27267_20241231,1,1,0.13158299121286082,0.13158299121286082,<1bn
330804,SI,57583.0,20241231,398310,474932,398310,DEAN COOP BANK,107407,67506,0,14193,27269,329552,0.0,27269_20241231,1,1,0.035633049634706634,0.035633049634706634,<1bn
76020000,SB,252000.0,20241231,83902000,111939000,83902000,SYNCHRONY BANK,3082000,7986000,1844000,13494000,27314,89941000,9741000.0,27314_20241231,1,1,0.16083049271769445,0.18280851469571643,>=100bn
75623,SM,466.0,20241231,125176,216552,125176,BANKERS BANK OF KANSAS,5285,49831,1224,41353,27351,142231,41098.0,27351_20241231,1,1,0.33035885473253657,0.34013708698153,<1bn
505636,NM,0.0,20241231,668339,769429,668339,PRAIRIE STATE BANK&TRUST,209314,163134,141424,18535,27362,518838,2.0,27362_20241231,1,1,0.02773293194022794,0.23933812032516433,<1bn
505156,NM,84681.0,20241231,888555,981881,888555,FIRST METRO BANK,252877,387675,39299,96092,27381,563217,0.0,27381_20241231,1,1,0.1081441216356894,0.15237210977373375,<1bn
40926,SI,0.0,20241231,59514,98599,59514,PORT RICHMOND SAVINGS,0,18666,0,8029,27385,88605,0.0,27385_20241231,1,1,0.13490943307457068,0.13490943307457068,<1bn
8227247,N,0.0,20241231,8762782,10455423,8762782,WELLS FARGO NB WEST,2040259,711853,2040259,2569429,27389,5644230,0.0,27389_20241231,1,1,0.29322069178486926,0.5260530274517842,10-100bn
506262,NM,993.0,20241231,830051,962968,830051,FIRST BANK&TRUST CO,115196,322490,90034,28955,27394,721552,0.0,27394_20241231,1,1,0.034883398730921354,0.14335143262281475,<1bn
131090,NM,17163.0,20241231,153250,167324,153250,PEOPLES BANK,23288,22427,0,3014,27398,128795,15098.0,27398_20241231,1,1,0.01966721044045677,0.01966721044045677,<1bn
2777842,NM,288832.0,20241231,4190055,4827726,4190055,ENTERPRISE BANK&TRUST CO,593595,1420253,6232,83840,27408,3919920,9973.0,27408_20241231,1,1,0.020009283887681667,0.02149661519956182,1-10bn
178084,NM,64086.0,20241231,242404,270370,242404,COMMERCIAL BANK,80528,64627,1978,7808,27409,167629,5875.0,27409_20241231,1,1,0.03221068959258098,0.04037062094684906,<1bn
378498,SB,364.0,20241231,424463,485279,424463,SHOREHAM BANK,14220,46388,0,33898,27417,419230,92120.0,27417_20241231,1,1,0.07986090660434478,0.07986090660434478,<1bn
127474645,N,9940.0,20241231,149994141,193062339,149994141,AMERICAN EXPRESS NB,239080,29160858,0,35024545,27471,153621461,23721384.0,27471_20241231,1,1,0.23350608741444107,0.23350608741444107,>=100bn
7262160,SM,10259.0,20241231,10086173,11405008,10086173,BANCFIRST,1035814,2842854,1005072,3147416,27476,6590732,0.0,27476_20241231,1,1,0.3120525495646367,0.41170104855429307,10-100bn
239916,NM,15874.0,20241231,323992,348732,323992,BANK OF THE LOWCOUNTRY,57771,84383,0,9436,27496,267992,0.0,27496_20241231,1,1,0.029124175905577917,0.029124175905577917,<1bn
3241256,NM,78801.0,20241231,3260276,8094486,3260276,COMENITY BANK,93355,25505,0,1264529,27499,6143003,3068820.0,27499_20241231,1,1,0.38785949410418014,0.38785949410418014,1-10bn
262715,NM,17610.0,20241231,452805,587865,452805,BERKSHIRE BANK,120559,191992,82780,258155,27503,196730,0.0,27503_20241231,1,1,0.5701240048144345,0.7529400072879054,<1bn
618566,NM,0.0,20241231,970812,1125263,970812,METRO BANK,382926,357544,26379,159943,27510,553862,0.0,27510_20241231,1,1,0.16475177480294845,0.1919238740353436,1-10bn
91473,NM,448.0,20241231,184652,214026,184652,BURLING BANK,26118,93681,0,11477,27556,170786,24000.0,27556_20241231,1,1,0.06215475597339861,0.06215475597339861,<1bn
123238,NM,2863.0,20241231,155867,177731,155867,NORTH ALABAMA BANK,11767,33260,0,11681,27560,138017,12025.0,27560_20241231,1,1,0.07494209807079112,0.07494209807079112,<1bn
89087,SI,0.0,20241231,95239,104996,95239,GLEN BURNIE MUTUAL SB,1500,6920,0,12608,27567,84518,0.0,27567_20241231,1,1,0.13238274236394754,0.13238274236394754,<1bn
3357632,N,849245.0,20241231,6280232,8463081,6451129,LAKE FOREST B&T CO NA,974048,3204462,7942,704987,27589,6098505,788025.0,27589_20241231,1,1,0.11225492943572785,0.11351953239944002,1-10bn
790507,SL,139046.0,20241231,936474,1281710,936474,PIEDMONT FSB,252661,146377,12490,97514,27619,822184,18304.0,27619_20241231,1,1,0.10412889199273018,0.11746615495998822,1-10bn
212655,SB,98325.0,20241231,238948,283804,238948,FIRST FEDERAL BANK OF OHIO,110857,27250,0,39027,27643,116360,6482.0,27643_20241231,1,1,0.16332842292046806,0.16332842292046806,<1bn
437019,SB,92399.0,20241231,547707,607746,547707,HOME FEDERAL BANK,94038,110827,0,16940,27654,458909,0.0,27654_20241231,1,1,0.030928945585869817,0.030928945585869817,<1bn
375059,SB,90118.0,20241231,407418,534311,407418,STERLING FEDERAL BANK FSB,104751,33181,0,17904,27664,360852,9797.0,27664_20241231,1,1,0.043945039247161394,0.043945039247161394,<1bn
2895583,SM,117680.0,20241231,3780293,4595113,3780293,HOMETRUST BANK,152012,897726,0,307628,27677,3809176,387132.0,27677_20241231,1,1,0.0813767610076785,0.0813767610076785,1-10bn
388451,SI,13829.0,20241231,488398,560816,488398,FIRST FEDERAL CMTY BANK SSB,22307,100781,7166,43626,27678,463034,0.0,27678_20241231,1,1,0.08932469010929611,0.10399714986547856,<1bn
178017,SB,49690.0,20241231,210798,278887,210798,NORTH SHORE TRUST&SAVINGS,71249,32817,0,54975,27683,131574,0.0,27683_20241231,1,1,0.2607946944468164,0.2607946944468164,<1bn
414327,SI,1094.0,20241231,502013,601310,502013,SLOVENIAN S&LA OF CANONSBURG,322015,88321,0,22589,27686,249376,0.0,27686_20241231,1,1,0.04499684271124453,0.04499684271124453,<1bn
379922,SB,85419.0,20241231,418608,527052,418608,FIFTH DISTRICT SAVINGS BANK,92987,39907,0,37416,27697,367289,0.0,27697_20241231,1,1,0.08938195161105378,0.08938195161105378,<1bn
256995,SI,63922.0,20241231,270773,312291,270773,ALTOONA FIRST SAVINGS BANK,91290,13992,0,19183,27711,183009,0.0,27711_20241231,1,1,0.07084532061911639,0.07084532061911639,<1bn
17969,SB,0.0,20241231,29879,43962,29879,MUTUAL SAVINGS&LOAN ASSN,0,11912,0,9940,27716,30625,0.0,27716_20241231,1,1,0.3326751229960842,0.3326751229960842,<1bn
136838,SI,28188.0,20241231,200042,214860,200042,SECURITY BANK S B,45412,64312,7258,44415,27723,113048,10.0,27723_20241231,1,1,0.2220283740414513,0.2583107547415043,<1bn
124280,SB,384.0,20241231,154625,182016,154625,LYONS FEDERAL BANK,14075,30488,0,31734,27727,118071,5000.0,27727_20241231,1,1,0.205232012934519,0.205232012934519,<1bn
160942,SI,20709.0,20241231,240971,312105,240971,MUTUAL SAVINGS BANK,75689,80323,0,9204,27742,205542,0.0,27742_20241231,1,1,0.03819546750438849,0.03819546750438849,<1bn
195426,SL,394.0,20241231,222524,258531,222524,HIBERNIA BANK,394,27638,0,44309,27752,192240,0.0,27752_20241231,1,1,0.1991200949111107,0.1991200949111107,<1bn
111913,SI,186772.0,20241231,119221,351895,119221,WEST VIEW SAVINGS BANK,220855,7667,0,37370,27760,79992,0.0,27760_20241231,1,1,0.31345148925105476,0.31345148925105476,<1bn
470118,SI,21510.0,20241231,542962,605043,542962,INFIRST BANK,26065,75276,0,20854,27763,530710,0.0,27763_20241231,1,1,0.038407844379533006,0.038407844379533006,<1bn
118906,SB,0.0,20241231,126113,150051,126113,UNION FS&LA,7198,7505,0,10242,27767,124968,0.0,27767_20241231,1,1,0.08121288051192185,0.08121288051192185,<1bn
2958558,SB,219255.0,20241231,3274148,3768316,3274148,GATE CITY BANK,332963,324165,87664,374162,27774,2879833,26039.0,27774_20241231,1,1,0.11427766857209876,0.1410522676433686,1-10bn
496776,SI,181391.0,20241231,630859,793858,630859,WILLIAM PENN BANK,230187,134092,969,16058,27799,467510,0.0,27799_20241231,1,1,0.025454182313321996,0.026990183226362784,<1bn
228226,SB,0.0,20241231,238420,270684,238420,FAIRFIELD FS&LA OF LANCASTER,12753,10230,0,4813,27806,242964,0.0,27806_20241231,1,1,0.020187064843553395,0.020187064843553395,<1bn
3605154,SM,264877.0,20241231,4717362,5328488,4717362,INDEPENDENT BANK,898618,1114738,0,119882,27811,3991181,109811.0,27811_20241231,1,1,0.02541293205821389,0.02541293205821389,1-10bn
329965,SL,40494.0,20241231,364594,567213,364594,SALEM COOP BANK,50187,34633,0,4459,27824,474451,0.0,27824_20241231,1,1,0.012230042183908676,0.012230042183908676,<1bn
25443,SB,0.0,20241231,26676,40966,26676,CITIZENS FS&LA,4742,1236,1077,4218,27841,31357,0.0,27841_20241231,1,1,0.1581196581196581,0.19849302744039587,<1bn
35535,NM,10188.0,20241231,36155,55605,36155,PIONEER SAVINGS BANK,13900,626,0,730,27847,35271,9115.0,27847_20241231,1,1,0.020190844973032775,0.020190844973032775,<1bn
630825,SB,320952.0,20241231,764895,982779,764895,PIONEER BANK,341915,134112,14121,29644,27872,544239,0.0,27872_20241231,1,1,0.038755646199805205,0.057217003641022626,<1bn
390035,SB,170548.0,20241231,413274,543827,413274,HUNTINGTON FSB,231494,24957,0,21298,27884,278456,0.0,27884_20241231,1,1,0.051534817094711985,0.051534817094711985,<1bn
34296,SI,0.0,20241231,37686,43810,37686,BLACK MOUNTAIN SB SSB,0,3390,0,13968,27897,28584,0.0,27897_20241231,1,1,0.37064161757681896,0.37064161757681896,<1bn
93297,SL,6432.0,20241231,103737,124599,103737,HOME S&LA OF CARROLL CNTY FA,26106,10700,8132,7334,27898,85326,0.0,27898_20241231,1,1,0.07069801517298553,0.149088560494327,<1bn
72301,SB,0.0,20241231,76661,111058,76661,CENTRAL SAVINGS FSB,0,5289,0,10792,27910,96969,11258.0,27910_20241231,1,1,0.14077562254601428,0.14077562254601428,<1bn
573164,SI,109720.0,20241231,695749,1019932,695749,BRENTWOOD BANK,168816,123239,9462,31584,27943,772651,43371.0,27943_20241231,1,1,0.045395681488582806,0.05899541357587291,1-10bn
168477,SB,16710.0,20241231,231733,257463,231733,GREENVILLE FEDERAL,18593,63388,0,13745,27965,207751,0.0,27965_20241231,1,1,0.05931395183249688,0.05931395183249688,<1bn
151889,SB,12519.0,20241231,198172,269690,198172,COMMUNITY SAVINGS,14483,46458,0,16237,27969,226063,4007.0,27969_20241231,1,1,0.08193387562319601,0.08193387562319601,<1bn
5717229,SB,786285.0,20241231,6285922,9552474,6285922,CAPITOL FEDERAL SAVINGS BANK,861501,757786,0,184374,27981,7960109,0.0,27981_20241231,1,1,0.02933125800797401,0.02933125800797401,1-10bn
214477,NM,13700.0,20241231,285438,353596,285438,OSB COMMUNITY BANK,16821,71706,0,12487,27989,301974,32733.0,27989_20241231,1,1,0.04374680315865442,0.04374680315865442,<1bn
1080782,SI,0.0,20241231,1158626,1318382,1158626,GUARDIAN SAVINGS BANK,0,77960,0,202292,27998,1064722,0.0,27998_20241231,1,1,0.17459646167097925,0.17459646167097925,1-10bn
65417,SI,0.0,20241231,95673,133814,95673,BELMONT SAVINGS BANK SSB,8562,30113,0,6068,28035,112950,6276.0,28035_20241231,1,1,0.06342437260251063,0.06342437260251063,<1bn
140528,SB,12603.0,20241231,167311,185131,167311,CITIZENS FS&LA,28352,26900,0,8402,28060,141973,3500.0,28060_20241231,1,1,0.050217857761892526,0.050217857761892526,<1bn
61449,SB,2267.0,20241231,68103,82355,68103,COVINGTON SAVINGS&LOAN ASSN,16148,6654,998,17598,28063,47509,0.0,28063_20241231,1,1,0.25840271353684857,0.2730569872105487,<1bn
186061,SL,17709.0,20241231,202388,261207,202388,HARRISON BUILDING&LOAN ASSN,114802,16697,0,2818,28080,124651,0.0,28080_20241231,1,1,0.013923750419985375,0.013923750419985375,<1bn
15223602,NM,2102979.0,20241231,21566498,27670704,21566498,WASHINGTON FEDERAL BANK,3281078,6358195,0,1507735,28088,21067729,1541330.0,28088_20241231,1,1,0.06991097952017987,0.06991097952017987,10-100bn
1977911,N,290986.0,20241231,2787962,3434439,2787962,HOME BANK NATIONAL ASSN,403857,813553,0,98694,28094,2686101,81833.0,28094_20241231,1,1,0.03540005208105419,0.03540005208105419,1-10bn
80444,SB,4606.0,20241231,85088,119725,85088,COLLINSVILLE BLDG&LA,25308,4656,20702,6809,28103,85906,0.0,28103_20241231,1,1,0.08002303497555471,0.32332408800300866,<1bn
273801,N,42778.0,20241231,391459,468668,391459,FIRST ROBINSON SB NA,170316,118333,27935,25772,28105,252199,0.0,28105_20241231,1,1,0.06583575802319017,0.13719699891942708,<1bn
1035691,SI,790982.0,20241231,1433948,2031889,1433948,YAKIMA FS&LA,930314,398291,0,128459,28116,822084,0.0,28116_20241231,1,1,0.08958414112645646,0.08958414112645646,1-10bn
195952,SM,869.0,20241231,257082,295833,257082,PROFILE BANK,84271,61131,0,20013,28155,174004,0.0,28155_20241231,1,1,0.07784675706583892,0.07784675706583892,<1bn
95571,SL,6388.0,20241231,134603,165670,134603,CINCINNATUS SAVINGS&LOAN CO,27479,39120,11768,12777,28157,115257,1.0,28157_20241231,1,1,0.09492359011314755,0.1823510620119908,<1bn
205315,SM,32.0,20241231,235621,263872,235621,EASTERN CONNECTICUT SB,32,30307,0,24107,28167,224541,3.0,28167_20241231,1,1,0.10231261220349629,0.10231261220349629,<1bn
10320592,SI,1614831.0,20241231,12450294,14463103,12450294,NORTHWEST BANK,1859530,3131231,0,353482,28178,11142270,200741.0,28178_20241231,1,1,0.028391458065166974,0.028391458065166974,10-100bn
171268,SI,5519.0,20241231,180644,207215,180644,MCS BANK,12116,10450,2270,11513,28186,168225,7283.0,28186_20241231,1,1,0.06373308828413897,0.07629924049511747,<1bn
239033,SB,74903.0,20241231,316424,379250,316424,SAN LUIS VALLEY FEDERAL BANK,74903,77399,0,17592,28208,260256,0.0,28208_20241231,1,1,0.05559628852425859,0.05559628852425859,<1bn
251185,SB,53149.0,20241231,303489,431617,303489,WINTER HILL BANK FSB,92208,52353,10010,7471,28213,319153,24757.0,28213_20241231,1,1,0.02461703719080428,0.057600110712414616,<1bn
56679,SB,3725.0,20241231,65495,94204,65495,WARSAW FS&LA,8470,8896,0,3334,28217,75653,5024.0,28217_20241231,1,1,0.050904649209863345,0.050904649209863345,<1bn
298019,SI,112106.0,20241231,317700,398452,317700,HADDON SAVINGS BANK,128065,20626,0,21502,28222,226952,75183.0,28222_20241231,1,1,0.06768020144790683,0.06768020144790683,<1bn
70971,SB,13078.0,20241231,81781,107414,81781,HOME SAVINGS BANK,21916,10891,944,1381,28246,76818,15812.0,28246_20241231,1,1,0.01688656289358164,0.028429586334234112,<1bn
1257631,SI,158364.0,20241231,1710448,2192815,1710448,ESSA BANK&TRUST,257922,458973,0,50051,28262,1756230,318944.0,28262_20241231,1,1,0.029261924361336913,0.029261924361336913,1-10bn
1238959,N,0.0,20241231,1759035,2058363,1759035,CFBANK NATIONAL ASSN,8683,522419,983,235345,28263,1724642,420820.0,28263_20241231,1,1,0.1337921076044536,0.13435093673519857,1-10bn
56105,SI,8230.0,20241231,58819,70048,58819,CONNECT COMMUNITY BANK,8230,2723,0,2268,28266,58356,0.0,28266_20241231,1,1,0.03855896904061613,0.03855896904061613,<1bn
197572,SB,12425.0,20241231,208071,288692,208071,OZARKS FS&LA,14031,10532,1484,17114,28277,232113,0.0,28277_20241231,1,1,0.08225077016979782,0.08938295101191421,<1bn
64826,SB,12676.0,20241231,74614,102307,74614,AUBURN SAVINGS BANK FSB,13038,9798,0,2524,28288,82351,4979.0,28288_20241231,1,1,0.033827431849250814,0.033827431849250814,<1bn
60224,SB,8.0,20241231,63385,97088,63385,MUTUAL FEDERAL BANK,8,3432,0,9801,28302,83790,0.0,28302_20241231,1,1,0.15462648891693617,0.15462648891693617,<1bn
62534,SI,11788.0,20241231,71638,92724,71638,RIVERSIDE SAVINGS BANK SSB,25174,9123,0,1845,28314,54425,4893.0,28314_20241231,1,1,0.02575448784164829,0.02575448784164829,<1bn
106588,SL,8171.0,20241231,120262,140147,120262,RG BANK A SAVINGS&LOAN ASSN,18741,13674,0,8842,28315,104696,0.0,28315_20241231,1,1,0.07352280853469924,0.07352280853469924,<1bn
830625,SI,77283.0,20241231,901344,1227812,901344,FIDELITY BANK,244119,78895,0,98845,28316,777461,106035.0,28316_20241231,1,1,0.10966401285191892,0.10966401285191892,1-10bn
3417805,SM,345576.0,20241231,4226907,4856974,4226907,SOUTHERN BANK,468035,819931,0,120942,28332,3972289,254044.0,28332_20241231,1,1,0.028612410918905953,0.028612410918905953,1-10bn
309388,NM,62908.0,20241231,383500,515624,383500,BELMONT SAVINGS BANK,151974,74605,0,5258,28348,314123,45509.0,28348_20241231,1,1,0.013710560625814864,0.013710560625814864,<1bn
57809,SB,5587.0,20241231,84121,156298,84121,HOME FS&LA OF NILES,16395,26413,0,9022,28349,119461,8896.0,28349_20241231,1,1,0.10725027044376553,0.10725027044376553,<1bn
6048773,N,1268059.0,20241231,10217492,13331830,10217492,OCEANFIRST BANK NA,1868772,5747019,41619,119754,28359,10076639,74701.0,28359_20241231,1,1,0.011720488746161974,0.015793797538574045,10-100bn
860400,NM,115148.0,20241231,1351285,1472060,1351285,CENTURY BANK,379965,494478,8936,209572,28362,800865,5329.0,28362_20241231,1,1,0.15509089496294268,0.16170385965950929,1-10bn
518454,SB,51032.0,20241231,575410,631344,575410,MIDDLESEX FEDERAL SAVINGS FA,89169,59403,9308,15956,28368,495640,0.0,28368_20241231,1,1,0.02772979266957474,0.04390608435724092,<1bn
70174,SB,5783.0,20241231,74708,93759,74708,ROCKLAND SAVINGS BANK FSB,6783,4535,0,3058,28369,80745,0.0,28369_20241231,1,1,0.04093269797076618,0.04093269797076618,<1bn
541713,SM,107370.0,20241231,837998,932034,837998,ADIRONDACK BANK,233047,297563,0,26210,28380,618450,9975.0,28380_20241231,1,1,0.03127692428860212,0.03127692428860212,<1bn
250,SB,0.0,20241231,500,134495,500,EDWARD JONES TRUST CO,78668,250,102,45228,28390,0,0.0,28390_20241231,1,1,90.456,90.66,<1bn
680921,NM,4863.0,20241231,882086,975274,882086,FIRST PALMETTO BANK,90770,203402,85907,139680,28396,709977,0.0,28396_20241231,1,1,0.15835190673018276,0.25574263733921637,<1bn
563266,NM,65114.0,20241231,730952,816722,730952,WESTBURY BANK,99211,167702,0,63657,28400,609493,1.0,28400_20241231,1,1,0.08708779783077411,0.08708779783077411,<1bn
272850,SI,21616.0,20241231,304478,413028,304478,EUREKA SAVINGS BANK,132442,32067,8618,19257,28401,248294,0.0,28401_20241231,1,1,0.0632459488041829,0.091550128416503,<1bn
1306355,NM,175791.0,20241231,1692893,2218647,1692893,FIRST FED BANK,340344,390506,0,72448,28405,1671794,182914.0,28405_20241231,1,1,0.04279538045227903,0.04279538045227903,1-10bn
147618,SB,7073.0,20241231,166549,194964,166549,CENTRAL FS&LA,37438,18953,9839,22028,28425,127792,9124.0,28425_20241231,1,1,0.13226137653183148,0.1913370839812908,<1bn
150070,SB,18.0,20241231,165358,190794,165358,FIRST FSB CHAMPAIGN URBANA,56179,19963,56161,20676,28445,106950,0.0,28445_20241231,1,1,0.12503779678031907,0.46467059350016326,<1bn
1076809,SI,124486.0,20241231,1632142,1908932,1632142,TIMBERLAND BANK,233528,475290,88935,169184,28453,1412230,50074.0,28453_20241231,1,1,0.10365764743508837,0.1581473915872516,1-10bn
42302,SL,1330.0,20241231,50628,59141,50628,LIBERTY BANK,19533,8328,0,5652,28463,28988,0.0,28463_20241231,1,1,0.11163782886940034,0.11163782886940034,<1bn
220097,SI,59028.0,20241231,263859,327638,263859,ROXBORO SAVINGS BANK SSB,118315,44633,2710,15776,28471,173702,0.0,28471_20241231,1,1,0.059789508790679874,0.0700601457596671,<1bn
89315,SI,15923.0,20241231,108864,120577,108864,FARMERS&MECHANICS FSB,39948,19629,737,10307,28478,65440,7700.0,28478_20241231,1,1,0.09467776308054086,0.10144767783656672,<1bn
21441,SL,0.0,20241231,21779,24097,21779,COLUMBIA SAVINGS&LOAN ASSN,10,380,0,557,28480,19421,0.0,28480_20241231,1,1,0.025575095275265164,0.025575095275265164,<1bn
254298,SB,52877.0,20241231,280968,362466,280968,COLONIAL FSB,148019,26670,999,28757,28481,167152,0.0,28481_20241231,1,1,0.10234973377751203,0.10590529882406538,<1bn
9231080,NM,2160941.0,20241231,13590110,16210663,13590110,BANNER BANK,3125758,4379488,0,501858,28489,11231156,50346.0,28489_20241231,1,1,0.03692817791761803,0.03692817791761803,10-100bn
38160,SB,13107.0,20241231,50786,67011,50786,ARGENTINE FEDERAL SAVINGS,20122,12810,0,940,28507,43100,0.0,28507_20241231,1,1,0.018509037923837277,0.018509037923837277,<1bn
1074222,SI,147747.0,20241231,1399098,2207930,1399098,WATERSTONE BANK SSB,208826,327205,0,39484,28513,1798238,94292.0,28513_20241231,1,1,0.028221039555485033,0.028221039555485033,1-10bn
267536,SI,28913.0,20241231,345091,380260,345091,TRUSTTEXAS BANK SSB,127638,77854,0,52309,28515,172839,0.0,28515_20241231,1,1,0.15158030780286938,0.15158030780286938,<1bn
720391,SI,119025.0,20241231,957503,1120885,957503,FORWARD BANK,182598,238280,11005,43427,28530,802216,0.0,28530_20241231,1,1,0.0453544270879569,0.056847863662045965,1-10bn
857984,NM,100993.0,20241231,1101725,1500367,1101725,FIRST BANK RICHMOND,258529,248139,0,21668,28533,1160702,257587.0,28533_20241231,1,1,0.019667339853411694,0.019667339853411694,1-10bn
92248,NM,14538.0,20241231,98477,127099,98477,CUSTER FEDERAL STATE BANK,33171,6758,0,13380,28543,72207,1.0,28543_20241231,1,1,0.13586928927566844,0.13586928927566844,<1bn
116168,SL,3853.0,20241231,131295,179699,131295,VALLEY CENTRAL BANK,11626,15322,5339,2601,28555,148743,10216.0,28555_20241231,1,1,0.01981035073689021,0.06047450397958795,<1bn
109412,SB,12.0,20241231,113138,127780,113138,MAPLE CITY SAVINGS BANK FSB,16552,3923,0,7645,28585,94865,19964.0,28585_20241231,1,1,0.06757234527744878,0.06757234527744878,<1bn
543375,NM,83148.0,20241231,813894,955648,813894,STURGIS BANK&TRUST CO,96514,272823,0,20802,28593,772088,59849.0,28593_20241231,1,1,0.025558610826471262,0.025558610826471262,<1bn
611747,SI,29699.0,20241231,689733,992701,689733,OLYMPIA FS&LA,55528,78654,5449,41072,28599,837582,38904.0,28599_20241231,1,1,0.059547680044307,0.06744783851142398,<1bn
265864,SI,0.0,20241231,289757,320269,289757,EQUITABLE BANK SSB,26717,25639,0,4566,28614,275585,0.0,28614_20241231,1,1,0.015758031730035857,0.015758031730035857,<1bn
91487,NM,0.0,20241231,95377,113991,95377,FIRST FEDERAL S&L BANK,0,4024,0,3823,28635,98249,43495.0,28635_20241231,1,1,0.04008303888778217,0.04008303888778217,<1bn
55851,SB,10280.0,20241231,57782,77249,57782,MILTON SAVINGS BANK,23720,1933,0,2936,28637,46237,2145.0,28637_20241231,1,1,0.05081167145477831,0.05081167145477831,<1bn
36837,SB,16.0,20241231,42434,55997,42434,FAIRVIEW SAVINGS&LOAN ASSN,1021,5669,0,7172,28652,42293,0.0,28652_20241231,1,1,0.16901541216948673,0.16901541216948673,<1bn
32359,NM,3318.0,20241231,33769,42775,33769,BROOKVILLE BLDG&SVG ASSN,6498,1423,0,2252,28663,29290,2500.0,28663_20241231,1,1,0.06668838283632918,0.06668838283632918,<1bn
56479,SB,3768.0,20241231,64873,70802,64873,HOMESTEAD SAVINGS BANK,4327,9402,0,9467,28667,52058,0.0,28667_20241231,1,1,0.14593128111849304,0.14593128111849304,<1bn
60444,SL,10008.0,20241231,62549,74828,62549,CONNEAUT SAVINGS BANK,17224,2105,0,2722,28677,51014,0.0,28677_20241231,1,1,0.043517881980527265,0.043517881980527265,<1bn
1861014,SI,110396.0,20241231,2092916,2635737,2092916,NORTH SHORE BANK,292726,231931,24958,321344,28679,1902038,0.0,28679_20241231,1,1,0.15353889023735307,0.16546387910456034,1-10bn
306788,SI,47575.0,20241231,424354,498119,424354,AMBLER SAVINGS BANK,107101,119810,0,28981,28701,329597,0.0,28701_20241231,1,1,0.06829439571678363,0.06829439571678363,<1bn
44224,SL,1522.0,20241231,45729,61437,45729,VERSAILLES SAVINGS&LOAN CO,3960,1646,2438,7617,28703,43973,0.0,28703_20241231,1,1,0.1665682608410418,0.21988235036847514,<1bn
653840,SB,154325.0,20241231,866045,1017770,866045,FIRST FS&LA OF GREENE CO,187797,212641,0,109024,28706,671636,0.0,28706_20241231,1,1,0.12588722295030857,0.12588722295030857,1-10bn
79212,SI,1640.0,20241231,124095,156299,124095,GSL SAVINGS BANK,17996,44883,11857,19300,28708,114946,0.0,28708_20241231,1,1,0.15552600830009267,0.25107377412466253,<1bn
2365458,SB,998322.0,20241231,4184478,5660674,4184478,NORTHFIELD BANK,1114381,1820374,0,167744,28710,3991938,263418.0,28710_20241231,1,1,0.04008719845103738,0.04008719845103738,1-10bn
81334,SL,434.0,20241231,109696,179859,109696,FIRST FS OF MIDDLETOWN,5431,28366,0,15842,28712,150785,0.0,28712_20241231,1,1,0.14441729871645273,0.14441729871645273,<1bn
2952,SB,21.0,20241231,2946,3252,2946,KENTLAND FS&LA,21,0,0,369,28722,2794,0.0,28722_20241231,1,1,0.12525458248472504,0.12525458248472504,<1bn
237549,SI,35777.0,20241231,289290,392379,289290,ASCENDIA BANK,37790,52133,0,9782,28729,320003,7500.0,28729_20241231,1,1,0.03381382004217221,0.03381382004217221,<1bn
221131,SB,29475.0,20241231,257615,337520,257615,GOLDEN BELT BANK FSA,69337,39189,16046,3582,28735,240189,0.0,28735_20241231,1,1,0.013904469848417212,0.07619121557362732,<1bn
340906,SI,106894.0,20241231,369866,450904,369866,HOYNE SAVINGS BANK,150567,29732,4475,18111,28747,240982,0.0,28747_20241231,1,1,0.048966382419578985,0.06106535880562149,<1bn
3771862,SI,593340.0,20241231,5700603,7719887,5700603,KEARNY BANK,1145545,1935607,0,130877,28765,5752996,732989.0,28765_20241231,1,1,0.022958448430806355,0.022958448430806355,1-10bn
94236,SB,0.0,20241231,106901,138446,106901,FIRST FSB OF ANGOLA,25759,12779,0,12519,28769,96439,0.0,28769_20241231,1,1,0.11710835258790844,0.11710835258790844,<1bn
700888,NM,140862.0,20241231,831688,1063443,831688,SOMERSET REGAL BANK,151028,131660,0,53656,28778,775752,0.0,28778_20241231,1,1,0.06451457758197786,0.06451457758197786,1-10bn
330349,SB,40930.0,20241231,346002,455537,346002,ARUNDEL FEDERAL SAVINGS BANK,42288,15677,0,22968,28780,377322,0.0,28780_20241231,1,1,0.06638111918428218,0.06638111918428218,<1bn
629734,SI,206690.0,20241231,996346,1121383,996346,STURDY SAVINGS BANK,422394,366716,18600,15100,28788,603180,10000.0,28788_20241231,1,1,0.015155377750299594,0.03382359140298651,1-10bn
56310,SI,0.0,20241231,69230,87286,69230,SUPERIOR SAVINGS BANK,2000,12921,2000,9231,28790,73420,0.0,28790_20241231,1,1,0.1333381482016467,0.16222735808175645,<1bn
125540,SI,1610.0,20241231,136688,164604,136688,SHARON BANK,21323,11179,0,2831,28793,126302,0.0,28793_20241231,1,1,0.020711401147138007,0.020711401147138007,<1bn
70353,SB,13591.0,20241231,77718,88439,77718,SUNNYSIDE FS&LA OF IRVINGTON,24175,7365,0,12087,28805,42460,0.0,28805_20241231,1,1,0.1555238168763993,0.1555238168763993,<1bn
1033035,N,3761.0,20241231,1233186,1426058,1233186,BANKFINANCIAL NATIONAL ASSN,360530,200369,246290,111985,28808,887586,0.0,28808_20241231,1,1,0.09080949670203846,0.29052794955505495,1-10bn
342480,SM,41001.0,20241231,416824,466619,416824,ARMOR BANK,49885,74710,0,8799,28812,362316,20845.0,28812_20241231,1,1,0.021109629004088058,0.021109629004088058,<1bn
314249,SI,56480.0,20241231,476739,556830,476739,CREST SAVINGS BANK,57480,162789,0,19574,28818,455479,0.0,28818_20241231,1,1,0.041058105168656225,0.041058105168656225,<1bn
5048903,SB,970925.0,20241231,8149723,10472322,8149723,COLUMBIA BANK,1425137,3108528,314703,289115,28834,7860414,50029.0,28834_20241231,1,1,0.03547543885847409,0.07409061633137715,10-100bn
231643,SI,15.0,20241231,318768,434760,318768,UNITED SAVINGS BANK,137541,87128,7898,91551,28836,167060,0.0,28836_20241231,1,1,0.28720260502936307,0.3119792450936104,<1bn
213514,SM,37.0,20241231,255992,287826,255992,BRATTLEBORO S&LA,43516,42571,43479,26416,28837,203503,0.0,28837_20241231,1,1,0.10319072471014719,0.2730358761211288,<1bn
347124,SI,53169.0,20241231,366587,412647,366587,COMMUNITY SAVINGS BANK,142806,20021,20850,21284,28841,226167,0.0,28841_20241231,1,1,0.05805988755738747,0.11493588152334916,<1bn
1016764,SB,127049.0,20241231,1274265,1476943,1274265,FIRST FSB OF TWIN FALLS,317942,257744,0,64705,28845,1023419,0.0,28845_20241231,1,1,0.05077829179958643,0.05077829179958643,1-10bn
357487,SB,0.0,20241231,406636,568873,406636,FIRST PIEDMONT FS&LA GAFFNEY,112,49372,0,76326,28859,478061,0.0,28859_20241231,1,1,0.18770103975053856,0.18770103975053856,<1bn
53632,SL,18514.0,20241231,62070,74595,62070,CENTURY SAVINGS&LOAN ASSN,26640,8446,0,2305,28860,40407,2809.0,28860_20241231,1,1,0.03713549218624134,0.03713549218624134,<1bn
719682,SB,39134.0,20241231,946325,1141476,946325,MIDCOUNTRY BANK,193077,230825,58716,69138,28865,807960,16183.0,28865_20241231,1,1,0.07305946688505535,0.13510580403138456,1-10bn
286205,SI,74308.0,20241231,343628,442449,343628,BROADSTREET BANK SSB,97285,58015,0,13725,28868,293709,22000.0,28868_20241231,1,1,0.039941448310382155,0.039941448310382155,<1bn
330843,SB,34556.0,20241231,398289,462322,398289,WALLKILL VALLEY FS&LA,78279,67568,2893,7449,28870,325217,22839.0,28870_20241231,1,1,0.018702499943508356,0.025966069863842586,<1bn
272457,SB,10207.0,20241231,355644,411327,355644,SECURITY FSB,33559,83764,817,21679,28894,323905,0.0,28894_20241231,1,1,0.06095702444017051,0.06325426550145652,<1bn
1095069,SM,62284.0,20241231,1508434,1821994,1508434,FIRST FINANCIAL BANK,133210,415417,11931,109300,28905,1455787,92681.0,28905_20241231,1,1,0.07245925244326235,0.08036877980740291,1-10bn
164212,SI,10553.0,20241231,179876,213156,179876,IRON WORKERS SAVINGS BANK,26258,15751,0,18268,28908,157953,0.0,28908_20241231,1,1,0.1015588516533612,0.1015588516533612,<1bn
437656,SB,0.0,20241231,512058,611912,512058,EVERGREEN FEDERAL BANK,49300,74838,47647,28619,28914,485224,0.0,28914_20241231,1,1,0.055890153068597695,0.1489401591225994,<1bn
280830,SB,15411.0,20241231,321011,414443,321011,FIRST FEDERAL SAVINGS BANK,73178,43407,5887,26682,28924,289480,2000.0,28924_20241231,1,1,0.08311864702455679,0.10145758245044563,<1bn
168573,SI,21880.0,20241231,212210,245726,212210,SECURITY SAVINGS BANK,73422,43873,3786,6631,28925,151357,0.0,28925_20241231,1,1,0.031247349323783046,0.049088167381367516,<1bn
272097,SM,369.0,20241231,405861,466463,405861,VERIMORE BANK,21250,134410,0,45197,28930,383941,0.0,28930_20241231,1,1,0.11136078608193445,0.11136078608193445,<1bn
204027,N,13969.0,20241231,247764,299311,247764,CARTHAGE S&L NA,31644,43739,5764,11098,28942,223782,0.0,28942_20241231,1,1,0.04479262524014788,0.06805669911690157,<1bn
57460,SB,0.0,20241231,61365,71074,61365,AMORY FS&LA,13859,3973,1239,6462,28949,49248,0.0,28949_20241231,1,1,0.10530432657052065,0.12549498900024444,<1bn
63146,SB,3016.0,20241231,66088,89366,66088,LADYSMITH FS&LA,14452,2954,492,4336,28983,67495,0.0,28983_20241231,1,1,0.06560949037646774,0.07305410967195254,<1bn
127623,NM,5592.0,20241231,161918,226661,161918,WCF FINANCIAL BANK,26163,35576,3891,4490,28989,166852,0.0,28989_20241231,1,1,0.027730085598883385,0.05176076779604491,<1bn
17448,SB,4651.0,20241231,17535,23415,17535,FIRST FS&LA,4651,87,0,2666,29005,14431,0.0,29005_20241231,1,1,0.15203877958368978,0.15203877958368978,<1bn
623149,SI,94902.0,20241231,659755,861804,659755,LIBERTY BANK FOR SAVINGS,260038,42652,39859,4064,29009,560774,0.0,29009_20241231,1,1,0.006159862373153671,0.06657471334055824,<1bn
689770,NM,29277.0,20241231,754443,820571,754443,MECHANICS BANK,94173,64754,13689,36357,29011,654671,2.0,29011_20241231,1,1,0.048190519363291856,0.0663350312747285,<1bn
3416280,NM,1170031.0,20241231,5689346,7102467,5689346,HERITAGE BANK,1467679,2273281,0,117100,29012,4749655,109950.0,29012_20241231,1,1,0.02058233055258021,0.02058233055258021,1-10bn
138967,SI,6801.0,20241231,221175,256513,221175,BEDFORD FEDERAL SAVINGS BANK,6801,82209,0,29310,29024,203005,10043.0,29024_20241231,1,1,0.132519498134961,0.132519498134961,<1bn
350363,SB,1625.0,20241231,378737,481395,378737,HANCOCK COUNTY SB FSB,18842,28392,0,33781,29035,419220,0.0,29035_20241231,1,1,0.08919382051397144,0.08919382051397144,<1bn
626751,SI,63395.0,20241231,677392,982243,677392,FIRST FEDERAL BANK OF KS CTY,111690,51016,2670,27114,29047,751382,74672.0,29047_20241231,1,1,0.04002704490162269,0.043968632638117955,<1bn
367820,NM,12331.0,20241231,470268,622490,470268,FIRST FEDERAL SAVINGS BANK,90091,103533,0,18902,29056,466365,91289.0,29056_20241231,1,1,0.04019410208646984,0.04019410208646984,<1bn
893704,NM,72500.0,20241231,1142188,1424086,1142188,FIRST FINANCIAL NW BANK,154110,249068,0,45717,29058,1140186,47900.0,29058_20241231,1,1,0.04002581011182047,0.04002581011182047,1-10bn
24880,SB,3736.0,20241231,27690,38149,27690,TUCUMCARI FS&LA,3761,2850,25,5265,29059,27457,0.0,29059_20241231,1,1,0.19014084507042253,0.19104369808595162,<1bn
44595,SI,0.0,20241231,47031,54775,47031,TARBORO SAVINGS BANK SSB,0,2438,0,8065,29061,40745,0.0,29061_20241231,1,1,0.171482639110374,0.171482639110374,<1bn
90512,SL,5619.0,20241231,120234,140781,120234,DEL NORTE BANK,10181,30110,1245,7226,29066,112761,9002.0,29066_20241231,1,1,0.06009947269491159,0.07045428081906949,<1bn
590430,SL,43130.0,20241231,797133,914409,797133,SOUTHWEST HERITAGE BANK,84326,208277,2838,111511,29087,665932,8082.0,29087_20241231,1,1,0.1398900810780635,0.143450340156536,<1bn
184209,SB,33931.0,20241231,248195,270693,248195,NEWPORT FEDERAL BANK,118962,64964,0,19778,29089,119807,0.0,29089_20241231,1,1,0.0796873426136707,0.0796873426136707,<1bn
212695,SB,21959.0,20241231,252029,293041,252029,FIRST FS&LA,47197,39609,0,25292,29090,205388,1.0,29090_20241231,1,1,0.10035353074447782,0.10035353074447782,<1bn
61458,SM,0.0,20241231,83362,96044,83362,INVESTORS COMMUNITY BANK,41555,22011,0,5297,29093,44251,11081.0,29093_20241231,1,1,0.06354214150332285,0.06354214150332285,<1bn
327769,SB,88161.0,20241231,405503,570978,405503,PYRAMAX BANK FSB,112480,78783,0,8585,29120,414943,0.0,29120_20241231,1,1,0.02117123671094912,0.02117123671094912,<1bn
159143,SI,9218.0,20241231,166433,179745,166433,UNION SAVINGS BANK,51207,7835,1968,7642,29121,109107,0.0,29121_20241231,1,1,0.04591637475740989,0.05774095281584782,<1bn
121902,SB,19866.0,20241231,151873,183124,151873,FIRST FS&LA OF VAN WERT,34852,29975,0,17601,29135,116612,0.0,29135_20241231,1,1,0.1158928841861292,0.1158928841861292,<1bn
470105,SB,48149.0,20241231,612527,794850,612527,AMERICAN FEDERAL BANK,61278,148288,5046,12735,29140,685948,6135.0,29140_20241231,1,1,0.02079092023698547,0.029028924439249208,<1bn
52951,NM,1541.0,20241231,84798,119077,84798,ARLO BANK,5972,31917,0,29914,29143,74746,13548.0,29143_20241231,1,1,0.35276775395646126,0.35276775395646126,<1bn
1328857,SI,5648.0,20241231,1675796,1992391,1675796,NORTHEAST COMMUNITY BANK,36610,346940,0,75688,29147,1792640,436008.0,29147_20241231,1,1,0.04516540199403746,0.04516540199403746,1-10bn
155193,SB,91.0,20241231,189202,249081,189202,FIRST FS&LA OF VALDOSTA,2216,33412,0,20975,29164,209372,0.0,29164_20241231,1,1,0.11086035031342163,0.11086035031342163,<1bn
186969,SI,8445.0,20241231,247870,315780,247870,UNITED ROOSEVELT SB,37987,61044,0,15023,29170,248025,60561.0,29170_20241231,1,1,0.0606083834267963,0.0606083834267963,<1bn
164469,SB,656.0,20241231,188157,271226,188157,NEW CARLISLE FSB,5935,23729,0,10914,29173,238970,0.0,29173_20241231,1,1,0.05800475135126517,0.05800475135126517,<1bn
375141,SM,1610.0,20241231,525228,613915,525228,BANKTENNESSEE,24123,153017,0,52380,29177,493178,2239.0,29177_20241231,1,1,0.09972811807443624,0.09972811807443624,<1bn
63924,SI,0.0,20241231,67502,86779,67502,LAWRENCEBURG FEDERAL BANK,0,3975,0,9683,29186,73591,0.0,29186_20241231,1,1,0.1434476015525466,0.1434476015525466,<1bn
281054,SI,31001.0,20241231,304317,378171,304317,FOX VALLEY SAVINGS BANK,115998,24873,1415,10718,29188,214865,2000.0,29188_20241231,1,1,0.03521985298225206,0.03986960965046317,<1bn
122146,SI,11830.0,20241231,129563,157378,129563,GRAHAM SAVINGS&LOAN SSB,24055,7425,484,15007,29206,115088,0.0,29206_20241231,1,1,0.1158278212143899,0.11956345561618673,<1bn
83005,SI,8617.0,20241231,92995,135653,92995,DALHART FS&LA SSB,27361,10034,0,20489,29208,80782,0.0,29208_20241231,1,1,0.22032367331576966,0.22032367331576966,<1bn
8536513,NM,2019106.0,20241231,10257870,13943020,10257870,NEXBANK,3437816,1746480,0,362079,29209,9015694,710946.0,29209_20241231,1,1,0.035297678757870786,0.035297678757870786,10-100bn
399359,SI,68906.0,20241231,490441,566929,490441,WASHINGTON SAVINGS BANK,164503,91914,993,33006,29227,327151,13439.0,29227_20241231,1,1,0.06729861492004136,0.06932332329474901,<1bn
67985,SB,3395.0,20241231,92187,100020,92187,COUNTY SAVINGS BANK,21119,24440,0,23061,29231,52379,0.0,29231_20241231,1,1,0.2501545771095708,0.2501545771095708,<1bn
56648,SB,15049.0,20241231,60737,95587,60737,WOODRUFF FS&LA,15049,4283,0,12170,29238,60464,0.0,29238_20241231,1,1,0.20037209608640533,0.20037209608640533,<1bn
78873,SB,4109.0,20241231,83013,111844,83013,HENDERSON FSB,7795,4253,0,17024,29241,84976,0.0,29241_20241231,1,1,0.20507631334851167,0.20507631334851167,<1bn
69583,SB,1404.0,20241231,70804,98900,70804,EUREKA HOMESTEAD,3249,1238,0,6278,29268,81972,9537.0,29268_20241231,1,1,0.08866730693181177,0.08866730693181177,<1bn
213007,SB,121820.0,20241231,241330,290985,241330,CUMBERLAND FEDERAL BANK FSB,133932,29124,0,2432,29293,148030,109215.0,29293_20241231,1,1,0.0100774872581113,0.0100774872581113,<1bn
616697,SB,46341.0,20241231,743504,964319,743504,PREVAIL BANK,172293,128417,8202,35612,29294,670155,26089.0,29294_20241231,1,1,0.04789752307990273,0.058929070993565605,<1bn
333415,SL,53574.0,20241231,434089,515940,434089,TC FEDERAL BANK,71991,101179,4602,14232,29331,404808,17426.0,29331_20241231,1,1,0.03278590335161683,0.04338741594465651,<1bn
297537,NM,3934.0,20241231,570133,679143,570133,FIRST SOUTHERN BANK,11573,273207,0,101679,29332,543510,0.0,29332_20241231,1,1,0.17834259725362328,0.17834259725362328,<1bn
187861,SB,36264.0,20241231,196511,231091,196511,FIRST FS&LA,95739,8702,18997,21767,29345,98892,0.0,29345_20241231,1,1,0.11076733617965406,0.20743876933097893,<1bn
115865,SB,423.0,20241231,127684,148052,127684,FAMILY BANK,423,11947,0,22570,29357,119161,0.0,29357_20241231,1,1,0.1767645123899627,0.1767645123899627,<1bn
14053,SB,426.0,20241231,14150,14774,14150,SIDNEY FS&LA,426,101,0,5971,29379,7556,0.0,29379_20241231,1,1,0.42197879858657245,0.42197879858657245,<1bn
141648,SB,38299.0,20241231,166657,198091,166657,PERU FEDERAL SAVINGS BANK,67795,25016,1626,23608,29384,96228,0.0,29384_20241231,1,1,0.1416562160605315,0.1514127819413526,<1bn
53520,SB,3334.0,20241231,55699,64685,55699,GN BANK,20843,2215,15919,6041,29399,34856,0.0,29399_20241231,1,1,0.1084579615432952,0.39426201547604084,<1bn
81485,SB,22.0,20241231,83313,102752,83313,WORTHINGTON FSB FSB,15750,2266,5319,11866,29426,70672,0.0,29426_20241231,1,1,0.14242675212751912,0.20627032996051037,<1bn
50842,SI,1203.0,20241231,52208,58762,52208,COMPASS SAVINGS BANK,1442,1707,0,2418,29430,52236,0.0,29430_20241231,1,1,0.046314741035856574,0.046314741035856574,<1bn
32620,SB,4022.0,20241231,35377,43900,35377,NORTH SIDE FS&LA OF CHICAGO,6214,2757,1472,4786,29449,30814,0.0,29449_20241231,1,1,0.1352856375611273,0.17689459253187098,<1bn
76391,SI,15572.0,20241231,80110,97606,80110,ARMSTRONG COUNTY BLDG&LA,32349,3826,501,2840,29471,59655,0.0,29471_20241231,1,1,0.035451254525028085,0.04170515541130945,<1bn
326874,SB,50146.0,20241231,411828,484098,411828,HOME FS&LA OF GRAND ISLAND,57291,86911,0,6638,29476,398997,7279.0,29476_20241231,1,1,0.016118379517662713,0.016118379517662713,<1bn
28797,SB,0.0,20241231,31006,36557,31006,KINGSTREE FS&LA,5922,2361,0,1512,29486,25901,0.0,29486_20241231,1,1,0.04876475520866929,0.04876475520866929,<1bn
1846115,SB,90487.0,20241231,2223506,2987052,2223506,FIRST FS&LA OF LAKEWOOD,153790,380159,0,194002,29488,2454873,203696.0,29488_20241231,1,1,0.08725049538881388,0.08725049538881388,1-10bn
21655,SB,3.0,20241231,22277,24990,22277,FIRST FS&LA OF RAVENSWOOD,3,622,0,4729,29490,19715,0.0,29490_20241231,1,1,0.2122817255465278,0.2122817255465278,<1bn
254373,SB,90997.0,20241231,292848,328940,292848,GREENWAY BANK,151324,38745,0,15211,29495,148519,143540.0,29495_20241231,1,1,0.051941621592088726,0.051941621592088726,<1bn
155774,SB,5755.0,20241231,214315,281017,214315,SENECA SAVINGS,46484,58560,15811,6787,29496,202550,16898.0,29496_20241231,1,1,0.03166833866038308,0.10544292280055059,<1bn
536708,N,13058.0,20241231,678748,866855,678748,AFFINITY BANK NATIONAL ASSN,63800,142703,4567,22500,29510,705803,106285.0,29510_20241231,1,1,0.03314926894812213,0.03987783389416985,<1bn
77769,SL,6543.0,20241231,85269,112272,85269,PIONEER FS&LA,12776,7605,0,5028,29517,86348,0.0,29517_20241231,1,1,0.058966330084790484,0.058966330084790484,<1bn
818308,SI,129341.0,20241231,1307562,1499590,1307562,WASHINGTON FINANCIAL BANK,293619,491298,2995,34545,29520,1083709,177577.0,29520_20241231,1,1,0.026419397321121293,0.02870991968258484,1-10bn
87895,SB,20550.0,20241231,94620,128702,94620,FIDELITY FS&LA OF DELAWARE,43366,6725,0,1230,29521,73012,0.0,29521_20241231,1,1,0.012999365884590995,0.012999365884590995,<1bn
1302085,NM,109325.0,20241231,1764470,2062649,1764470,PEOPLES BANK,333554,498004,0,69930,29523,1493318,21740.0,29523_20241231,1,1,0.039632297517101456,0.039632297517101456,1-10bn
107054,SI,12281.0,20241231,122225,140909,122225,DEWITT SAVINGS BANK,40455,14903,0,9784,29535,82701,252.0,29535_20241231,1,1,0.08004908979341378,0.08004908979341378,<1bn
334795,SB,48168.0,20241231,549851,612654,549851,FIRST FEDERAL BANK&TRUST,66153,215609,0,25575,29537,475072,1212.0,29537_20241231,1,1,0.04651260068636776,0.04651260068636776,<1bn
3943600,NM,546609.0,20241231,4698442,5984730,4698442,GREAT SOUTHERN BANK,720806,1644448,0,200127,29546,4697330,772114.0,29546_20241231,1,1,0.04259433233399497,0.04259433233399497,1-10bn
182392,NM,27971.0,20241231,321457,345658,321457,PINNACLE BANK,163443,139633,14209,19926,29548,129437,14917.0,29548_20241231,1,1,0.06198651763688456,0.10618838600497112,<1bn
4791495,SB,1137354.0,20241231,5159832,6353072,5523172,UNITED FIDELITY BANK FSB,1293132,770068,19276,209697,29566,3613771,2162614.0,29566_20241231,1,1,0.04064027666017033,0.044376057204963265,1-10bn
151309,NM,6655.0,20241231,174644,222594,174644,HOME S&L KENTON OH DBA HSLC,18200,23947,1375,16366,29571,173555,24253.0,29571_20241231,1,1,0.09371063420443874,0.10158379331668996,<1bn
131775,SL,11553.0,20241231,144934,181214,144934,HERITAGE BANK OF ST TAMMANY,12938,13172,0,9223,29577,146008,1242.0,29577_20241231,1,1,0.06363586184056191,0.06363586184056191,<1bn
94355,SB,9641.0,20241231,132406,144911,132406,MONROE FS&LA,22529,38051,0,2417,29578,107250,0.0,29578_20241231,1,1,0.018254459767684243,0.018254459767684243,<1bn
26082,SB,17811.0,20241231,30009,37107,30009,PEE DEE FEDERAL SAVINGS BANK,17811,3943,0,6887,29582,11997,0.0,29582_20241231,1,1,0.22949781732147023,0.22949781732147023,<1bn
968907,SL,121804.0,20241231,1009743,1262622,1009743,ROSEDALE FS&LA,180773,40931,0,117669,29613,885792,0.0,29613_20241231,1,1,0.11653361300845859,0.11653361300845859,1-10bn
79343,SB,7892.0,20241231,89681,111581,89681,FIRST MUTUAL BANK FSB,23097,10389,0,8361,29617,70040,0.0,29617_20241231,1,1,0.09323045015109109,0.09323045015109109,<1bn
488701,SL,68463.0,20241231,554743,643757,554743,FIRST FS&LA OF MCMINNVILLE,163602,66156,23994,42013,29624,398546,0.0,29624_20241231,1,1,0.07573416879527997,0.11898662984481102,<1bn
20260,SB,34.0,20241231,22325,40135,22325,SECOND FS&LA OF PHILADELPHIA,4587,2065,0,3741,29627,30817,0.0,29627_20241231,1,1,0.16756998880179172,0.16756998880179172,<1bn
486908,SL,94832.0,20241231,692337,824332,692337,WINDSOR FEDERAL BANK,138655,205560,2487,21083,29632,612944,0.0,29632_20241231,1,1,0.030451933090388062,0.034044114354714536,<1bn
134479,SB,243.0,20241231,141498,182860,141498,FIRST FS&LA OF BATH,15798,7020,14872,9599,29636,141371,0.0,29636_20241231,1,1,0.06783841467723925,0.1729423737437985,<1bn
261761,SB,76368.0,20241231,306000,366588,306000,BIG HORN FSB,167083,55305,0,26034,29637,152043,0.0,29637_20241231,1,1,0.08507843137254902,0.08507843137254902,<1bn
158684,SI,23003.0,20241231,182551,212876,182551,FIRST FS&LA OF CNTL IL S B,39633,23896,0,15480,29645,145567,4185.0,29645_20241231,1,1,0.08479822077118175,0.08479822077118175,<1bn
542610,SI,38969.0,20241231,592428,981030,592428,GREAT MIDWEST BANK SSB,56958,51213,0,8749,29657,869372,178483.0,29657_20241231,1,1,0.014768039322921941,0.014768039322921941,<1bn
400214,SB,174226.0,20241231,607605,729240,607605,CFSBANK,238137,208998,0,8396,29672,435140,116425.0,29672_20241231,1,1,0.01381818780293118,0.01381818780293118,<1bn
513754,SB,162026.0,20241231,688482,885149,688482,IROQUOIS FS&LA,182890,176673,0,6156,29675,647664,34790.0,29675_20241231,1,1,0.008941410232947266,0.008941410232947266,<1bn
152637,SL,3195.0,20241231,162909,215209,162909,PAPER CITY SAVINGS BANK SA,9986,11085,2389,7701,29676,188706,0.0,29676_20241231,1,1,0.047271789772204115,0.06193641849130496,<1bn
59842,SI,70.0,20241231,85737,97670,85737,NASHVILLE SAVINGS BANK,18787,25990,1977,2943,29677,64272,0.0,29677_20241231,1,1,0.03432590363553658,0.05738479302984709,<1bn
120355,SB,4470.0,20241231,182018,213973,182018,ANTHEM BANK&TRUST,45265,61966,39003,4672,29679,135547,0.0,29679_20241231,1,1,0.025667791097583756,0.2399487962728961,<1bn
1705305,SB,0.0,20241231,2160180,2728061,2160180,HOME FEDERAL BANK OF TN,1348619,459604,74787,48677,29683,1259205,0.0,29683_20241231,1,1,0.02253377033395365,0.05715449638456055,1-10bn
24299,SB,2439.0,20241231,26211,33321,26211,MARTINSVILLE FIRST SB,4416,1913,0,7606,29685,19403,0.0,29685_20241231,1,1,0.2901835107397657,0.2901835107397657,<1bn
279634,NM,27973.0,20241231,431057,522073,431057,FIRST FEDERAL SAVINGS BANK,86392,152127,929,14482,29690,390635,56306.0,29690_20241231,1,1,0.0335964849196278,0.03575165233368209,<1bn
78094,SI,33784.0,20241231,88080,116024,88080,KEYSAVINGS BANK,42551,10006,0,3869,29691,63874,6528.0,29691_20241231,1,1,0.043925976385104454,0.043925976385104454,<1bn
296166,SB,7067.0,20241231,320505,362061,320505,LINCOLN FSB OF NEBRASKA,67029,26736,2718,5285,29692,270085,6940.0,29692_20241231,1,1,0.01648960234629725,0.02496996926725012,<1bn
232235,SL,0.0,20241231,275799,344388,275799,HOME LOAN SAVINGS BANK,11256,45365,2676,9007,29695,309031,24130.0,29695_20241231,1,1,0.03265784139898984,0.042360559682957516,<1bn
135462,SM,18.0,20241231,169292,193447,169292,BUFFALO FEDERAL BANK,22325,33896,0,4456,29696,134998,0.0,29696_20241231,1,1,0.026321385535051863,0.026321385535051863,<1bn
313773,SB,64255.0,20241231,772370,868921,772370,CENTURY NEXT BANK,98458,458646,3831,125600,29700,605439,0.0,29700_20241231,1,1,0.16261636262413093,0.1675764206274195,<1bn
202722,SL,3314.0,20241231,241747,317810,241747,FIRST FED CMTY BK OF BUCYRUS,22073,39698,7180,15624,29705,260261,165.0,29705_20241231,1,1,0.06462955072865434,0.09433002270969236,<1bn
1664605,SB,60578.0,20241231,1822282,2918822,1822282,NORTH AMERICAN SB FSB,510637,158744,43422,170866,29708,2133424,106908.0,29708_20241231,1,1,0.09376485088476975,0.11759321553963657,1-10bn
57567,SI,1192.0,20241231,73147,90861,73147,FIRST FSB OF WASHINGTON,6880,15880,2972,4845,29710,70095,7933.0,29710_20241231,1,1,0.06623648269922211,0.10686699386167581,<1bn
77575,NM,15795.0,20241231,95937,117789,95937,SOUTHERN BANK CO,39227,18385,499,16701,29731,57705,0.0,29731_20241231,1,1,0.17408299196347604,0.1792843220029811,<1bn
149569,SB,8516.0,20241231,178152,202964,178152,AROOSTOOK COUNTY FS&LA,46001,30719,24336,19830,29743,134161,0.0,29743_20241231,1,1,0.11130944362117742,0.24791189546005657,<1bn
342565,SB,67824.0,20241231,472402,581057,472402,FIRST SEACOAST BANK,120217,128966,0,7100,29744,434193,63139.0,29744_20241231,1,1,0.015029572271074211,0.015029572271074211,<1bn
155336,SI,1555.0,20241231,174952,217724,174952,MARATHON BANK,6743,20357,0,15081,29745,176620,13434.0,29745_20241231,1,1,0.08620078650144039,0.08620078650144039,<1bn
137102,SB,17695.0,20241231,160620,188527,160620,SOUTHERN HILLS CMTY BANK,47060,23849,0,11561,29749,114861,0.0,29749_20241231,1,1,0.07197733781596315,0.07197733781596315,<1bn
101874,NM,2485.0,20241231,113645,139142,113645,CLAY COUNTY SAVINGS BANK,29823,11771,7093,12191,29764,91368,0.0,29764_20241231,1,1,0.10727264727880681,0.1696863038409081,<1bn
437772,SI,43739.0,20241231,618805,690033,618805,KS BANK INC,95946,181326,0,15625,29771,554520,15114.0,29771_20241231,1,1,0.02525028078312231,0.02525028078312231,<1bn
162592,SB,3613.0,20241231,175254,229945,175254,VIDALIA FEDERAL SAVINGS BANK,102433,13041,0,20176,29772,93549,0.0,29772_20241231,1,1,0.11512433382404967,0.11512433382404967,<1bn
27216,SB,3542.0,20241231,33040,38784,33040,CARROLLTON FEDERAL BANK,8083,5974,0,3692,29774,24714,0.0,29774_20241231,1,1,0.11174334140435835,0.11174334140435835,<1bn
644290,SI,77960.0,20241231,862784,981656,862784,FIRST FEDERAL BANK,269525,221455,19693,103546,29782,562455,0.0,29782_20241231,1,1,0.12001381574067206,0.14283876381574068,<1bn
330893,SM,25930.0,20241231,414948,499482,414948,HIGH COUNTRY BANK,56947,84099,3105,8701,29783,413454,0.0,29783_20241231,1,1,0.0209688924877334,0.028451757810617234,<1bn
526893,N,12502.0,20241231,764940,842669,764940,FIRST FEDERAL CMTY BANK NA,60744,238396,0,121360,29787,620461,10005.0,29787_20241231,1,1,0.15865296624571862,0.15865296624571862,<1bn
353561,SI,28193.0,20241231,384632,557075,384632,LISLE SAVINGS BANK,187705,31144,0,32287,29800,277692,0.0,29800_20241231,1,1,0.08394257368081699,0.08394257368081699,<1bn
138266,SB,24174.0,20241231,188379,273279,188379,CATALYST BANK,39131,50395,0,44295,29804,164554,13287.0,29804_20241231,1,1,0.23513767458156165,0.23513767458156165,<1bn
646341,SI,263278.0,20241231,698122,817625,698122,FIRST SB OF HEGEWISCH,332279,52432,0,88895,29809,374048,0.0,29809_20241231,1,1,0.12733447735496087,0.12733447735496087,<1bn
114625,NM,2326.0,20241231,125310,155455,125310,PEOPLES SAVINGS&LOAN CO,61160,10916,1750,17473,29813,64284,0.0,29813_20241231,1,1,0.13943819328066395,0.15340355917325033,<1bn
367617,SB,20011.0,20241231,394947,524218,394947,MILFORD FEDERAL BANK,21857,27334,0,26058,29835,446354,0.0,29835_20241231,1,1,0.06597847306094236,0.06597847306094236,<1bn
395968,SB,44966.0,20241231,413958,501593,413958,FIRST FS&LA OF LORAIN,95992,17993,26231,27166,29838,345190,0.0,29838_20241231,1,1,0.06562501509815005,0.12899134694824113,<1bn
385492,NM,20530.0,20241231,532336,580322,532336,CROSSROADS BANK,105544,147013,9763,21170,29839,422512,0.0,29839_20241231,1,1,0.03976811637762616,0.058108037029244684,<1bn
80050,SM,37100.0,20241231,139105,214671,139105,COMMONWEALTH COOP BANK,50406,59056,0,19015,29842,132189,0.0,29842_20241231,1,1,0.13669530210991698,0.13669530210991698,<1bn
4510910,NM,484427.0,20241231,6894851,8556139,6894851,PREMIER BANK,1156568,2392601,48910,118353,29845,6506669,54688.0,29845_20241231,1,1,0.017165418077925106,0.024259117419651272,1-10bn
375076,SB,46782.0,20241231,420754,484284,420754,EATON COMMUNITY BANK,138926,45928,4784,16633,29846,281122,63374.0,29846_20241231,1,1,0.03953141265442515,0.0509014768724718,<1bn
952582,NM,100706.0,20241231,1161231,1410785,1161231,MAIN STREET BANK CORP,163726,209250,4967,54422,29847,1114060,0.0,29847_20241231,1,1,0.046865782949301216,0.051143140339863474,1-10bn
20064,SB,9138.0,20241231,21399,28234,21399,LIBERTY SAVINGS ASSN FSA,14603,1377,0,3019,29857,10322,0.0,29857_20241231,1,1,0.14108135894200663,0.14108135894200663,<1bn
210920,NM,0.0,20241231,241928,262160,241928,SSB COMMUNITY BANK,0,31198,0,26675,29858,223113,0.0,29858_20241231,1,1,0.11026007737839358,0.11026007737839358,<1bn
139033,SB,0.0,20241231,168229,276583,168229,DEARBORN FSB,32157,29548,0,33227,29874,202479,0.0,29874_20241231,1,1,0.19751053623334858,0.19751053623334858,<1bn
366843,SI,110687.0,20241231,414670,649330,414670,NVE BANK,158280,101066,8964,80735,29875,365768,0.0,29875_20241231,1,1,0.19469698796633467,0.21631417753876578,<1bn
183909,NM,12064.0,20241231,338863,372627,338863,AMERICAN CMTY BANK OF IN,14973,155059,0,56539,29878,282345,0.0,29878_20241231,1,1,0.1668491396227974,0.1668491396227974,<1bn
274924,SB,37136.0,20241231,361527,421238,361527,HOME BANK SB,122716,94542,0,23296,29881,237119,4555.0,29881_20241231,1,1,0.06443778749581636,0.06443778749581636,<1bn
169515,SB,0.0,20241231,181828,314451,181828,ELIZABETHTON FSB,120416,12333,14973,29171,29904,155381,0.0,29904_20241231,1,1,0.16043183668081923,0.24277888993994323,<1bn
125648,NM,3873.0,20241231,230871,268158,230871,LOGANSPORT SAVINGS BANK,54567,110625,954,18992,29907,175880,5038.0,29907_20241231,1,1,0.08226238895313834,0.08639456666276839,<1bn
51117,SL,16826.0,20241231,58121,77558,58121,SCOTTSBURG BLDG&LA,22917,7012,0,2776,29910,43998,2488.0,29910_20241231,1,1,0.04776242666161972,0.04776242666161972,<1bn
939379,NM,205899.0,20241231,1226157,1506100,1226157,RIVERVIEW BANK,337169,290367,0,25348,29922,1029757,0.0,29922_20241231,1,1,0.020672719725124925,0.020672719725124925,1-10bn
198222,SB,1642.0,20241231,223482,247549,223482,UNION SAVINGS&LOAN ASSN,13530,25417,722,20398,29933,201259,7055.0,29933_20241231,1,1,0.09127357013092777,0.09450425537627191,<1bn
165382,SB,5727.0,20241231,209655,287888,209655,FIRST FSB OF KENTUCKY,5727,44566,0,12464,29937,250835,32000.0,29937_20241231,1,1,0.05945004888984284,0.05945004888984284,<1bn
571939,SI,87940.0,20241231,652169,972110,652169,BOGOTA SAVINGS BANK,140308,81014,0,46375,29941,712212,101561.0,29941_20241231,1,1,0.07110886902014661,0.07110886902014661,<1bn
50865693,N,13638283.0,20241231,76858664,102700627,76858664,SANTANDER BANK N A,16208274,27938541,584277,18038085,29950,50018970,4997404.0,29950_20241231,1,1,0.2346916282593723,0.24229359490297672,>=100bn
1277241,SM,39258.0,20241231,1838708,2388178,1838708,FIRST SAVINGS BANK,243362,570447,25878,76714,29961,1908955,437100.0,29961_20241231,1,1,0.04172168718469708,0.05579570002414739,1-10bn
6695,NM,5.0,20241231,6956,9284,6956,EQUITABLE SAVINGS&LOAN CO,125,275,0,2133,29966,6789,0.0,29966_20241231,1,1,0.30664174813110984,0.30664174813110984,<1bn
118617,SL,4899.0,20241231,136723,159583,136723,PEOPLES SAVINGS BANK,8609,18182,0,10473,29975,136832,0.0,29975_20241231,1,1,0.076600133115862,0.076600133115862,<1bn
101190,SB,9257.0,20241231,108535,119816,108535,MIDLAND FS&LA,66306,7419,41715,25838,29980,24768,0.0,29980_20241231,1,1,0.2380614548302391,0.6224075183120652,<1bn
222470,SL,68729.0,20241231,240999,359372,240999,MUTUAL SAVINGS ASSN,97290,21915,0,5162,29988,225797,24026.0,29988_20241231,1,1,0.021419176013178477,0.021419176013178477,<1bn
463336,SI,49785.0,20241231,536437,655018,536437,PHOENIXVILLE FEDERAL B&T,72855,73149,0,36859,29995,506841,0.0,29995_20241231,1,1,0.06871077125552488,0.06871077125552488,<1bn
10015044,SB,453577.0,20241231,10370436,17046704,10370436,THIRD FS&LA OF CLEVELAND,503881,377445,50304,464266,30012,15343738,1096464.0,30012_20241231,1,1,0.04476822382395494,0.04961893598301942,10-100bn
13535,SI,0.0,20241231,13559,17549,13559,HUNTINGDON SAVINGS BANK,0,50,0,3016,30031,13940,0.0,30031_20241231,1,1,0.2224352828379674,0.2224352828379674,<1bn
757184,SI,63517.0,20241231,910735,1060308,910735,HAVEN SAVINGS BANK,120269,156492,0,42045,30039,844912,101001.0,30039_20241231,1,1,0.04616600877313379,0.04616600877313379,1-10bn
44680,SI,11576.0,20241231,53393,70943,53393,BEARDSTOWN SAVINGS S B,23805,8798,0,2872,30043,40776,0.0,30043_20241231,1,1,0.053789822635926056,0.053789822635926056,<1bn
1163418,SI,167784.0,20241231,1390223,2057260,1390223,BLUE FOUNDRY BANK,330104,270771,40139,42686,30052,1570517,155000.0,30052_20241231,1,1,0.030704426556027342,0.059576772934989565,1-10bn
105139,SB,22966.0,20241231,141833,157665,141833,FIRST FS&LA OF GREENSBURG,46820,36818,0,14409,30058,86296,0.0,30058_20241231,1,1,0.10159130808768058,0.10159130808768058,<1bn
18445,SL,0.0,20241231,18551,40583,18551,PEOPLES CMTY BK SB MONTICELL,0,379,0,2298,30065,36741,0.0,30065_20241231,1,1,0.12387472373456956,0.12387472373456956,<1bn
35023,SM,0.0,20241231,37807,46390,37807,CORNERSTONE BANK,7475,2884,4140,7850,30067,28750,0.0,30067_20241231,1,1,0.20763350702250907,0.31713703811463484,<1bn
90427,SI,3887.0,20241231,108408,139016,108408,SCHUYLER SAVINGS BANK,10044,18203,494,8854,30072,113908,10154.0,30072_20241231,1,1,0.0816729392664748,0.08622979853885322,<1bn
1873638,SL,322725.0,20241231,3086515,4009043,3086515,SPENCER SAVINGS BANK SLA,441185,1213079,23584,143483,30076,3165815,0.0,30076_20241231,1,1,0.046487057409408346,0.054128037608759394,1-10bn
125395,NM,4238.0,20241231,136780,180864,136780,MERCER SAVINGS BANK,11072,11537,0,4014,30084,155916,16000.0,30084_20241231,1,1,0.029346395671881853,0.029346395671881853,<1bn
285411,SI,3360.0,20241231,354196,447130,354196,PRESENCE BANK,51104,69711,21950,31527,30085,344813,24817.0,30085_20241231,1,1,0.0890100396390699,0.15098137754237767,<1bn
73786,SI,5218.0,20241231,82695,108074,82695,MONROE SAVINGS BANK,6218,9032,0,8608,30103,90938,0.0,30103_20241231,1,1,0.10409335510006651,0.10409335510006651,<1bn
453370,SB,101534.0,20241231,531460,658993,531460,OCONEE FS&LA,124140,81829,2641,14843,30111,472462,0.0,30111_20241231,1,1,0.027928724645316674,0.03289805441613668,<1bn
351808,SI,71016.0,20241231,536307,665922,536307,RELIANCE SAVINGS BANK,133598,184795,1995,41641,30117,452569,0.0,30117_20241231,1,1,0.07764396138778722,0.08136384570777558,<1bn
182374,SI,23695.0,20241231,191548,225611,191548,PENNCREST BANK,52529,9226,5042,10466,30119,150252,0.0,30119_20241231,1,1,0.05463904608766471,0.08096143003320316,<1bn
70916,SI,24599.0,20241231,73489,102487,73489,INVESTMENT SAVINGS BANK,39735,2732,0,5278,30121,46402,0.0,30121_20241231,1,1,0.07182027242172298,0.07182027242172298,<1bn
44005,SI,8087.0,20241231,49264,69325,49264,BOONVILLE FSB,10513,5273,0,8118,30128,47495,1.0,30128_20241231,1,1,0.16478564468983437,0.16478564468983437,<1bn
153848,SB,3037.0,20241231,190019,225135,190019,MID-SOUTHERN SB FSB,7466,91311,0,74375,30133,133045,0.0,30133_20241231,1,1,0.3914082275982928,0.3914082275982928,<1bn
127819,SB,9526.0,20241231,136372,187947,136372,CITIZENS FSB,38539,8647,0,3354,30150,132755,0.0,30150_20241231,1,1,0.024594491537852346,0.024594491537852346,<1bn
20304,SI,4.0,20241231,23446,26900,23446,MILFORD BUILDING&LOAN ASSN,4,3297,0,8173,30152,18281,0.0,30152_20241231,1,1,0.3485882453296938,0.3485882453296938,<1bn
197815,SI,71892.0,20241231,209820,281298,209820,SEWICKLEY SAVINGS BANK,207174,13572,0,5089,30154,45861,0.0,30154_20241231,1,1,0.024254122581260126,0.024254122581260126,<1bn
395212,SB,25522.0,20241231,429652,574211,429652,HATBORO FEDERAL SAVINGS FA,49599,34459,0,43735,30155,436015,0.0,30155_20241231,1,1,0.10179168257101096,0.10179168257101096,<1bn
64859,NM,974.0,20241231,79309,103568,79309,FIRST CMTY BANK OF CULLMAN,3924,14622,2950,11006,30166,80090,0.0,30166_20241231,1,1,0.13877365746636575,0.17596994035985827,<1bn
205778,SB,7790.0,20241231,297545,430116,297545,CULLMAN SAVINGS BANK,23103,91892,0,19458,30167,353377,15000.0,30167_20241231,1,1,0.06539515031339797,0.06539515031339797,<1bn
30994,NM,4584.0,20241231,32495,42378,32495,HOME SB OF WAPAKONETA,5270,1582,0,1458,30176,34770,0.0,30176_20241231,1,1,0.044868441298661334,0.044868441298661334,<1bn
1385755,SM,110006.0,20241231,1700772,2099462,1700772,OPPORTUNITY BANK OF MONTANA,292111,323118,46913,31547,30182,1517164,5573.0,30182_20241231,1,1,0.018548635560792393,0.04613199182488893,1-10bn
133688,SI,23471.0,20241231,141058,159088,141058,MILLVILLE SAVINGS BANK,67634,7469,4351,19586,30183,64663,0.0,30183_20241231,1,1,0.1388506855336103,0.16969615335535737,<1bn
176967,NM,4814.0,20241231,218528,259578,218528,HOMETOWN BANK,36915,41803,10900,5583,30219,199278,0.0,30219_20241231,1,1,0.025548213501244692,0.07542740518377508,<1bn
42918,N,0.0,20241231,91321,97806,91321,CHESTER NATIONAL BANK,4059,48497,0,29743,30220,48982,0.0,30220_20241231,1,1,0.3256972656891624,0.3256972656891624,<1bn
379231,SI,10985.0,20241231,461390,536300,461390,CROSS COUNTY SAVINGS BANK,30615,80522,3390,53703,30260,408108,10860.0,30260_20241231,1,1,0.11639394005071631,0.12374130345261058,<1bn
242940,SI,4606.0,20241231,266643,307176,266643,CITIZENS SAVINGS BANK,40051,23989,943,15179,30270,237038,0.0,30270_20241231,1,1,0.05692630220932108,0.06046286607936455,<1bn
43959,SI,0.0,20241231,48243,59905,48243,FIRST FED BK LITTLEFIELD TX,1793,4482,894,5805,30291,47882,0.0,30291_20241231,1,1,0.12032833778993844,0.13885952366146384,<1bn
1267647,SB,0.0,20241231,1430746,2207080,1430746,MASPETH FS&LA,46973,163099,0,134280,30303,1963636,0.0,30303_20241231,1,1,0.09385313675523119,0.09385313675523119,1-10bn
214885,SI,7824.0,20241231,232392,272959,232392,EAST WISCONSIN SAVINGS BANK,61814,18143,10700,5687,30313,186443,9370.0,30313_20241231,1,1,0.024471582498536953,0.07051447554132673,<1bn
318691,SB,35817.0,20241231,376347,472034,376347,FIRST FSB OF LINCOLNTON,86605,57679,12213,28276,30315,336806,0.0,30315_20241231,1,1,0.07513278968611414,0.10758422413357885,<1bn
36770,SI,0.0,20241231,42555,63185,42555,ABBEVILLE BLDG&L STATE-CHART,3682,5982,3682,8395,30332,44407,0.0,30332_20241231,1,1,0.19727411585007637,0.28379743860885914,<1bn
47033,SB,0.0,20241231,67816,81057,67816,BEAUREGARD FSB,13886,20976,7856,8022,30339,53981,0.0,30339_20241231,1,1,0.11829066886870356,0.23413353780818685,<1bn
409006,SB,63265.0,20241231,466175,593799,466175,BANK OF BENNINGTON,100949,57220,1971,14097,30350,451089,0.0,30350_20241231,1,1,0.03023971684453263,0.03446774280045047,<1bn
98645,SI,3693.0,20241231,108860,158236,108860,STREATOR HOME SAVINGS BANK,108683,10510,0,5798,30357,37905,0.0,30357_20241231,1,1,0.05326106926327393,0.05326106926327393,<1bn
39843,SB,4759.0,20241231,46358,60346,46358,FIRST SAVINGS&LOAN ASSN,11634,6687,0,2372,30358,35587,0.0,30358_20241231,1,1,0.051167004616247465,0.051167004616247465,<1bn
173673,SI,2946.0,20241231,222994,302669,222994,1ST BANK OF SEA ISLE CITY,31839,49741,0,13365,30367,237762,0.0,30367_20241231,1,1,0.05993434800936348,0.05993434800936348,<1bn
8755304,NM,2890126.0,20241231,16669320,19286191,16907406,FIRSTBANK PUERTO RICO,4887172,9257809,59189,1158667,30387,12517890,478117.0,30387_20241231,1,1,0.06950895417449542,0.07305972889116052,10-100bn
76052,SL,4943.0,20241231,82593,101511,82593,GUNNISON SAVINGS&LOAN ASSN,30753,6541,5276,8047,30388,54159,0.0,30388_20241231,1,1,0.09742956424878621,0.161309069775889,<1bn
580055,SB,28297.0,20241231,644948,731693,644948,CARVER FEDERAL SAVINGS BANK,45928,65879,0,49954,30394,604821,50000.0,30394_20241231,1,1,0.07745430639369376,0.07745430639369376,<1bn
35675,SB,6625.0,20241231,36497,52839,36497,TECUMSEH FEDERAL BANK,15229,3260,4257,5875,30395,27269,3500.0,30395_20241231,1,1,0.1609721346960024,0.27761185850891856,<1bn
424927,SB,240.0,20241231,468254,652731,468254,GEDDES FS&LA,51535,43328,0,10002,30397,549673,0.0,30397_20241231,1,1,0.021360201941681225,0.021360201941681225,<1bn
1735858,SI,262456.0,20241231,2307225,2934068,2307225,PENN COMMUNITY BANK,622894,641007,6915,235636,30401,1901628,109944.0,30401_20241231,1,1,0.10212961458028584,0.10512672149443596,1-10bn
253219,SI,41702.0,20241231,293882,321360,293882,FRANKLIN BANK,67203,40668,0,34271,30402,203910,0.0,30402_20241231,1,1,0.11661483180324075,0.11661483180324075,<1bn
160810,SB,17948.0,20241231,214117,287489,214117,FIRST FEDERAL BANK OF WI,34678,53586,0,6376,30422,224493,20000.0,30422_20241231,1,1,0.02977811196682188,0.02977811196682188,<1bn
401276,SI,166950.0,20241231,521341,644102,521341,CENTURY SAVINGS BANK,245403,116928,0,30121,30428,308092,18763.0,30428_20241231,1,1,0.05777600457282278,0.05777600457282278,<1bn
123622,SB,0.0,20241231,142832,186744,142832,MASSENA SAVINGS&LOAN,0,19211,0,9804,30429,167660,1.0,30429_20241231,1,1,0.06864008065419513,0.06864008065419513,<1bn
156980,SI,2180.0,20241231,270410,317026,270410,SSB BANK,6372,120996,0,27666,30431,265167,15757.0,30431_20241231,1,1,0.10231130505528642,0.10231130505528642,<1bn
58175,SI,170.0,20241231,69280,105403,69280,MORGANTON SAVINGS BANK SSB,9380,11108,0,19175,30434,64980,0.0,30434_20241231,1,1,0.2767754041570439,0.2767754041570439,<1bn
663319,SL,304117.0,20241231,1001427,1137602,1001427,FIRST FEDERAL BANK OF LA,321079,339401,0,91773,30441,660616,0.0,30441_20241231,1,1,0.09164222654272354,0.09164222654272354,1-10bn
36049,SL,5736.0,20241231,37903,52319,37903,RAYNE BUILDING&LOAN ASSN,9973,1857,0,7502,30447,27796,1000.0,30447_20241231,1,1,0.19792628551829672,0.19792628551829672,<1bn
1897691,SI,64818.0,20241231,2665430,3168714,2665430,MANASQUAN BANK,182153,767801,28533,184137,30470,2674867,0.0,30470_20241231,1,1,0.06908341243251558,0.07978825180177307,1-10bn
20771,SB,4596.0,20241231,23165,29818,23165,JACKSON FS&LA,8132,2411,0,3068,30492,14178,0.0,30492_20241231,1,1,0.13244118281890785,0.13244118281890785,<1bn
163997,SI,17722.0,20241231,187817,212761,187817,CROSSBRIDGE COMMUNITY BANK,20572,24064,747,11988,30516,166758,0.0,30516_20241231,1,1,0.0638280879792564,0.06780536373171758,<1bn
511643,SB,22254.0,20241231,577135,685157,577135,LAKE SHORE SAVINGS BANK,56495,65559,0,32964,30530,544625,0.0,30530_20241231,1,1,0.05711661916189453,0.05711661916189453,<1bn
780333,SI,129915.0,20241231,935259,1274681,935259,MARQUETTE SAVINGS BANK,273344,155050,0,23338,30544,873356,0.0,30544_20241231,1,1,0.024953515550237955,0.024953515550237955,1-10bn
118793,SB,38917.0,20241231,123619,167941,123619,WESTMORELAND FS&LA,76956,5058,0,21080,30551,68765,0.0,30551_20241231,1,1,0.17052394858395553,0.17052394858395553,<1bn
55678,SI,21.0,20241231,64448,74222,64448,MAYVILLE SAVINGS BANK,8963,8996,0,9704,30585,45278,0.0,30585_20241231,1,1,0.15057100297914597,0.15057100297914597,<1bn
137869,SM,15628.0,20241231,161762,176093,161762,F&M BANK&TRUST CO,51780,24176,954,7031,30595,109852,0.0,30595_20241231,1,1,0.043465090688789704,0.049362643884224976,<1bn
78661,SI,8171.0,20241231,106394,127504,106394,ABBEVILLE FIRST BANK SSB,35130,27758,236,9536,30619,77249,4500.0,30619_20241231,1,1,0.0896291144237457,0.09184728462131324,<1bn
232654,SI,13.0,20241231,247548,330174,247548,GREENVILLE SAVINGS BANK,50904,14914,0,6776,30637,255096,0.0,30637_20241231,1,1,0.02737246917769483,0.02737246917769483,<1bn
54474,SI,0.0,20241231,56554,61352,56554,NORTH COUNTY SAVINGS BANK,25421,2211,1547,6817,30656,27433,993.0,30656_20241231,1,1,0.12053966120875623,0.1478940481663543,<1bn
271672,SB,11310.0,20241231,303420,366650,303420,FIRST SHORE FS&LA,25146,31752,0,39958,30680,280219,0.0,30680_20241231,1,1,0.13169204403137566,0.13169204403137566,<1bn
64916,NM,0.0,20241231,83612,104844,83612,PEOPLES FIRST SAVINGS BANK,451,18776,250,6494,30688,92222,6024.0,30688_20241231,1,1,0.0776682772807731,0.08065827871597378,<1bn
85292,NM,22.0,20241231,130111,176772,153816,BANKPACIFIC LTD,44096,44384,44074,26687,30692,94011,0.0,30692_20241231,1,1,0.20510948344106186,0.5438510195141072,<1bn
428493,SI,64265.0,20241231,854609,1007842,854609,MAGYAR BANK,97990,426834,0,58532,30704,797628,29574.0,30704_20241231,1,1,0.06848980059887036,0.06848980059887036,1-10bn
118591,SL,6913.0,20241231,124986,161698,124986,EQUITABLE SAVINGS&LOAN ASSN,6913,6397,0,3379,30707,147519,0.0,30707_20241231,1,1,0.02703502792312739,0.02703502792312739,<1bn
194716,SB,14886.0,20241231,241875,356343,241875,UNIVERSAL BANK,43948,47434,0,14938,30722,269783,10248.0,30722_20241231,1,1,0.06175917312661499,0.06175917312661499,<1bn
5922665,N,1048715.0,20241231,6522650,7597956,6522650,PATHWARD NATIONAL ASSN,1517669,599989,0,597412,30776,4560992,51625.0,30776_20241231,1,1,0.09159038121009098,0.09159038121009098,1-10bn
14214972,NM,4003888.0,20241231,20720297,27886112,20720297,GLACIER BANK,7541506,6544471,1316780,848404,30788,17088868,3615.0,30788_20241231,1,1,0.04094555208354397,0.10449579945692863,10-100bn
204085,SB,18926.0,20241231,236575,378727,236575,FIRST FS&LA,34974,32545,0,13134,30812,313097,3667.0,30812_20241231,1,1,0.05551727781887351,0.05551727781887351,<1bn
186263,SI,87295.0,20241231,232164,281718,232164,COMMUNITY PARTNERS SB,115017,46394,971,11580,30819,133867,13165.0,30819_20241231,1,1,0.0498785341396599,0.054060922451370584,<1bn
1172492,SM,664161.0,20241231,1744666,2169071,1744666,TERRITORIAL SAVINGS BANK,664161,573153,0,123537,30836,1281639,0.0,30836_20241231,1,1,0.0708083954178049,0.0708083954178049,1-10bn
71478,SL,15.0,20241231,75762,99802,75762,BAR HARBOR SAVINGS&LOAN ASSN,4683,4674,3253,5198,30878,85338,5864.0,30878_20241231,1,1,0.06860959319975714,0.11154668567355666,<1bn
744694,SB,120638.0,20241231,878297,1254963,878297,PROVIDENT SAVINGS BANK FSB,121288,134683,0,45539,30879,1053603,143775.0,30879_20241231,1,1,0.051849203629296244,0.051849203629296244,1-10bn
65564,SL,0.0,20241231,72143,103557,72143,PEOPLES SAVINGS&LOAN CO,1650,6754,0,2860,30889,93321,0.0,30889_20241231,1,1,0.039643485854483455,0.039643485854483455,<1bn
1777738,N,49809.0,20241231,2565962,3167804,2565962,FIDELITY BANK NATIONAL ASSN,325163,793313,262649,128685,30895,2427825,237570.0,30895_20241231,1,1,0.050150781656158584,0.1525096630425548,1-10bn
95398,N,2.0,20241231,98766,123200,98766,MID-CENTRAL NATIONAL BANK,18810,3478,7157,15577,30943,81048,0.0,30943_20241231,1,1,0.15771621813174574,0.23018042646254783,<1bn
1869261,SB,1104020.0,20241231,2080064,2400696,2080064,EL DORADO SAVINGS BANK FSB,1216158,215109,0,602705,30953,522969,0.0,30953_20241231,1,1,0.28975310375065383,0.28975310375065383,1-10bn
153045,SM,9376.0,20241231,166760,193098,166760,FIRST FSB OF MASCOUTAH,28749,13867,0,4555,30969,153795,0.0,30969_20241231,1,1,0.0273147037658911,0.0273147037658911,<1bn
135901,SL,11783.0,20241231,163355,197143,163355,GOUVERNEUR SAVINGS&LOAN ASSN,43534,27456,2336,6686,30976,124927,0.0,30976_20241231,1,1,0.04092926448532338,0.05522940834379113,<1bn
96828,SL,52669.0,20241231,111802,142503,111802,SPRATT SAVINGS BANK,77078,15160,0,11660,30987,45741,0.0,30987_20241231,1,1,0.10429151535750703,0.10429151535750703,<1bn
94619,SB,516828.0,20241231,601411,942434,601411,CENLAR FSB,521730,510556,0,22153,30996,241442,49870.0,30996_20241231,1,1,0.03683504292405693,0.03683504292405693,<1bn
465218,NM,69627.0,20241231,542292,599733,542292,HOMETOWN BANK,157365,78157,13715,15232,31028,383472,12455.0,31028_20241231,1,1,0.0280881886511326,0.053378991392091346,<1bn
82423,NM,15863.0,20241231,266941,281806,266941,INTERSTATE BANK,72100,184782,0,34771,31043,165514,0.0,31043_20241231,1,1,0.13025724785626785,0.13025724785626785,<1bn
170212,SB,12786.0,20241231,228458,254078,228458,FIRST FEDERAL BANK,47686,58291,0,8867,31077,186100,0.0,31077_20241231,1,1,0.03881238564637701,0.03881238564637701,<1bn
128453,SL,9239.0,20241231,142644,161183,142644,JARRETTSVILLE FS&LA,17482,14222,0,13436,31083,106679,0.0,31083_20241231,1,1,0.09419253526261182,0.09419253526261182,<1bn
99995,SB,8988.0,20241231,111186,128051,111186,PICKENS SAVINGS&LOAN ASSN FA,36459,11468,1833,8827,31089,76006,1486.0,31089_20241231,1,1,0.07938949148274063,0.09587537999388412,<1bn
31765,SB,3287.0,20241231,35610,53094,35610,BLUE GRASS FS&LA,3287,3845,0,7334,31090,39912,0.0,31090_20241231,1,1,0.20595338388093232,0.20595338388093232,<1bn
963620,NM,426766.0,20241231,1328349,1546414,1328349,SECURITY FEDERAL BANK,619942,365790,0,155620,31100,687149,31176.0,31100_20241231,1,1,0.11715294700413822,0.11715294700413822,1-10bn
174840,SM,20204.0,20241231,191228,223513,191228,CECIL BANK,21944,17993,0,18081,31121,166726,8537.0,31121_20241231,1,1,0.09455205304662496,0.09455205304662496,<1bn
111379,SB,701.0,20241231,118238,163260,118238,FIRST FEDERAL BANK A FSB,701,7979,0,14523,31127,132081,0.0,31127_20241231,1,1,0.12282853228234578,0.12282853228234578,<1bn
219048,NM,17703.0,20241231,320577,359593,320577,SECURITY FSB OF MCMINNVILLE,45084,102170,5704,38148,31146,264055,0.0,31146_20241231,1,1,0.11899793185412554,0.13679084900039615,<1bn
169768,NM,33939.0,20241231,243512,269856,243512,FIRST SOUTHERN BANK,78193,74121,1663,25280,31158,147677,0.0,31158_20241231,1,1,0.10381418574854627,0.110643417983508,<1bn
290011,SB,10360.0,20241231,309161,361716,309161,CITIZENS SAVINGS BANK,37437,19153,2000,12021,31184,295743,0.0,31184_20241231,1,1,0.038882653374778836,0.045351774641691545,<1bn
1475082,SB,376972.0,20241231,1909102,3027309,1909102,PONCE BANK,472908,435887,2873,140088,31189,2297335,94864.0,31189_20241231,1,1,0.07337900227436774,0.07488389829354325,1-10bn
53737,SB,3090.0,20241231,55251,87874,55251,FIRST FS&LA,3090,1700,0,3267,31197,79444,12000.0,31197_20241231,1,1,0.05913015149047076,0.05913015149047076,<1bn
133645,SB,124.0,20241231,149502,189181,149502,GREENEVILLE FEDERAL BANK FSB,1397,16188,0,19804,31198,156545,8499.0,31198_20241231,1,1,0.13246645529825687,0.13246645529825687,<1bn
348797,SM,26840.0,20241231,414066,466398,414066,LIFESTORE BANK,106147,65859,0,49280,31217,283298,0.0,31217_20241231,1,1,0.11901484304434559,0.11901484304434559,<1bn
740445,NM,115458.0,20241231,1069909,1185267,1069909,FIRST HARRISON BANK,396243,331386,21549,108094,31223,631672,20180.0,31223_20241231,1,1,0.10103102226451034,0.12117198752417262,1-10bn
57192,SB,3027.0,20241231,59841,78117,59841,HIGHLAND FS&LA,5238,3138,2211,28107,31232,38433,0.0,31232_20241231,1,1,0.46969469093096705,0.5066426028976788,<1bn
370022,NM,32541.0,20241231,485777,560869,485777,HEARTHSIDE BANK CORP,84830,115773,9508,12191,31236,429784,1004.0,31236_20241231,1,1,0.025095877326427558,0.04466864425446244,<1bn
126850,NM,10524.0,20241231,148230,165551,148230,1ST UNITED BANK,74706,21709,0,6680,31249,75121,0.0,31249_20241231,1,1,0.045065101531403896,0.045065101531403896,<1bn
19362,SI,0.0,20241231,21824,29038,21824,JACKSON SAVINGS BANK SSB,0,2518,0,8453,31266,19947,0.0,31266_20241231,1,1,0.3873258797653959,0.3873258797653959,<1bn
47547,SB,190.0,20241231,49076,65999,49076,HOMEWOOD FSB,266,1530,0,13316,31267,51081,0.0,31267_20241231,1,1,0.2713342570706659,0.2713342570706659,<1bn
233507,SM,10328.0,20241231,272487,310945,272487,COMMUNITY BANK,16900,41311,0,2697,31272,265457,20000.0,31272_20241231,1,1,0.009897719891224168,0.009897719891224168,<1bn
2012281,SB,1056951.0,20241231,3334716,3820541,3334716,FIRST FEDERAL BANK,2058040,1326582,33499,119060,31313,1247207,733807.0,31313_20241231,1,1,0.03570319031665665,0.04574872342952144,1-10bn
65845,SL,0.0,20241231,69179,94261,69179,WEST PLAINS S&LA,10644,3348,0,8158,31329,73081,0.0,31329_20241231,1,1,0.11792596019023113,0.11792596019023113,<1bn
14444,SI,762.0,20241231,15063,17298,15063,HERTFORD SAVINGS BANK SSB,1757,620,0,2197,31345,13233,0.0,31345_20241231,1,1,0.14585407953262963,0.14585407953262963,<1bn
495589,SB,21496.0,20241231,568143,1034333,568143,COLONIAL SAVINGS FA,26960,72674,0,69492,31361,704963,0.0,31361_20241231,1,1,0.12231427651137125,0.12231427651137125,1-10bn
416033,N,3303.0,20241231,770179,870746,770179,AXIOM BANK NATIONAL ASSN,107575,354715,104272,161886,31390,566217,102958.0,31390_20241231,1,1,0.21019269546430117,0.34557940426835837,<1bn
138295,SB,0.0,20241231,180655,230638,180655,FIRST FS&LA OF SAN RAFAEL,0,42542,0,7156,31406,209851,14621.0,31406_20241231,1,1,0.03961141402120063,0.03961141402120063,<1bn
26991,SB,0.0,20241231,28518,40468,28518,FIRST FS&LA,0,1536,0,4081,31409,35325,0.0,31409_20241231,1,1,0.14310260186548845,0.14310260186548845,<1bn
108843,SL,1661.0,20241231,123448,144932,123448,1ST FSB OF SC INC,15232,14638,0,5221,31410,118505,0.0,31410_20241231,1,1,0.04229311126952239,0.04229311126952239,<1bn
560212,SI,124774.0,20241231,694785,861649,694785,HARLEYSVILLE BANK,130152,134574,0,8625,31461,685067,0.0,31461_20241231,1,1,0.012413912217448564,0.012413912217448564,<1bn
4710670,NM,2628663.0,20241231,9611803,11415707,9611803,ORIENTAL BANK,2665467,4914536,1150,525231,31469,7633830,155000.0,31469_20241231,1,1,0.05464437837521222,0.05476402294137739,10-100bn
115660,NM,7091.0,20241231,141624,154798,141624,FIRST FIDELITY BANK,47417,25971,0,12856,31479,74857,0.0,31479_20241231,1,1,0.09077557476133989,0.09077557476133989,<1bn
379558,SM,3419.0,20241231,445217,507267,445217,EQUITABLE BANK,28360,66375,24941,7636,31485,449068,996.0,31485_20241231,1,1,0.017151186949285406,0.07317106040425231,<1bn
139173,SM,1174.0,20241231,151272,174883,151272,PROGRESSIVE OZARK BANK,8742,11243,930,5832,31488,151741,0.0,31488_20241231,1,1,0.038553069966682535,0.04470093606219261,<1bn
376466,SB,2044.0,20241231,529655,663957,529655,FIRST FEDERAL SAVINGS BANK,21692,153719,3990,30323,31516,563107,82740.0,31516_20241231,1,1,0.05725047436538879,0.06478367994260414,<1bn
115516,NM,10371.0,20241231,208114,243471,208114,WILMINGTON SAVINGS BANK,33367,90567,21129,16763,31539,184107,0.0,31539_20241231,1,1,0.08054720009225713,0.18207328675629703,<1bn
101101,NM,8180.0,20241231,118849,135427,118849,CENTRAL BANK,31686,18494,921,10290,31545,84655,0.0,31545_20241231,1,1,0.08658045082415503,0.09432977980462603,<1bn
27558713,SM,10136663.0,20241231,60208298,75841883,63621187,EAST WEST BANK,13789813,32767680,1173345,5289259,31628,53024585,2691259.0,31628_20241231,1,1,0.08784933598355496,0.1073374304651495,10-100bn
280637,SI,5594.0,20241231,319621,357254,319621,VOLUNTEER FSB,84526,39025,3913,28767,31694,224852,0.0,31694_20241231,1,1,0.09000347286317233,0.10224609772198948,<1bn
77252,NM,0.0,20241231,120861,138532,120861,RIVERBANK,14079,43884,10507,4057,31711,102926,432.0,31711_20241231,1,1,0.03356748661685738,0.12050206435492011,<1bn
18058,SB,12.0,20241231,18366,27770,18366,HOME SAVINGS BANK FSB,12,308,0,4834,31723,22087,0.0,31723_20241231,1,1,0.2632037460524883,0.2632037460524883,<1bn
100848,NM,78.0,20241231,154111,176509,154111,GREATER STATE BANK,13680,53505,13602,37218,31762,119212,0.0,31762_20241231,1,1,0.24150125558850438,0.32976231417614577,<1bn
31020,SB,0.0,20241231,34217,41020,34217,HOME FS&LA,1499,3252,0,3765,31774,32813,0.0,31774_20241231,1,1,0.11003302451997544,0.11003302451997544,<1bn
165691,SB,0.0,20241231,217524,266491,217524,INTERAMERICAN BANK A FSB,0,51835,0,44845,31823,212717,0.0,31823_20241231,1,1,0.20616115922840697,0.20616115922840697,<1bn
648954,SM,0.0,20241231,796341,1062941,796341,FINANCIAL FEDERAL BANK,0,154518,0,28055,31840,1014202,24185.0,31840_20241231,1,1,0.03522988267588885,0.03522988267588885,1-10bn
211436,SB,0.0,20241231,228373,252934,228373,GRAND BANK FOR SAVINGS FSB,0,16938,0,56591,31864,183084,4576.0,31864_20241231,1,1,0.2478007470235098,0.2478007470235098,<1bn
103011,SI,25442.0,20241231,117948,188394,117948,CBL STATE SAVINGS BANK,42654,16104,0,20723,31900,109790,0.0,31900_20241231,1,1,0.1756960694543358,0.1756960694543358,<1bn
164923,SI,20446.0,20241231,181184,229671,181184,CYPRESS BANK SSB,52675,16622,0,13269,31905,151094,449.0,31905_20241231,1,1,0.07323494348286824,0.07323494348286824,<1bn
251509,SM,639.0,20241231,348937,394509,348937,FIRST SENTINEL BANK,1601,98177,0,51498,31928,323914,20328.0,31928_20241231,1,1,0.14758538074208238,0.14758538074208238,<1bn
291528,SI,30206.0,20241231,411767,453897,411767,FAYETTE SAVINGS BANK SSB,34383,120509,0,48524,31936,362699,11445.0,31936_20241231,1,1,0.11784334344422938,0.11784334344422938,<1bn
4284390,SB,218492.0,20241231,5390997,6239398,5390997,TRUSTCO BANK,363499,1110478,0,643402,31945,5048504,0.0,31945_20241231,1,1,0.11934749731821405,0.11934749731821405,1-10bn
31260,SB,1.0,20241231,44233,64211,44233,FIRST WESTERN FSB,1,13500,0,6233,31972,56883,5033.0,31972_20241231,1,1,0.1409128930888703,0.1409128930888703,<1bn
150851,SB,12581.0,20241231,156721,172886,156721,SLOVENIAN S&LA FRANKLIN-CONE,44825,6527,0,9578,31994,110412,0.0,31994_20241231,1,1,0.06111497501930182,0.06111497501930182,<1bn
339712,SM,0.0,20241231,469487,622184,469487,MADISON COUNTY BANK,111775,130001,1859,9160,31999,463287,0.0,31999_20241231,1,1,0.019510657377094575,0.02347029843211846,<1bn
65888,SI,0.0,20241231,71371,80032,71371,ANGELINA SAVINGS BANK SSB,0,5669,0,42442,32018,36291,0.0,32018_20241231,1,1,0.5946673018452873,0.5946673018452873,<1bn
187856,SM,6124.0,20241231,241086,289448,241086,UNITED BANK,6124,53915,0,30183,32025,240113,40475.0,32025_20241231,1,1,0.12519598815360494,0.12519598815360494,<1bn
195863,N,6156.0,20241231,236308,281740,236308,VIKING BANK NATIONAL ASSN,15280,42254,500,20571,32082,224129,558.0,32082_20241231,1,1,0.08705164446400461,0.08916752712561572,<1bn
695182,NM,3444.0,20241231,850569,959628,850569,GRAND SAVINGS BANK,79041,157241,4238,124124,32084,726051,0.0,32084_20241231,1,1,0.14593054766867827,0.15091309464605457,<1bn
238138,SI,11678.0,20241231,327200,418008,327200,SHELBY SAVINGS BANK SSB,34707,89513,1782,66345,32135,292685,0.0,32135_20241231,1,1,0.20276589242053789,0.20821210268948656,<1bn
8793999,N,560575.0,20241231,14564635,17900400,14564635,PACIFIC PREMIER BANK NA,3395803,5781072,1166085,610576,32172,11866806,300162.0,32172_20241231,1,1,0.04192181953066452,0.12198458801061612,10-100bn
89801000,SB,45427000.0,20241231,95963000,109221000,95963000,USAA FEDERAL SAVINGS BANK,53103000,6196000,5593000,9049000,32188,43414000,475000.0,32188_20241231,1,1,0.09429676020966414,0.15257964006961017,>=100bn
727663,NM,6994.0,20241231,962563,1067094,962563,SUMMIT STATE BANK,68228,236573,0,51403,32203,905075,74829.0,32203_20241231,1,1,0.05340221886775203,0.05340221886775203,1-10bn
1607940,SB,153601.0,20241231,2074626,2425209,2074626,STERLING BANK&TRUST FSB,342519,469403,47734,865950,32232,1135029,0.0,32232_20241231,1,1,0.41740053387935944,0.44040901830016593,1-10bn
837262,SB,116126.0,20241231,1003025,1204853,1003025,LIBERTY SAVINGS BANK FSB,287488,166655,0,35196,32242,849674,168211.0,32242_20241231,1,1,0.03508985319408788,0.03508985319408788,1-10bn
7100348,SB,1070338.0,20241231,9727310,11639893,9727310,DOLLAR BANK FSB,1683044,2682861,0,212047,32245,9104545,352052.0,32245_20241231,1,1,0.021799140769647517,0.021799140769647517,10-100bn
225262,SB,0.0,20241231,257982,319722,257982,ABACUS FEDERAL SAVINGS BANK,0,33017,0,47210,32257,255619,14289.0,32257_20241231,1,1,0.18299726337496414,0.18299726337496414,<1bn
68902,NM,5503.0,20241231,101047,128399,101047,EASTERN INTERNATIONAL BANK,10269,32147,0,30056,32277,84600,0.0,32277_20241231,1,1,0.2974457430700565,0.2974457430700565,<1bn
708556,SB,0.0,20241231,934177,1412360,934177,MALAGA BANK FSB,0,226790,0,139997,32282,1239063,175279.0,32282_20241231,1,1,0.14986132178377332,0.14986132178377332,1-10bn
69885,NM,1480.0,20241231,72926,92771,72926,COMMUNITY SAVINGS BANK,5704,3042,0,5279,32286,76623,0.0,32286_20241231,1,1,0.07238844856429806,0.07238844856429806,<1bn
92268,NM,3619.0,20241231,100146,109205,100146,WOODSFIELD SAVINGS BANK,19926,8140,243,5614,32292,78063,0.0,32292_20241231,1,1,0.0560581550935634,0.05848461246579993,<1bn
95043,NM,93.0,20241231,107848,137197,107848,MIAMI SAVINGS BANK,9611,12816,0,24166,32293,95385,0.0,32293_20241231,1,1,0.22407462354424745,0.22407462354424745,<1bn
2969698,SL,0.0,20241231,3412517,3903720,3412517,UNION SAVINGS BANK,7534,442972,0,239584,32296,3412610,0.0,32296_20241231,1,1,0.0702074158165366,0.0702074158165366,1-10bn
15241,SL,615.0,20241231,16221,19777,16221,NEW FOUNDATION SAVINGS BANK,926,984,0,693,32306,16623,0.0,32306_20241231,1,1,0.04272239689291659,0.04272239689291659,<1bn
61243,NM,10987.0,20241231,63128,77713,63128,GALION BUILDING&LOAN BANK,12680,1902,0,5567,32307,55864,0.0,32307_20241231,1,1,0.08818590799645165,0.08818590799645165,<1bn
150797,SI,4051.0,20241231,168221,182506,168221,TAYLORSVILLE SB SSB,16903,17517,0,8989,32348,144653,6174.0,32348_20241231,1,1,0.05343565904375791,0.05343565904375791,<1bn
200581,SB,9823.0,20241231,276141,406613,276141,EASTERN SAVINGS BANK FSB,24495,75790,6544,51423,32360,303720,16509.0,32360_20241231,1,1,0.18622008321835584,0.20991812153935852,<1bn
732675,SB,40605.0,20241231,798415,974190,798415,PRESIDENTIAL BANK FSB,61237,115148,0,100710,32363,761852,101422.0,32363_20241231,1,1,0.12613740974305343,0.12613740974305343,<1bn
376760,N,2388.0,20241231,404163,490272,404163,UNITED MIDWEST SB NA,2787,29434,0,151416,32441,297344,0.0,32441_20241231,1,1,0.37464092457746007,0.37464092457746007,<1bn
351369,SB,6285.0,20241231,506378,578937,506378,HOMELAND FSB,21275,156747,0,27576,32459,505363,0.0,32459_20241231,1,1,0.054457342143616035,0.054457342143616035,<1bn
5854826,NM,541672.0,20241231,6432913,8121034,6432913,HOMESTREET BANK,1019747,581049,19987,406600,32489,6218476,749325.0,32489_20241231,1,1,0.06320620222906792,0.06631319279461731,1-10bn
6343882,SB,1794725.0,20241231,8076889,9290946,8076889,AMERICAN SAVINGS BANK FSB,2160957,1735157,59941,352225,32526,6056555,63946.0,32526_20241231,1,1,0.04360899351222977,0.051030291489705996,1-10bn
492215,NM,17946.0,20241231,686333,904057,686333,BAYVANGUARD BANK,43239,194462,14308,70506,32527,729238,50000.0,32527_20241231,1,1,0.10272855887739625,0.12357558211538713,<1bn
151502,NM,15541.0,20241231,204697,228822,204697,SOUTH GEORGIA BANK,53698,53772,3864,50456,32532,116515,0.0,32532_20241231,1,1,0.24649115521966614,0.2653678363630146,<1bn
59955859,N,8573027.0,20241231,76448437,100102295,76448437,FLAGSTAR BANK NATIONAL ASSN,10415720,19103159,0,15430056,32541,67970509,14940397.0,32541_20241231,1,1,0.201836121253859,0.201836121253859,>=100bn
7978289,N,282686.0,20241231,9116821,10469106,9116821,LENDINGCLUB BANK NA,3452648,1151330,0,932463,32551,5548662,996813.0,32551_20241231,1,1,0.10227940199769196,0.10227940199769196,10-100bn
4124060,NM,366708.0,20241231,4178037,6619890,4178037,BEAL BANK,5035383,966397,4561671,224067,32574,931691,3531512.0,32574_20241231,1,1,0.05362973089994177,1.1454513207996961,1-10bn
1340355,N,42852.0,20241231,3201350,3773718,3201350,NATIONAL COOP BANK N A,460022,1861965,0,223907,32612,2972412,32156.0,32612_20241231,1,1,0.06994143095881425,0.06994143095881425,1-10bn
711907,SB,149436.0,20241231,1177888,1441636,1177888,FIRST SAVINGS BANK,255029,476197,15943,93081,32629,1037988,20080.0,32629_20241231,1,1,0.079023642315738,0.0925588850552854,1-10bn
1853307,NM,65862.0,20241231,2492223,2902292,2492223,NORTHWEST BANK,417351,649359,151753,68399,32647,2261290,7504.0,32647_20241231,1,1,0.027444975830814497,0.08833559436695673,1-10bn
454190,NM,189296.0,20241231,908540,1010203,908540,HELM BANK USA,331678,457724,39302,61371,32718,592175,0.0,32718_20241231,1,1,0.06754903471503731,0.11080744931428446,1-10bn
13659863,NM,4143721.0,20241231,21505363,25551908,21505363,EASTERN BANK,4442313,8992968,97620,1005316,32773,17549801,0.0,32773_20241231,1,1,0.04674722300665188,0.05128655582330789,10-100bn
2115650,NM,804188.0,20241231,3230408,3700995,3230408,BANK OF MARIN,1266733,1117777,10815,137304,32779,2052600,0.0,32779_20241231,1,1,0.04250360945119007,0.045851483775424036,1-10bn
46576,NM,0.0,20241231,61435,79354,61435,TUSTIN COMMUNITY BANK,2000,14873,0,8121,32908,62442,0.0,32908_20241231,1,1,0.13218849190201026,0.13218849190201026,<1bn
1185568,SM,437342.0,20241231,1610995,1886997,1610995,WHITAKER BANK,665748,426200,9966,96768,32912,991528,0.0,32912_20241231,1,1,0.0600672255345299,0.06625346447381898,1-10bn
1220310,SM,399589.0,20241231,2867052,3205734,2867052,WESTSTAR BANK,576656,1653704,48517,203138,32941,2266072,109730.0,32941_20241231,1,1,0.07085256911977879,0.08777482933689379,1-10bn
50136,NM,6512.0,20241231,64207,73675,64207,LIFESTEPS BANK&TRUST,19515,14394,0,24247,32968,26468,0.0,32968_20241231,1,1,0.37763795224819724,0.37763795224819724,<1bn
2418487,NM,352442.0,20241231,2928839,3371364,2928839,GULF COAST BANK&TRUST CO,658411,584986,56532,208997,32974,2358086,44140.0,32974_20241231,1,1,0.07135830955542452,0.09066015578186441,1-10bn
148833000,N,34055000.0,20241231,187093000,230712000,187093000,MORGAN STANLEY BANK NA,82207000,39543000,46422000,19766000,32992,84415000,43134000.0,32992_20241231,1,1,0.10564799324400165,0.3537705846824841,>=100bn
1634156,NM,26980.0,20241231,1986582,2443123,1986582,FCB BANKS,331566,358286,51350,166270,33005,1881479,0.0,33005_20241231,1,1,0.08369651995236038,0.10954493698221367,1-10bn
443895,NM,35891.0,20241231,518234,604624,518234,COUNTY BANK,104407,77251,26773,23493,33009,439210,0.0,33009_20241231,1,1,0.04533280332822624,0.096994793857601,<1bn
190079,NM,19880.0,20241231,349446,388744,349446,FIRST PEOPLES BANK,75725,159988,31902,20898,33010,277798,10354.0,33010_20241231,1,1,0.05980323140055974,0.15109630672550264,<1bn
41440,N,0.0,20241231,44102,55759,44102,ASIAN PACIFIC NATIONAL BANK,9759,3147,0,13580,33013,27784,0.0,33013_20241231,1,1,0.3079225431953199,0.3079225431953199,<1bn
172155,NM,0.0,20241231,172335,192505,172335,SURETY BANK,31721,223,0,80070,33026,71096,5.0,33026_20241231,1,1,0.46461833057707375,0.46461833057707375,<1bn
205333,SB,13406.0,20241231,228680,256131,228680,GATEWAY BANK FSB,35000,23499,0,21278,33103,187360,17948.0,33103_20241231,1,1,0.09304705264999126,0.09304705264999126,<1bn
1105690,SB,226701.0,20241231,1202531,2317950,1202531,COLORADO FSB,244755,102715,0,76346,33111,1668542,197651.0,33111_20241231,1,1,0.06348776039869243,0.06348776039869243,1-10bn
1083797,NM,247165.0,20241231,1734878,1881712,1734878,HERITAGE BANK INC,472898,654918,0,169855,33119,1135927,72454.0,33119_20241231,1,1,0.09790601990456965,0.09790601990456965,1-10bn
234710000,SM,20545000.0,20241231,372596000,561177000,389733000,GOLDMAN SACHS BANK USA,73450000,171069000,52215000,128746000,33124,185734000,70241000.0,33124_20241231,1,1,0.3455377942865731,0.48567617473080765,>=100bn
65642,N,0.0,20241231,111516,136701,111516,FIRST FARMERS&MERCHANTS NB,13174,46662,4066,15179,33131,104841,0.0,33131_20241231,1,1,0.13611499695111015,0.17257613257290433,<1bn
406034,SM,34014.0,20241231,535944,600909,535944,WOODLANDS BANK,109544,130490,18651,10996,33136,441437,0.0,33136_20241231,1,1,0.02051706894750198,0.05531734658844954,<1bn
21254,NM,0.0,20241231,42138,47643,42138,SOUND BANKING CO,0,20908,0,6123,33183,36682,0.0,33183_20241231,1,1,0.14530827281788408,0.14530827281788408,<1bn
767100,NM,112550.0,20241231,1496157,1740361,1496157,SHINHAN BANK AMERICA,112550,741532,0,100727,33188,1470492,10000.0,33188_20241231,1,1,0.06732381695236529,0.06732381695236529,1-10bn
437701,NM,7625.0,20241231,593515,676826,593515,PREMIER BANK MINNESOTA,70454,158652,55484,30351,33204,553481,31266.0,33204_20241231,1,1,0.051137713452903466,0.14462145017396358,<1bn
1601136,NM,0.0,20241231,2684293,3029564,2684293,NORTHRIM BANK,515367,1083588,259986,62452,33216,2241278,0.0,33216_20241231,1,1,0.02326571652200412,0.12012027003013456,1-10bn
17712998,SM,1726271.0,20241231,49368389,61517047,49368389,CIBC BANK USA,8517262,31430050,6787897,12986894,33306,35710873,4652257.0,33306_20241231,1,1,0.2630609234585313,0.40055572807935863,10-100bn
265955,SM,0.0,20241231,418263,524296,418263,ENTERPRISE BANK,15795,153085,1996,55356,33380,442361,18335.0,33380_20241231,1,1,0.13234735082950203,0.1371194678946022,<1bn
716969,N,42088.0,20241231,811387,950082,811387,LEDYARD NATIONAL BANK,267955,94790,0,43405,33418,575966,56833.0,33418_20241231,1,1,0.05349481813240784,0.05349481813240784,<1bn
2527345,NM,809072.0,20241231,3348905,3987481,3348905,CITIZENS FIRST BANK,2442018,834363,0,33414,33440,1274453,0.0,33440_20241231,1,1,0.009977589689764267,0.009977589689764267,1-10bn
442178,NM,18928.0,20241231,547610,606354,547610,ARBOR BANK,61136,105960,12635,18651,33450,505267,23133.0,33450_20241231,1,1,0.03405891053852194,0.057131900440094224,<1bn
885137,SM,85812.0,20241231,1696247,1900495,1696247,OAK VALLEY COMMUNITY BANK,529665,811351,0,138481,33457,1093514,0.0,33457_20241231,1,1,0.08163964328308318,0.08163964328308318,1-10bn
254130,NM,34039.0,20241231,288062,335868,288062,TODAYS BANK,56319,34908,0,23537,33470,237538,0.0,33470_20241231,1,1,0.08170810450528011,0.08170810450528011,<1bn
963186,NM,89090.0,20241231,1004352,1121005,1004352,CRESCENT BANK,90113,45871,0,53806,33492,892819,36388.0,33492_20241231,1,1,0.05357285095265405,0.05357285095265405,1-10bn
22673000,SM,18299000.0,20241231,24087000,26472000,24087000,CHARLES SCHWAB PREMIER BK SS,21589000,1418000,1079000,3070000,33497,1254000,0.0,33497_20241231,1,1,0.12745464358367584,0.17225059160543033,10-100bn
1305695,NM,24346.0,20241231,2100561,2646255,2100561,UNITY BANK,141297,802005,0,180336,33503,2234997,217931.0,33503_20241231,1,1,0.08585135113905286,0.08585135113905286,1-10bn
294585,N,21638.0,20241231,458399,503970,458399,FIRST NB OF COFFEE COUNTY,121059,164343,94555,112843,33506,252030,0.0,33506_20241231,1,1,0.2461676399817626,0.4524399049736147,<1bn
3192160,NM,153253.0,20241231,5921062,6924154,5921062,PREFERRED BANK,368727,2745208,31767,765692,33539,5582118,969460.0,33539_20241231,1,1,0.12931666650340767,0.13468175134798455,1-10bn
96503,NM,5081.0,20241231,145417,156705,145417,BOONE BANK&TRUST CO,76762,49423,9239,3785,33552,71949,14159.0,33552_20241231,1,1,0.026028593630730932,0.08956311847995764,<1bn
23522687,N,4657173.0,20241231,38171079,46369727,38171079,SOUTHSTATE BANK NA,6575263,14686098,10656,1391629,33555,33717073,667872.0,33555_20241231,1,1,0.03645768043392224,0.0367368446671366,10-100bn
193837,N,21987.0,20241231,276645,353967,276645,DESJARDINS BANK NA,22288,82907,0,58890,33565,267430,0.0,33565_20241231,1,1,0.21287209239277774,0.21287209239277774,<1bn
38517,NM,3507.0,20241231,43802,53275,43802,UNITED BANK OF PHILADELPHIA,4752,5293,0,14429,33568,31132,0.0,33568_20241231,1,1,0.3294141820008219,0.3294141820008219,<1bn
326998,SI,34195.0,20241231,483019,554036,483019,LEE BANK,100380,156082,19781,16944,33645,408322,1.0,33645_20241231,1,1,0.03507936540798602,0.07603220577244374,<1bn
571644,NM,59108.0,20241231,863301,974015,863301,INTERNATIONAL BK OF CHICAGO,112995,293664,3730,52637,33708,788810,120891.0,33708_20241231,1,1,0.06097178156865334,0.06529240670403486,<1bn
212425,NM,52266.0,20241231,306419,347583,306419,CITIZENS COMMUNITY BANK,68667,95459,0,48193,33739,210295,0.0,33739_20241231,1,1,0.1572781061226621,0.1572781061226621,<1bn
289840,NM,58955.0,20241231,389264,507887,389264,CITIZENS COMMUNITY BANK,196438,100163,3240,21750,33753,269714,10000.0,33753_20241231,1,1,0.055874676312219984,0.06419807636976448,<1bn
892546,NM,279273.0,20241231,1676451,2015630,1676451,STARION BANK,540127,789617,52539,221478,33758,1197964,20000.0,33758_20241231,1,1,0.13211122782592513,0.16345064663387118,1-10bn
267132,NM,54170.0,20241231,377280,401680,377280,VILLAGE BANK,97490,110774,19116,10851,33761,277088,0.0,33761_20241231,1,1,0.028761132315521628,0.07942907124681933,<1bn
1000,N,232817.0,20241231,849718,904823,849718,STIFEL TRUST CO NA,540815,848718,0,343540,33785,0,0.0,33785_20241231,1,1,0.4042988379674198,0.4042988379674198,<1bn
133406,NM,3791.0,20241231,167201,195787,167201,FIRST CMTY BANK OF E TN,15909,34328,4735,28528,33794,138914,0.0,33794_20241231,1,1,0.17062098910891682,0.19894019772609015,<1bn
60235,SI,303.0,20241231,64432,70850,64432,TIOGA-FRANKLIN SAVINGS BANK,324,4539,0,13763,33802,52513,3945.0,33802_20241231,1,1,0.21360504097342936,0.21360504097342936,<1bn
1978252,N,535640.0,20241231,3097991,3660659,3097991,WHEATON B&T NA,598520,1121627,0,275415,33803,2609204,267535.0,33803_20241231,1,1,0.08890116207568066,0.08890116207568066,1-10bn
131542,SM,43732.0,20241231,169121,184770,169121,COMMUNITY BANK OF ELMHURST,60511,37766,0,7222,33805,113597,21500.0,33805_20241231,1,1,0.04270315336356809,0.04270315336356809,<1bn
259526,N,54395.0,20241231,346285,403726,346285,AMERICAN NB FOX CITIES,71930,87144,0,17000,33812,296472,139243.0,33812_20241231,1,1,0.04909251050435335,0.04909251050435335,<1bn
83982,SB,6589.0,20241231,105354,129013,105354,PRIORITY BANK,16888,21777,0,10016,33818,96433,7454.0,33818_20241231,1,1,0.09506995462915505,0.09506995462915505,<1bn
674562,NM,36196.0,20241231,907211,1089688,907211,CAPITAL COMMUNITY BANK,51358,233348,1386,133159,33823,838663,62514.0,33823_20241231,1,1,0.14677842310113082,0.14830618235449086,1-10bn
250,SB,0.0,20241231,15000,120993,15000,FDS BANK,0,14750,0,98791,33831,322,0.0,33831_20241231,1,1,6.5860666666666665,6.5860666666666665,<1bn
3073673,N,815443.0,20241231,4356326,5416723,4356326,HINSDALE B&T CO NA,878025,1287184,0,192065,33849,4039049,520225.0,33849_20241231,1,1,0.04408875736113413,0.04408875736113413,1-10bn
86208,NM,7691.0,20241231,98372,107959,98372,BANK OF MILAN,30274,12409,0,17962,33851,56162,0.0,33851_20241231,1,1,0.18259260765258406,0.18259260765258406,<1bn
250,N,0.0,20241231,500,38008,500,CREDIT FIRST NATIONAL ASSN,0,251,0,36419,33855,0,0.0,33855_20241231,1,1,72.838,72.838,<1bn
322805,NM,10249.0,20241231,448616,525725,448616,CATSKILL HUDSON BANK,65756,126092,35000,10819,33859,422535,97549.0,33859_20241231,1,1,0.024116393530324375,0.10213411915758688,<1bn
1102479,N,381023.0,20241231,2742820,2962494,2742820,NATIONAL BANK OF INPOLIS,566837,1640125,62150,420120,33860,1798758,0.0,33860_20241231,1,1,0.1531708241882442,0.17582998519771623,1-10bn
1248167,SM,19810.0,20241231,2126573,2569367,2126573,QUAD CITY BANK&TRUST CO,295931,880616,0,118891,33867,2018387,318492.0,33867_20241231,1,1,0.055907321309919766,0.055907321309919766,1-10bn
128594,NM,1647.0,20241231,145975,179994,145975,WISCONSIN RIVER BANK,4194,18638,0,8422,33880,137429,14913.0,33880_20241231,1,1,0.057694810755266314,0.057694810755266314,<1bn
34688476,SM,4995592.0,20241231,37192756,41240941,37192756,RAYMOND JAMES BANK,5489434,3133778,60517,2525449,33893,32369132,9769840.0,33893_20241231,1,1,0.0679016365444927,0.06952875447035976,10-100bn
2682015,SM,629639.0,20241231,4836934,5641646,4836934,HERITAGE BANK OF COMMERCE,846290,2161007,186183,968123,33905,3445359,111133.0,33905_20241231,1,1,0.20015220385475593,0.238644149372309,1-10bn
249346,SB,40607.0,20241231,292367,328150,292367,FRONTIER BANK,103764,44134,0,4028,33922,211960,51403.0,33922_20241231,1,1,0.013777204677682502,0.013777204677682502,<1bn
182279,NM,929.0,20241231,215619,238653,215619,CHARLEVOIX STATE BANK,91021,33398,38205,15135,33926,121652,0.0,33926_20241231,1,1,0.07019325755151448,0.24738079668303814,<1bn
671223,N,49681.0,20241231,968505,1012044,968505,PATRIOT BANK NATIONAL ASSN,79992,297845,0,147568,33928,715869,176811.0,33928_20241231,1,1,0.15236679211774848,0.15236679211774848,1-10bn
4785725,N,425251.0,20241231,8162476,9436117,8162476,WINTRUST BANK NATIONAL ASSN,588619,3420909,0,482792,33935,7801067,283904.0,33935_20241231,1,1,0.05914773899488342,0.05914773899488342,1-10bn
29366733,N,8567042.0,20241231,29068265,35510912,29068265,TD BANK USA NATIONAL ASSN,19821198,327253,2946781,4820513,33947,9090884,615183.0,33947_20241231,1,1,0.16583421817573218,0.267208724015692,10-100bn
146606,N,4070.0,20241231,184867,233784,184867,NATBANK NATIONAL ASSN,4070,38819,0,32004,33959,191614,20221.0,33959_20241231,1,1,0.17311905315713458,0.17311905315713458,<1bn
344683,NM,51312.0,20241231,681665,946458,681665,EVERTRUST BANK,85250,343646,4632,113287,34010,654524,0.0,34010_20241231,1,1,0.1661916043804508,0.17298673101890225,<1bn
1519659,N,323228.0,20241231,2572549,3100228,2572549,VILLAGE B&T NA,352466,1055431,0,156062,34011,2452601,258628.0,34011_20241231,1,1,0.0606643449745758,0.0606643449745758,1-10bn
96106,N,25418.0,20241231,126938,142874,126938,TEXAS NATIONAL BANK,85000,30964,1377,12162,34014,37308,0.0,34014_20241231,1,1,0.09581055318344389,0.10665836865241299,<1bn
108448,SM,0.0,20241231,149922,175905,149922,COMMUNITY BANK,5971,41598,4439,32778,34020,125486,5252.0,34020_20241231,1,1,0.21863368951854964,0.24824241939141686,<1bn
197362,NM,12569.0,20241231,250116,288304,250116,TNBANK,46791,53785,0,8979,34023,212165,5000.0,34023_20241231,1,1,0.035899342704984884,0.035899342704984884,<1bn
501289,NM,13325.0,20241231,603706,710443,603706,TIME BANK,77406,103612,20582,152790,34038,442195,28499.0,34038_20241231,1,1,0.25308676740002584,0.2871795211576496,<1bn
142043,SM,33565.0,20241231,193541,293687,193541,FIRST AMERICAN STATE BANK,69081,51797,0,5077,34040,210718,17119.0,34040_20241231,1,1,0.026232167861073363,0.026232167861073363,<1bn
1142199,NM,298616.0,20241231,1680656,1957057,1680656,FIRST COMMUNITY BANK,488996,542898,13240,149828,34047,1217069,10431.0,34047_20241231,1,1,0.08914852295770223,0.0970263992155444,1-10bn
160070,NM,73561.0,20241231,244303,278225,244303,BAY BANK,112848,84447,3965,40266,34052,111489,54323.0,34052_20241231,1,1,0.1648199162515401,0.18104976197590697,<1bn
299940,SI,86467.0,20241231,321004,381502,321004,LUSITANIA SAVINGS BANK,112467,21066,0,21206,34058,225932,0.0,34058_20241231,1,1,0.06606148209991153,0.06606148209991153,<1bn
946096,N,0.0,20241231,1648421,1891222,1648421,THOMASVILLE NATIONAL BANK,52925,704221,52925,266233,34068,1506702,41182.0,34068_20241231,1,1,0.16150789149131198,0.19361437399790465,1-10bn
1944,N,0.0,20241231,5760,710960,5760,WILMINGTON TRUST NA,1088,3829,1088,575791,34069,33276,0.0,34069_20241231,1,1,99.96371527777778,100.15260416666666,<1bn
1637156,N,375209.0,20241231,2267111,2708832,2267111,LIBERTYVILLE B&T CO NA,457681,632914,0,35267,34073,2120305,234549.0,34073_20241231,1,1,0.01555592117015885,0.01555592117015885,1-10bn
413138,NM,52435.0,20241231,539622,629088,539622,CAPITOL BANK,79576,127200,0,35622,34074,489577,103902.0,34074_20241231,1,1,0.06601287567964241,0.06601287567964241,<1bn
195063,NM,9386.0,20241231,439494,499294,439494,PAN AMERICAN BANK&TRUST,39713,244519,0,15613,34108,401595,41069.0,34108_20241231,1,1,0.03552494459537559,0.03552494459537559,<1bn
1386971,NM,129846.0,20241231,2598520,3185649,2598520,BANK OF ANN ARBOR,290845,1215818,75989,153591,34120,2502710,0.0,34120_20241231,1,1,0.05910710712251589,0.08835029170450873,1-10bn
318110,NM,17162.0,20241231,416849,474479,416849,PEOPLES BANK OF SENECA,32919,100076,3908,22250,34146,396252,57069.0,34146_20241231,1,1,0.05337664238129394,0.06275173983864661,<1bn
1808006,SM,55218.0,20241231,2526233,3523017,2526233,BANK RHODE ISLAND,237742,719416,132835,237070,34147,2801372,240763.0,34147_20241231,1,1,0.09384328365594148,0.14642552765322914,1-10bn
258316,SM,49586.0,20241231,340232,396761,340232,BANK OF STAR VALLEY,145033,82685,976,15261,34148,214845,0.0,34148_20241231,1,1,0.044854687389781094,0.04772331820640034,<1bn
431623,NM,82223.0,20241231,533722,573335,533722,FIRST UNITED BANK&TRUST CO,130778,102945,0,8465,34150,380938,12286.0,34150_20241231,1,1,0.015860316794136273,0.015860316794136273,<1bn
170255,NM,21710.0,20241231,246600,279143,246600,COMMUNITY BK CO FITZGERALD,35402,76558,11908,36512,34160,147093,0.0,34160_20241231,1,1,0.1480616382806164,0.19635036496350364,<1bn
212742,NM,0.0,20241231,252476,348004,252476,WEST POINTE BANK,29200,40294,14605,2360,34162,286304,45731.0,34162_20241231,1,1,0.0093474231214056,0.06719450561637542,<1bn
140485,NM,15834.0,20241231,203463,261562,203463,EAGLE ROCK BANK,25873,63533,960,12296,34171,207734,750.0,34171_20241231,1,1,0.060433592348485964,0.06515189493912898,<1bn
78305,NM,0.0,20241231,217992,259021,217992,APPLIED BANK,0,139687,0,200957,34193,57277,0.0,34193_20241231,1,1,0.9218549304561635,0.9218549304561635,<1bn
1225046,N,56702.0,20241231,1532637,1726343,1532637,GREAT PLAINS NATIONAL BANK,108104,309376,9918,97707,34207,1407017,0.0,34207_20241231,1,1,0.06375090774919306,0.07022210738746357,1-10bn
710268,SM,14073.0,20241231,913795,1111270,913795,PLATTE VALLEY BANK,151781,207051,19412,44714,34211,858206,35213.0,34211_20241231,1,1,0.04893220032939554,0.07017547699429304,1-10bn
4349880,SM,730478.0,20241231,6611947,7995343,6611947,FIRST BANK,1601926,2276417,57450,220411,34217,5354713,310000.0,34217_20241231,1,1,0.03333526418163969,0.04202408156024239,1-10bn
150446000,N,27880000.0,20241231,199211000,221306000,199211000,MORGAN STANLEY PRIVATE BK NA,42137000,49637000,13886000,24406000,34221,146451000,38111000.0,34221_20241231,1,1,0.1225133150277846,0.192218301198227,>=100bn
353312,NM,184711.0,20241231,505947,555895,505947,CITIZENS BANK OF GEORGIA,213420,153376,0,45375,34229,283890,0.0,34229_20241231,1,1,0.0896833067495212,0.0896833067495212,<1bn
402387,NM,44563.0,20241231,569029,645900,569029,MARINE BANK&TRUST CO,147392,166897,9697,27712,34233,441875,0.0,34233_20241231,1,1,0.04870050559813296,0.06574181632219096,<1bn
194076,NM,0.0,20241231,280352,331942,280352,WOLF RIVER COMMUNITY BANK,38309,86926,3857,8004,34240,260184,0.0,34240_20241231,1,1,0.028549823079557127,0.04230752767948864,<1bn
123224,SM,121959.0,20241231,534841,1251957,534841,PACIFIC COAST BANKERS BANK,121959,411643,0,493239,34252,404729,121.0,34252_20241231,1,1,0.9222161352626295,0.9222161352626295,1-10bn
993603,NM,130500.0,20241231,1576545,1849474,1576545,PLANTERS BANK INC,231925,584696,0,27658,34254,1530096,26637.0,34254_20241231,1,1,0.01754342565546813,0.01754342565546813,1-10bn
319548,NM,7286.0,20241231,444701,632162,444701,CROWN BANK,30874,125670,0,38098,34259,526606,64558.0,34259_20241231,1,1,0.08567104638847226,0.08567104638847226,<1bn
4081454,NM,984172.0,20241231,4740372,5400229,4740372,CFG BANK,983865,667721,0,516161,34294,3606577,637715.0,34294_20241231,1,1,0.10888618024070684,0.10888618024070684,1-10bn
558607,NM,0.0,20241231,553438,722667,553438,EAGLEMARK SAVINGS BANK,46000,2026,0,20264,34313,648057,550586.0,34313_20241231,1,1,0.03661476082235047,0.03661476082235047,<1bn
586724,N,42420.0,20241231,1047098,1212228,1047098,SOUTHWESTERN NATIONAL BANK,47248,461951,0,116949,34319,1014669,25084.0,34319_20241231,1,1,0.11168868625477271,0.11168868625477271,1-10bn
250,N,0.0,20241231,500,4175,500,DSRM NATIONAL BANK,3058,250,0,985,34331,0,0.0,34331_20241231,1,1,1.97,1.97,<1bn
63029,NM,0.0,20241231,82230,106153,82230,AMERICAN METRO BANK,0,19751,0,14985,34334,87678,7852.0,34334_20241231,1,1,0.1822327617657789,0.1822327617657789,<1bn
546168,N,79215.0,20241231,818571,1333172,818571,CITY FIRST BANK NA,203862,268752,77190,60800,34352,999957,133356.0,34352_20241231,1,1,0.07427578059813993,0.1685742592884429,1-10bn
658279,NM,64654.0,20241231,903344,1096517,903344,CORE BANK,76304,248173,0,12811,34363,945106,140339.0,34363_20241231,1,1,0.014181751359393542,0.014181751359393542,1-10bn
15046540,NM,4031643.0,20241231,25424834,30621656,25424834,TEXAS CAPITAL BANK,4387615,10410472,277285,3138275,34383,22178357,534508.0,34383_20241231,1,1,0.12343345093226567,0.13433952017149847,10-100bn
417549,NM,24851.0,20241231,561865,681799,561865,PREMIER BANK,57400,147296,0,9774,34384,587848,31583.0,34384_20241231,1,1,0.017395637742162264,0.017395637742162264,<1bn
50148,NM,0.0,20241231,59535,105287,59535,SPRING VALLEY BANK,0,9467,0,12575,34386,91248,0.0,34386_20241231,1,1,0.21122029058536995,0.21122029058536995,<1bn
65507,NM,0.0,20241231,86271,122208,86271,1ST EQUITY BANK,107,20866,0,22762,34393,91634,0.0,34393_20241231,1,1,0.26384300634048524,0.26384300634048524,<1bn
162217,N,27148.0,20241231,197291,245934,197291,SECURITY NB OF SOUTH DAKOTA,51992,35929,12173,2836,34394,138088,0.0,34394_20241231,1,1,0.014374705384432133,0.07607544185999361,<1bn
2498456,N,395083.0,20241231,3261078,4348857,3261078,BARRINGTON B&T CO NA,439076,764845,0,67775,34395,3419963,321320.0,34395_20241231,1,1,0.02078300488366117,0.02078300488366117,1-10bn
706050,NM,88474.0,20241231,1166906,1301059,1166906,FORTIS BANK,194051,462047,23087,34808,34401,1020603,152507.0,34401_20241231,1,1,0.029829309301691826,0.04961410773447047,1-10bn
3090540,SM,47321.0,20241231,3633150,4118001,3633150,COASTAL COMMUNITY BANK,47321,543046,0,452450,34403,3330171,444352.0,34403_20241231,1,1,0.12453380675171682,0.12453380675171682,1-10bn
1491042,NM,6220.0,20241231,1657073,2112676,1657073,WEBBANK,128895,175494,0,19930,34404,1798244,1380565.0,34404_20241231,1,1,0.012027231147933736,0.012027231147933736,1-10bn
130261,NM,1667.0,20241231,170545,205047,170545,NORTHSTAR BANK,30907,40742,19593,17544,34407,139237,0.0,34407_20241231,1,1,0.10287021020844939,0.21775484476237944,<1bn
294326,NM,0.0,20241231,349372,420118,349372,THE BANK,58369,55925,35249,33848,34409,308787,0.0,34409_20241231,1,1,0.09688240614588461,0.19777486461422208,<1bn
926175,SB,250256.0,20241231,964315,1064913,964315,FIRST COMMAND BANK,433206,38160,2828,146410,34415,465881,0.0,34415_20241231,1,1,0.15182798152056123,0.15476063319558442,1-10bn
538107,SM,40840.0,20241231,793908,986404,793908,AMERICAN BANK,61633,256517,10030,69179,34422,798606,0.0,34422_20241231,1,1,0.08713730054363981,0.09977100621230671,<1bn
51022,NM,6090.0,20241231,71189,81435,71189,STATE BANK,6904,20225,0,1703,34441,67697,6524.0,34441_20241231,1,1,0.02392223517678293,0.02392223517678293,<1bn
11725137,SM,1720406.0,20241231,19030155,22295612,19030155,CUSTOMERS BANK,2986633,7338632,0,3782311,34444,14516781,6709108.0,34444_20241231,1,1,0.198753557183323,0.198753557183323,10-100bn
62538,N,9515.0,20241231,85981,90356,85981,FIRST NATIONAL BANK,45370,23481,0,1410,34455,40570,5494.0,34455_20241231,1,1,0.016398971865877344,0.016398971865877344,<1bn
482648,SI,77815.0,20241231,794912,939949,794912,KEYSTONE BANK SSB,79902,313089,0,63837,34456,763228,75328.0,34456_20241231,1,1,0.08030700253612978,0.08030700253612978,<1bn
130973,SM,33278.0,20241231,185289,220081,185289,BANK OF JACKSON,122568,55389,1965,21038,34457,59364,0.0,34457_20241231,1,1,0.11354154860785044,0.12414660341412605,<1bn
95570,NM,8674.0,20241231,156613,170993,156613,MILLENNIAL BANK,16949,61406,0,13602,34460,125444,12960.0,34460_20241231,1,1,0.08685102769246486,0.08685102769246486,<1bn
250,N,0.0,20241231,2000,15432,2000,CEDAR HILL NATIONAL BANK,11332,1750,0,2263,34478,0,0.0,34478_20241231,1,1,1.1315,1.1315,<1bn
88401,NM,993.0,20241231,119970,143609,119970,HIAWATHA BANK&TRUST CO,35114,31739,0,2516,34488,98177,1.0,34488_20241231,1,1,0.020971909644077687,0.020971909644077687,<1bn
231035,N,7144.0,20241231,375497,426516,375497,EDISON NATIONAL BANK,73833,144575,66597,181760,34489,154829,0.0,34489_20241231,1,1,0.48405180334330233,0.661408746274937,<1bn
365298,NM,12149.0,20241231,639409,866361,639409,FIRST COMMERCIAL BANK USA,27683,275848,0,136787,34496,678794,47791.0,34496_20241231,1,1,0.2139272359319309,0.2139272359319309,<1bn
4857930,SB,3286839.0,20241231,8343326,8794109,8343326,PRINCIPAL BANK,5620517,3485954,70663,548843,34507,2404889,936.0,34507_20241231,1,1,0.06578227915342155,0.07425168332149552,1-10bn
301907,NM,42443.0,20241231,370685,411107,370685,PEOPLES BANK OF EAST TN,102830,69288,7804,38339,34517,248324,14959.0,34517_20241231,1,1,0.10342743839108677,0.12448035393932853,<1bn
4603587,NM,136048.0,20241231,5351003,6688684,5351003,MERRICK BANK,281553,756036,0,896305,34519,4958875,3240153.0,34519_20241231,1,1,0.16750224210302256,0.16750224210302256,1-10bn
126573,NM,10932.0,20241231,153512,169967,153512,PRAIRIE COMMUNITY BANK,26660,27149,8263,11931,34526,120547,0.0,34526_20241231,1,1,0.07772030851008391,0.13154671947469904,<1bn
1672456,NM,158841.0,20241231,2424553,2967891,2424553,FIRST COMMUNITY BANK,285898,754402,0,53492,34533,2467824,55401.0,34533_20241231,1,1,0.02206262350214658,0.02206262350214658,1-10bn
75096,N,1677.0,20241231,296394,379274,296394,TCM BANK NATIONAL ASSN,1677,225051,0,35565,34535,318455,227798.0,34535_20241231,1,1,0.1199923075365898,0.1199923075365898,<1bn
104130,N,728.0,20241231,139841,174489,139841,NEIGHBORHOOD NATIONAL BANK,12375,35922,3279,7427,34548,127728,9389.0,34548_20241231,1,1,0.05311031814703842,0.07655837701389435,<1bn
2260551,SM,122306.0,20241231,2949210,3735333,2949210,ENCORE BANK,438603,691429,0,69311,34562,3026850,441598.0,34562_20241231,1,1,0.02350154787214203,0.02350154787214203,1-10bn
269506,NM,22673.0,20241231,314289,376902,314289,ALLIANCE BANK,31543,45545,453,15084,34566,299655,5000.0,34566_20241231,1,1,0.04799404369863406,0.04943539226635358,<1bn
203284,SI,0.0,20241231,247374,316708,247374,PACIFIC CREST SAVINGS BANK,30001,44090,0,53550,34585,228999,32006.0,34585_20241231,1,1,0.21647384122826166,0.21647384122826166,<1bn
13747066,SM,1764089.0,20241231,20418048,24469472,20418048,ATLANTIC UNION BANK,3242475,7112061,62199,350105,34589,18301397,1217895.0,34589_20241231,1,1,0.017146839893803757,0.020193115424158078,10-100bn
2205173,NM,25368.0,20241231,4715880,5994362,4715880,MERCANTILE BANK,730352,2518338,0,393010,34598,4562150,211704.0,34598_20241231,1,1,0.08333757432335004,0.08333757432335004,1-10bn
409073,NM,97197.0,20241231,731792,851731,731792,PITNEY BOWES BANK INC,164547,323726,2215,278716,34599,362423,84972.0,34599_20241231,1,1,0.3808677875680521,0.3838946039311717,<1bn
1745665,NM,146447.0,20241231,2706261,3087043,2706261,MVB BANK INC,415233,965995,103975,317913,34603,2080468,495899.0,34603_20241231,1,1,0.11747314837704124,0.15589331553756272,1-10bn
248339,NM,5548.0,20241231,321246,386338,321246,AMERICAN BANK OF OKLAHOMA,23153,73422,0,13157,34606,287576,0.0,34606_20241231,1,1,0.04095615198321535,0.04095615198321535,<1bn
3704794,NM,586338.0,20241231,4946204,5717876,4946204,FIRST INTERNET BANK OF IN,839755,1259667,0,466410,34607,4180572,563027.0,34607_20241231,1,1,0.0942965554999349,0.0942965554999349,1-10bn
185624,NM,29739.0,20241231,245416,286806,245416,COMMUNITY FIRST BANKING CO,41756,59986,0,23866,34610,207900,2894.0,34610_20241231,1,1,0.09724712325194772,0.09724712325194772,<1bn
1582495,N,4489.0,20241231,2737481,3283285,2737481,MACATAWA BANK NATIONAL ASSN,40011,1155982,0,1195618,34618,1645621,244771.0,34618_20241231,1,1,0.43675846517290895,0.43675846517290895,1-10bn
350,NM,10210.0,20241231,500,29045,500,ITS BANK,26522,162,11617,2144,34619,0,0.0,34619_20241231,1,1,4.288,27.522,<1bn
321545,NM,42191.0,20241231,566698,613469,566698,COMMUNITY FIRST BANK,131072,245634,0,98382,34627,364952,0.0,34627_20241231,1,1,0.1736056947439377,0.1736056947439377,<1bn
288138,NM,0.0,20241231,446887,546077,446887,SUNSTATE BANK,60384,159190,393,106374,34643,298419,0.0,34643_20241231,1,1,0.23803332833579854,0.23891274528012674,<1bn
51732,NM,0.0,20241231,94108,112067,94108,KEY COMMUNITY BANK,3969,42695,3969,17276,34644,88640,0.0,34644_20241231,1,1,0.1835763165724487,0.22575126450461172,<1bn
1936661,N,51795.0,20241231,2350220,2739261,2350220,AMERICAN FIRST NATIONAL BANK,87583,445523,0,215531,34656,2381711,0.0,34656_20241231,1,1,0.09170673383768328,0.09170673383768328,1-10bn
170229,N,34810.0,20241231,240845,255446,240845,NORTH GEORGIA NATIONAL BANK,65080,71071,3357,23801,34662,153040,0.0,34662_20241231,1,1,0.09882289439265918,0.11276131952085366,<1bn
112046,NM,33968.0,20241231,149671,166845,149671,COMMUNITY BANK,59679,37729,8481,10933,34666,88281,0.0,34666_20241231,1,1,0.07304688282967309,0.12971116649183875,<1bn
1065918,N,212477.0,20241231,1462191,1774025,1462191,CRYSTAL LAKE B&T CO NA,230063,398222,0,78182,34681,1395497,182825.0,34681_20241231,1,1,0.05346907483358877,0.05346907483358877,1-10bn
467277,NM,93795.0,20241231,683567,798653,683567,PEOPLES BANK OF COMMERCE,132606,216337,0,49835,34685,552905,14411.0,34685_20241231,1,1,0.07290433856520283,0.07290433856520283,<1bn
159512,NM,2996.0,20241231,186535,211757,186535,CHARTER BANK,50449,27357,14340,6324,34686,147579,0.0,34686_20241231,1,1,0.03390248478837752,0.11077813815101724,<1bn
4757715,NM,1244371.0,20241231,5310277,7231749,5321673,WEX BANK,3832320,555096,353451,474447,34697,2627170,615663.0,34697_20241231,1,1,0.08934505676445881,0.15590486146014607,1-10bn
4427579,SM,789495.0,20241231,6015221,7299555,6015221,METROPOLITAN COMMERCIAL BANK,915751,1589189,29938,200268,34699,5970803,3142449.0,34699_20241231,1,1,0.033293539838353405,0.038270580582159826,1-10bn
250,SB,106988.0,20241231,500,171531,500,NATIONWIDE TRUST CO FSB,107089,250,101,30845,34710,0,0.0,34710_20241231,1,1,61.69,61.892,<1bn
83755,SI,40.0,20241231,90391,116109,90391,FARMERS BLDG&SVG BANK,28174,6636,0,25621,34711,54164,0.0,34711_20241231,1,1,0.28344636081025765,0.28344636081025765,<1bn
2305217,N,701088.0,20241231,3457244,4173569,3457244,TOWN BANK NATIONAL ASSN,762802,1154219,0,140162,34717,3024077,362646.0,34717_20241231,1,1,0.04054154118135717,0.04054154118135717,1-10bn
314382,NM,28007.0,20241231,437927,569825,437927,FARMERS&MERCHANTS BK COLBY,93579,126965,950,10369,34719,390650,172607.0,34719_20241231,1,1,0.0236774622254394,0.02584677354901616,<1bn
920057,NM,7859.0,20241231,1326129,1636961,1326129,INDEPENDENT BANK,7859,412936,0,135132,34728,1221620,279444.0,34728_20241231,1,1,0.10189958895401578,0.10189958895401578,1-10bn
7050119,SM,1368079.0,20241231,9154640,11079766,9154640,EAGLEBANK,2162880,2151713,24777,630899,34742,7820498,4020384.0,34742_20241231,1,1,0.06891576293551685,0.07162225931330997,10-100bn
110360,SB,50157.0,20241231,110890,125838,110890,CLEARPOINT FEDERAL B&T,117407,530,5142,1299,34748,0,0.0,34748_20241231,1,1,0.011714311479844891,0.05808458833077825,<1bn
81731,NM,2332.0,20241231,95607,132139,95607,FIRST CMTY BANK OF HILLSBORO,47196,13927,0,3926,34752,76635,100.0,34752_20241231,1,1,0.04106393883293064,0.04106393883293064,<1bn
1036693,N,129444.0,20241231,1424536,1615529,1424536,VIRGINIA NATIONAL BANK,263537,389573,1493,17103,34755,1227514,0.0,34755_20241231,1,1,0.012006014590013872,0.013054075151487923,1-10bn
246504,SM,44575.0,20241231,397798,566932,397798,ASIAN BANK,72239,153697,0,70396,34759,405815,41161.0,34759_20241231,1,1,0.17696418785413703,0.17696418785413703,<1bn
395393,SM,36048.0,20241231,451605,512935,451605,PORTAGE COMMUNITY BANK,108914,57823,17888,7129,34760,368592,0.0,34760_20241231,1,1,0.015785919110727294,0.05539575514000066,<1bn
27457313,N,8540326.0,20241231,32049197,40802282,32049197,EVERBANK NATIONAL ASSN,9852086,4750295,33043,663780,34775,29282840,1748162.0,34775_20241231,1,1,0.02071128334354212,0.021742292014367785,10-100bn
243992,NM,91938.0,20241231,299026,368877,299026,FIRST TRUST BANK OF ILLINOIS,169738,56046,8118,23979,34778,147787,0.0,34778_20241231,1,1,0.0801903513406861,0.10733849230501695,<1bn
1135011,NM,108611.0,20241231,1367710,1595969,1367710,TRANSPORTATION ALLIANCE BK D,118853,234693,0,157471,34781,1220685,507568.0,34781_20241231,1,1,0.11513478734527056,0.11513478734527056,1-10bn
216123,NM,8018.0,20241231,305712,378169,305712,COMMERCIAL CAPITAL BANK,18275,91438,248,67383,34784,276285,0.0,34784_20241231,1,1,0.22041333019312295,0.22122455121159784,<1bn
285665,NM,0.0,20241231,359722,466958,359722,ENTERPRISE BANK,0,77508,0,103952,34786,326353,190352.0,34786_20241231,1,1,0.2889787113382001,0.2889787113382001,<1bn
910848,NM,536542.0,20241231,3644001,4040343,3644001,AMERICAN BUSINESS BANK,1083080,2735290,0,101617,34788,2720119,0.0,34788_20241231,1,1,0.027886106507654634,0.027886106507654634,1-10bn
250,SB,9611.0,20241231,2000,14544,2000,THRIVENT TRUST CO,10449,1750,97,3166,34799,0,0.0,34799_20241231,1,1,1.583,1.6315,<1bn
477125,NM,45513.0,20241231,788929,956235,788929,RESOURCE BANK,136305,314985,52609,9387,34803,764883,26039.0,34803_20241231,1,1,0.011898409109057977,0.07858248334133996,<1bn
946327,SM,109809.0,20241231,1651068,1854472,1651068,MISSION BANK,243998,704950,11530,275235,34805,1271335,76393.0,34805_20241231,1,1,0.16670118977534543,0.1736845484256251,1-10bn
456710,SM,11688.0,20241231,719535,957341,719535,NEBRASKALAND BANK,194158,263872,94637,37872,34811,656270,54007.0,34811_20241231,1,1,0.052633992787008275,0.18415921393677862,<1bn
229657,SM,17202.0,20241231,1191458,1358637,1191458,NORTH AMERICAN BANKING CO,474135,963304,109784,70793,34836,727963,20627.0,34836_20241231,1,1,0.05941711751484316,0.15155968569601277,1-10bn
262917,SM,22022.0,20241231,387565,449915,387565,SOUTHERN BANK OF TENNESSEE,59090,126712,21105,52874,34847,315994,11001.0,34847_20241231,1,1,0.13642614787196986,0.19088152954988197,<1bn
188529,SM,44655.0,20241231,302996,371182,302996,PREMIER BANK,77459,114481,4963,24403,34849,257445,6689.0,34849_20241231,1,1,0.08053901701672629,0.09691877120490039,<1bn
69558,NM,3484.0,20241231,88961,107465,88961,COMMUNITY BANK OF OELWEIN,24925,19742,482,6269,34857,71391,7443.0,34857_20241231,1,1,0.07046908195726218,0.0758871865199357,<1bn
84711,NM,5648.0,20241231,146556,179247,146556,NEW REPUBLIC BANK,6511,62154,0,19654,34860,137662,43970.0,34860_20241231,1,1,0.13410573432681022,0.13410573432681022,<1bn
274500,N,365.0,20241231,453305,527618,453305,CONNECTICUT CMTY BANK NA,9360,178805,0,183613,34876,318285,0.0,34876_20241231,1,1,0.4050539923451098,0.4050539923451098,<1bn
1359769,SM,48976.0,20241231,2233127,2511396,2233127,SUSSER BANK,155655,874737,85619,392820,34885,1871892,94797.0,34885_20241231,1,1,0.1759058038347125,0.21424621170224534,1-10bn
998864,NM,10807.0,20241231,1635197,2141833,1635197,PARKE BANK,14760,642730,0,221527,34888,1835580,215722.0,34888_20241231,1,1,0.1354741966870047,0.1354741966870047,1-10bn
678741,SM,58196.0,20241231,754120,855256,754120,NEW PEOPLES BANK INC,95984,76489,7962,67518,34890,649852,3000.0,34890_20241231,1,1,0.08953216994642763,0.10009017132551848,<1bn
51228,NM,10645.0,20241231,61664,67916,61664,PREFERRED BANK,11928,10552,0,5714,34900,42923,0.0,34900_20241231,1,1,0.0926634665282823,0.0926634665282823,<1bn
941885,NM,324782.0,20241231,1784719,1974267,1784719,COGENT BANK,359833,844927,0,51813,34908,1537297,139589.0,34908_20241231,1,1,0.029031460975089074,0.029031460975089074,1-10bn
199336,N,8751.0,20241231,284196,321060,284196,FIRST NB OF HEREFORD,22957,87689,0,35227,34918,244206,0.0,34918_20241231,1,1,0.12395318723697729,0.12395318723697729,<1bn
456043,NM,74086.0,20241231,749023,850824,749023,LEGENDS BANK,195259,295780,4975,17455,34936,585140,62856.0,34936_20241231,1,1,0.02330369027386342,0.029945675900473017,<1bn
126436,SM,29690.0,20241231,140489,155347,140489,COMMERCE BANK,34999,14053,0,2203,34938,103984,0.0,34938_20241231,1,1,0.01568094299197802,0.01568094299197802,<1bn
3123695,NM,0.0,20241231,3428570,5223965,3428570,NORTHPOINTE BANK,9881,309898,0,376295,34953,4633637,2069276.0,34953_20241231,1,1,0.10975275406364753,0.10975275406364753,1-10bn
231766,N,57490.0,20241231,470574,520099,470574,AMERICAN B&T CO NA,112192,240120,7379,39847,34955,335625,0.0,34955_20241231,1,1,0.08467743649245389,0.1003582858381466,<1bn
479670,SM,32033.0,20241231,787045,965491,787045,FIRST CAPITAL BANK,38983,311044,0,56107,34966,830018,95248.0,34966_20241231,1,1,0.07128817284907471,0.07128817284907471,<1bn
7997324,SM,516067.0,20241231,11703988,14332369,11703988,POPULAR BANK,1017828,3781682,491233,1584543,34967,10857983,747363.0,34967_20241231,1,1,0.13538487906857047,0.1773562994083726,10-100bn
22948000,SM,4710000.0,20241231,53666000,58456000,54116000,BANCO POPULAR DE PUERTO RICO,25031000,30879000,20127000,5446000,34968,25356000,107000.0,34968_20241231,1,1,0.10147952148473895,0.4765214474713972,10-100bn
661061,SI,25039.0,20241231,833561,964930,833561,FIRST CENTRAL SAVINGS BANK,30802,172743,0,46156,34969,844288,38183.0,34969_20241231,1,1,0.055372072349834024,0.055372072349834024,<1bn
359690,NM,52194.0,20241231,499918,563800,499918,PEOPLES SAVINGS BANK,179198,141470,0,49554,34973,293065,38084.0,34973_20241231,1,1,0.099124256378046,0.099124256378046,<1bn
782756,NM,141528.0,20241231,1027367,1198352,1027367,SYNERGY BANK,299819,245504,77295,104769,34978,704504,0.0,34978_20241231,1,1,0.10197816359684514,0.17721417954830163,1-10bn
1933108,NM,437964.0,20241231,2811567,3148781,2811567,RED RIVER BANK,684881,886042,10932,268783,34980,2055829,0.0,34980_20241231,1,1,0.09559900226457346,0.09948722545114522,1-10bn
97352,NM,0.0,20241231,109684,130248,109684,FIRST CENTRAL BANK MCCOOK,14575,12594,2037,4506,34995,94681,28970.0,34995_20241231,1,1,0.04108165274789395,0.05965318551475147,<1bn
931994,N,22416.0,20241231,1143707,1288291,1143707,BAYFIRST NATIONAL BANK,38779,213104,0,80058,34997,1051047,112120.0,34997_20241231,1,1,0.06999869721878069,0.06999869721878069,1-10bn
621012,NM,19236.0,20241231,975568,1192160,975568,FIRST IC BANK,34720,365000,0,141421,34998,984063,35161.0,34998_20241231,1,1,0.14496272940481852,0.14496272940481852,1-10bn
855757,NM,107237.0,20241231,926816,1142781,926816,NBKC BANK,115500,71361,0,129278,35014,795969,66259.0,35014_20241231,1,1,0.13948615474916273,0.13948615474916273,1-10bn
334681,N,64826.0,20241231,436916,497911,436916,LONE STAR CAPITAL BANK NA,145210,103007,0,17546,35015,300202,11825.0,35015_20241231,1,1,0.040158749050160675,0.040158749050160675,<1bn
121538,NM,10154.0,20241231,164770,199548,164770,CURRENCY BANK,25626,43437,12856,38186,35019,127521,0.0,35019_20241231,1,1,0.23175335315894885,0.30977726527887356,<1bn
398934,NM,44232.0,20241231,605537,666127,605537,COMMUNITY FIRST BANK,86995,206932,15080,32130,35020,518346,0.0,35020_20241231,1,1,0.0530603414820234,0.07796385687414642,<1bn
129803,NM,43.0,20241231,235977,269162,235977,AB&T,23091,106315,0,24332,35029,167097,0.0,35029_20241231,1,1,0.1031117439411468,0.1031117439411468,<1bn
134361,SM,1146.0,20241231,197595,262329,197595,FREEDOM FINANCIAL BANK,16963,63558,489,23653,35031,213723,44934.0,35031_20241231,1,1,0.11970444596270148,0.12217920493939624,<1bn
146369,NM,8801.0,20241231,216703,276428,216703,AMERICAN COMMUNITY BANK,25183,70411,0,6892,35033,223099,15501.0,35033_20241231,1,1,0.03180389750026534,0.03180389750026534,<1bn
468754,N,92886.0,20241231,640988,734080,640988,HEARTLAND NATIONAL BANK,369853,172613,0,185486,35052,158569,0.0,35052_20241231,1,1,0.28937515210893183,0.28937515210893183,<1bn
140567,NM,39473.0,20241231,179849,191169,179849,MADISON CNTY CMTY BANK,74445,39949,0,18690,35056,81942,0.0,35056_20241231,1,1,0.10392051109541893,0.10392051109541893,<1bn
90267,SM,9392.0,20241231,110767,132261,110767,SETTLERS BANK,25724,20599,5825,15581,35060,78200,0.0,35060_20241231,1,1,0.1406646383850786,0.19325250300179656,<1bn
5981,NM,0.0,20241231,5891,26481,5891,PHILADELPHIA TRUST CO,10639,0,10639,3615,35075,8012,0.0,35075_20241231,1,1,0.6136479375318282,2.4196231539636734,<1bn
165831,SM,0.0,20241231,191101,236245,191101,PETIT JEAN STATE BANK,72665,25640,0,31875,35084,121058,0.0,35084_20241231,1,1,0.16679661540232651,0.16679661540232651,<1bn
41253,NM,0.0,20241231,45633,53296,45633,COMMUNITY BANK OF MEMPHIS,15560,4468,6454,9321,35094,26179,0.0,35094_20241231,1,1,0.20426007494576293,0.34569281002783075,<1bn
7803159,NM,1277382.0,20241231,14532695,17248124,14532695,TOWNEBANK,2566129,7049463,125139,1339475,35095,11536825,316375.0,35095_20241231,1,1,0.09216975929103308,0.1007806191487539,10-100bn
133205,SM,11665.0,20241231,205015,233877,205015,BUCKEYE COMMUNITY BANK,29161,71966,5655,16795,35101,174637,11982.0,35101_20241231,1,1,0.08192083506084921,0.10950418262078385,<1bn
110855,NM,89.0,20241231,175544,201902,175544,IDAHO TRUST BANK,20232,64726,20143,34602,35103,137298,0.0,35103_20241231,1,1,0.19711297452490545,0.31185913503167295,<1bn
422670,NM,61498.0,20241231,620729,753997,620729,VILLAGE BANK,79169,198481,0,18104,35111,619467,5000.0,35111_20241231,1,1,0.029165706773809506,0.029165706773809506,<1bn
316532,SB,99890.0,20241231,351379,496491,351379,AUTO CLUB TRUST FSB,139047,34849,1866,97097,35115,250730,96097.0,35115_20241231,1,1,0.2763312548558679,0.28164176003688324,<1bn
178393,NM,7159.0,20241231,284376,343625,284376,CENTERBANK,22360,106425,2919,4452,35117,301318,10964.0,35117_20241231,1,1,0.01565532956367626,0.02591990885306777,<1bn
82064,NM,11630.0,20241231,99018,107643,99018,COMMUNITY BK OF WICHITA INC,14004,17064,0,1584,35118,83283,0.0,35118_20241231,1,1,0.01599709143792038,0.01599709143792038,<1bn
408911,NM,64476.0,20241231,582902,685167,582902,SAUK VALLEY BANK&TRUST CO,156340,174228,3914,9243,35131,487380,63968.0,35131_20241231,1,1,0.015856867878305442,0.02257154718975059,<1bn
271594,NM,5832.0,20241231,450210,512357,450210,MILLENNIUM BANK,24303,180718,0,47964,35138,419513,32000.0,35138_20241231,1,1,0.10653694942360233,0.10653694942360233,<1bn
689763,SI,9062.0,20241231,853801,961183,853801,SEATTLE BANK,28405,167880,0,108553,35139,764653,24946.0,35139_20241231,1,1,0.1271408677197614,0.1271408677197614,<1bn
7812062,NM,302686.0,20241231,8203124,12242513,8203124,BMW BANK OF NORTH AMERICA,2242392,449871,0,600193,35141,9335224,6437201.0,35141_20241231,1,1,0.07316639368123656,0.07316639368123656,10-100bn
600112,NM,1341.0,20241231,795177,913722,795177,NEW MILLENNIUM BANK,2425,196181,0,122866,35151,772485,70336.0,35151_20241231,1,1,0.15451402643688134,0.15451402643688134,<1bn
214164,SB,16856.0,20241231,302268,405829,302268,M Y SAFRA BANK FSB,84478,89187,3000,46165,35154,265245,40021.0,35154_20241231,1,1,0.15272870432860905,0.16265367157621713,<1bn
891001,SB,124866.0,20241231,1038743,1187675,1038743,FARM BUREAU BANK FSB,172385,149357,0,178865,35157,799189,7051.0,35157_20241231,1,1,0.17219369950026137,0.17219369950026137,1-10bn
419341,SB,49748.0,20241231,472660,513135,472660,MURRAY BANK,115312,55467,8068,11628,35161,369175,46878.0,35161_20241231,1,1,0.024601193246731264,0.04167054542377185,<1bn
250,SB,85576.0,20241231,500,148220,500,CAPITAL BANK&TRUST CO,86844,250,768,5192,35164,0,0.0,35164_20241231,1,1,10.384,11.92,<1bn
253414,NM,27282.0,20241231,318277,381412,318277,STATE BANK,77504,65474,982,5055,35169,287422,1034.0,35169_20241231,1,1,0.015882391753095575,0.018967754503152915,<1bn
250,SB,0.0,20241231,500,63348,500,FIDELITY PERSONAL TR CO FSB,56243,251,0,93,35206,0,0.0,35206_20241231,1,1,0.186,0.186,<1bn
714635,SM,58972.0,20241231,890163,970140,890163,BANK OF THE JAMES,191522,176204,0,69087,35207,640168,0.0,35207_20241231,1,1,0.07761162843209614,0.07761162843209614,<1bn
85136,NM,59674.0,20241231,244132,265586,244132,COMMUNITY BANK OF THE SOUTH,84528,159249,0,98300,35212,72564,9993.0,35212_20241231,1,1,0.4026510248554061,0.4026510248554061,<1bn
546852,NM,85265.0,20241231,956184,1065501,956184,FIRST RELIANCE BANK,175846,410255,0,48091,35214,766229,84723.0,35214_20241231,1,1,0.050294713151443654,0.050294713151443654,1-10bn
184489,SM,37607.0,20241231,209909,236075,209909,WYOMING COMMUNITY BANK,78772,26258,499,4088,35220,140623,0.0,35220_20241231,1,1,0.019475105879214326,0.021852326484333686,<1bn
337704,NM,4951.0,20241231,489689,569543,489689,FREEDOM BANK,53285,152992,7728,13964,35221,484448,0.0,35221_20241231,1,1,0.028516058151193922,0.0442975031091162,<1bn
345348,NM,3370.0,20241231,437875,515404,437875,FIRST SECURE COMMUNITY BANK,82838,93849,31858,83535,35223,320715,0.0,35223_20241231,1,1,0.19077362260919212,0.26352954610334,<1bn
90291,NM,9547.0,20241231,122770,157313,122770,SOUTHERN ILLINOIS BANK,38442,32609,0,6007,35229,94262,0.0,35229_20241231,1,1,0.04892889142298607,0.04892889142298607,<1bn
1049383,NM,65422.0,20241231,1243828,1448528,1243828,EVERGREEN BANK GROUP,122816,198932,0,99815,35230,1182975,149701.0,35230_20241231,1,1,0.08024823367861152,0.08024823367861152,1-10bn
250,SB,0.0,20241231,1343345,3437123,1343345,JOHN DEERE FINANCIAL FSB,0,1343096,0,5167,35237,3407817,0.0,35237_20241231,1,1,0.0038463685799254846,0.0038463685799254846,1-10bn
442955,NM,118542.0,20241231,544596,662589,544596,OPTUS BANK,129054,103530,0,86610,35241,382129,266344.0,35241_20241231,1,1,0.1590353215961924,0.1590353215961924,<1bn
41617,NM,6392.0,20241231,63642,69710,63642,TWIN CITY BANK,20506,22036,952,2955,35261,42222,3.0,35261_20241231,1,1,0.04643160177241444,0.06139027686119229,<1bn
1828678,N,163966.0,20241231,2220526,2721949,2220526,BLUE RIDGE BANK NA,312281,399307,0,175992,35274,2119750,401010.0,35274_20241231,1,1,0.07925689678931928,0.07925689678931928,1-10bn
470824,NM,38165.0,20241231,642682,705371,642682,FREEDOM BANK OF SOUTHERN MO,76376,173410,0,14276,35276,551430,9974.0,35276_20241231,1,1,0.02221316296395418,0.02221316296395418,<1bn
1748721,N,77830.0,20241231,2774613,3141986,2774613,CAPITAL BANK NATIONAL ASSN,223630,1034955,126835,207622,35278,2556305,333033.0,35278_20241231,1,1,0.07482917437494886,0.12054185574708977,1-10bn
287615,NM,2404.0,20241231,401420,487617,401420,GREAT AMERICAN BANK,4282,114478,1878,8280,35292,383170,0.0,35292_20241231,1,1,0.020626774948931295,0.025305166658362813,<1bn
2186001,NM,51115.0,20241231,3451454,4090151,3451454,SOUTHERN FIRST BANK,132127,1272997,908,141933,35295,3597353,550345.0,35295_20241231,1,1,0.041122668880999136,0.04138574641296103,1-10bn
12570,NM,2254.0,20241231,14999,17741,14999,ALAMERICA BANK,2741,2442,487,4544,35314,9693,0.0,35314_20241231,1,1,0.30295353023534904,0.33542236149076604,<1bn
239262,NM,12562.0,20241231,338070,386925,338070,GEORGIA COMMUNITY BANK,65843,100491,0,40155,35320,260231,2496.0,35320_20241231,1,1,0.11877717632442986,0.11877717632442986,<1bn
394534,NM,12566.0,20241231,571380,732757,571380,FINWISE BANK,42496,178339,29930,109162,35323,539399,284468.0,35323_20241231,1,1,0.19104973922783436,0.24343169169379397,<1bn
339248,N,7996.0,20241231,403019,478848,403019,LIBERTY BANK NATIONAL ASSN,7996,64752,0,43318,35331,411750,149907.0,35331_20241231,1,1,0.10748376627404663,0.10748376627404663,<1bn
260607,NM,20962.0,20241231,407807,471561,407807,OAK BANK,56750,148262,0,14116,35333,380300,39927.0,35333_20241231,1,1,0.034614413190553375,0.034614413190553375,<1bn
1698753,NM,53588.0,20241231,3566789,4052812,3566789,FIVE STAR BANK,100914,1871257,0,356464,35361,3498143,300000.0,35361_20241231,1,1,0.09993974973007935,0.09993974973007935,1-10bn
450734,SM,62225.0,20241231,539004,661488,539004,BANK OF OAK RIDGE,104375,88601,7801,21155,35365,507511,21935.0,35365_20241231,1,1,0.03924831726666221,0.05372130819066278,<1bn
201309,N,176107.0,20241231,355752,466414,355752,CHINO COMMERCIAL BANK N A,197404,154517,0,45700,35366,200107,8028.0,35366_20241231,1,1,0.12846027569767704,0.12846027569767704,<1bn
68176,NM,0.0,20241231,163468,200195,163468,ALPINE CAPITAL BANK,836,95527,144,132877,35377,60453,2998.0,35377_20241231,1,1,0.8128624562605525,0.8137433626153131,<1bn
250,SB,143126.0,20241231,500,292641,500,SEI PRIVATE TRUST CO,231694,263,0,327,35388,0,0.0,35388_20241231,1,1,0.654,0.654,<1bn
90927,SB,27.0,20241231,117298,169821,117298,UNITED TRUST BANK,27,26965,0,19472,35393,142751,16591.0,35393_20241231,1,1,0.16600453545670002,0.16600453545670002,<1bn
1250,SB,38483.0,20241231,50500,87790,50500,MASSMUTUAL PRIVATE WEALTH&TR,71823,49250,0,5339,35394,0,0.0,35394_20241231,1,1,0.10572277227722772,0.10572277227722772,<1bn
354475,NM,160.0,20241231,512833,601854,512833,BANKVISTA,25798,160933,6306,17771,35406,542129,17546.0,35406_20241231,1,1,0.03465260620903881,0.04694900679168462,<1bn
506592,NM,45727.0,20241231,573447,631671,573447,YAMPA VALLEY BANK,145855,68233,30138,10652,35407,464005,29655.0,35407_20241231,1,1,0.01857538708895504,0.07113124665400639,<1bn
460530,NM,33696.0,20241231,824604,969755,824604,AMERICAN COMMUNITY B&T,206838,378902,124970,56716,35412,669914,0.0,35412_20241231,1,1,0.06877968091350514,0.22033121352794796,<1bn
270786,NM,31086.0,20241231,406716,492943,406716,TRISTAR BANK,80937,136556,0,16599,35417,360591,0.0,35417_20241231,1,1,0.04081226211902163,0.04081226211902163,<1bn
257248,NM,212.0,20241231,327278,366592,327278,BRANSON BANK,12309,70484,3471,13385,35420,313867,5354.0,35420_20241231,1,1,0.040897952199659006,0.05150361466398597,<1bn
181485,N,5000.0,20241231,231192,287213,231192,UNITED NATIONAL BANK,15973,50880,0,39311,35427,219228,15148.0,35427_20241231,1,1,0.1700361604207758,0.1700361604207758,<1bn
426761,NM,10571.0,20241231,774409,932739,774409,OPTIMUMBANK,26178,348849,0,33483,35430,794984,147404.0,35430_20241231,1,1,0.043236842547026186,0.043236842547026186,<1bn
127932,NM,45207.0,20241231,205026,233352,205026,BANK OF BROOKHAVEN,77381,78235,0,13122,35439,132135,103.0,35439_20241231,1,1,0.06400163881654033,0.06400163881654033,<1bn
324197,NM,74601.0,20241231,473763,541319,473763,FOUR CORNERS COMMUNITY BANK,133989,151560,1914,29102,35441,344147,13884.0,35441_20241231,1,1,0.06142733814164466,0.06546733282252941,<1bn
69505,NM,4063.0,20241231,80343,92637,80343,CITIZENS BK CUMBERLAND CNTY,14605,11018,0,6500,35442,64468,0.0,35442_20241231,1,1,0.08090312783938862,0.08090312783938862,<1bn
7257965,N,1197358.0,20241231,7756696,8706436,7756696,BCORP BANK NATIONAL ASSN,1502860,501343,0,570122,35444,6291890,810556.0,35444_20241231,1,1,0.07350062449269637,0.07350062449269637,1-10bn
144546,NM,28720.0,20241231,173045,188368,173045,CENTURY BANK OF KENTUCKY INC,43780,28626,997,10289,35450,123830,0.0,35450_20241231,1,1,0.05945852234967783,0.06522002947210263,<1bn
194673,NM,43953.0,20241231,269110,299846,269110,HOMETOWN BANK OF CORBIN INC,93891,74599,994,17297,35455,171691,0.0,35455_20241231,1,1,0.06427483185314556,0.0679684887220839,<1bn
352606,NM,25608.0,20241231,750946,840857,750946,1ST COLONIAL COMMUNITY BANK,118650,398801,0,67220,35456,619774,83468.0,35456_20241231,1,1,0.08951375997741515,0.08951375997741515,<1bn
193996,NM,20805.0,20241231,256912,321244,256912,CITIZENS FIRST BANK,60524,63444,1042,11874,35477,235424,10463.0,35477_20241231,1,1,0.046218160303917295,0.050274023790247244,<1bn
178317,NM,33014.0,20241231,349754,426072,349754,CROWN BANK,53733,173267,0,14225,35480,342479,48033.0,35480_20241231,1,1,0.04067144335733115,0.04067144335733115,<1bn
469408,SI,1666.0,20241231,561070,686240,561070,QUAINT OAK BANK,1666,92301,0,64758,35497,598974,20000.0,35497_20241231,1,1,0.1154187534532233,0.1154187534532233,<1bn
95091,NM,22840.0,20241231,140513,166010,140513,CYPRESS BANK&TRUST,27845,45482,2092,16404,35506,98726,0.0,35506_20241231,1,1,0.11674364649534207,0.13163194864532107,<1bn
250,SB,6252.0,20241231,500,11186,500,DAVIDSON TRUST CO,10048,250,0,0,35510,0,0.0,35510_20241231,1,1,0.0,0.0,<1bn
424151,NM,223.0,20241231,504536,582650,504536,COMMUNITY BK OF PICKENS CNTY,56215,80849,38722,78363,35513,429910,0.0,35513_20241231,1,1,0.15531696449807347,0.23206470896031206,<1bn
665849,SB,3776.0,20241231,775093,1179914,775093,FEDERAL SAVINGS BANK,3776,110325,0,88568,35518,980124,206955.0,35518_20241231,1,1,0.11426757821319507,0.11426757821319507,1-10bn
783445,SM,5138.0,20241231,1182672,1408917,1182672,NORTH STATE BANK,56628,400322,0,109497,35519,1159113,0.0,35519_20241231,1,1,0.09258441901051179,0.09258441901051179,1-10bn
600241,SM,48032.0,20241231,750693,903124,750693,INSBANK,56426,155631,0,41216,35521,754900,163996.0,35521_20241231,1,1,0.054903935430329044,0.054903935430329044,<1bn
2081259,NM,90042.0,20241231,2520493,3039278,2520493,FIRST CAROLINA BANK,168624,441389,0,158300,35530,2573418,1067888.0,35530_20241231,1,1,0.06280517343234042,0.06280517343234042,1-10bn
6283,NM,0.0,20241231,312040,456775,312040,FIRST ELECTRONIC BANK,2367,305757,0,238230,35533,207406,251.0,35533_20241231,1,1,0.7634598128445071,0.7634598128445071,<1bn
1593715,NM,45291.0,20241231,2752960,3597404,2752960,BCB COMMUNITY BANK,111189,1161817,0,316830,35541,2996259,177573.0,35541_20241231,1,1,0.1150870335929327,0.1150870335929327,1-10bn
302473,NM,16658.0,20241231,352055,424068,352055,BANK OF FRANKLIN COUNTY,40542,57975,0,18357,35543,335436,0.0,35543_20241231,1,1,0.052142420928548094,0.052142420928548094,<1bn
17404050,SB,942232.0,20241231,20090707,22840570,20090707,AXOS BANK,945764,2690583,0,2505414,35546,18617551,1570787.0,35546_20241231,1,1,0.12470511864017528,0.12470511864017528,10-100bn
54900,SM,2529.0,20241231,87026,99050,87026,CENTURY BANK OF FLORIDA,14185,32165,749,9411,35558,58988,0.0,35558_20241231,1,1,0.10814009606324547,0.1167467193712224,<1bn
585182,NM,30590.0,20241231,744807,856361,744807,AMERICAN BANK&TRUST CO INC,93914,160992,11051,11570,35568,699581,64297.0,35568_20241231,1,1,0.015534225645032875,0.030371626475046556,<1bn
27140060,NM,2328389.0,20241231,43089412,52489231,43089412,PINNACLE BANK,8394601,16462266,1419365,3435072,35583,35266609,7940104.0,35583_20241231,1,1,0.07971963042800398,0.11265962506056013,10-100bn
193992,N,0.0,20241231,298028,341145,298028,COMMUNITY FIRST NB,8943,105286,1944,50864,35585,271566,0.0,35585_20241231,1,1,0.17066852778933522,0.1771914048344451,<1bn
122855,SM,10493.0,20241231,154045,168955,154045,NEW FRONTIER BANK,22017,31578,0,21482,35597,113417,0.0,35597_20241231,1,1,0.13945275731117532,0.13945275731117532,<1bn
250,SB,6898.0,20241231,752,34545,752,COUNTRY TRUST BANK,22941,502,0,3,35602,0,0.0,35602_20241231,1,1,0.003989361702127659,0.003989361702127659,<1bn
133409,NM,29752.0,20241231,166198,188816,166198,PEOPLES BANK OF MIDDLE TN,44444,33118,498,4725,35604,103189,6563.0,35604_20241231,1,1,0.02842994500535506,0.031426370955125814,<1bn
83131,SI,61183.0,20241231,456589,817056,456589,"SERVBANK,SB",174096,373458,69749,347509,55130,260960,0.0,55130_20241231,1,1,0.7610980553627004,0.9138590723823833,<1bn
189418,NM,58398.0,20241231,328173,389581,328173,BANK OF CLOVIS,101476,138885,0,60987,57022,183828,10000.0,57022_20241231,1,1,0.18583795741880044,0.18583795741880044,<1bn
94761,NM,2632.0,20241231,119390,133317,119390,AMERICAN HERITAGE BANK,31716,24909,14973,14955,57025,75876,0.0,57025_20241231,1,1,0.12526174721500963,0.2506742608258648,<1bn
24060,NM,6324.0,20241231,27478,44114,27478,CHAMPION BANK,13252,3433,6928,13743,57031,13850,0.0,57031_20241231,1,1,0.5001455710022563,0.7522745469102555,<1bn
228065,NM,92190.0,20241231,333236,470074,333236,WILLAMETTE VALLEY BANK,97377,105707,1888,38607,57033,309150,7185.0,57033_20241231,1,1,0.1158548296102462,0.12152048398132255,<1bn
5398981,N,421953.0,20241231,7593028,8784372,7593028,NICOLET NATIONAL BANK,810019,2200368,14028,536703,57038,6567899,581850.0,57038_20241231,1,1,0.07068365874589162,0.0725311430433287,1-10bn
1848873,N,120937.0,20241231,3402857,4030569,3402857,CALIFORNIA BK OF COM NA,195281,1557629,12326,352669,57044,3105805,185719.0,57044_20241231,1,1,0.10363908915361415,0.1072613395155894,1-10bn
2480596,NM,0.0,20241231,2742010,3781454,2742010,CELTIC BANK,333955,264973,0,355620,57056,2817085,2446231.0,57056_20241231,1,1,0.12969318127942642,0.12969318127942642,1-10bn
165711,SM,28158.0,20241231,231245,265242,231245,PEOPLES BANK,97295,65850,23875,26518,57058,130827,0.0,57058_20241231,1,1,0.11467491188998681,0.21792038746783715,<1bn
490006,N,23614.0,20241231,871523,974987,871523,CORNERSTONE NB&T CO,217106,381986,133850,99976,57061,642560,0.0,57061_20241231,1,1,0.11471412687903819,0.2682958453190564,<1bn
557234,NM,7006.0,20241231,795948,908956,795948,FIRST COMMERCIAL BANK,11781,239478,0,60051,57069,797818,94607.0,57069_20241231,1,1,0.07544588339941805,0.07544588339941805,<1bn
1072367,NM,39010.0,20241231,1869463,2257959,1869463,GEORGIA BANKING CO,96448,800448,38564,174782,57071,1790038,253584.0,57071_20241231,1,1,0.09349315819569577,0.11412154185453256,1-10bn
262493,NM,60641.0,20241231,366422,405527,366422,COMMUNITY BK OF SANTA MARIA,114620,104129,0,19576,57073,253189,0.0,57073_20241231,1,1,0.05342473978090835,0.05342473978090835,<1bn
147154,NM,17795.0,20241231,196260,241927,196260,BANKCDA,91071,49196,2493,6171,57074,131562,0.0,57074_20241231,1,1,0.03144298379700398,0.04414552124732498,<1bn
992000,SB,251003.0,20241231,1731161,2054098,1731161,WESTFIELD BANK FSB,296795,739377,0,104957,57077,1508808,40133.0,57077_20241231,1,1,0.060628098715255256,0.060628098715255256,1-10bn
2531344,N,694721.0,20241231,5161984,6032989,5161984,NORTHBROOK B&T CO NA,768718,2633824,0,1259674,57082,3829795,511673.0,57082_20241231,1,1,0.2440290399970244,0.2440290399970244,1-10bn
4607165,NM,130967.0,20241231,4866565,6203111,4866565,EMIGRANT BANK,374020,967412,125013,705056,57083,4224742,143558.0,57083_20241231,1,1,0.14487754709944284,0.17056568647495718,1-10bn
194130,NM,0.0,20241231,279223,315616,279223,TRADITIONS FIRST BANK,52570,85786,0,12105,57092,236979,0.0,57092_20241231,1,1,0.043352445894500095,0.043352445894500095,<1bn
500,SB,312297.0,20241231,50500,440328,50500,NORTHWESTERN MUTUAL WEALTH M,400016,51393,1800,272,57093,0,0.0,57093_20241231,1,1,0.005386138613861386,0.04102970297029703,<1bn
1247178,NM,112917.0,20241231,1809395,2211170,1809395,DOGWOOD STATE BANK,171758,565874,4673,86194,57095,1806831,204286.0,57095_20241231,1,1,0.047636917312140245,0.050219548523125136,1-10bn
685246,SM,58223.0,20241231,907297,1023550,907297,NORTHSTAR BANK,82943,222435,0,17387,57097,854544,53765.0,57097_20241231,1,1,0.019163515364869498,0.019163515364869498,1-10bn
344985,NM,32579.0,20241231,551536,676792,551536,MISSION VALLEY BANK,45809,206790,0,48090,57101,539697,59838.0,57101_20241231,1,1,0.0871928577644977,0.0871928577644977,<1bn
531715,N,18712.0,20241231,632742,619575,632742,BANK OF BRENHAM NA,389155,107757,10157,76327,57102,124480,187782.0,57102_20241231,1,1,0.12062894513087483,0.1366813013835023,<1bn
1267639,N,304308.0,20241231,1812543,2145556,1812543,SCHAUMBURG B&T CO NA,384509,546980,29966,23664,57103,1651245,186651.0,57103_20241231,1,1,0.013055690265003368,0.029588263561195514,1-10bn
250,SB,7230.0,20241231,500,12494,500,EVERENCE TRUST CO,7775,251,0,1082,57109,0,0.0,57109_20241231,1,1,2.164,2.164,<1bn
159071,N,4676.0,20241231,594668,684427,594668,FIRST CENTURY BANK NA,248260,435709,116041,367154,57123,55732,0.0,57123_20241231,1,1,0.6174100506501107,0.8125458238882872,<1bn
378718,NM,118720.0,20241231,590397,631953,590397,FIRST CMTY BANK OF CNTL AL,162417,213747,6846,19007,57124,395689,0.0,57124_20241231,1,1,0.03219359176960587,0.04378917914555799,<1bn
304388,NM,63207.0,20241231,516915,570758,516915,GUARDIAN BANK,156141,213037,5826,29351,57127,367931,18311.0,57127_20241231,1,1,0.05678109553795111,0.068051807357109,<1bn
78217,SB,45560.0,20241231,799014,892831,799014,COMMUNITY FSB,72698,722093,24716,476732,57129,304662,0.0,57129_20241231,1,1,0.5966503715829761,0.627583496659633,<1bn
2471402,N,1652.0,20241231,3678006,4596441,3678006,LEADER BANK NATIONAL ASSN,351262,1225867,344610,360375,57134,3758191,448596.0,57134_20241231,1,1,0.0979810799656118,0.19167587002305053,1-10bn
135529,NM,56300.0,20241231,170936,183619,170936,MISSION BANK,86287,35713,0,14709,57137,74611,0.0,57137_20241231,1,1,0.08604974961389057,0.08604974961389057,<1bn
59702,NM,0.0,20241231,70885,83047,70885,COMMUNITY BANK OF MISSOURI,3441,11309,0,21439,57141,53738,0.0,57141_20241231,1,1,0.302447626437187,0.302447626437187,<1bn
250,N,132.0,20241231,500,20902,500,NATIONAL ADVISORS TRUST CO,9842,250,9710,7258,57160,0,0.0,57160_20241231,1,1,14.516,33.936,<1bn
234722,SM,54388.0,20241231,1349575,1489767,1349575,COMMERCE WEST BANK,165637,1115498,16512,504800,57176,781586,19791.0,57176_20241231,1,1,0.37404368041790936,0.38627864327658706,1-10bn
716910,SM,109667.0,20241231,910842,1089195,910842,FREEDOM BANK OF VIRGINIA,230004,195967,0,28690,57184,767327,305167.0,57184_20241231,1,1,0.03149832792075903,0.03149832792075903,1-10bn
111167,NM,0.0,20241231,127651,142462,127651,GOGEBIC RANGE BANK,71044,16616,1453,5716,57192,58198,0.0,57192_20241231,1,1,0.04477834094523349,0.056160938809723386,<1bn
571457,N,91122.0,20241231,858654,965288,858654,BNC NATIONAL BANK,129523,288206,10130,100307,57197,689501,59692.0,57197_20241231,1,1,0.11681888164499321,0.1286164159253902,<1bn
33604000,NM,200000.0,20241231,35423000,44672000,35423000,BARCLAYS BANK DELAWARE,709000,1886000,509000,8510000,57203,30663000,11084000.0,57203_20241231,1,1,0.24023939248510853,0.25460858764079836,10-100bn
1047352,NM,175642.0,20241231,1553631,1704776,1553631,EMBASSY BK LEHIGH VALLEY,280828,514089,34740,95930,57228,1256256,0.0,57228_20241231,1,1,0.06174567834962098,0.08410620024960883,1-10bn
196180,N,11299.0,20241231,327299,354847,327299,DOUGLAS NATIONAL BANK,34562,131294,5865,93982,57230,216358,12002.0,57230_20241231,1,1,0.2871441709262784,0.30506356573041776,<1bn
1370799,SM,18532.0,20241231,1882493,2611167,1882493,CEDAR RAPIDS BANK&TRUST CO,299317,513384,8539,60289,57244,1736104,335665.0,57244_20241231,1,1,0.03202614830440272,0.036562154547188225,1-10bn
268604,NM,5936.0,20241231,329678,450534,329678,CORNERSTONE BANK,20787,63086,4485,25895,57250,395328,138918.0,57250_20241231,1,1,0.07854633915517566,0.09215052263117345,<1bn
415235,NM,23580.0,20241231,506731,589417,506731,FIRST CHATHAM BANK,47384,91756,477,141451,57252,359473,0.0,57252_20241231,1,1,0.2791441613005717,0.28008548914512826,<1bn
1082375,N,153391.0,20241231,1505795,1746521,1505795,CITIZENS CMTY FEDERAL NA,229845,428394,0,48226,57265,1349761,19125.0,57265_20241231,1,1,0.03202693593749481,0.03202693593749481,1-10bn
565825,N,0.0,20241231,1111841,1258022,1111841,SIGNATURE BANK NATIONAL ASSN,127884,547114,84305,174608,57269,929992,42.0,57269_20241231,1,1,0.15704403777158785,0.23286872853222718,1-10bn
83952,NM,12399.0,20241231,115255,134168,115255,FIRST COMMERCE BANK,24411,31499,2961,6112,57273,99560,0.0,57273_20241231,1,1,0.053030237299900224,0.07872109669862479,<1bn
239213,SM,8721.0,20241231,312784,340063,312784,FLATIRONS BANK,52699,73830,0,21809,57280,257340,59607.0,57280_20241231,1,1,0.06972543352601156,0.06972543352601156,<1bn
297189,N,0.0,20241231,615501,723180,615501,AMG NATIONAL TRUST BANK,251992,319270,17858,159959,57295,269518,525.0,57295_20241231,1,1,0.25988422439606107,0.28889798716817683,<1bn
327383,NM,4212.0,20241231,526478,585126,526478,1ST BANK YUMA,157278,199216,112523,70530,57298,315309,0.0,57298_20241231,1,1,0.13396571176763322,0.3476935408507098,<1bn
285862,NM,62227.0,20241231,423725,483030,423725,UNITED CMTY BANK OF W KY INC,159166,139030,1971,18958,57301,273242,27009.0,57301_20241231,1,1,0.04474128267154404,0.04939288453596082,<1bn
14849208,SM,269572.0,20241231,18043947,19509889,18043947,STIFEL BANK&TRUST,4084104,3207681,0,609096,57311,14366028,203581.0,57311_20241231,1,1,0.033756250780386354,0.033756250780386354,10-100bn
82501,SM,0.0,20241231,150070,183124,150070,TOWN&COUNTRY BANK,22956,67616,7459,8222,57312,139967,0.0,57312_20241231,1,1,0.05478776570933564,0.10449123742253615,<1bn
144933,SM,0.0,20241231,275921,293138,275921,FARMERS BANK,86815,131505,0,32933,57335,167876,13300.0,57335_20241231,1,1,0.11935662744046303,0.11935662744046303,<1bn
177403,NM,10539.0,20241231,210287,253034,210287,DRAKE BANK,34225,33573,12663,4503,57336,210863,32802.0,57336_20241231,1,1,0.021413591900593,0.0816312943738795,<1bn
2092274,NM,510.0,20241231,2664527,2975060,2664527,SOUTHEAST BANK,510,583182,0,342283,57348,2461170,385973.0,57348_20241231,1,1,0.12845919744855278,0.12845919744855278,1-10bn
7834529,SM,389307.0,20241231,9954256,10790251,9954256,STIFEL BANK,3313978,2125631,0,410392,57358,6944732,18313.0,57358_20241231,1,1,0.04122779241361685,0.04122779241361685,10-100bn
312918,NM,0.0,20241231,368650,474120,368650,AMERICAN EAGLE BANK,2873,59884,958,51130,57359,407140,106182.0,57359_20241231,1,1,0.13869523938695238,0.1412939102129391,<1bn
26910,NM,3584.0,20241231,34230,40668,34230,CHEYENNE STATE BANK,4855,7333,0,1652,57363,23925,0.0,57363_20241231,1,1,0.048261758691206545,0.048261758691206545,<1bn
2020887,NM,28053.0,20241231,2799388,3263382,2799388,BANKWELL BANK,146098,790925,63557,293552,57368,2672959,706156.0,57368_20241231,1,1,0.10486292003823693,0.12756681103155404,1-10bn
993528,NM,317516.0,20241231,2183871,2579817,2183871,U S CENTURY BANK,424915,1191846,0,77035,57369,1948778,133000.0,57369_20241231,1,1,0.03527451941987416,0.03527451941987416,1-10bn
292422,NM,57879.0,20241231,372870,462514,372870,OREGON COAST BANK,152902,81106,0,7322,57373,257482,0.0,57373_20241231,1,1,0.01963687075924585,0.01963687075924585,<1bn
530471,NM,64031.0,20241231,749774,870088,749774,TRADITIONS BANK,98944,220690,9575,41869,57377,684944,18933.0,57377_20241231,1,1,0.055842160437678555,0.06861267528615289,<1bn
80081,NM,3023.0,20241231,118553,130263,118553,UNITED BANK&TRUST CO,34201,39233,8731,10262,57391,70257,0.0,57391_20241231,1,1,0.086560441321603,0.16020682732617478,<1bn
146603,NM,2751.0,20241231,190910,217932,190910,BANK OF LINCOLN COUNTY,19330,45063,0,18188,57396,167956,0.0,57396_20241231,1,1,0.09527002252370227,0.09527002252370227,<1bn
14702000,NM,3195000.0,20241231,14919000,18649000,14919000,OPTUM BANK INC,9612000,261000,848000,1234000,57408,6403000,1080000.0,57408_20241231,1,1,0.08271331858703666,0.1395535893826664,10-100bn
324965,SM,0.0,20241231,558641,612795,558641,WORTHINGTON BANK,43622,234563,43622,96465,57414,449376,0.0,57414_20241231,1,1,0.17267798102896134,0.25076390741102067,<1bn
1148635,N,211075.0,20241231,1395913,1567006,1395913,FORCHT BANK NATIONAL ASSN,283820,248096,0,42150,57415,1106923,0.0,57415_20241231,1,1,0.03019529154037537,0.03019529154037537,1-10bn
271603,SM,38273.0,20241231,386318,436374,386318,PATRIOT BANK,149983,116486,0,27174,57416,227197,0.0,57416_20241231,1,1,0.0703410143974653,0.0703410143974653,<1bn
1261780,NM,254480.0,20241231,2857159,3537560,2857159,COMMERCIAL BANK OF CA,513828,1599254,71821,392320,57417,2483976,178074.0,57417_20241231,1,1,0.13731122419158331,0.16244843216635826,1-10bn
144441,SM,15800.0,20241231,177042,195402,177042,HIGHLANDS COMMUNITY BANK,74928,33009,4293,8434,57420,100480,9198.0,57420_20241231,1,1,0.047638413483806104,0.0718868968945222,<1bn
621944,NM,41492.0,20241231,789176,953246,789176,SANIBEL CAPTIVA CMTY BANK,41492,167959,0,50200,57425,823027,65056.0,57425_20241231,1,1,0.06361065212322727,0.06361065212322727,<1bn
106176,SM,8722.0,20241231,154487,171950,154487,COMMERCE BANK&TRUST,24752,48452,3352,16612,57429,122307,0.0,57429_20241231,1,1,0.10753008343744133,0.12922770200728864,<1bn
221347,NM,1150.0,20241231,288153,357116,288153,AMERICAN CONTINENTAL BANK,2149,67242,0,71845,57444,268132,0.0,57444_20241231,1,1,0.24932934933871936,0.24932934933871936,<1bn
2098312,NM,36868.0,20241231,2094763,2553691,2094763,MEDALLION BANK,56536,2036,0,120134,57449,2286201,2075322.0,57449_20241231,1,1,0.057349685859450446,0.057349685859450446,1-10bn
195808000,SM,163937000.0,20241231,231315000,275425000,231315000,CHARLES SCHWAB BANK SSB,198012000,36237000,11161000,25307000,57450,44163000,35264000.0,57450_20241231,1,1,0.10940492402135615,0.15765514558070165,>=100bn
675096,NM,3844.0,20241231,841803,993750,841803,SOUND COMMUNITY BANK,9921,167314,0,43599,57451,892159,0.0,57451_20241231,1,1,0.051792402735556894,0.051792402735556894,<1bn
1603760,NM,132685.0,20241231,2623609,3062929,2623609,PCB BANK,146349,1044254,0,198792,57463,2605051,442284.0,57463_20241231,1,1,0.07577043682957331,0.07577043682957331,1-10bn
409479,NM,21637.0,20241231,593229,663832,593229,FIRST COMMERCE BANK,65495,186802,0,27941,57465,519117,0.0,57465_20241231,1,1,0.04709985519925695,0.04709985519925695,<1bn
78589,NM,5110.0,20241231,86330,93090,86330,COMMUNITY BANK OWATONNA,21069,8060,2070,2825,57468,63059,1774.0,57468_20241231,1,1,0.032723271168770995,0.05670103092783505,<1bn
250,SB,22280.0,20241231,500,38197,500,MEMBERS TRUST CO,22817,250,537,6052,57470,0,0.0,57470_20241231,1,1,12.104,13.178,<1bn
634071,NM,263813.0,20241231,909781,1031192,909781,CITIZENS BANK&TRUST,316015,277283,18765,67794,57483,569595,20720.0,57483_20241231,1,1,0.07451683427110481,0.09514267719374223,1-10bn
175655,NM,24576.0,20241231,218025,247142,218025,METROPOLITAN CAPITAL B&T,50994,42722,0,11330,57488,170629,50917.0,57488_20241231,1,1,0.05196651760119252,0.05196651760119252,<1bn
245705,NM,12905.0,20241231,318264,369830,318264,BANK OF COMMERCE,20937,75518,0,39727,57491,275326,0.0,57491_20241231,1,1,0.12482404544654752,0.12482404544654752,<1bn
83040,NM,13625.0,20241231,185595,215997,185595,PRIMEBANK OF TEXAS,36177,102975,2487,43922,57495,122172,10049.0,57495_20241231,1,1,0.23665508230286375,0.2500552277809208,<1bn
953809,NM,236998.0,20241231,1211626,1469043,1211626,PATHFINDER BANK,427807,258198,0,31568,57497,901743,136271.0,57497_20241231,1,1,0.026054244461574776,0.026054244461574776,1-10bn
314854,N,24759.0,20241231,460849,614488,460849,LIBERTY NATIONAL BANK,62416,147058,0,45892,57505,421568,0.0,57505_20241231,1,1,0.09958142471829168,0.09958142471829168,<1bn
1260042,NM,291324.0,20241231,1891547,2298340,1891547,AVIDBANK,296556,632585,0,82701,57510,1846263,540743.0,57510_20241231,1,1,0.04372135611750594,0.04372135611750594,1-10bn
436603,NM,4900.0,20241231,691532,838727,691532,COMMUNITY FIRST BANK OF IN,11192,243138,2318,82854,57511,687673,74357.0,57511_20241231,1,1,0.1198122429620032,0.12316422088927194,<1bn
48798462,SM,7183792.0,20241231,66760014,80862067,66760014,WESTERN ALLIANCE BANK,15026870,18887289,4345991,4095513,57512,55905102,20833292.0,57512_20241231,1,1,0.061346796601930015,0.126445509732817,10-100bn
310656,NM,34306.0,20241231,826815,919773,826815,TOLLESON PRIVATE BANK,51178,516336,0,86549,57522,763013,100991.0,57522_20241231,1,1,0.10467758809407184,0.10467758809407184,<1bn
418655,NM,60503.0,20241231,526752,622513,526752,HOMETOWN BANK OF ALABAMA,181505,147887,0,33819,57540,371518,12035.0,57540_20241231,1,1,0.06420288864589029,0.06420288864589029,<1bn
4766642,NM,788816.0,20241231,5753874,7201036,5753874,TOYOTA FINANCIAL SB,2984027,1010775,2186615,195229,57542,3904927,3864743.0,57542_20241231,1,1,0.03393000959006054,0.41395484155544593,1-10bn
217604,N,0.0,20241231,465040,522234,465040,TRINITY BANK N A,138306,248056,0,73399,57543,300281,5000.0,57543_20241231,1,1,0.15783373473249612,0.15783373473249612,<1bn
78049,SM,0.0,20241231,119801,142302,119801,HERITAGE BANK,5158,42968,3690,9665,57548,122592,0.0,57548_20241231,1,1,0.0806754534603217,0.11147653191542642,<1bn
582614,NM,11275.0,20241231,696166,803742,696166,TRADITIONS BANK,28313,115642,0,116872,57554,620648,44340.0,57554_20241231,1,1,0.16787950000430932,0.16787950000430932,<1bn
72647751,NM,4746527.0,20241231,99525338,119112431,99525338,UBS BANK USA,6914458,27061632,2163637,26439752,57565,84643742,30458340.0,57565_20241231,1,1,0.26565849994902807,0.2873980593765981,>=100bn
131480,NM,12407.0,20241231,168386,188887,168386,PEOPLESTRUST BANK,23923,37545,850,6497,57569,129829,4570.0,57569_20241231,1,1,0.03858396778829594,0.04363189338781134,<1bn
9347396,NM,91274.0,20241231,9883800,13262711,9883800,COMENITY CAPITAL BANK,106405,548877,0,2147685,57570,10133965,1463394.0,57570_20241231,1,1,0.21729344988769503,0.21729344988769503,10-100bn
105881,NM,8532.0,20241231,141901,191218,141901,CONTINENTAL BANK,14420,36191,0,1690,57571,158564,93120.0,57571_20241231,1,1,0.011909711700410849,0.011909711700410849,<1bn
235764,NM,25553.0,20241231,318372,363232,318372,HERITAGE BANK OF THE OZARKS,43149,83499,0,22052,57576,276689,14886.0,57576_20241231,1,1,0.06926488510296132,0.06926488510296132,<1bn
169474,NM,1436.0,20241231,197400,221161,197400,COMMUNITY BANK OF GEORGIA,14279,29356,2355,3949,57579,130633,16609.0,57579_20241231,1,1,0.020005065856129687,0.03193515704154002,<1bn
365594,NM,0.0,20241231,717133,836818,717133,GOLDEN STATE BANK,1988,352177,1988,117809,57585,700019,93780.0,57585_20241231,1,1,0.16427775600899694,0.16704990566603406,<1bn
234518,NM,16070.0,20241231,345323,383222,345323,INTEGRITY BANK&TRUST,59764,111003,22020,29876,57587,273849,58844.0,57587_20241231,1,1,0.08651610231580288,0.15028248914784129,<1bn
1203386,NM,122930.0,20241231,2311516,2680345,2311516,SANTA CRUZ COUNTY BANK,407746,1109489,126046,85007,57591,2013593,0.0,57591_20241231,1,1,0.036775432227161745,0.09130501367933426,1-10bn
549511,NM,44083.0,20241231,751837,832236,751837,MAINSTREET CMTY BANK OF FL,170768,202928,47448,19718,57598,590608,3466.0,57598_20241231,1,1,0.026226429398925565,0.08933585338311363,<1bn
560021,N,42317.0,20241231,887558,978952,887558,FALCON NATIONAL BANK,48304,329563,959,134836,57603,768235,38921.0,57603_20241231,1,1,0.15191795916435882,0.15299845193215542,<1bn
1629881,NM,50917.0,20241231,2531386,2913562,2531386,FIRST WESTERN TRUST BANK,76354,903015,246,237941,57607,2432941,571482.0,57607_20241231,1,1,0.09399633244396548,0.09409351240782718,1-10bn
361535,NM,41265.0,20241231,471787,531726,471787,REDWOOD CAPITAL BANK,74093,110438,17573,19971,57610,376280,0.0,57610_20241231,1,1,0.04233054323243328,0.07957828426811252,<1bn
4879861,NM,52748.0,20241231,5636747,7243833,5636747,FORBRIGHT BANK,1523993,769472,1340622,1179240,57614,4281441,958491.0,57614_20241231,1,1,0.2092057706333103,0.4470418842640977,1-10bn
180417,NM,3283.0,20241231,214301,233016,214301,CLARION CNTY CMTY BANK,23472,34394,0,3049,57624,191709,5078.0,57624_20241231,1,1,0.01422765176084106,0.01422765176084106,<1bn
221672,NM,11104.0,20241231,398069,451883,398069,1ST STATE BANK,87313,176790,67670,56240,57626,278684,0.0,57626_20241231,1,1,0.1412820390434824,0.3112776930632629,<1bn
185165,NM,20601.0,20241231,223718,235445,223718,HOMELAND COMMUNITY BANK,71162,39729,5723,19818,57632,132139,0.0,57632_20241231,1,1,0.0885847361410347,0.11416604832869952,<1bn
1707291,SI,167186.0,20241231,2359685,3028747,2359685,1ST SECURITY BANK OF WA,289630,652729,0,33206,57633,2529845,143305.0,57633_20241231,1,1,0.014072217266287662,0.014072217266287662,1-10bn
59358,NM,2347.0,20241231,90783,100111,90783,BANK OF WALKER COUNTY,11533,31424,4970,10875,57640,68379,3000.0,57640_20241231,1,1,0.11979115032550147,0.1745370829340295,<1bn
205467,NM,0.0,20241231,241655,274913,241655,GATEWAY BANK,16635,37047,15442,37871,57644,216544,20794.0,57644_20241231,1,1,0.15671515176594733,0.22061616767706027,<1bn
118651,NM,0.0,20241231,139406,167393,139406,HERITAGE COMMUNITY BANK,2957,21129,998,16859,57656,138728,6436.0,57656_20241231,1,1,0.12093453653357818,0.1280934823465274,<1bn
5986069,SM,863592.0,20241231,10780947,12717697,10780947,VERITEX COMMUNITY BANK,1488319,4892794,0,855200,57665,9482108,1781809.0,57665_20241231,1,1,0.07932512793171138,0.07932512793171138,10-100bn
421279,SM,3365.0,20241231,517468,636921,517468,EMPIRE STATE BANK,22335,96478,11913,26713,57672,559331,20750.0,57672_20241231,1,1,0.0516225157884159,0.07464422920837617,<1bn
259085,NM,21741.0,20241231,301822,348927,301822,CEDARSTONE BANK,59016,42792,2931,5299,57684,265091,46670.0,57684_20241231,1,1,0.017556705607941106,0.027267727335979486,<1bn
360689,N,0.0,20241231,443500,536251,443500,AMERICAN COMMERCE BANK NA,0,85772,0,82578,57686,440104,24496.0,57686_20241231,1,1,0.18619616685456594,0.18619616685456594,<1bn
173754,N,19388.0,20241231,310579,334969,310579,FIRST NB OF DECATUR COUNTY,67540,138629,7415,22184,57694,221313,28982.0,57694_20241231,1,1,0.07142788147299077,0.09530264441575251,<1bn
1519478,N,180468.0,20241231,2102083,2485079,2102083,BEVERLY B&T CO NA,196233,610566,0,253880,57701,1933249,241387.0,57701_20241231,1,1,0.12077544036082305,0.12077544036082305,1-10bn
600514,N,6417.0,20241231,716467,852838,716467,T BANK NATIONAL ASSN,42924,117051,0,57643,57703,707164,50147.0,57703_20241231,1,1,0.08045450802339815,0.08045450802339815,<1bn
731402,NM,9589.0,20241231,1113910,1253397,1113910,SUMMIT BANK,44474,383168,32864,130985,57706,1042899,72606.0,57706_20241231,1,1,0.11759029005934052,0.14709357129391065,1-10bn
131207,NM,368886.0,20241231,1120675,1221287,1120675,GREENE CNTY COMMERCIAL BANK,1099821,989598,39959,106058,57710,0,0.0,57710_20241231,1,1,0.09463760679947353,0.13029379614964195,1-10bn
1200094,SM,94641.0,20241231,2243144,2646302,2243144,UNITED BUSINESS BANK,193328,1045146,0,363716,57716,1937212,35702.0,57716_20241231,1,1,0.1621456313103394,0.1621456313103394,1-10bn
108910,N,18157.0,20241231,241863,298634,241863,EH NATIONAL BANK,18914,133631,0,35483,57734,233579,56466.0,57734_20241231,1,1,0.1467070200898856,0.1467070200898856,<1bn
240825,NM,16888.0,20241231,579914,655767,579914,PACIFIC VALLEY BANK,24904,339170,1910,137709,57740,478373,24756.0,57740_20241231,1,1,0.23746452060133055,0.2407581124097711,<1bn
301775,NM,130563.0,20241231,396779,565768,396779,FIRST SOUTHWEST BANK,161008,95422,15652,66728,57741,298439,12352.0,57741_20241231,1,1,0.168174222930145,0.2076218751496425,<1bn
1485560,SM,17192.0,20241231,1913149,2219557,1913149,MAINSTREET BANK,69324,431862,0,207708,57742,1810556,716510.0,57742_20241231,1,1,0.10856864781572162,0.10856864781572162,1-10bn
984700,NM,224108.0,20241231,1424865,1636633,1424865,PROVIDENCE BANK&TRUST,381613,442067,45105,59754,57754,1071808,0.0,57754_20241231,1,1,0.04193660452042825,0.07359223505384721,1-10bn
1175649,SM,144418.0,20241231,1836446,2097070,1836446,COASTAL STATES BANK,335267,667443,5612,67622,57756,1566358,275307.0,57756_20241231,1,1,0.036822209855340154,0.03987811239753306,1-10bn
1327964,NM,77269.0,20241231,2008396,2382012,2008396,MERIDIAN BANK,210161,687311,15451,27462,57777,2044412,500409.0,57777_20241231,1,1,0.013673598234611102,0.021366802164513372,1-10bn
203334,NM,9598.0,20241231,243231,265918,243231,NANTAHALA BANK&TRUST CO,51699,39996,9958,14520,57784,186467,5028.0,57784_20241231,1,1,0.059696338049015134,0.10063684316555044,<1bn
108700,NM,11700.0,20241231,158849,175141,158849,LAKEVIEW BANK,26156,50867,5193,18416,57785,124861,1707.0,57785_20241231,1,1,0.11593400021403975,0.14862542414494267,<1bn
140818000,SM,20850000.0,20241231,156636000,181409000,156636000,ALLY BANK,22809000,17921000,1293000,9934000,57803,132245000,6737000.0,57803_20241231,1,1,0.0634209249470109,0.07167573227099773,>=100bn
565629,SB,4.0,20241231,614737,710153,614737,QUONTIC BANK,4704,49841,0,153996,57807,519921,0.0,57807_20241231,1,1,0.25050712743823783,0.25050712743823783,<1bn
980273,NM,39360.0,20241231,1229856,1417492,1229856,STERLING BANK,52610,252978,1000,320071,57813,950262,0.0,57813_20241231,1,1,0.2602507935888429,0.26106389691150833,1-10bn
2185357,NM,446996.0,20241231,3024338,4406981,3620383,BANESCO USA,704312,1438361,19916,207886,57815,3278338,508748.0,57815_20241231,1,1,0.06873768738811602,0.07532293017513254,1-10bn
439385,SM,103490.0,20241231,866542,989608,866542,TRUXTON TRUST CO,258073,427804,0,16874,57825,663549,212242.0,57825_20241231,1,1,0.019472801087541056,0.019472801087541056,<1bn
8815454,NM,544314.0,20241231,8816420,16215605,8816420,BEAL BANK USA,11838798,3461882,10950095,381608,57833,2928998,7778594.0,57833_20241231,1,1,0.043283781852497955,1.2852952785824632,10-100bn
250,NM,0.0,20241231,500,3491,500,EMIGRANT MERCANTILE BANK,0,250,0,3484,57834,0,0.0,57834_20241231,1,1,6.968,6.968,<1bn
453184,NM,45966.0,20241231,601935,713854,601935,VALLIANCE BANK,45966,149301,0,58554,57841,579839,163558.0,57841_20241231,1,1,0.09727628398415111,0.09727628398415111,<1bn
519790,NM,38855.0,20241231,718593,776587,718593,TIMBERLINE BANK,116739,199156,41327,67132,57857,552815,69177.0,57857_20241231,1,1,0.09342144997237657,0.15093244715715293,<1bn
194074,NM,12971.0,20241231,217608,254444,217608,UNITED CITIZENS BANK OF S KY,19221,24931,0,6899,57867,219689,946.0,57867_20241231,1,1,0.031703797654497996,0.031703797654497996,<1bn
191738,NM,4286.0,20241231,285154,312140,285154,1ST TRUST BANK INC,27445,93721,0,30419,57869,242843,23425.0,57869_20241231,1,1,0.10667569103011004,0.10667569103011004,<1bn
194778,NM,30197.0,20241231,272796,328798,272796,PACIFIC WEST BANK,50761,78189,1968,13278,57872,249214,2097.0,57872_20241231,1,1,0.04867373421897682,0.05588791624510624,<1bn
929757,SM,21828.0,20241231,1481403,1815551,1481403,COMMONWEALTH BUSINESS BANK,62196,563820,0,277162,57873,1422053,115738.0,57873_20241231,1,1,0.18709426131849335,0.18709426131849335,1-10bn
646223,NM,25200.0,20241231,770713,874105,770713,PARAGON BANK,47310,127832,8368,17029,57874,778457,172822.0,57874_20241231,1,1,0.022095124903822823,0.03295260362806907,<1bn
95677,NM,10264.0,20241231,146851,172758,146851,LEGACY STATE BANK,31339,51231,3233,18186,57882,117731,0.0,57882_20241231,1,1,0.12383981042008567,0.14585532274209914,<1bn
74428,NM,0.0,20241231,77889,85538,77889,PARAMOUNT BANK,1455,3703,0,6666,57884,72873,30515.0,57884_20241231,1,1,0.08558333012363749,0.08558333012363749,<1bn
46569305,N,25372558.0,20241231,132193352,164819624,137635432,HSBC BANK USA NATIONAL ASSN,42853049,90517680,12858146,23193571,57890,56625039,26297896.0,57890_20241231,1,1,0.17545187143752888,0.2727195918293985,>=100bn
194194,NM,18919.0,20241231,251350,279942,251350,VISIONBANK,36941,58800,10458,7723,57892,229122,5000.0,57892_20241231,1,1,0.030726079172468668,0.07233339964193355,<1bn
159307,NM,4952.0,20241231,196410,277384,196410,SOUTHERNTRUST BANK,28936,37540,0,31543,57897,202084,0.0,57897_20241231,1,1,0.1605977292398554,0.1605977292398554,<1bn
112726,NM,394.0,20241231,164618,183779,164618,1ST ADVANTAGE BANK,1321,52227,0,21419,57899,156727,0.0,57899_20241231,1,1,0.130113353339246,0.130113353339246,<1bn
135909,NM,17516.0,20241231,208319,256161,208319,ONE WORLD BANK,17516,72633,0,40279,57901,189927,0.0,57901_20241231,1,1,0.19335250265218246,0.19335250265218246,<1bn
4063999,NM,136547.0,20241231,5749439,6937842,5749439,POPPY BANK,1143999,1690103,0,582929,57903,4825520,359555.0,57903_20241231,1,1,0.10138884854678865,0.10138884854678865,1-10bn
47727,NM,371.0,20241231,58177,68730,58177,FIRST STATE BANK,6329,10679,3662,8551,57910,49057,0.0,57910_20241231,1,1,0.14698248448699658,0.20992832218918128,<1bn
146004,NM,0.0,20241231,218291,239917,218291,BANK OF GRAND LAKE,74046,72592,19872,6702,57915,148201,12108.0,57915_20241231,1,1,0.030702136139373587,0.12173658098593163,<1bn
5112874,NM,483842.0,20241231,7856266,9870788,7856266,CONNECTONE BANK,624286,6883241,0,356488,57919,8192867,2193652.0,57919_20241231,1,1,0.0453762639910614,0.0453762639910614,1-10bn
648015,NM,87159.0,20241231,764783,842840,764783,PRIME ALLIANCE BANK,144096,117994,0,7205,57920,644077,140162.0,57920_20241231,1,1,0.009420973008029729,0.009420973008029729,<1bn
438109,NM,23858.0,20241231,659099,784501,659099,HARMONY BANK,80466,222949,17613,53649,57922,576963,0.0,57922_20241231,1,1,0.08139748353434006,0.10812032790218161,<1bn
299015,NM,94147.0,20241231,674461,743492,674461,PEACH STATE BANK&TRUST,170063,375764,40621,83591,57923,456461,5013.0,57923_20241231,1,1,0.12393748489534606,0.18416483681043086,<1bn
198301,SM,1878.0,20241231,342694,451731,342694,ANCHOR BANK,24928,144705,12349,57352,57931,348830,30.0,57931_20241231,1,1,0.16735630037292745,0.2033913637239053,<1bn
70872,NM,0.0,20241231,197107,223820,197107,VALLEY BANK OF NEVADA,25011,126243,0,57312,57933,130091,0.0,57933_20241231,1,1,0.2907659291653772,0.2907659291653772,<1bn
1083117,NM,180117.0,20241231,2028748,2365822,2028748,OPEN BANK,189440,961687,0,135043,57944,1936637,343289.0,57944_20241231,1,1,0.06656469901633914,0.06656469901633914,1-10bn
73224,NM,2595.0,20241231,82998,99473,82998,BANK OF BOZEMAN,18350,10540,9678,1559,57952,73920,0.0,57952_20241231,1,1,0.01878358514663004,0.13538880454950722,<1bn
532763,N,1239.0,20241231,975141,1078409,975141,LEGACY NATIONAL BANK,61124,444187,0,90500,57953,849486,0.0,57953_20241231,1,1,0.09280709148728235,0.09280709148728235,1-10bn
112143350,N,34858085.0,20241231,178001267,217178887,178001267,CITIZENS BANK NATIONAL ASSN,41525357,76764391,3525493,11295210,57957,138146389,6483290.0,57957_20241231,1,1,0.06345578427820966,0.08326178374898871,>=100bn
424405,NM,10255.0,20241231,553410,663534,553410,FIRST RESOURCE BANK,26612,129629,9988,17937,57967,592890,47517.0,57967_20241231,1,1,0.03241177427223939,0.05045987604127139,<1bn
2548082,SM,175987.0,20241231,3211839,3679664,3211839,PRIMIS BANK,245351,667064,0,65242,57968,3079830,0.0,57968_20241231,1,1,0.020312973346422406,0.020312973346422406,1-10bn
32340,N,110.0,20241231,46512,58565,46512,CALIFORNIA INTL BANK N A,110,14215,0,10657,57974,45288,2344.0,57974_20241231,1,1,0.22912366701066392,0.22912366701066392,<1bn
436341,NM,17195.0,20241231,528653,633159,528653,SAVIBANK,33910,93318,995,48673,57978,511381,59535.0,57978_20241231,1,1,0.0920698454373663,0.09395198740951059,<1bn
156164,NM,10793.0,20241231,218810,245318,218810,HURON VALLEY STATE BANK,22301,63134,9001,26154,57990,186041,0.0,57990_20241231,1,1,0.11952835793610896,0.16066450345048217,<1bn
5363602,NM,676639.0,20241231,13566043,17350779,13566043,SERVISFIRST BANK,1876253,9034347,866890,2375589,57993,12450589,0.0,57993_20241231,1,1,0.1751128903247616,0.23901435370653035,10-100bn
957009,NM,0.0,20241231,2231222,2739282,2231222,BRYANT BANK,614346,1291914,396276,709735,57997,1316305,0.0,57997_20241231,1,1,0.3180925071552719,0.49569742499849856,1-10bn
91651,NM,0.0,20241231,119579,136584,119579,FREEDOM BANK,0,27983,0,10419,58010,123624,0.0,58010_20241231,1,1,0.08713068348121325,0.08713068348121325,<1bn
815023,NM,91676.0,20241231,1008685,1165558,1008685,TWO RIVERS BANK&TRUST,161579,194405,8319,19066,58013,919546,9839.0,58013_20241231,1,1,0.01890183754095679,0.027149209118803194,1-10bn
645997,NM,92115.0,20241231,843230,955037,843230,ST LOUIS BANK,106104,198677,0,11040,58018,782110,274224.0,58018_20241231,1,1,0.013092513311907783,0.013092513311907783,<1bn
118735,SM,0.0,20241231,150068,192264,150068,VERUS BANK OF COMMERCE,0,31362,0,22014,58025,167010,33016.0,58025_20241231,1,1,0.14669349894714395,0.14669349894714395,<1bn
317971,SM,49329.0,20241231,511230,579762,511230,SUNRISE BANK,86078,194013,0,23565,58029,455125,39031.0,58029_20241231,1,1,0.046094712751599085,0.046094712751599085,<1bn
248348,SM,43921.0,20241231,381524,412953,381524,PARADISE BANK,43921,133496,0,41702,58030,292088,0.0,58030_20241231,1,1,0.10930373973852235,0.10930373973852235,<1bn
57106,NM,0.0,20241231,85927,106560,85927,CALIFORNIA BUSINESS BANK,1228,28847,1228,10073,58037,87461,747.0,58037_20241231,1,1,0.11722741396767024,0.13151861463800668,<1bn
329209,NM,23669.0,20241231,529472,660735,529472,FIRST RESOURCE BANK,38642,200802,11815,40000,58039,556696,43748.0,58039_20241231,1,1,0.07554695999033,0.09786164329747371,<1bn
289719,NM,13959.0,20241231,346947,481493,346947,ECLIPSE BANK INC,31290,57987,0,4537,58049,405704,38466.0,58049_20241231,1,1,0.013076925294065088,0.013076925294065088,<1bn
797412,NM,76425.0,20241231,1185525,1551125,1185525,FIRST COMMERCE BANK,112210,389308,0,134643,58054,1224275,163015.0,58054_20241231,1,1,0.11357246789397102,0.11357246789397102,1-10bn
1242199,NM,115431.0,20241231,1801374,2513042,1801374,TRADITION CAPITAL BANK,312717,560699,124567,94192,58057,2045288,182037.0,58057_20241231,1,1,0.052288974971327444,0.1214400785178425,1-10bn
484914,NM,6494.0,20241231,847444,1152613,847444,FIRST GENERAL BANK,7084,363761,0,268602,58060,836895,22668.0,58060_20241231,1,1,0.3169554566437428,0.3169554566437428,1-10bn
154729,NM,0.0,20241231,195962,269164,195962,VISIONBANK,0,41574,0,28522,58063,236212,54124.0,58063_20241231,1,1,0.14554862677457875,0.14554862677457875,<1bn
301162,NM,0.0,20241231,530735,615437,530735,BANK OF SAN FRANCISCO,23623,230543,23623,75223,58069,501308,1449.0,58069_20241231,1,1,0.14173363354593158,0.1862436055658662,<1bn
191789,NM,0.0,20241231,261306,316445,261306,FLINT COMMUNITY BANK,8462,69693,6980,18869,58074,270912,0.0,58074_20241231,1,1,0.0722103587365005,0.09892233626476239,<1bn
112571,NM,4853.0,20241231,145166,160242,145166,PUTNAM 1ST MERCANTILE BANK,24375,33871,0,10854,58079,119148,6000.0,58079_20241231,1,1,0.07476957414270559,0.07476957414270559,<1bn
313335,SI,0.0,20241231,366023,458955,366023,AUSTIN CAPITAL BANK SSB,9041,37451,1491,35932,58082,393816,29355.0,58082_20241231,1,1,0.0981686943170238,0.10224220882294283,<1bn
1374321,NM,25939.0,20241231,1624894,1761151,1624894,SOUTHPOINT BANK,58849,252058,0,130781,58088,1483900,447159.0,58088_20241231,1,1,0.08048586553953674,0.08048586553953674,1-10bn
589499,NM,196096.0,20241231,1285715,1504131,1285715,FFB BANK,322185,697817,3456,65138,58090,1055044,47422.0,58090_20241231,1,1,0.05066286074285514,0.05335085924952264,1-10bn
485416,NM,6014.0,20241231,736852,827709,736852,IDAHO FIRST BANK,18628,252359,2813,256158,58095,536978,30482.0,58095_20241231,1,1,0.3476383317138313,0.35145592330617276,<1bn
116504,NM,7564.0,20241231,205331,245660,205331,SIGNATURE BANK OF GEORGIA,26361,88967,0,17730,58103,189560,0.0,58103_20241231,1,1,0.08634838382903702,0.08634838382903702,<1bn
131264,NM,0.0,20241231,174542,211678,174542,RIVERLAND BANK,7461,44515,6640,8636,58106,188740,11473.0,58106_20241231,1,1,0.04947806258665536,0.08752048217620974,<1bn
267457,SM,24359.0,20241231,385007,415456,385007,NOBLEBANK&TRUST,111793,118275,0,21082,58111,249027,0.0,58111_20241231,1,1,0.05475744596851486,0.05475744596851486,<1bn
317698,NM,0.0,20241231,558273,652253,558273,FLAGSHIP BANK,10992,240873,10992,100036,58113,520081,0.0,58113_20241231,1,1,0.17918831826006273,0.1988776100581615,<1bn
371035,NM,39472.0,20241231,404462,480020,404462,BANK OF BELLEVILLE,82593,34206,0,14289,58114,353234,48716.0,58114_20241231,1,1,0.03532841156894838,0.03532841156894838,<1bn
1796855,SM,12765.0,20241231,2512248,2828640,2512248,OAKSTAR BANK,95804,720251,44588,64227,58115,2476687,126928.0,58115_20241231,1,1,0.025565549261060215,0.043313797045514614,1-10bn
350628,NM,3089.0,20241231,689899,878125,689899,TRIAD BANK,35365,339708,26278,98857,58121,716517,88293.0,58121_20241231,1,1,0.1432919891172476,0.18138162252735546,<1bn
1178661,N,310406.0,20241231,1654856,1872429,1654856,ESQUIRE BANK NATIONAL ASSN,310406,476220,0,126329,58140,1371720,0.0,58140_20241231,1,1,0.07633836418395316,0.07633836418395316,1-10bn
298135,NM,0.0,20241231,303755,365543,303755,MILESTONE BANK,2438,8742,0,30560,58148,325252,289932.0,58148_20241231,1,1,0.10060739740909615,0.10060739740909615,<1bn
102694,N,12454.0,20241231,123174,148148,123174,CENTRUST BANK NATIONAL ASSN,20064,21677,0,1588,58158,106176,6007.0,58158_20241231,1,1,0.012892331173786676,0.012892331173786676,<1bn
213038,NM,6500.0,20241231,297654,357463,297654,BANK OF LEXINGTON INC,12446,88199,3991,36007,58164,285311,70515.0,58164_20241231,1,1,0.12096931336383855,0.1343774987065519,<1bn
504077,NM,31493.0,20241231,830124,940487,830124,BELMONT BANK&TRUST CO,151364,328266,520,57192,58165,706289,131014.0,58165_20241231,1,1,0.06889573124015208,0.06952214367973941,<1bn
20605544,NM,445687.0,20241231,21456380,30036479,21456380,SALLIE MAE BANK,1933226,1313606,915744,4870515,58177,20959551,9476201.0,58177_20241231,1,1,0.22699611956909788,0.2696754531752327,10-100bn
2096469,NM,6387.0,20241231,2761567,3578664,2761567,METRO CITY BANK,27691,666447,0,213308,58181,3141966,721764.0,58181_20241231,1,1,0.07724165301801478,0.07724165301801478,1-10bn
252805,NM,73437.0,20241231,360212,466724,360212,MERCHANTS COMMERCIAL BANK,237884,107674,0,24175,58184,184448,99304.0,58184_20241231,1,1,0.06711325552730059,0.06711325552730059,<1bn
250,N,0.0,20241231,500,56496,500,HSBC TRUST CO DELAWARE NA,0,250,0,54825,58188,0,0.0,58188_20241231,1,1,109.65,109.65,<1bn
331745,SM,16131.0,20241231,410745,478342,410745,FIRST VISION BANK OF TN,30891,81280,1475,135968,58201,290295,16865.0,58201_20241231,1,1,0.331027766619192,0.3346188024199929,<1bn
349643,NM,0.0,20241231,562409,660047,562409,NEWBANK,0,222507,0,272296,58203,376077,0.0,58203_20241231,1,1,0.4841601041235115,0.4841601041235115,<1bn
451546,NM,19654.0,20241231,682256,769707,682256,FIRST FREEDOM BANK,33298,231539,0,107427,58208,588189,76180.0,58208_20241231,1,1,0.15745849065453438,0.15745849065453438,<1bn
2972195,NM,245792.0,20241231,4105755,5058241,4105755,BRIDGEWATER BANK,768247,1137654,167748,233117,58210,3809436,825753.0,58210_20241231,1,1,0.05677810780234086,0.0976349051514277,1-10bn
89825,NM,11323.0,20241231,124897,165301,124897,TOWN CENTER BANK,21291,35483,8834,18419,58214,116640,0.0,58214_20241231,1,1,0.14747351817897947,0.21820379993114325,<1bn
500,N,0.0,20241231,1000,8163,1000,BMO HARRIS CENTRAL NA,0,500,0,7777,58216,0,0.0,58216_20241231,1,1,7.777,7.777,<1bn
184895,SM,55667.0,20241231,351309,432854,351309,FIRST PACIFIC BANK,102123,166618,0,4709,58218,274204,32126.0,58218_20241231,1,1,0.01340415417766126,0.01340415417766126,<1bn
292911,NM,31001.0,20241231,354026,386571,354026,HERITAGE BANK&TRUST,39015,62542,0,23157,58220,295740,7469.0,58220_20241231,1,1,0.06541045007993763,0.06541045007993763,<1bn
387060,N,155473.0,20241231,653787,734914,653787,COLUMN NATIONAL ASSN,215771,267875,0,243468,58224,212904,93911.0,58224_20241231,1,1,0.3723965144611318,0.3723965144611318,<1bn
3709369,NM,456720.0,20241231,6528440,7857099,6528440,B1BANK,893549,2823911,16675,329490,58228,5927276,533101.0,58228_20241231,1,1,0.05046994381506149,0.053024152783819715,1-10bn
154223,NM,8877.0,20241231,195192,223627,195192,FIRST MO STB OF CAPE COUNTY,12790,41765,0,12285,58230,185399,9115.0,58230_20241231,1,1,0.06293803024714127,0.06293803024714127,<1bn
234163,NM,5319.0,20241231,327724,411721,327724,PACIFIC ALLIANCE BANK,23119,96783,0,61961,58234,296285,24092.0,58234_20241231,1,1,0.1890645787308833,0.1890645787308833,<1bn
857422,NM,49680.0,20241231,1118278,1317140,1118278,PROVIDENCE BANK,114048,263306,4881,24157,58239,1119132,198065.0,58239_20241231,1,1,0.02160196301814039,0.02596670953018838,1-10bn
1083686,SM,128759.0,20241231,1898800,2231502,1898800,JOHN MARSHALL BANK,222266,816671,33140,122469,58243,1853458,276393.0,58243_20241231,1,1,0.06449810406572572,0.08195123235727828,1-10bn
1783194,NM,453399.0,20241231,3068383,3581063,3068383,RIVER BANK&TRUST,732922,1287077,84664,122961,58255,2461545,0.0,58255_20241231,1,1,0.040073550140253024,0.06766593349004997,1-10bn
498453,NM,11668.0,20241231,569364,692001,569364,DR BANK,44102,71221,0,24467,58257,581232,81476.0,58257_20241231,1,1,0.04297250967746468,0.04297250967746468,<1bn
640811,N,22048.0,20241231,802444,970572,802444,FIRST NB OF MICHIGAN,169931,162521,17206,20536,58259,735879,176233.0,58259_20241231,1,1,0.02559181699906785,0.04703381170524049,<1bn
171791,NM,14861.0,20241231,198333,260184,198333,GLOBAL BANK,14861,27743,0,28669,58263,203784,8001.0,58263_20241231,1,1,0.1445498227728114,0.1445498227728114,<1bn
660359,NM,328101.0,20241231,1859278,2177713,1859278,SIGNATURE BANK,392477,1198979,0,533758,58264,1199494,49735.0,58264_20241231,1,1,0.28707810236016346,0.28707810236016346,1-10bn
110996,NM,18039.0,20241231,250312,282511,250312,REPUBLIC BANK OF ARIZONA,42586,139446,1974,8575,58271,220303,5.0,58271_20241231,1,1,0.03425724695579916,0.042143405030521906,<1bn
331182,NM,28871.0,20241231,548371,602580,548371,RIVER VALLEY COMMUNITY BANK,187849,217330,0,37951,58276,346087,14967.0,58276_20241231,1,1,0.06920679612889814,0.06920679612889814,<1bn
341747,NM,54331.0,20241231,491921,536288,491921,GOLDEN VALLEY BANK,180542,150658,27071,88481,58278,243562,0.0,58278_20241231,1,1,0.17986831218833918,0.23489950622152744,<1bn
707090,NM,111325.0,20241231,1120751,1278701,1120751,AMERICAN RIVIERA BANK,219476,416889,1420,20948,58281,978369,1.0,58281_20241231,1,1,0.018691038419773882,0.019958045988805722,1-10bn
88007,NM,45428.0,20241231,136958,152247,136958,EAGLE BANK,55523,48962,0,2571,58282,88665,35987.0,58282_20241231,1,1,0.0187721783320434,0.0187721783320434,<1bn
233258,NM,13063.0,20241231,324168,355950,324168,RIVER CITY BANK,37682,91173,10848,42073,58289,258951,0.0,58289_20241231,1,1,0.1297876409762839,0.16325177068680438,<1bn
1099623,NM,135745.0,20241231,2137926,2424211,2137926,CALPRIVATE BANK,145238,1040650,4973,167707,58291,2060891,239869.0,58291_20241231,1,1,0.07844378149664676,0.08076986761936568,1-10bn
477930,NM,89557.0,20241231,732232,846847,732232,PINNACLE BANK,113165,254791,4970,101022,58297,589181,27630.0,58297_20241231,1,1,0.13796447027717992,0.14475193654470167,<1bn
238951,NM,15143.0,20241231,353598,408648,353598,TABLE ROCK COMMUNITY BANK,56762,115428,0,38390,58300,281409,5000.0,58300_20241231,1,1,0.10856961860644009,0.10856961860644009,<1bn
22018369,SB,15824874.0,20241231,22309241,23604950,22309241,AMERIPRISE BANK FSB,19404866,291582,0,2536938,58303,1315900,0.0,58303_20241231,1,1,0.1137169121979542,0.1137169121979542,10-100bn
377523,NM,1010.0,20241231,636902,808778,636902,FIRST BANK OF GREENWICH,10656,260218,0,69790,58307,694108,94828.0,58307_20241231,1,1,0.10957729760622513,0.10957729760622513,<1bn
1120440,NM,266363.0,20241231,2212720,2798413,2212720,AMERICAN MOMENTUM BANK,291661,1092593,0,320494,58309,1950169,0.0,58309_20241231,1,1,0.14484164286489026,0.14484164286489026,1-10bn
678050,NM,23629.0,20241231,1228307,1395867,1228307,US METRO BANK,49435,560500,0,149539,58310,1162279,82177.0,58310_20241231,1,1,0.12174399396893448,0.12174399396893448,1-10bn
253059,NM,9929.0,20241231,311779,391069,311779,COMMUNITY BANK DELAWARE,16352,59435,0,11272,58311,333080,12859.0,58311_20241231,1,1,0.03615381407984502,0.03615381407984502,<1bn
1878988,N,529998.0,20241231,2545661,2879310,2545661,OLD PLANK TRAIL CMTY BANK NA,563366,668612,0,70549,58314,2127813,250000.0,58314_20241231,1,1,0.02771343081423646,0.02771343081423646,1-10bn
1611905,N,273730.0,20241231,2346821,2719172,2346821,INVESTAR BANK NATIONAL ASSN,374231,737618,5993,27847,58316,2098363,293053.0,58316_20241231,1,1,0.01186583893701309,0.014419506217133731,1-10bn
170299,NM,17621.0,20241231,236295,262343,236295,RIVERBANK,26063,73294,0,13665,58322,217356,20405.0,58322_20241231,1,1,0.057830254554687995,0.057830254554687995,<1bn
114075,NM,0.0,20241231,144238,167474,144238,LONE STAR BANK,0,30558,0,19917,58324,144247,3002.0,58324_20241231,1,1,0.13808427737489426,0.13808427737489426,<1bn
370410,NM,13292.0,20241231,633898,803067,633898,MOUNTAIN PACIFIC BANK,21020,222376,0,120075,58341,631138,33961.0,58341_20241231,1,1,0.18942321950850136,0.18942321950850136,<1bn
372340,NM,0.0,20241231,515623,654643,515623,MILLENNIUM BANK,35289,144156,35289,108514,58348,473540,446.0,58348_20241231,1,1,0.2104522102388761,0.2788917484286,<1bn
254647,NM,63237.0,20241231,325695,377356,325695,SOUTHERN INDEPENDENT BANK,151564,71846,0,18445,58357,160095,0.0,58357_20241231,1,1,0.05663273921920815,0.05663273921920815,<1bn
156592,NM,17178.0,20241231,166053,209379,166053,UNITED REPUBLIC BANK,20506,9802,900,7347,58359,157382,54660.0,58359_20241231,1,1,0.044244909757727956,0.0496648660367473,<1bn
236269,NM,8060.0,20241231,324715,463255,324715,HYPERION BANK,17373,88660,5062,35540,58371,388960,56432.0,58371_20241231,1,1,0.10944982523135673,0.12503888024883358,<1bn
1550008,NM,89743.0,20241231,2142805,2401362,2142805,PIEDMONT BANK,104454,600370,0,112325,58374,2071161,303793.0,58374_20241231,1,1,0.052419608877149346,0.052419608877149346,1-10bn
162918,NM,18251.0,20241231,278737,343256,278737,CENTRAL BANK,25963,115821,0,8778,58377,293074,19153.0,58377_20241231,1,1,0.03149205164725171,0.03149205164725171,<1bn
253553,SM,71404.0,20241231,482042,531594,482042,JONAH BANK OF WYOMING,76536,228517,0,86848,58396,342489,0.0,58396_20241231,1,1,0.18016687342596704,0.18016687342596704,<1bn
310574,NM,1229.0,20241231,444736,524360,444736,MEGA BANK,12986,134774,995,79549,58401,411571,0.0,58401_20241231,1,1,0.17886791264930205,0.1811051949920852,<1bn
197674,N,285.0,20241231,307692,444456,307692,GOLDWATER BANK N A,12211,110895,0,10096,58405,396510,12568.0,58405_20241231,1,1,0.032812032812032814,0.032812032812032814,<1bn
312971,SM,0.0,20241231,439876,522138,439876,UNIBANK,44764,127659,0,61685,58407,386148,66290.0,58407_20241231,1,1,0.14023270194327492,0.14023270194327492,<1bn
4618950,NM,959203.0,20241231,6233867,8267418,6233867,CROSS RIVER BANK,1297087,1648092,0,713685,58410,5771432,3271735.0,58410_20241231,1,1,0.11448511814576731,0.11448511814576731,1-10bn
269125,SM,22757.0,20241231,584869,657922,584869,CORNERSTONE COMMUNITY BANK,87492,316371,0,29915,58411,492699,48521.0,58411_20241231,1,1,0.05114820583754653,0.05114820583754653,<1bn
80390,N,543.0,20241231,151948,181254,151948,EMBASSY NATIONAL BANK,19355,71691,18812,10611,58413,141192,26029.0,58413_20241231,1,1,0.0698331007976413,0.1936386132097823,<1bn
84890,NM,50399.0,20241231,136528,141679,136528,COMMUNITY BK PLEASANT HILL,76902,51707,0,17273,58423,39657,0.0,58423_20241231,1,1,0.12651617250673855,0.12651617250673855,<1bn
921209,NM,33988.0,20241231,1283705,1492029,1283705,ALMA BANK,48061,363483,0,118166,58424,1272091,221071.0,58424_20241231,1,1,0.0920507437456425,0.0920507437456425,1-10bn
41108,N,8051.0,20241231,55990,68609,55990,WEST VALLEY NATIONAL BANK,8551,14938,0,1410,58426,56780,0.0,58426_20241231,1,1,0.025183068405072333,0.025183068405072333,<1bn
178928,NM,43227.0,20241231,238424,342215,238424,LEWIS&CLARK BANK,136911,59646,57220,26072,58428,149872,0.0,58428_20241231,1,1,0.10935140757641848,0.34934402576921786,<1bn
1010503,N,152757.0,20241231,1498473,1688520,1498473,WATERFORD BANK N A,298007,490137,6753,37072,58433,1288866,254296.0,58433_20241231,1,1,0.024739851835835547,0.029246439542120545,1-10bn
106078,NM,14977.0,20241231,204081,281264,204081,FIRST SECURITY BANK OF NV,44886,98052,0,34068,58443,191498,25038.0,58443_20241231,1,1,0.16693371749452424,0.16693371749452424,<1bn
334703,SM,71633.0,20241231,592092,649613,592092,COMMENCEMENT BANK,90055,259916,0,58321,58446,461729,0.0,58446_20241231,1,1,0.09849989528654331,0.09849989528654331,<1bn
120960,N,36544.0,20241231,175075,196327,175075,TEXAS ADVANTAGE CMTY BANK NA,60220,54482,0,15050,58450,92979,44981.0,58450_20241231,1,1,0.08596315864629445,0.08596315864629445,<1bn
13800410,SM,1278607.0,20241231,19166220,20969194,19166220,TRISTATE CAPITAL BANK,2237646,5441254,580280,3341352,58457,14830179,512418.0,58457_20241231,1,1,0.17433547147011774,0.20461165529770606,10-100bn
9606065,NM,2593774.0,20241231,14852910,17203997,14852910,HTLF BANK,4397748,5264328,7970,385013,58458,11058564,0.0,58458_20241231,1,1,0.02592172173668325,0.0264583169224078,10-100bn
2617665,SM,285516.0,20241231,4690708,5272446,4690708,SMARTBANK,608987,2077131,76226,373413,58463,3874913,211874.0,58463_20241231,1,1,0.07960695912003049,0.0958573844289604,1-10bn
443058,N,2804.0,20241231,620526,766977,620526,AMERICAN PLUS BANK N A,10898,179474,0,18189,58469,650571,49190.0,58469_20241231,1,1,0.029312228657622726,0.029312228657622726,<1bn
291350,NM,72448.0,20241231,353299,383892,353299,HOMETOWN BANK OF PA,106791,62327,7921,13797,58470,252691,0.0,58470_20241231,1,1,0.03905190787406701,0.061472010959555505,<1bn
720368,NM,157835.0,20241231,1063238,1153440,1063238,BANK OF CENTRAL FLORIDA,207330,343259,0,157531,58479,746312,197596.0,58479_20241231,1,1,0.1481615593122142,0.1481615593122142,1-10bn
1977163,NM,82528.0,20241231,3055896,3780346,3055896,FIRST BANK,124536,1081323,0,272657,58481,3106493,251145.0,58481_20241231,1,1,0.08922325890671672,0.08922325890671672,1-10bn
84880,NM,0.0,20241231,225678,253272,225678,BANK OF MONTANA,17,140832,0,157921,58482,90832,0.0,58482_20241231,1,1,0.6997624934641392,0.6997624934641392,<1bn
383048,SM,2787.0,20241231,1203172,1349018,1203172,PEGASUS BANK,132318,820309,127315,309893,58483,876974,0.0,58483_20241231,1,1,0.25756334090221517,0.3633794669423823,1-10bn
267184,NM,11394.0,20241231,358925,403810,358925,AUSTIN COUNTY STATE BANK,30592,92517,0,44058,58484,312729,32650.0,58484_20241231,1,1,0.12274987810823988,0.12274987810823988,<1bn
1893945,N,88653.0,20241231,3287093,4113577,3287093,FINEMARK NATIONAL BANK&TRUST,888247,1363071,78680,366785,58486,2668540,0.0,58486_20241231,1,1,0.11158339602804059,0.13551943921270254,1-10bn
1137324,NM,266233.0,20241231,1704092,1944646,1704092,BENEFICIAL STATE BANK,350290,569328,18652,260115,58490,1255014,268181.0,58490_20241231,1,1,0.15264140668461562,0.16358682512446512,1-10bn
163307,NM,15.0,20241231,270937,311367,270937,COMMUNITY VALLEY BANK,5881,107701,0,28472,58500,260222,15492.0,58500_20241231,1,1,0.10508716048380251,0.10508716048380251,<1bn
728019,N,33062.0,20241231,1132623,1384838,1132623,OLD DOMINION NATIONAL BANK,71230,405512,0,46173,58504,1171836,231842.0,58504_20241231,1,1,0.04076643331452743,0.04076643331452743,1-10bn
231542,NM,13337.0,20241231,308323,359803,308323,FIRST FARMBANK,49476,77455,0,7425,58508,281800,10032.0,58508_20241231,1,1,0.02408188814976502,0.02408188814976502,<1bn
509905,NM,32823.0,20241231,756869,897911,756869,FRONTIER BANK OF TEXAS,102761,248131,23297,52094,58509,703103,33398.0,58509_20241231,1,1,0.0688282912895098,0.09960904727238135,<1bn
205392,NM,19974.0,20241231,536382,636677,536382,PLATINUM BANK,60185,331494,14830,14104,58511,550456,19847.0,58511_20241231,1,1,0.02629469296135963,0.05394289890413921,<1bn
1470797,NM,191599.0,20241231,2033370,2340083,2033370,BANK OF PRINCETON,247332,577973,4839,33493,58513,1795218,44611.0,58513_20241231,1,1,0.0164716701829967,0.018851463334267744,1-10bn
110493,NM,24334.0,20241231,153725,169232,153725,COMMUNITY BANK,40058,43605,0,3869,58517,113908,0.0,58517_20241231,1,1,0.025168320052040984,0.025168320052040984,<1bn
185903,NM,16409.0,20241231,294404,337795,294404,GEORGIA PRIMARY BANK,50530,108864,6259,8400,58523,261846,9525.0,58523_20241231,1,1,0.028532221029605575,0.049792122389641445,<1bn
774646,N,9889.0,20241231,934747,1171127,934747,SOLERA NATIONAL BANK,322375,163357,28981,1725,58534,781840,193079.0,58534_20241231,1,1,0.0018454191348033211,0.03284953040769321,1-10bn
1645134,SB,201209.0,20241231,1729398,2054667,1729398,THINK MUTUAL BANK,492532,88716,53750,231381,58536,1222457,0.0,58536_20241231,1,1,0.13379279957534357,0.16487297892098868,1-10bn
131062,NM,316.0,20241231,303391,369306,303391,BANKFLORIDA,24279,172432,15308,27090,58537,285658,11.0,58537_20241231,1,1,0.08929071725924632,0.13974705907558232,<1bn
308581,NM,0.0,20241231,368300,463981,368300,GOLD COAST BANK,0,60645,0,104371,58556,341489,35737.0,58556_20241231,1,1,0.2833858267716535,0.2833858267716535,<1bn
1662387,NM,104609.0,20241231,2420879,2850032,2420879,SOUTHERN STATES BANK,220178,760141,8807,181154,58558,2198635,192997.0,58558_20241231,1,1,0.07482984486213479,0.07846777967837303,1-10bn
344604,SM,3988.0,20241231,433773,483160,433773,SELECT BANK,37833,89968,0,9366,58563,411405,12581.0,58563_20241231,1,1,0.02159193864071761,0.02159193864071761,<1bn
4997914,NM,919234.0,20241231,7256193,9047149,7256193,FLUSHING BANK,1547688,2269684,0,151572,58564,6775794,1308722.0,58564_20241231,1,1,0.020888639538667177,0.020888639538667177,1-10bn
1045826,NM,166952.0,20241231,2272472,2483111,2272472,TEXAS PARTNERS BANK,239075,1227632,9192,268510,58581,1900065,87293.0,58581_20241231,1,1,0.11815767146965947,0.12220260579668309,1-10bn
298377,NM,36919.0,20241231,370500,416750,370500,AMERICAN PRIDE BANK,39372,73028,0,9758,58584,294216,15008.0,58584_20241231,1,1,0.026337381916329283,0.026337381916329283,<1bn
22466,NM,4806.0,20241231,113453,125569,113453,TURTLE MOUNTAIN STATE BANK,6390,91211,1196,77774,58586,36662,0.0,58586_20241231,1,1,0.6855173507972464,0.6960591610622902,<1bn
200322,NM,4874.0,20241231,558443,663640,558443,PARTNERS BANK OF CALIFORNIA,199479,358642,194605,67277,58588,388972,38760.0,58588_20241231,1,1,0.12047245645482171,0.468950277826027,<1bn
241832,SM,45935.0,20241231,827993,955071,827993,NANO BANC,71032,586914,0,235328,58590,602392,35628.0,58590_20241231,1,1,0.28421496316997846,0.28421496316997846,<1bn
417934,N,8088.0,20241231,1275694,1401124,1275694,CHAIN BRIDGE BANK NA,659295,857807,320976,410739,58595,309089,0.0,58595_20241231,1,1,0.32197298098133253,0.5735819091412204,1-10bn
3398772,NM,288298.0,20241231,4153774,4652625,4153774,CARTER BANK&TRUST,728441,762937,0,131171,58596,3549226,196062.0,58596_20241231,1,1,0.031578752238325916,0.031578752238325916,1-10bn
127353,NM,3522.0,20241231,228954,264860,228954,PEOPLEFIRST BANK,19489,101884,496,58771,58597,169555,8814.0,58597_20241231,1,1,0.2566934842806852,0.25885985831215,<1bn
182508,NM,28942.0,20241231,241698,294568,241698,RELIANCE BANK,46177,60312,1375,9964,58602,230510,24538.0,58602_20241231,1,1,0.04122499979313027,0.046913917367955055,<1bn
285540,SM,29474.0,20241231,397926,461133,397926,VICTORY BANK,44642,112684,0,10678,58615,390720,20477.0,58615_20241231,1,1,0.02683413498992275,0.02683413498992275,<1bn
392934,NM,25247.0,20241231,703006,822932,703006,MRV BANKS,33534,311482,0,136385,58619,615048,113671.0,58619_20241231,1,1,0.1940026116420059,0.1940026116420059,<1bn
548021,NM,106178.0,20241231,961768,1118602,961768,GBANK,106178,416810,0,124122,58626,839493,79298.0,58626_20241231,1,1,0.12905607173455552,0.12905607173455552,1-10bn
3803843,NM,1151395.0,20241231,9189284,10904985,9189284,STELLAR BANK,1673015,5401174,72211,910781,58629,7358796,482022.0,58629_20241231,1,1,0.09911338032429948,0.10697155512877826,10-100bn
115827,NM,12331.0,20241231,173374,187736,173374,FIRST CAHAWBA BANK,36575,57621,1347,5922,58636,127579,0.0,58636_20241231,1,1,0.0341573707707038,0.041926701812267125,<1bn
189019,NM,992.0,20241231,281613,307755,281613,FIRST COLONY BANK OF FLORIDA,53909,92685,0,57592,58644,193012,39302.0,58644_20241231,1,1,0.204507604407467,0.204507604407467,<1bn
7598737,NM,1851896.0,20241231,9903836,12611947,9903836,FIRST FOUNDATION BANK,2025990,2401646,678,1015833,58647,9194910,3218258.0,58647_20241231,1,1,0.10256965078985557,0.10263810911246915,10-100bn
3876654,NM,433003.0,20241231,6723179,7664652,6723179,CROSSFIRST BANK,769945,2868783,0,409206,58648,6179301,972602.0,58648_20241231,1,1,0.06086495689018543,0.06086495689018543,1-10bn
574231,NM,9119.0,20241231,738666,811450,738666,PROMISEONE BANK,69694,171751,0,139278,58657,578983,30379.0,58657_20241231,1,1,0.18855341927203906,0.18855341927203906,<1bn
144518,SM,10882.0,20241231,236311,337369,236311,LOCUS BANK INC,34880,92217,0,26740,58658,261259,58341.0,58658_20241231,1,1,0.11315596819445561,0.11315596819445561,<1bn
10140346,NM,1213527.0,20241231,11820718,12855986,11820718,LIVE OAK BANKING CO,1248660,1705780,0,601871,58665,10411860,3585995.0,58665_20241231,1,1,0.05091661944731276,0.05091661944731276,10-100bn
253411,NM,100694.0,20241231,374851,472149,374851,SPRING BANK,102648,122092,0,56247,58668,304665,84022.0,58668_20241231,1,1,0.15005162051054952,0.15005162051054952,<1bn
1216116,NM,15906.0,20241231,1955066,2310919,1955066,HANOVER COMMUNITY BANK,87513,739846,20000,162857,58675,1975149,90567.0,58675_20241231,1,1,0.0833000011252817,0.093529834798416,1-10bn
106467,NM,11270.0,20241231,169249,208720,169249,GATEWAY COMMERCIAL BANK,55012,62834,9235,13353,58678,130718,0.0,58678_20241231,1,1,0.07889559170216663,0.13346016815461242,<1bn
84285,NM,3012.0,20241231,96862,108618,96862,GREAT NATIONS BANK,3012,12965,0,2246,58680,90811,19308.0,58680_20241231,1,1,0.02318762775907993,0.02318762775907993,<1bn
284113,N,5833.0,20241231,390536,448834,390536,TOUCHMARK NATIONAL BANK,10019,107149,0,41078,58687,377061,31654.0,58687_20241231,1,1,0.1051836450416863,0.1051836450416863,<1bn
974977,NM,102447.0,20241231,1465689,1784242,1465689,SOUTH ATLANTIC BANK,293687,494268,0,60641,58689,1325071,50723.0,58689_20241231,1,1,0.04137371570640156,0.04137371570640156,1-10bn
289118,NM,8735.0,20241231,440733,507232,440733,BLUEHARBOR BANK,27259,152051,0,28668,58691,428625,18257.0,58691_20241231,1,1,0.0650461844245836,0.0650461844245836,<1bn
323033,NM,48775.0,20241231,486914,552289,486914,INTRACOASTAL BANK,113400,166611,0,4545,58692,412951,34992.0,58692_20241231,1,1,0.009334297227025718,0.009334297227025718,<1bn
529089,NM,62925.0,20241231,821869,923785,821869,PRIME MERIDIAN BANK,105259,293232,7370,58796,58694,702642,0.0,58694_20241231,1,1,0.07153938158027617,0.08050674742568463,<1bn
1110887,SM,130403.0,20241231,1871780,2193460,1871780,FVCBANK,155754,763148,0,90950,58696,1852106,249887.0,58696_20241231,1,1,0.04859011208582205,0.04859011208582205,1-10bn
400801,NM,24884.0,20241231,644790,768667,644790,FREEDOM BANK,32637,244876,2753,2025,58712,662989,25000.0,58712_20241231,1,1,0.003140557390778393,0.007410164549698351,<1bn
2966565,SM,238603.0,20241231,4312669,4936896,4312669,THIRD COAST BANK,384025,1351135,0,371514,58716,3926121,636141.0,58716_20241231,1,1,0.08614479803574074,0.08614479803574074,1-10bn
677176,NM,26898.0,20241231,1120948,1316658,1120948,MEADOWS BANK,27395,446490,0,94061,58722,1157469,98000.0,58722_20241231,1,1,0.08391201019137373,0.08391201019137373,1-10bn
220710,N,47147.0,20241231,432920,477951,432920,BLACK HILLS CMTY BANK N A,107391,213095,0,16123,58723,338043,0.0,58723_20241231,1,1,0.03724244664141181,0.03724244664141181,<1bn
130716,NM,0.0,20241231,168095,194676,168095,NEBRASKA BANK OF COMMERCE,9731,37677,0,10368,58724,171667,0.0,58724_20241231,1,1,0.061679407477914276,0.061679407477914276,<1bn
320438,NM,53347.0,20241231,795773,952234,795773,ACCESS BANK,85014,475959,0,87381,58727,724545,7669.0,58727_20241231,1,1,0.10980643977616733,0.10980643977616733,<1bn
142137,NM,1596.0,20241231,162968,189985,162968,COMMUNITY STATE BANK,25186,21653,17604,6463,58732,151059,0.0,58732_20241231,1,1,0.039658092386235334,0.14767929900348534,<1bn
443361,NM,75267.0,20241231,1059096,1164978,1059096,TEXAS SECURITY BANK,212163,616120,53311,55564,58739,850793,77382.0,58739_20241231,1,1,0.05246361047534879,0.10279993503893887,1-10bn
802528,SM,69299.0,20241231,901442,1296923,901442,FIELDPOINT PRIVATE B&T,120535,100198,2477,198770,58741,916483,291930.0,58741_20241231,1,1,0.22050226193143874,0.22325008153602782,1-10bn
98963,NM,1454.0,20241231,127753,152704,127753,FIRST NM BANK LAS CRUCES,35800,28916,0,23177,58745,85457,0.0,58745_20241231,1,1,0.18142039717266914,0.18142039717266914,<1bn
630679,NM,28168.0,20241231,1096303,1438137,1096303,NORTHWEST BANK,322293,468415,99913,254447,58752,825167,183395.0,58752_20241231,1,1,0.23209550644301805,0.3232318072649623,1-10bn
269925,N,0.0,20241231,368594,445471,368594,MINT NATIONAL BANK,0,99177,0,84655,58764,340977,0.0,58764_20241231,1,1,0.22967004346245462,0.22967004346245462,<1bn
172870,NM,0.0,20241231,205844,234022,205844,GUADALUPE BANK,8064,33052,8064,30288,58768,184938,0.0,58768_20241231,1,1,0.14714055304016635,0.18631585083849905,<1bn
84811,NM,15449.0,20241231,146933,186794,146933,LIBERTY BANK,20586,62212,2325,15996,58778,141561,0.0,58778_20241231,1,1,0.1088659457031436,0.12468948432278658,<1bn
227264,NM,28699.0,20241231,286541,378024,286541,SPRING BANK,38245,60110,3864,12374,58780,313168,14862.0,58780_20241231,1,1,0.04318404696012089,0.056669028166998786,<1bn
638634,NM,71226.0,20241231,1605879,1787764,1605879,OAKWORTH CAPITAL BANK,158884,967677,16360,126711,58783,1438908,0.0,58783_20241231,1,1,0.07890445045984162,0.08909201751813181,1-10bn
322438,SM,10371.0,20241231,436705,523741,436705,GRAND RIVER BANK,12431,114722,0,23434,58789,475346,57805.0,58789_20241231,1,1,0.05366093816191708,0.05366093816191708,<1bn
418182,NM,10304.0,20241231,972482,1118316,972482,PARKSIDE FINANCIAL B&T,107787,555227,54431,172889,58796,772871,206296.0,58796_20241231,1,1,0.17778118258229972,0.2337523985019774,1-10bn
98313,NM,0.0,20241231,157854,204046,157854,GENUBANK,11710,59935,5437,44449,58806,130991,0.0,58806_20241231,1,1,0.2815829817426229,0.31602620142663473,<1bn
1330437,NM,74791.0,20241231,1646905,1833147,1646905,ONE FLORIDA BANK,79890,317215,0,238227,58811,1486918,60448.0,58811_20241231,1,1,0.14465133082964712,0.14465133082964712,1-10bn
1977466,NM,243337.0,20241231,3117791,3985037,3117791,ROYAL BUSINESS BANK,425381,1383727,0,257001,58816,3016751,93210.0,58816_20241231,1,1,0.08243047721928763,0.08243047721928763,1-10bn
118762,NM,20972.0,20241231,199359,235910,199359,REDSTONE BANK,52331,80685,0,3963,58826,157795,0.0,58826_20241231,1,1,0.01987871126961913,0.01987871126961913,<1bn
485318,N,150980.0,20241231,589018,694438,589018,OAK VIEW NATIONAL BANK,297715,104938,67446,44061,58827,317461,83078.0,58827_20241231,1,1,0.07480416557728287,0.1893100041085332,<1bn
132339,NM,8344.0,20241231,373609,425801,373609,LIBERTY CAPITAL BANK,10451,241525,0,66492,58852,345115,11.0,58852_20241231,1,1,0.1779721580582909,0.1779721580582909,<1bn
98469,N,20076.0,20241231,176889,198682,176889,NEW HORIZON BANK NA,31242,78594,0,65112,58857,88254,1.0,58857_20241231,1,1,0.3680952461713278,0.3680952461713278,<1bn
143601,SM,3007.0,20241231,187601,223187,187601,CORNERSTONE BANK,23936,44119,4930,15019,58859,171000,0.0,58859_20241231,1,1,0.08005820864494326,0.10633738626126726,<1bn
776618,N,28523.0,20241231,990853,1089131,990853,COASTAL CAROLINA NB,93260,214761,11970,122450,58864,829079,166656.0,58864_20241231,1,1,0.123580389825736,0.1356608901623147,1-10bn
1474038,SM,1003.0,20241231,1824401,2340232,1824401,GUARANTY BANK,246375,352982,0,42706,58892,1791990,462158.0,58892_20241231,1,1,0.02340823097553663,0.02340823097553663,1-10bn
607497,NM,40558.0,20241231,852407,958472,852407,R BANK,69316,247382,8951,56001,58935,800824,245.0,58935_20241231,1,1,0.06569748957950838,0.07619834187189922,<1bn
107792,SM,5529.0,20241231,145046,199743,145046,NEW HAVEN BANK,5529,37370,0,16732,58952,167822,4666.0,58952_20241231,1,1,0.11535650759069536,0.11535650759069536,<1bn
143494,NM,105.0,20241231,268693,365451,268693,LAKESIDE BANK,77607,126373,0,34307,58961,238801,0.0,58961_20241231,1,1,0.12768103374483147,0.12768103374483147,<1bn
14539508,N,7033365.0,20241231,28172154,35206606,28172154,BANKUNITED NATIONAL ASSN,9101416,13719318,202952,491114,58979,24074827,5218571.0,58979_20241231,1,1,0.017432603839947772,0.024636596832460875,10-100bn
1000,N,98021.0,20241231,329966,348675,329966,STIFEL TRUST CO DELAWARE NA,169980,328966,0,166352,59043,0,0.0,59043_20241231,1,1,0.5041489123121776,0.5041489123121776,<1bn
6544449,SM,970403.0,20241231,8371933,9771263,8371933,NBH BANK,1059928,1842638,74513,114877,59052,7681035,35000.0,59052_20241231,1,1,0.013721681719144193,0.0226220157280284,1-10bn
3617612,NM,224997.0,20241231,4575127,5754704,4575127,HARBORONE BANK,283531,1394783,0,236824,59070,4833166,401484.0,59070_20241231,1,1,0.05176337181459662,0.05176337181459662,1-10bn
1039344,NM,0.0,20241231,1330384,1591727,1330384,BANK OF BIRD-IN-HAND,0,292358,0,160968,59074,1379255,12722.0,59074_20241231,1,1,0.12099363792709474,0.12099363792709474,1-10bn
320329,NM,8705.0,20241231,603651,708844,603651,PRIMARY BANK,9705,284395,0,95102,59086,593209,37526.0,59086_20241231,1,1,0.15754467399209146,0.15754467399209146,<1bn
886971,NM,634660.0,20241231,1141319,1587695,1141319,INTERNATIONAL BK OF COM,634660,255720,0,31731,59093,599904,0.0,59093_20241231,1,1,0.02780204307472319,0.02780204307472319,1-10bn
117627,NM,32032.0,20241231,285076,332666,285076,INFINITY BANK,34948,167449,0,69056,59098,222603,0.0,59098_20241231,1,1,0.24223715781054878,0.24223715781054878,<1bn
403999,NM,18538.0,20241231,602111,677678,602111,ENDEAVOR BANK,23712,198291,0,80466,59099,563979,158994.0,59099_20241231,1,1,0.1336398105997067,0.1336398105997067,<1bn
291052,N,120611.0,20241231,789330,839888,789330,WINTER PARK NATIONAL BANK,221015,498320,0,143919,59105,456561,0.0,59105_20241231,1,1,0.18233058416631828,0.18233058416631828,<1bn
361107,NM,7950.0,20241231,609147,781742,609147,BEACON COMMUNITY BANK,26736,250013,4674,44429,59106,686386,56908.0,59106_20241231,1,1,0.07293641764631525,0.08060944238418641,<1bn
8819765,SM,7153090.0,20241231,9301602,10104057,9301602,CHARLES SCHWAB TRUST BANK,7884542,484578,248200,1949894,59108,0,0.0,59108_20241231,1,1,0.209629911062632,0.23631348664455865,10-100bn
560107,NM,85494.0,20241231,847499,1020018,847499,STUDIO BANK,176178,287673,31102,40630,59112,752134,146959.0,59112_20241231,1,1,0.047941059517474356,0.08463962789336625,1-10bn
594677,N,37238.0,20241231,801890,867486,801890,GRASSHOPPER BANK N A,125013,207255,0,70892,59113,637913,0.0,59113_20241231,1,1,0.08840614049308508,0.08840614049308508,<1bn
345477,NM,22065.0,20241231,701058,776451,701058,COMMERCEONE BANK,48074,355648,9809,117084,59114,603120,38216.0,59114_20241231,1,1,0.16701043280299205,0.18100214247608615,<1bn
129999,NM,7647.0,20241231,256399,287495,256399,LEXICON BANK,29577,126462,4118,81082,59117,169743,518.0,59117_20241231,1,1,0.3162336826586687,0.33229458773240145,<1bn
144053,NM,7300.0,20241231,251704,275784,251704,MI BANK,11667,107843,0,56067,59138,203519,58600.0,59138_20241231,1,1,0.22274973778724216,0.22274973778724216,<1bn
150728,NM,22273.0,20241231,262549,291658,262549,GULFSIDE BANK,50727,111876,1932,16178,59140,212560,0.0,59140_20241231,1,1,0.06161897398199955,0.06897760037174014,<1bn
173344,NM,11452.0,20241231,271814,325118,271814,NEW VALLEY BANK&TRUST,50749,98556,10787,10867,59143,249431,26355.0,59143_20241231,1,1,0.03997954483580684,0.07966477076235956,<1bn
315032,NM,8701.0,20241231,384457,458853,384457,OHIO STATE BANK,9950,70044,0,20697,59144,399636,95232.0,59144_20241231,1,1,0.05383436899315138,0.05383436899315138,<1bn
191207,NM,0.0,20241231,307897,361836,307897,WATERMARK BANK,12864,116945,0,6323,59148,284466,14839.0,59148_20241231,1,1,0.020536088367213712,0.020536088367213712,<1bn
2610,NM,0.0,20241231,8964,18151,8964,GENERATIONS COMMERCIAL BANK,8913,6354,0,8934,59149,0,0.0,59149_20241231,1,1,0.9966532797858099,0.9966532797858099,<1bn
127338,NM,76494.0,20241231,406656,550679,406656,PIERMONT BANK,76494,279496,0,156045,59154,304059,123232.0,59154_20241231,1,1,0.38372727809254015,0.38372727809254015,<1bn
110712,NM,25086.0,20241231,172404,197025,172404,AMERICAN BK OF THE CAROLINAS,33023,61849,0,20870,59157,126978,0.0,59157_20241231,1,1,0.12105287580334563,0.12105287580334563,<1bn
154182,NM,27382.0,20241231,196927,237381,196927,MILLYARD BANK,28203,43133,0,18965,59176,179056,29925.0,59176_20241231,1,1,0.09630472205436533,0.09630472205436533,<1bn
244492,NM,0.0,20241231,298288,931097,298288,SQUARE FINL SERVICES INC,4214,54379,0,467074,59177,416866,0.0,59177_20241231,1,1,1.565849112267339,1.565849112267339,<1bn
149721,NM,19849.0,20241231,201477,232788,201477,TANDEM BANK,26747,51997,0,31030,59178,166609,14999.0,59178_20241231,1,1,0.15401261682474923,0.15401261682474923,<1bn
64711,SM,10801.0,20241231,155707,172951,155707,GULF ATLANTIC BANK,18986,91049,0,9316,59181,131493,27765.0,59181_20241231,1,1,0.059830322336182705,0.059830322336182705,<1bn
116808,NM,15103.0,20241231,138256,192556,138256,LOYAL TRUST BANK,21650,21725,0,25874,59182,137759,25693.0,59182_20241231,1,1,0.18714558500173592,0.18714558500173592,<1bn
467012,NM,35038.0,20241231,794108,941842,794108,TRUSTAR BANK,73371,327893,6985,94834,59183,753715,46824.0,59183_20241231,1,1,0.11942204334926736,0.12821807613070263,<1bn
182999,NM,143456.0,20241231,434090,538925,434090,GULF CAPITAL BANK,259718,252588,8458,60317,59185,206815,97497.0,59185_20241231,1,1,0.13895044806376558,0.158434886774632,<1bn
322084,NM,55827.0,20241231,455447,525161,455447,TRIAD BUSINESS BANK,122763,133711,5980,23947,59188,369588,135142.0,59188_20241231,1,1,0.05257911458413383,0.06570907262535487,<1bn
336191,N,22513.0,20241231,336750,447615,336750,VARO BANK NATIONAL ASSN,46711,559,0,292063,59190,72137,0.0,59190_20241231,1,1,0.8672991833704529,0.8672991833704529,<1bn
180395,NM,6401.0,20241231,267170,338666,267170,FOUNDERS BANK,7169,86931,0,44583,59193,273076,35719.0,59193_20241231,1,1,0.16687128045813526,0.16687128045813526,<1bn
91055,NM,11767.0,20241231,148803,171814,148803,FWBANK,17946,57900,3854,26326,59195,124846,9057.0,59195_20241231,1,1,0.17691847610599248,0.2028184915626701,<1bn
139733,NM,7018.0,20241231,191237,219766,191237,RIVERSIDE BANK OF DUBLIN,8478,51741,0,28869,59199,178984,2000.0,59199_20241231,1,1,0.15095928089229596,0.15095928089229596,<1bn
42378,NM,7409.0,20241231,55441,75509,55441,SCOTTSDALE COMMUNITY BANK,9350,13227,495,10647,59203,54100,6903.0,59203_20241231,1,1,0.1920419905845854,0.20097040096679353,<1bn
37258,NM,0.0,20241231,56519,74737,56519,LEGACY BANK,0,19340,0,10512,59204,61408,4439.0,59204_20241231,1,1,0.1859905518498204,0.1859905518498204,<1bn
1212230,NM,6769.0,20241231,1254622,1449034,1254622,NELNET BANK,762059,44275,0,35594,59205,624858,247872.0,59205_20241231,1,1,0.028370297986166353,0.028370297986166353,1-10bn
146450,N,24060.0,20241231,255762,306856,255762,ROCKPOINTBANK NATIONAL ASSN,32832,109541,0,18406,59206,242776,10877.0,59206_20241231,1,1,0.07196534277961543,0.07196534277961543,<1bn
145038,NM,1558.0,20241231,227288,263368,227288,CRAFT BANK,4044,82356,0,44105,59209,207015,46911.0,59209_20241231,1,1,0.19404895990989404,0.19404895990989404,<1bn
120291,NM,12469.0,20241231,201179,229065,201179,CLASSIC CITY BANK,22392,80943,4931,44655,59219,151613,0.0,59219_20241231,1,1,0.22196650743864915,0.24647701797901372,<1bn
36131,N,672.0,20241231,69239,103622,69239,AGILITY BANK NATIONAL ASSN,3590,33220,2918,11496,59239,83882,0.0,59239_20241231,1,1,0.16603359378385013,0.20817747223385663,<1bn
42961,NM,0.0,20241231,131088,184914,131088,GENESIS BANK,0,88142,0,40905,59245,136675,411.0,59245_20241231,1,1,0.3120422922006591,0.3120422922006591,<1bn
104718,NM,0.0,20241231,166770,195758,166770,FIRST BANK OF CENTRAL OHIO,6529,62161,5959,3464,59249,154475,0.0,59249_20241231,1,1,0.02077112190441926,0.05650296815974096,<1bn
572758,NM,1274.0,20241231,785820,889374,785820,CLIMATE FIRST BANK,4549,213711,994,91375,59257,761700,23151.0,59257_20241231,1,1,0.116279809625614,0.11754473034537172,<1bn
33761,SM,10340.0,20241231,56358,89649,56358,INTEGRITY BANK FOR BUSINESS,16340,22597,0,24729,59262,45753,0.0,59262_20241231,1,1,0.4387842010007452,0.4387842010007452,<1bn
87751,NM,7588.0,20241231,240752,284367,240752,WATERFALL BANK,10238,153220,0,17998,59265,251534,13329.0,59265_20241231,1,1,0.07475742672958065,0.07475742672958065,<1bn
28762,NM,0.0,20241231,37361,52055,37361,GAINEY BUSINESS BANK,0,8622,0,1504,59273,44235,0.0,59273_20241231,1,1,0.040255881801878966,0.040255881801878966,<1bn
161884,NM,11548.0,20241231,242979,281204,242979,LOCALITY BANK,11548,81171,0,57687,59278,205547,24999.0,59278_20241231,1,1,0.23741557912412184,0.23741557912412184,<1bn
62865,NM,6706.0,20241231,94322,111680,94322,GULF COAST BUSINESS BANK,6706,31544,0,13913,59281,86331,0.0,59281_20241231,1,1,0.14750535400012724,0.14750535400012724,<1bn
63817,NM,3918.0,20241231,83617,111773,83617,INTEGRO BANK,4917,19880,999,1716,59283,85719,5.0,59283_20241231,1,1,0.020522142626499398,0.03246947391080761,<1bn
45016,NM,0.0,20241231,110804,130324,110804,MOULTRIE BANK&TRUST,26120,65916,23127,74444,59285,20285,0.0,59285_20241231,1,1,0.6718530016966896,0.8805729035052886,<1bn
185706,NM,0.0,20241231,320980,362375,320980,ENTREBANK,0,137630,0,70517,59287,287812,0.0,59287_20241231,1,1,0.21969281575176022,0.21969281575176022,<1bn
70622,SI,1000.0,20241231,107030,123766,107030,WALDEN MUTUAL BANK,30802,36458,29802,4185,59289,85644,0.0,59289_20241231,1,1,0.03910118658320097,0.31754648229468374,<1bn
70240,NM,0.0,20241231,112892,130786,112892,BEACH CITIES COMMERCIAL BANK,984,42755,984,22112,59290,104434,5003.0,59290_20241231,1,1,0.1958686177939978,0.20458491301420828,<1bn
41777,NM,0.0,20241231,47670,68154,47670,ADELPHI BANK,0,6866,0,518,59292,50986,13698.0,59292_20241231,1,1,0.010866372980910427,0.010866372980910427,<1bn
92774,NM,0.0,20241231,182330,213107,182330,BANK IRVINE,0,89610,0,34491,59296,172513,0.0,59296_20241231,1,1,0.18916799210223223,0.18916799210223223,<1bn
147983,NM,833.0,20241231,236473,261157,236473,BANK OF BURLINGTON,99814,88504,98981,22281,59298,136473,29806.0,59298_20241231,1,1,0.09422217335594338,0.5127942724962258,<1bn
139555,NM,0.0,20241231,232603,278816,232603,TEXAS TRADITIONS BANK,31173,93247,17679,20021,59304,199320,28217.0,59304_20241231,1,1,0.08607369638396753,0.1620787350120162,<1bn
33883,NM,10103.0,20241231,40698,64276,40698,COMMUNITY UNITY BANK,11958,6923,0,2732,59305,38940,7123.0,59305_20241231,1,1,0.06712860582829623,0.06712860582829623,<1bn
100166,NM,3994.0,20241231,155396,196112,155396,EVERMORE BANK,7870,55378,0,47059,59306,138212,0.0,59306_20241231,1,1,0.30283276274807586,0.30283276274807586,<1bn
7556,NM,6984.0,20241231,21047,35123,21047,GS&L MUNICIPAL BANK,23487,13491,2336,1801,59312,0,0.0,59312_20241231,1,1,0.08557039007934622,0.1965600798213522,<1bn
36250,NM,2998.0,20241231,77378,96851,77378,ICON BUSINESS BANK,3897,41164,0,10797,59314,66369,8373.0,59314_20241231,1,1,0.13953578536534933,0.13953578536534933,<1bn
20692,NM,0.0,20241231,68436,91838,68436,ZENITH BANK&TRUST,2994,47780,746,61190,59318,25650,0.0,59318_20241231,1,1,0.8941200537728681,0.905020749313227,<1bn
27864,SM,33922.0,20241231,172469,252788,172469,NAVE BANK,33922,144624,0,163039,59324,49591,0.0,59324_20241231,1,1,0.9453235074129264,0.9453235074129264,<1bn
16335,NM,4391.0,20241231,21798,46951,21798,NOVA BANK,4391,5498,0,3931,59326,37224,0.0,59326_20241231,1,1,0.18033764565556473,0.18033764565556473,<1bn
582,NM,0.0,20241231,582,21955,582,FORTUNA BANK,0,0,0,425,59330,0,0.0,59330_20241231,1,1,0.7302405498281787,0.7302405498281787,<1bn
578,NM,0.0,20241231,578,26530,578,ALTOS BANK,0,0,0,22455,59339,0,0.0,59339_20241231,1,1,38.84948096885813,38.84948096885813,<1bn
6092,SM,0.0,20241231,7926,46602,7926,INTEGRITY BANK SSB,3971,1838,0,29696,59342,9573,0.0,59342_20241231,1,1,3.7466565733030532,3.7466565733030532,<1bn
15749,NM,0.0,20241231,29295,52159,29295,FOUR STATES BANK,0,13549,0,26943,59352,22519,0.0,59352_20241231,1,1,0.9197132616487456,0.9197132616487456,<1bn
138969,NM,52240.0,20241231,186648,201468,186648,HOME LOAN STATE BANK,79920,47793,3338,21867,90040,82913,0.0,90040_20241231,1,1,0.11715635849299216,0.13504028974326004,<1bn
534952,SI,31731.0,20241231,818948,1035000,818948,ADAMS COMMUNITY BANK,100116,284960,11959,18647,90140,860517,64954.0,90140_20241231,1,1,0.022769455447720733,0.03737233621670729,1-10bn
766710,SI,7926.0,20241231,1327655,1593077,1327655,BANKPROV,25693,560958,0,169142,90141,1305508,150190.0,90141_20241231,1,1,0.12739906074996893,0.12739906074996893,1-10bn
443653,SI,108268.0,20241231,521974,640760,521974,ATHOL SAVINGS BANK,171928,78321,0,16193,90146,423800,0.0,90146_20241231,1,1,0.03102261798480384,0.03102261798480384,<1bn
821345,SM,180674.0,20241231,1270798,1573103,1270798,BLUESTONE BANK,294437,449453,0,68257,90169,1140158,0.0,90169_20241231,1,1,0.053711919596977645,0.053711919596977645,1-10bn
921820,SM,102562.0,20241231,1304993,1642782,1304993,EAST CAMBRIDGE SAVINGS BANK,139240,383717,7154,111108,90173,1304600,12500.0,90173_20241231,1,1,0.08514068657839544,0.0906227083210408,1-10bn
368339,SI,27086.0,20241231,618906,735060,618906,BANK OF CANTON,122544,250624,81048,48612,90175,522839,0.0,90175_20241231,1,1,0.07854504561274249,0.20949869608632005,<1bn
472024,SI,116158.0,20241231,604383,741986,604383,CLINTON SAVINGS BANK,150448,132359,0,15594,90181,528651,0.0,90181_20241231,1,1,0.02580151989715131,0.02580151989715131,<1bn
4041292,NM,810257.0,20241231,5229615,6076219,5229615,MIDDLESEX SAVINGS BANK,1821106,1188796,29130,288064,90183,3582272,1008.0,90183_20241231,1,1,0.05508321358264423,0.060653413300979134,1-10bn
1097121,SM,173018.0,20241231,1677759,1994486,1677759,BANKESB,195869,581076,0,18679,90188,1661845,20000.0,90188_20241231,1,1,0.011133303412468655,0.011133303412468655,1-10bn
691758,SM,55974.0,20241231,1031745,1308520,1031745,MARTHAS VINEYARD BANK,84808,342628,0,22188,90190,1128916,1.0,90190_20241231,1,1,0.021505313813006122,0.021505313813006122,1-10bn
365872,SI,43484.0,20241231,535380,629631,535380,EAGLE BANK,71359,178349,0,10823,90191,502833,5001.0,90191_20241231,1,1,0.020215547835182486,0.020215547835182486,<1bn
1638014,SI,0.0,20241231,2340344,2921141,2340344,BAYCOAST BANK,289413,781012,143166,75957,90196,2334264,22848.0,90196_20241231,1,1,0.03245548517653815,0.0936285434961698,1-10bn
571403,SI,24887.0,20241231,754813,992369,754813,CAPE ANN SAVINGS BANK,212321,183429,45384,50085,90203,685099,0.0,90203_20241231,1,1,0.0663541830890565,0.12648033353956542,<1bn
681819,SI,82285.0,20241231,1029324,1234998,1029324,GREENFIELD SAVINGS BANK,170950,347599,0,29162,90206,979536,0.0,90206_20241231,1,1,0.028331215438481955,0.028331215438481955,1-10bn
610106,SI,96824.0,20241231,838549,1075665,838549,PENTUCKET BANK,132978,228874,0,19222,90208,858755,32050.0,90208_20241231,1,1,0.02292292996592924,0.02292292996592924,1-10bn
1623428,SI,0.0,20241231,2509181,4457790,2509181,HINGHAM INST FOR SVG,121164,889189,0,350503,90211,3873680,443854.0,90211_20241231,1,1,0.13968820902119058,0.13968820902119058,1-10bn
2153220,SI,316226.0,20241231,3364021,4313700,3364021,PEOPLESBANK,547504,1213576,0,62847,90213,3377756,362729.0,90213_20241231,1,1,0.01868210691907096,0.01868210691907096,1-10bn
1338238,SI,134389.0,20241231,2079844,2662177,2079844,AVIDIA BANK,280951,743219,21532,62428,90215,2179007,27010.0,90215_20241231,1,1,0.03001571271691531,0.04036841224630309,1-10bn
753464,SI,118411.0,20241231,1428671,1662732,1428671,LOWELL FIVE CENT SB,181702,640798,0,85138,90227,1281818,0.0,90227_20241231,1,1,0.05959244640648547,0.05959244640648547,1-10bn
203437,SM,18807.0,20241231,230196,289680,230196,WASHINGTON SAVINGS BANK,30871,26759,949,8369,90229,233280,14671.0,90229_20241231,1,1,0.03635597490833898,0.04047854871500808,<1bn
190154,SM,0.0,20241231,229766,260699,229766,MARBLEHEAD BANK,16755,39631,0,19342,90234,211251,0.0,90234_20241231,1,1,0.08418129749397213,0.08418129749397213,<1bn
948104,SI,98032.0,20241231,1308878,1614159,1308878,MAIN STREET BANK,170457,363813,0,19006,90235,1342083,217601.0,90235_20241231,1,1,0.014520833874509313,0.014520833874509313,1-10bn
466155,SI,24210.0,20241231,640601,715970,640601,MONSON SAVINGS BANK,65768,174460,0,61103,90245,557670,0.0,90245_20241231,1,1,0.0953838660882515,0.0953838660882515,<1bn
2574735,SI,148232.0,20241231,3358935,5342448,3358935,INSTITUTION SVG NEWBURYPORT&,651226,790732,22454,261643,90250,4090025,601003.0,90250_20241231,1,1,0.07789463029204197,0.08457948724819027,1-10bn
770345,SI,132649.0,20241231,1321413,1631222,1321413,NEWBURYPORT FIVE CENTS SB,164032,552130,0,44304,90251,1345776,91725.0,90251_20241231,1,1,0.0335277464350661,0.0335277464350661,1-10bn
414318,SI,104392.0,20241231,759784,983383,759784,MOUNTAINONE BANK,134554,353970,0,11026,90253,732542,84500.0,90253_20241231,1,1,0.014512019205458393,0.014512019205458393,<1bn
325703,SM,45843.0,20241231,366377,418901,366377,NORTH BROOKFIELD SB,104944,40674,8648,10876,90258,276693,8503.0,90258_20241231,1,1,0.02968526954475854,0.05328937133062392,<1bn
1201249,SI,79213.0,20241231,1515205,1699747,1515205,NORTH EASTON SAVINGS BANK,241821,315076,27061,50172,90259,1268727,64101.0,90259_20241231,1,1,0.03311235113400497,0.050971980689081674,1-10bn
346748,SI,805.0,20241231,413368,467858,413368,SEAMENS BANK,75102,66706,8021,42572,90268,337182,0.0,90268_20241231,1,1,0.10298813647887596,0.1223921542064214,<1bn
933047,SM,79598.0,20241231,1305792,1677285,1305792,CORNERSTONE BANK,129199,372828,0,71757,90282,1321880,6679.0,90282_20241231,1,1,0.054952856197618,0.054952856197618,1-10bn
1455221,NM,356433.0,20241231,2121858,2571840,2121858,UNIBANK FOR SAVINGS,445279,667188,38655,50110,90290,1989930,131857.0,90290_20241231,1,1,0.023616094950745996,0.04183361940337195,1-10bn
545233,SI,45763.0,20241231,732042,826779,732042,SAVINGS BANK,164153,190660,30960,12510,90291,603416,29547.0,90291_20241231,1,1,0.017089183407509406,0.05938183874695714,<1bn
620610,SI,75994.0,20241231,980898,1298910,980898,WEBSTER FIVE CENTS SB,205991,364839,46058,22846,90297,999161,29865.0,90297_20241231,1,1,0.02329090282577801,0.07024583595847886,1-10bn
1620686,SB,338606.0,20241231,2264885,2650986,2264885,WESTFIELD BANK,366137,644520,5002,56766,90300,2050660,1672.0,90300_20241231,1,1,0.025063524196592763,0.027272024848943765,1-10bn
1167240,SM,321735.0,20241231,1989545,2255062,1989545,SOUTH SHORE BANK,532444,826228,56730,97381,90303,1538141,367.0,90303_20241231,1,1,0.048946367134194,0.07746042436838574,1-10bn
512930,SI,22894.0,20241231,663157,895055,663157,WINCHESTER SAVINGS BANK,88069,152323,497,41548,90308,725490,33300.0,90308_20241231,1,1,0.06265183056199361,0.06340127601759463,<1bn
347549,SI,18248.0,20241231,496330,555082,496330,BAY STATE SAVINGS BANK,42682,148783,0,54788,90311,423484,0.0,90311_20241231,1,1,0.11038623496464046,0.11038623496464046,<1bn
282861,SM,55995.0,20241231,337707,399396,337707,BANK OF LANDISBURG,94027,55077,0,25673,90384,262602,0.0,90384_20241231,1,1,0.07602152161489102,0.07602152161489102,<1bn
207593,NM,0.0,20241231,308170,369801,308170,5STAR BANK,26524,100745,7973,27832,91005,307085,0.0,91005_20241231,1,1,0.0903137878443716,0.11618587143459778,<1bn
234799,SM,7601.0,20241231,268320,298207,268320,BANK OF LITTLE ROCK,144408,37058,0,5362,91280,136801,25757.0,91280_20241231,1,1,0.01998360166964818,0.01998360166964818,<1bn
355,N,0.0,20241231,638,380398,638,CIBC NATIONAL TRUST CO,0,285,0,190895,91325,0,0.0,91325_20241231,1,1,299.20846394984324,299.20846394984324,<1bn
