mu,rho,h,cash,lower,upper,beta
0.1,0.0,1.0,0.0,0.1,0.1,0.1
0.1,0.0,1.0,0.005,0.0995,0.0995,0.0995
0.1,0.0,1.0,0.01,0.099,0.099,0.099
0.1,0.0,1.0,0.015,0.0985,0.0985,0.0985
0.1,0.0,1.0,0.02,0.098,0.098,0.098
0.1,0.0,1.0,0.025,0.0975,0.0975,0.0975
0.1,0.0,1.0,0.03,0.097,0.097,0.097
0.1,0.0,1.0,0.035,0.0965,0.0965,0.0965
0.1,0.0,1.0,0.04,0.096,0.096,0.096
0.1,0.0,1.0,0.045,0.0955,0.0955,0.0955
0.1,0.0,1.0,0.05,0.095,0.095,0.095
0.1,0.0,1.0,0.055,0.0945,0.0945,0.0945
0.1,0.0,1.0,0.06,0.094,0.094,0.094
0.1,0.0,1.0,0.065,0.09350000000000001,0.09350000000000001,0.09350000000000001
0.1,0.0,1.0,0.07,0.093,0.093,0.093
0.1,0.0,1.0,0.075,0.09250000000000001,0.09250000000000001,0.09250000000000001
0.1,0.0,1.0,0.08,0.09200000000000001,0.09200000000000001,0.09200000000000001
0.1,0.0,1.0,0.085,0.09150000000000001,0.09150000000000001,0.09150000000000001
0.1,0.0,1.0,0.09,0.09100000000000001,0.09100000000000001,0.09100000000000001
0.1,0.0,1.0,0.095,0.09050000000000001,0.09050000000000001,0.09050000000000001
0.1,0.0,1.0,0.1,0.09000000000000001,0.09000000000000001,0.09000000000000001
0.1,0.0,1.0,0.105,0.08950000000000001,0.08950000000000001,0.08950000000000001
0.1,0.0,1.0,0.11,0.08900000000000001,0.08900000000000001,0.08900000000000001
0.1,0.0,1.0,0.115,0.08850000000000001,0.08850000000000001,0.08850000000000001
0.1,0.0,1.0,0.12,0.08800000000000001,0.08800000000000001,0.08800000000000001
0.1,0.0,1.0,0.125,0.08750000000000001,0.08750000000000001,0.08750000000000001
0.1,0.0,1.0,0.13,0.08700000000000001,0.08700000000000001,0.08700000000000001
0.1,0.0,1.0,0.135,0.08650000000000001,0.08650000000000001,0.08650000000000001
0.1,0.0,1.0,0.14,0.08600000000000001,0.08600000000000001,0.08600000000000001
0.1,0.0,1.0,0.145,0.0855,0.0855,0.0855
0.1,0.0,1.0,0.15,0.085,0.085,0.085
0.1,0.0,1.0,0.155,0.0845,0.0845,0.0845
0.1,0.0,1.0,0.16,0.084,0.084,0.084
0.1,0.0,1.0,0.165,0.0835,0.0835,0.0835
0.1,0.0,1.0,0.17,0.083,0.083,0.083
0.1,0.0,1.0,0.17500000000000002,0.0825,0.0825,0.0825
0.1,0.0,1.0,0.18,0.08200000000000002,0.08200000000000002,0.08200000000000002
0.1,0.0,1.0,0.185,0.0815,0.0815,0.0815
0.1,0.0,1.0,0.19,0.08100000000000002,0.08100000000000002,0.08100000000000002
0.1,0.0,1.0,0.195,0.0805,0.0805,0.0805
0.1,0.0,1.0,0.2,0.08000000000000002,0.08000000000000002,0.08000000000000002
0.1,0.0,1.0,0.20500000000000002,0.0795,0.0795,0.0795
0.1,0.0,1.0,0.21,0.07900000000000001,0.07900000000000001,0.07900000000000001
0.1,0.0,1.0,0.215,0.07850000000000001,0.07850000000000001,0.07850000000000001
0.1,0.0,1.0,0.22,0.07800000000000001,0.07800000000000001,0.07800000000000001
0.1,0.0,1.0,0.225,0.07750000000000001,0.07750000000000001,0.07750000000000001
0.1,0.0,1.0,0.23,0.07700000000000001,0.07700000000000001,0.07700000000000001
0.1,0.0,1.0,0.23500000000000001,0.07650000000000001,0.07650000000000001,0.07650000000000001
0.1,0.0,1.0,0.24,0.07600000000000001,0.07600000000000001,0.07600000000000001
0.1,0.0,1.0,0.245,0.07550000000000001,0.07550000000000001,0.07550000000000001
0.1,0.0,1.0,0.25,0.07500000000000001,0.07500000000000001,0.07500000000000001
0.1,0.0,1.0,0.255,0.0745,0.0745,0.0745
0.1,0.0,1.0,0.26,0.074,0.074,0.074
0.1,0.0,1.0,0.265,0.0735,0.0735,0.0735
0.1,0.0,1.0,0.27,0.073,0.073,0.073
0.1,0.0,1.0,0.275,0.0725,0.0725,0.0725
0.1,0.0,1.0,0.28,0.072,0.072,0.072
0.1,0.0,1.0,0.28500000000000003,0.0715,0.0715,0.0715
0.1,0.0,1.0,0.29,0.071,0.071,0.071
0.1,0.0,1.0,0.295,0.07050000000000001,0.07050000000000001,0.07050000000000001
0.1,0.0,1.0,0.3,0.06999999999999999,0.06999999999999999,0.06999999999999999
0.1,0.0,1.0,0.305,0.0695,0.0695,0.0695
0.1,0.0,1.0,0.31,0.06899999999999999,0.06899999999999999,0.06899999999999999
0.1,0.0,1.0,0.315,0.0685,0.0685,0.0685
0.1,0.0,1.0,0.32,0.06799999999999999,0.06799999999999999,0.06799999999999999
0.1,0.0,1.0,0.325,0.0675,0.0675,0.0675
0.1,0.0,1.0,0.33,0.06699999999999999,0.06699999999999999,0.06699999999999999
0.1,0.0,1.0,0.335,0.0665,0.0665,0.0665
0.1,0.0,1.0,0.34,0.06599999999999999,0.06599999999999999,0.06599999999999999
0.1,0.0,1.0,0.34500000000000003,0.0655,0.0655,0.0655
0.1,0.0,1.0,0.35000000000000003,0.06499999999999999,0.06499999999999999,0.06499999999999999
0.1,0.0,1.0,0.355,0.0645,0.0645,0.0645
0.1,0.0,1.0,0.36,0.064,0.064,0.064
0.1,0.0,1.0,0.365,0.0635,0.0635,0.0635
0.1,0.0,1.0,0.37,0.063,0.063,0.063
0.1,0.0,1.0,0.375,0.0625,0.0625,0.0625
0.1,0.0,1.0,0.38,0.062,0.062,0.062
0.1,0.0,1.0,0.385,0.0615,0.0615,0.0615
0.1,0.0,1.0,0.39,0.061,0.061,0.061
0.1,0.0,1.0,0.395,0.0605,0.0605,0.0605
0.1,0.0,1.0,0.4,0.06,0.06,0.06
0.1,0.0,1.0,0.405,0.0595,0.0595,0.0595
0.1,0.0,1.0,0.41000000000000003,0.059,0.059,0.059
0.1,0.0,1.0,0.41500000000000004,0.058499999999999996,0.058499999999999996,0.058499999999999996
0.1,0.0,1.0,0.42,0.05800000000000001,0.05800000000000001,0.05800000000000001
0.1,0.0,1.0,0.425,0.057499999999999996,0.057499999999999996,0.057499999999999996
0.1,0.0,1.0,0.43,0.05700000000000001,0.05700000000000001,0.05700000000000001
0.1,0.0,1.0,0.435,0.056499999999999995,0.056499999999999995,0.056499999999999995
0.1,0.0,1.0,0.44,0.05600000000000001,0.05600000000000001,0.05600000000000001
0.1,0.0,1.0,0.445,0.055499999999999994,0.055499999999999994,0.055499999999999994
0.1,0.0,1.0,0.45,0.05500000000000001,0.05500000000000001,0.05500000000000001
0.1,0.0,1.0,0.455,0.05449999999999999,0.05449999999999999,0.05449999999999999
0.1,0.0,1.0,0.46,0.054000000000000006,0.054000000000000006,0.054000000000000006
0.1,0.0,1.0,0.465,0.05349999999999999,0.05349999999999999,0.05349999999999999
0.1,0.0,1.0,0.47000000000000003,0.053000000000000005,0.053000000000000005,0.053000000000000005
0.1,0.0,1.0,0.47500000000000003,0.05249999999999999,0.05249999999999999,0.05249999999999999
0.1,0.0,1.0,0.48,0.052000000000000005,0.052000000000000005,0.052000000000000005
0.1,0.0,1.0,0.485,0.051500000000000004,0.051500000000000004,0.051500000000000004
0.1,0.0,1.0,0.49,0.051000000000000004,0.051000000000000004,0.051000000000000004
0.1,0.0,1.0,0.495,0.0505,0.0505,0.0505
0.1,0.0,1.0,0.5,0.05,0.05,0.05
0.1,0.0,1.0,0.505,0.0495,0.0495,0.0495
0.1,0.0,1.0,0.51,0.049,0.049,0.049
0.1,0.0,1.0,0.515,0.0485,0.0485,0.0485
0.1,0.0,1.0,0.52,0.048,0.048,0.048
0.1,0.0,1.0,0.525,0.0475,0.0475,0.0475
0.1,0.0,1.0,0.53,0.047,0.047,0.047
0.1,0.0,1.0,0.535,0.0465,0.0465,0.0465
0.1,0.0,1.0,0.54,0.046,0.046,0.046
0.1,0.0,1.0,0.545,0.0455,0.0455,0.0455
0.1,0.0,1.0,0.55,0.045,0.045,0.045
0.1,0.0,1.0,0.555,0.0445,0.0445,0.0445
0.1,0.0,1.0,0.56,0.044,0.044,0.044
0.1,0.0,1.0,0.5650000000000001,0.0435,0.0435,0.0435
0.1,0.0,1.0,0.5700000000000001,0.043,0.043,0.043
0.1,0.0,1.0,0.5750000000000001,0.042499999999999996,0.042499999999999996,0.042499999999999996
0.1,0.0,1.0,0.58,0.04200000000000001,0.04200000000000001,0.04200000000000001
0.1,0.0,1.0,0.585,0.04150000000000001,0.04150000000000001,0.04150000000000001
0.1,0.0,1.0,0.59,0.04100000000000001,0.04100000000000001,0.04100000000000001
0.1,0.0,1.0,0.595,0.04050000000000001,0.04050000000000001,0.04050000000000001
0.1,0.0,1.0,0.6,0.04000000000000001,0.04000000000000001,0.04000000000000001
0.1,0.0,1.0,0.605,0.03950000000000001,0.03950000000000001,0.03950000000000001
0.1,0.0,1.0,0.61,0.03900000000000001,0.03900000000000001,0.03900000000000001
0.1,0.0,1.0,0.615,0.038500000000000006,0.038500000000000006,0.038500000000000006
0.1,0.0,1.0,0.62,0.038000000000000006,0.038000000000000006,0.038000000000000006
0.1,0.0,1.0,0.625,0.037500000000000006,0.037500000000000006,0.037500000000000006
0.1,0.0,1.0,0.63,0.037,0.037,0.037
0.1,0.0,1.0,0.635,0.0365,0.0365,0.0365
0.1,0.0,1.0,0.64,0.036,0.036,0.036
0.1,0.0,1.0,0.645,0.0355,0.0355,0.0355
0.1,0.0,1.0,0.65,0.034999999999999996,0.034999999999999996,0.034999999999999996
0.1,0.0,1.0,0.655,0.034499999999999996,0.034499999999999996,0.034499999999999996
0.1,0.0,1.0,0.66,0.033999999999999996,0.033999999999999996,0.033999999999999996
0.1,0.0,1.0,0.665,0.033499999999999995,0.033499999999999995,0.033499999999999995
0.1,0.0,1.0,0.67,0.032999999999999995,0.032999999999999995,0.032999999999999995
0.1,0.0,1.0,0.675,0.032499999999999994,0.032499999999999994,0.032499999999999994
0.1,0.0,1.0,0.68,0.031999999999999994,0.031999999999999994,0.031999999999999994
0.1,0.0,1.0,0.685,0.03149999999999999,0.03149999999999999,0.03149999999999999
0.1,0.0,1.0,0.6900000000000001,0.030999999999999996,0.030999999999999996,0.030999999999999996
0.1,0.0,1.0,0.6950000000000001,0.030499999999999996,0.030499999999999996,0.030499999999999996
0.1,0.0,1.0,0.7000000000000001,0.029999999999999995,0.029999999999999995,0.029999999999999995
0.1,0.0,1.0,0.705,0.029500000000000005,0.029500000000000005,0.029500000000000005
0.1,0.0,1.0,0.71,0.029000000000000005,0.029000000000000005,0.029000000000000005
0.1,0.0,1.0,0.715,0.028500000000000004,0.028500000000000004,0.028500000000000004
0.1,0.0,1.0,0.72,0.028000000000000004,0.028000000000000004,0.028000000000000004
0.1,0.0,1.0,0.725,0.027500000000000004,0.027500000000000004,0.027500000000000004
0.1,0.0,1.0,0.73,0.027000000000000003,0.027000000000000003,0.027000000000000003
0.1,0.0,1.0,0.735,0.026500000000000003,0.026500000000000003,0.026500000000000003
0.1,0.0,1.0,0.74,0.026000000000000002,0.026000000000000002,0.026000000000000002
0.1,0.0,1.0,0.745,0.025500000000000002,0.025500000000000002,0.025500000000000002
0.1,0.0,1.0,0.75,0.025,0.025,0.025
0.1,0.0,1.0,0.755,0.0245,0.0245,0.0245
0.1,0.0,1.0,0.76,0.024,0.024,0.024
0.1,0.0,1.0,0.765,0.0235,0.0235,0.0235
0.1,0.0,1.0,0.77,0.023,0.023,0.023
0.1,0.0,1.0,0.775,0.0225,0.0225,0.0225
0.1,0.0,1.0,0.78,0.022,0.022,0.022
0.1,0.0,1.0,0.785,0.0215,0.0215,0.0215
0.1,0.0,1.0,0.79,0.020999999999999998,0.020999999999999998,0.020999999999999998
0.1,0.0,1.0,0.795,0.020499999999999997,0.020499999999999997,0.020499999999999997
0.1,0.0,1.0,0.8,0.019999999999999997,0.019999999999999997,0.019999999999999997
0.1,0.0,1.0,0.805,0.019499999999999997,0.019499999999999997,0.019499999999999997
0.1,0.0,1.0,0.81,0.018999999999999996,0.018999999999999996,0.018999999999999996
0.1,0.0,1.0,0.8150000000000001,0.018499999999999996,0.018499999999999996,0.018499999999999996
0.1,0.0,1.0,0.8200000000000001,0.017999999999999995,0.017999999999999995,0.017999999999999995
0.1,0.0,1.0,0.8250000000000001,0.017499999999999995,0.017499999999999995,0.017499999999999995
0.1,0.0,1.0,0.8300000000000001,0.016999999999999994,0.016999999999999994,0.016999999999999994
0.1,0.0,1.0,0.835,0.016500000000000004,0.016500000000000004,0.016500000000000004
0.1,0.0,1.0,0.84,0.016000000000000004,0.016000000000000004,0.016000000000000004
0.1,0.0,1.0,0.845,0.015500000000000003,0.015500000000000003,0.015500000000000003
0.1,0.0,1.0,0.85,0.015000000000000003,0.015000000000000003,0.015000000000000003
0.1,0.0,1.0,0.855,0.014500000000000002,0.014500000000000002,0.014500000000000002
0.1,0.0,1.0,0.86,0.014000000000000002,0.014000000000000002,0.014000000000000002
0.1,0.0,1.0,0.865,0.013500000000000002,0.013500000000000002,0.013500000000000002
0.1,0.0,1.0,0.87,0.013000000000000001,0.013000000000000001,0.013000000000000001
0.1,0.0,1.0,0.875,0.0125,0.0125,0.0125
0.1,0.0,1.0,0.88,0.012,0.012,0.012
0.1,0.0,1.0,0.885,0.0115,0.0115,0.0115
0.1,0.0,1.0,0.89,0.011,0.011,0.011
0.1,0.0,1.0,0.895,0.010499999999999999,0.010499999999999999,0.010499999999999999
0.1,0.0,1.0,0.9,0.009999999999999998,0.009999999999999998,0.009999999999999998
0.1,0.0,1.0,0.905,0.009499999999999998,0.009499999999999998,0.009499999999999998
0.1,0.0,1.0,0.91,0.008999999999999998,0.008999999999999998,0.008999999999999998
0.1,0.0,1.0,0.915,0.008499999999999997,0.008499999999999997,0.008499999999999997
0.1,0.0,1.0,0.92,0.007999999999999997,0.007999999999999997,0.007999999999999997
0.1,0.0,1.0,0.925,0.007499999999999996,0.007499999999999996,0.007499999999999996
0.1,0.0,1.0,0.93,0.006999999999999996,0.006999999999999996,0.006999999999999996
0.1,0.0,1.0,0.935,0.006499999999999995,0.006499999999999995,0.006499999999999995
0.1,0.0,1.0,0.9400000000000001,0.005999999999999995,0.005999999999999995,0.005999999999999995
0.1,0.0,1.0,0.9450000000000001,0.0054999999999999945,0.0054999999999999945,0.0054999999999999945
0.1,0.0,1.0,0.9500000000000001,0.004999999999999994,0.004999999999999994,0.004999999999999994
0.1,0.0,1.0,0.9550000000000001,0.004499999999999993,0.004499999999999993,0.004499999999999993
0.1,0.0,1.0,0.96,0.0040000000000000036,0.0040000000000000036,0.0040000000000000036
0.1,0.0,1.0,0.965,0.003500000000000003,0.003500000000000003,0.003500000000000003
0.1,0.0,1.0,0.97,0.0030000000000000027,0.0030000000000000027,0.0030000000000000027
0.1,0.0,1.0,0.975,0.0025000000000000022,0.0025000000000000022,0.0025000000000000022
0.1,0.0,1.0,0.98,0.0020000000000000018,0.0020000000000000018,0.0020000000000000018
0.1,0.0,1.0,0.985,0.0015000000000000013,0.0015000000000000013,0.0015000000000000013
0.1,0.0,1.0,0.99,0.0010000000000000009,0.0010000000000000009,0.0010000000000000009
0.1,0.0,1.0,0.995,0.0005000000000000004,0.0005000000000000004,0.0005000000000000004
0.1,0.0,1.0,1.0,0.0,0.0,0.0
0.1,0.0,0.5,0.0,0.10000000000000003,0.10000000000000003,0.10000000000000003
0.1,0.0,0.5,0.005,0.09905000000000003,0.09905000000000003,0.09905000000000003
0.1,0.0,0.5,0.01,0.09810000000000003,0.09810000000000003,0.09810000000000003
0.1,0.0,0.5,0.015,0.09715000000000001,0.09715000000000001,0.09715000000000001
0.1,0.0,0.5,0.02,0.09620000000000002,0.09620000000000002,0.09620000000000002
0.1,0.0,0.5,0.025,0.09525000000000003,0.09525000000000003,0.09525000000000003
0.1,0.0,0.5,0.03,0.09430000000000002,0.09430000000000002,0.09430000000000002
0.1,0.0,0.5,0.035,0.09335000000000002,0.09335000000000002,0.09335000000000002
0.1,0.0,0.5,0.04,0.09240000000000002,0.09240000000000002,0.09240000000000002
0.1,0.0,0.5,0.045,0.09145000000000003,0.09145000000000003,0.09145000000000003
0.1,0.0,0.5,0.05,0.09050000000000002,0.09050000000000002,0.09050000000000002
0.1,0.0,0.5,0.055,0.08955000000000002,0.08955000000000002,0.08955000000000002
0.1,0.0,0.5,0.06,0.08860000000000003,0.08860000000000003,0.08860000000000003
0.1,0.0,0.5,0.065,0.08765000000000002,0.08765000000000002,0.08765000000000002
0.1,0.0,0.5,0.07,0.08670000000000003,0.08670000000000003,0.08670000000000003
0.1,0.0,0.5,0.075,0.08575000000000002,0.08575000000000002,0.08575000000000002
0.1,0.0,0.5,0.08,0.08480000000000001,0.08480000000000001,0.08480000000000001
0.1,0.0,0.5,0.085,0.08385000000000002,0.08385000000000002,0.08385000000000002
0.1,0.0,0.5,0.09,0.08290000000000003,0.08290000000000003,0.08290000000000003
0.1,0.0,0.5,0.095,0.08195000000000002,0.08195000000000002,0.08195000000000002
0.1,0.0,0.5,0.1,0.08100000000000003,0.08100000000000003,0.08100000000000003
0.1,0.0,0.5,0.105,0.08005000000000002,0.08005000000000002,0.08005000000000002
0.1,0.0,0.5,0.11,0.07910000000000003,0.07910000000000003,0.07910000000000003
0.1,0.0,0.5,0.115,0.07815000000000001,0.07815000000000001,0.07815000000000001
0.1,0.0,0.5,0.12,0.07720000000000002,0.07720000000000002,0.07720000000000002
0.1,0.0,0.5,0.125,0.07625000000000001,0.07625000000000001,0.07625000000000001
0.1,0.0,0.5,0.13,0.07530000000000002,0.07530000000000002,0.07530000000000002
0.1,0.0,0.5,0.135,0.07435000000000003,0.07435000000000003,0.07435000000000003
0.1,0.0,0.5,0.14,0.0734,0.0734,0.0734
0.1,0.0,0.5,0.145,0.07245000000000001,0.07245000000000001,0.07245000000000001
0.1,0.0,0.5,0.15,0.07150000000000001,0.07150000000000001,0.07150000000000001
0.1,0.0,0.5,0.155,0.07055000000000002,0.07055000000000002,0.07055000000000002
0.1,0.0,0.5,0.16,0.06960000000000001,0.06960000000000001,0.06960000000000001
0.1,0.0,0.5,0.165,0.06865000000000002,0.06865000000000002,0.06865000000000002
0.1,0.0,0.5,0.17,0.06770000000000001,0.06770000000000001,0.06770000000000001
0.1,0.0,0.5,0.17500000000000002,0.06675,0.06675,0.06675
0.1,0.0,0.5,0.18,0.06580000000000003,0.06580000000000003,0.06580000000000003
0.1,0.0,0.5,0.185,0.06485000000000002,0.06485000000000002,0.06485000000000002
0.1,0.0,0.5,0.19,0.06390000000000001,0.06390000000000001,0.06390000000000001
0.1,0.0,0.5,0.195,0.06295,0.06295,0.06295
0.1,0.0,0.5,0.2,0.06200000000000001,0.06200000000000001,0.06200000000000001
0.1,0.0,0.5,0.20500000000000002,0.06105000000000001,0.06105000000000001,0.06105000000000001
0.1,0.0,0.5,0.21,0.06010000000000002,0.06010000000000002,0.06010000000000002
0.1,0.0,0.5,0.215,0.05915000000000002,0.05915000000000002,0.05915000000000002
0.1,0.0,0.5,0.22,0.05820000000000002,0.05820000000000002,0.05820000000000002
0.1,0.0,0.5,0.225,0.057250000000000016,0.057250000000000016,0.057250000000000016
0.1,0.0,0.5,0.23,0.05630000000000002,0.05630000000000002,0.05630000000000002
0.1,0.0,0.5,0.23500000000000001,0.05535000000000002,0.05535000000000002,0.05535000000000002
0.1,0.0,0.5,0.24,0.05440000000000002,0.05440000000000002,0.05440000000000002
0.1,0.0,0.5,0.245,0.05345000000000001,0.05345000000000001,0.05345000000000001
0.1,0.0,0.5,0.25,0.05250000000000001,0.05250000000000001,0.05250000000000001
0.1,0.0,0.5,0.255,0.05155000000000001,0.05155000000000001,0.05155000000000001
0.1,0.0,0.5,0.26,0.05060000000000001,0.05060000000000001,0.05060000000000001
0.1,0.0,0.5,0.265,0.049650000000000014,0.049650000000000014,0.049650000000000014
0.1,0.0,0.5,0.27,0.04870000000000001,0.04870000000000001,0.04870000000000001
0.1,0.0,0.5,0.275,0.04775000000000001,0.04775000000000001,0.04775000000000001
0.1,0.0,0.5,0.28,0.04680000000000001,0.04680000000000001,0.04680000000000001
0.1,0.0,0.5,0.28500000000000003,0.04585000000000001,0.04585000000000001,0.04585000000000001
0.1,0.0,0.5,0.29,0.044900000000000016,0.044900000000000016,0.044900000000000016
0.1,0.0,0.5,0.295,0.04395000000000002,0.04395000000000002,0.04395000000000002
0.1,0.0,0.5,0.3,0.04300000000000001,0.04300000000000001,0.04300000000000001
0.1,0.0,0.5,0.305,0.04205000000000002,0.04205000000000002,0.04205000000000002
0.1,0.0,0.5,0.31,0.04110000000000001,0.04110000000000001,0.04110000000000001
0.1,0.0,0.5,0.315,0.04015000000000001,0.04015000000000001,0.04015000000000001
0.1,0.0,0.5,0.32,0.039200000000000006,0.039200000000000006,0.039200000000000006
0.1,0.0,0.5,0.325,0.038250000000000006,0.038250000000000006,0.038250000000000006
0.1,0.0,0.5,0.33,0.03730000000000001,0.03730000000000001,0.03730000000000001
0.1,0.0,0.5,0.335,0.03635000000000001,0.03635000000000001,0.03635000000000001
0.1,0.0,0.5,0.34,0.0354,0.0354,0.0354
0.1,0.0,0.5,0.34500000000000003,0.03445,0.03445,0.03445
0.1,0.0,0.5,0.35000000000000003,0.0335,0.0335,0.0335
0.1,0.0,0.5,0.355,0.03255000000000001,0.03255000000000001,0.03255000000000001
0.1,0.0,0.5,0.36,0.03160000000000001,0.03160000000000001,0.03160000000000001
0.1,0.0,0.5,0.365,0.03065000000000001,0.03065000000000001,0.03065000000000001
0.1,0.0,0.5,0.37,0.029700000000000008,0.029700000000000008,0.029700000000000008
0.1,0.0,0.5,0.375,0.028750000000000008,0.028750000000000008,0.028750000000000008
0.1,0.0,0.5,0.38,0.027800000000000005,0.027800000000000005,0.027800000000000005
0.1,0.0,0.5,0.385,0.026850000000000006,0.026850000000000006,0.026850000000000006
0.1,0.0,0.5,0.39,0.025900000000000003,0.025900000000000003,0.025900000000000003
0.1,0.0,0.5,0.395,0.024950000000000003,0.024950000000000003,0.024950000000000003
0.1,0.0,0.5,0.4,0.024000000000000004,0.024000000000000004,0.024000000000000004
0.1,0.0,0.5,0.405,0.02305,0.02305,0.02305
0.1,0.0,0.5,0.41000000000000003,0.0221,0.0221,0.0221
0.1,0.0,0.5,0.41500000000000004,0.02115,0.02115,0.02115
0.1,0.0,0.5,0.42,0.02020000000000001,0.02020000000000001,0.02020000000000001
0.1,0.0,0.5,0.425,0.019250000000000007,0.019250000000000007,0.019250000000000007
0.1,0.0,0.5,0.43,0.018300000000000007,0.018300000000000007,0.018300000000000007
0.1,0.0,0.5,0.435,0.017350000000000004,0.017350000000000004,0.017350000000000004
0.1,0.0,0.5,0.44,0.016400000000000005,0.016400000000000005,0.016400000000000005
0.1,0.0,0.5,0.445,0.015450000000000002,0.015450000000000002,0.015450000000000002
0.1,0.0,0.5,0.45,0.014500000000000002,0.014500000000000002,0.014500000000000002
0.1,0.0,0.5,0.455,0.01355,0.01355,0.01355
0.1,0.0,0.5,0.46,0.0126,0.0126,0.0126
0.1,0.0,0.5,0.465,0.011649999999999997,0.011649999999999997,0.011649999999999997
0.1,0.0,0.5,0.47000000000000003,0.010699999999999998,0.010699999999999998,0.010699999999999998
0.1,0.0,0.5,0.47500000000000003,0.009749999999999995,0.009749999999999995,0.009749999999999995
0.1,0.0,0.5,0.48,0.008800000000000006,0.008800000000000006,0.008800000000000006
0.1,0.0,0.5,0.485,0.007850000000000005,0.007850000000000005,0.007850000000000005
0.1,0.0,0.5,0.49,0.006900000000000003,0.006900000000000003,0.006900000000000003
0.1,0.0,0.5,0.495,0.005950000000000002,0.005950000000000002,0.005950000000000002
0.1,0.0,0.5,0.5,0.005000000000000001,0.005000000000000001,0.005000000000000001
0.1,0.0,0.5,0.505,0.004950000000000001,0.004950000000000001,0.004950000000000001
0.1,0.0,0.5,0.51,0.004900000000000001,0.004900000000000001,0.004900000000000001
0.1,0.0,0.5,0.515,0.004850000000000001,0.004850000000000001,0.004850000000000001
0.1,0.0,0.5,0.52,0.0048000000000000004,0.0048000000000000004,0.0048000000000000004
0.1,0.0,0.5,0.525,0.004750000000000001,0.004750000000000001,0.004750000000000001
0.1,0.0,0.5,0.53,0.004700000000000001,0.004700000000000001,0.004700000000000001
0.1,0.0,0.5,0.535,0.0046500000000000005,0.0046500000000000005,0.0046500000000000005
0.1,0.0,0.5,0.54,0.004600000000000001,0.004600000000000001,0.004600000000000001
0.1,0.0,0.5,0.545,0.00455,0.00455,0.00455
0.1,0.0,0.5,0.55,0.0045000000000000005,0.0045000000000000005,0.0045000000000000005
0.1,0.0,0.5,0.555,0.00445,0.00445,0.00445
0.1,0.0,0.5,0.56,0.0044,0.0044,0.0044
0.1,0.0,0.5,0.5650000000000001,0.004350000000000001,0.004350000000000001,0.004350000000000001
0.1,0.0,0.5,0.5700000000000001,0.0043,0.0043,0.0043
0.1,0.0,0.5,0.5750000000000001,0.00425,0.00425,0.00425
0.1,0.0,0.5,0.58,0.0042000000000000015,0.0042000000000000015,0.0042000000000000015
0.1,0.0,0.5,0.585,0.004150000000000001,0.004150000000000001,0.004150000000000001
0.1,0.0,0.5,0.59,0.004100000000000001,0.004100000000000001,0.004100000000000001
0.1,0.0,0.5,0.595,0.004050000000000001,0.004050000000000001,0.004050000000000001
0.1,0.0,0.5,0.6,0.004000000000000001,0.004000000000000001,0.004000000000000001
0.1,0.0,0.5,0.605,0.003950000000000001,0.003950000000000001,0.003950000000000001
0.1,0.0,0.5,0.61,0.0039000000000000007,0.0039000000000000007,0.0039000000000000007
0.1,0.0,0.5,0.615,0.003850000000000001,0.003850000000000001,0.003850000000000001
0.1,0.0,0.5,0.62,0.003800000000000001,0.003800000000000001,0.003800000000000001
0.1,0.0,0.5,0.625,0.0037500000000000007,0.0037500000000000007,0.0037500000000000007
0.1,0.0,0.5,0.63,0.0037000000000000006,0.0037000000000000006,0.0037000000000000006
0.1,0.0,0.5,0.635,0.0036500000000000005,0.0036500000000000005,0.0036500000000000005
0.1,0.0,0.5,0.64,0.0036000000000000008,0.0036000000000000008,0.0036000000000000008
0.1,0.0,0.5,0.645,0.0035500000000000006,0.0035500000000000006,0.0035500000000000006
0.1,0.0,0.5,0.65,0.0035000000000000005,0.0035000000000000005,0.0035000000000000005
0.1,0.0,0.5,0.655,0.0034500000000000004,0.0034500000000000004,0.0034500000000000004
0.1,0.0,0.5,0.66,0.0034000000000000002,0.0034000000000000002,0.0034000000000000002
0.1,0.0,0.5,0.665,0.00335,0.00335,0.00335
0.1,0.0,0.5,0.67,0.0033000000000000004,0.0033000000000000004,0.0033000000000000004
0.1,0.0,0.5,0.675,0.0032500000000000003,0.0032500000000000003,0.0032500000000000003
0.1,0.0,0.5,0.68,0.0032,0.0032,0.0032
0.1,0.0,0.5,0.685,0.00315,0.00315,0.00315
0.1,0.0,0.5,0.6900000000000001,0.0031,0.0031,0.0031
0.1,0.0,0.5,0.6950000000000001,0.0030499999999999998,0.0030499999999999998,0.0030499999999999998
0.1,0.0,0.5,0.7000000000000001,0.003,0.003,0.003
0.1,0.0,0.5,0.705,0.002950000000000001,0.002950000000000001,0.002950000000000001
0.1,0.0,0.5,0.71,0.002900000000000001,0.002900000000000001,0.002900000000000001
0.1,0.0,0.5,0.715,0.002850000000000001,0.002850000000000001,0.002850000000000001
0.1,0.0,0.5,0.72,0.002800000000000001,0.002800000000000001,0.002800000000000001
0.1,0.0,0.5,0.725,0.0027500000000000007,0.0027500000000000007,0.0027500000000000007
0.1,0.0,0.5,0.73,0.0027000000000000006,0.0027000000000000006,0.0027000000000000006
0.1,0.0,0.5,0.735,0.0026500000000000004,0.0026500000000000004,0.0026500000000000004
0.1,0.0,0.5,0.74,0.0026000000000000007,0.0026000000000000007,0.0026000000000000007
0.1,0.0,0.5,0.745,0.0025500000000000006,0.0025500000000000006,0.0025500000000000006
0.1,0.0,0.5,0.75,0.0025000000000000005,0.0025000000000000005,0.0025000000000000005
0.1,0.0,0.5,0.755,0.0024500000000000004,0.0024500000000000004,0.0024500000000000004
0.1,0.0,0.5,0.76,0.0024000000000000002,0.0024000000000000002,0.0024000000000000002
0.1,0.0,0.5,0.765,0.0023500000000000005,0.0023500000000000005,0.0023500000000000005
0.1,0.0,0.5,0.77,0.0023000000000000004,0.0023000000000000004,0.0023000000000000004
0.1,0.0,0.5,0.775,0.0022500000000000003,0.0022500000000000003,0.0022500000000000003
0.1,0.0,0.5,0.78,0.0022,0.0022,0.0022
0.1,0.0,0.5,0.785,0.00215,0.00215,0.00215
0.1,0.0,0.5,0.79,0.0021,0.0021,0.0021
0.1,0.0,0.5,0.795,0.00205,0.00205,0.00205
0.1,0.0,0.5,0.8,0.002,0.002,0.002
0.1,0.0,0.5,0.805,0.00195,0.00195,0.00195
0.1,0.0,0.5,0.81,0.0018999999999999998,0.0018999999999999998,0.0018999999999999998
0.1,0.0,0.5,0.8150000000000001,0.0018499999999999999,0.0018499999999999999,0.0018499999999999999
0.1,0.0,0.5,0.8200000000000001,0.0017999999999999997,0.0017999999999999997,0.0017999999999999997
0.1,0.0,0.5,0.8250000000000001,0.0017499999999999996,0.0017499999999999996,0.0017499999999999996
0.1,0.0,0.5,0.8300000000000001,0.0016999999999999997,0.0016999999999999997,0.0016999999999999997
0.1,0.0,0.5,0.835,0.0016500000000000006,0.0016500000000000006,0.0016500000000000006
0.1,0.0,0.5,0.84,0.0016000000000000007,0.0016000000000000007,0.0016000000000000007
0.1,0.0,0.5,0.845,0.0015500000000000006,0.0015500000000000006,0.0015500000000000006
0.1,0.0,0.5,0.85,0.0015000000000000005,0.0015000000000000005,0.0015000000000000005
0.1,0.0,0.5,0.855,0.0014500000000000006,0.0014500000000000006,0.0014500000000000006
0.1,0.0,0.5,0.86,0.0014000000000000004,0.0014000000000000004,0.0014000000000000004
0.1,0.0,0.5,0.865,0.0013500000000000003,0.0013500000000000003,0.0013500000000000003
0.1,0.0,0.5,0.87,0.0013000000000000004,0.0013000000000000004,0.0013000000000000004
0.1,0.0,0.5,0.875,0.0012500000000000002,0.0012500000000000002,0.0012500000000000002
0.1,0.0,0.5,0.88,0.0012000000000000001,0.0012000000000000001,0.0012000000000000001
0.1,0.0,0.5,0.885,0.0011500000000000002,0.0011500000000000002,0.0011500000000000002
0.1,0.0,0.5,0.89,0.0011,0.0011,0.0011
0.1,0.0,0.5,0.895,0.00105,0.00105,0.00105
0.1,0.0,0.5,0.9,0.001,0.001,0.001
0.1,0.0,0.5,0.905,0.0009499999999999999,0.0009499999999999999,0.0009499999999999999
0.1,0.0,0.5,0.91,0.0008999999999999999,0.0008999999999999999,0.0008999999999999999
0.1,0.0,0.5,0.915,0.0008499999999999998,0.0008499999999999998,0.0008499999999999998
0.1,0.0,0.5,0.92,0.0007999999999999997,0.0007999999999999997,0.0007999999999999997
0.1,0.0,0.5,0.925,0.0007499999999999997,0.0007499999999999997,0.0007499999999999997
0.1,0.0,0.5,0.93,0.0006999999999999997,0.0006999999999999997,0.0006999999999999997
0.1,0.0,0.5,0.935,0.0006499999999999996,0.0006499999999999996,0.0006499999999999996
0.1,0.0,0.5,0.9400000000000001,0.0005999999999999995,0.0005999999999999995,0.0005999999999999995
0.1,0.0,0.5,0.9450000000000001,0.0005499999999999995,0.0005499999999999995,0.0005499999999999995
0.1,0.0,0.5,0.9500000000000001,0.0004999999999999995,0.0004999999999999995,0.0004999999999999995
0.1,0.0,0.5,0.9550000000000001,0.0004499999999999994,0.0004499999999999994,0.0004499999999999994
0.1,0.0,0.5,0.96,0.00040000000000000045,0.00040000000000000045,0.00040000000000000045
0.1,0.0,0.5,0.965,0.0003500000000000004,0.0003500000000000004,0.0003500000000000004
0.1,0.0,0.5,0.97,0.0003000000000000003,0.0003000000000000003,0.0003000000000000003
0.1,0.0,0.5,0.975,0.0002500000000000003,0.0002500000000000003,0.0002500000000000003
0.1,0.0,0.5,0.98,0.00020000000000000023,0.00020000000000000023,0.00020000000000000023
0.1,0.0,0.5,0.985,0.00015000000000000015,0.00015000000000000015,0.00015000000000000015
0.1,0.0,0.5,0.99,0.00010000000000000011,0.00010000000000000011,0.00010000000000000011
0.1,0.0,0.5,0.995,5.0000000000000057e-05,5.0000000000000057e-05,5.0000000000000057e-05
0.1,0.0,0.5,1.0,0.0,0.0,0.0
0.1,0.0,0.2,0.0,0.09999999999999996,0.09999999999999996,0.09999999999999996
0.1,0.0,0.2,0.005,0.09795244999999997,0.09795244999999997,0.09795244999999997
0.1,0.0,0.2,0.01,0.09590489999999996,0.09590489999999996,0.09590489999999996
0.1,0.0,0.2,0.015,0.09385734999999998,0.09385734999999998,0.09385734999999998
0.1,0.0,0.2,0.02,0.09180979999999998,0.09180979999999998,0.09180979999999998
0.1,0.0,0.2,0.025,0.08976224999999997,0.08976224999999997,0.08976224999999997
0.1,0.0,0.2,0.03,0.08771469999999998,0.08771469999999998,0.08771469999999998
0.1,0.0,0.2,0.035,0.08566714999999997,0.08566714999999997,0.08566714999999997
0.1,0.0,0.2,0.04,0.08361959999999997,0.08361959999999997,0.08361959999999997
0.1,0.0,0.2,0.045,0.08157204999999998,0.08157204999999998,0.08157204999999998
0.1,0.0,0.2,0.05,0.0795245,0.0795245,0.0795245
0.1,0.0,0.2,0.055,0.07747694999999999,0.07747694999999999,0.07747694999999999
0.1,0.0,0.2,0.06,0.07542939999999998,0.07542939999999998,0.07542939999999998
0.1,0.0,0.2,0.065,0.07338184999999998,0.07338184999999998,0.07338184999999998
0.1,0.0,0.2,0.07,0.07133429999999998,0.07133429999999998,0.07133429999999998
0.1,0.0,0.2,0.075,0.06928674999999998,0.06928674999999998,0.06928674999999998
0.1,0.0,0.2,0.08,0.06723919999999999,0.06723919999999999,0.06723919999999999
0.1,0.0,0.2,0.085,0.06519164999999998,0.06519164999999998,0.06519164999999998
0.1,0.0,0.2,0.09,0.06314409999999998,0.06314409999999998,0.06314409999999998
0.1,0.0,0.2,0.095,0.061096549999999986,0.061096549999999986,0.061096549999999986
0.1,0.0,0.2,0.1,0.05904899999999998,0.05904899999999998,0.05904899999999998
0.1,0.0,0.2,0.105,0.057001449999999995,0.057001449999999995,0.057001449999999995
0.1,0.0,0.2,0.11,0.054953899999999986,0.054953899999999986,0.054953899999999986
0.1,0.0,0.2,0.115,0.05290634999999999,0.05290634999999999,0.05290634999999999
0.1,0.0,0.2,0.12,0.05085879999999999,0.05085879999999999,0.05085879999999999
0.1,0.0,0.2,0.125,0.04881124999999999,0.04881124999999999,0.04881124999999999
0.1,0.0,0.2,0.13,0.04676369999999999,0.04676369999999999,0.04676369999999999
0.1,0.0,0.2,0.135,0.04471614999999998,0.04471614999999998,0.04471614999999998
0.1,0.0,0.2,0.14,0.04266859999999999,0.04266859999999999,0.04266859999999999
0.1,0.0,0.2,0.145,0.04062104999999999,0.04062104999999999,0.04062104999999999
0.1,0.0,0.2,0.15,0.0385735,0.0385735,0.0385735
0.1,0.0,0.2,0.155,0.03652594999999999,0.03652594999999999,0.03652594999999999
0.1,0.0,0.2,0.16,0.03447839999999999,0.03447839999999999,0.03447839999999999
0.1,0.0,0.2,0.165,0.03243084999999999,0.03243084999999999,0.03243084999999999
0.1,0.0,0.2,0.17,0.030383299999999988,0.030383299999999988,0.030383299999999988
0.1,0.0,0.2,0.17500000000000002,0.028335749999999986,0.028335749999999986,0.028335749999999986
0.1,0.0,0.2,0.18,0.026288199999999998,0.026288199999999998,0.026288199999999998
0.1,0.0,0.2,0.185,0.024240649999999992,0.024240649999999992,0.024240649999999992
0.1,0.0,0.2,0.19,0.022193099999999993,0.022193099999999993,0.022193099999999993
0.1,0.0,0.2,0.195,0.02014554999999999,0.02014554999999999,0.02014554999999999
0.1,0.0,0.2,0.2,0.01809799999999999,0.01809799999999999,0.01809799999999999
0.1,0.0,0.2,0.20500000000000002,0.01769069999999999,0.01769069999999999,0.01769069999999999
0.1,0.0,0.2,0.21,0.017283399999999994,0.017283399999999994,0.017283399999999994
0.1,0.0,0.2,0.215,0.016876099999999995,0.016876099999999995,0.016876099999999995
0.1,0.0,0.2,0.22,0.016468799999999995,0.016468799999999995,0.016468799999999995
0.1,0.0,0.2,0.225,0.016061499999999992,0.016061499999999992,0.016061499999999992
0.1,0.0,0.2,0.23,0.015654199999999993,0.015654199999999993,0.015654199999999993
0.1,0.0,0.2,0.23500000000000001,0.015246899999999992,0.015246899999999992,0.015246899999999992
0.1,0.0,0.2,0.24,0.014839599999999994,0.014839599999999994,0.014839599999999994
0.1,0.0,0.2,0.245,0.014432299999999993,0.014432299999999993,0.014432299999999993
0.1,0.0,0.2,0.25,0.014024999999999996,0.014024999999999996,0.014024999999999996
0.1,0.0,0.2,0.255,0.013617699999999996,0.013617699999999996,0.013617699999999996
0.1,0.0,0.2,0.26,0.013210399999999995,0.013210399999999995,0.013210399999999995
0.1,0.0,0.2,0.265,0.012803099999999994,0.012803099999999994,0.012803099999999994
0.1,0.0,0.2,0.27,0.012395799999999993,0.012395799999999993,0.012395799999999993
0.1,0.0,0.2,0.275,0.011988499999999994,0.011988499999999994,0.011988499999999994
0.1,0.0,0.2,0.28,0.011581199999999993,0.011581199999999993,0.011581199999999993
0.1,0.0,0.2,0.28500000000000003,0.011173899999999994,0.011173899999999994,0.011173899999999994
0.1,0.0,0.2,0.29,0.0107666,0.0107666,0.0107666
0.1,0.0,0.2,0.295,0.010359299999999997,0.010359299999999997,0.010359299999999997
0.1,0.0,0.2,0.3,0.009951999999999999,0.009951999999999999,0.009951999999999999
0.1,0.0,0.2,0.305,0.009544699999999998,0.009544699999999998,0.009544699999999998
0.1,0.0,0.2,0.31,0.009137399999999997,0.009137399999999997,0.009137399999999997
0.1,0.0,0.2,0.315,0.008730099999999998,0.008730099999999998,0.008730099999999998
0.1,0.0,0.2,0.32,0.008322799999999997,0.008322799999999997,0.008322799999999997
0.1,0.0,0.2,0.325,0.007915499999999997,0.007915499999999997,0.007915499999999997
0.1,0.0,0.2,0.33,0.007508199999999998,0.007508199999999998,0.007508199999999998
0.1,0.0,0.2,0.335,0.007100899999999997,0.007100899999999997,0.007100899999999997
0.1,0.0,0.2,0.34,0.006693599999999996,0.006693599999999996,0.006693599999999996
0.1,0.0,0.2,0.34500000000000003,0.006286299999999996,0.006286299999999996,0.006286299999999996
0.1,0.0,0.2,0.35000000000000003,0.005878999999999997,0.005878999999999997,0.005878999999999997
0.1,0.0,0.2,0.355,0.005471700000000001,0.005471700000000001,0.005471700000000001
0.1,0.0,0.2,0.36,0.0050644,0.0050644,0.0050644
0.1,0.0,0.2,0.365,0.004657100000000001,0.004657100000000001,0.004657100000000001
0.1,0.0,0.2,0.37,0.004249800000000001,0.004249800000000001,0.004249800000000001
0.1,0.0,0.2,0.375,0.0038425000000000004,0.0038425000000000004,0.0038425000000000004
0.1,0.0,0.2,0.38,0.0034352000000000002,0.0034352000000000002,0.0034352000000000002
0.1,0.0,0.2,0.385,0.0030279,0.0030279,0.0030279
0.1,0.0,0.2,0.39,0.0026206000000000003,0.0026206000000000003,0.0026206000000000003
0.1,0.0,0.2,0.395,0.0022133,0.0022133,0.0022133
0.1,0.0,0.2,0.4,0.0018059999999999999,0.0018059999999999999,0.0018059999999999999
0.1,0.0,0.2,0.405,0.0017632,0.0017632,0.0017632
0.1,0.0,0.2,0.41000000000000003,0.0017204,0.0017204,0.0017204
0.1,0.0,0.2,0.41500000000000004,0.0016775999999999998,0.0016775999999999998,0.0016775999999999998
0.1,0.0,0.2,0.42,0.0016348,0.0016348,0.0016348
0.1,0.0,0.2,0.425,0.001592,0.001592,0.001592
0.1,0.0,0.2,0.43,0.0015492000000000001,0.0015492000000000001,0.0015492000000000001
0.1,0.0,0.2,0.435,0.0015064000000000002,0.0015064000000000002,0.0015064000000000002
0.1,0.0,0.2,0.44,0.0014636,0.0014636,0.0014636
0.1,0.0,0.2,0.445,0.0014207999999999998,0.0014207999999999998,0.0014207999999999998
0.1,0.0,0.2,0.45,0.0013779999999999999,0.0013779999999999999,0.0013779999999999999
0.1,0.0,0.2,0.455,0.0013352,0.0013352,0.0013352
0.1,0.0,0.2,0.46,0.0012923999999999998,0.0012923999999999998,0.0012923999999999998
0.1,0.0,0.2,0.465,0.0012496,0.0012496,0.0012496
0.1,0.0,0.2,0.47000000000000003,0.0012067999999999996,0.0012067999999999996,0.0012067999999999996
0.1,0.0,0.2,0.47500000000000003,0.0011639999999999997,0.0011639999999999997,0.0011639999999999997
0.1,0.0,0.2,0.48,0.0011212000000000001,0.0011212000000000001,0.0011212000000000001
0.1,0.0,0.2,0.485,0.0010784,0.0010784,0.0010784
0.1,0.0,0.2,0.49,0.0010356,0.0010356,0.0010356
0.1,0.0,0.2,0.495,0.0009928,0.0009928,0.0009928
0.1,0.0,0.2,0.5,0.00095,0.00095,0.00095
0.1,0.0,0.2,0.505,0.0009071999999999999,0.0009071999999999999,0.0009071999999999999
0.1,0.0,0.2,0.51,0.0008643999999999998,0.0008643999999999998,0.0008643999999999998
0.1,0.0,0.2,0.515,0.0008215999999999999,0.0008215999999999999,0.0008215999999999999
0.1,0.0,0.2,0.52,0.0007787999999999998,0.0007787999999999998,0.0007787999999999998
0.1,0.0,0.2,0.525,0.0007359999999999997,0.0007359999999999997,0.0007359999999999997
0.1,0.0,0.2,0.53,0.0006931999999999996,0.0006931999999999996,0.0006931999999999996
0.1,0.0,0.2,0.535,0.0006503999999999997,0.0006503999999999997,0.0006503999999999997
0.1,0.0,0.2,0.54,0.0006075999999999996,0.0006075999999999996,0.0006075999999999996
0.1,0.0,0.2,0.545,0.0005647999999999995,0.0005647999999999995,0.0005647999999999995
0.1,0.0,0.2,0.55,0.0005219999999999996,0.0005219999999999996,0.0005219999999999996
0.1,0.0,0.2,0.555,0.0004791999999999995,0.0004791999999999995,0.0004791999999999995
0.1,0.0,0.2,0.56,0.0004363999999999994,0.0004363999999999994,0.0004363999999999994
0.1,0.0,0.2,0.5650000000000001,0.00039359999999999943,0.00039359999999999943,0.00039359999999999943
0.1,0.0,0.2,0.5700000000000001,0.0003507999999999993,0.0003507999999999993,0.0003507999999999993
0.1,0.0,0.2,0.5750000000000001,0.0003079999999999993,0.0003079999999999993,0.0003079999999999993
0.1,0.0,0.2,0.58,0.00026520000000000016,0.00026520000000000016,0.00026520000000000016
0.1,0.0,0.2,0.585,0.00022240000000000015,0.00022240000000000015,0.00022240000000000015
0.1,0.0,0.2,0.59,0.0001796000000000001,0.0001796000000000001,0.0001796000000000001
0.1,0.0,0.2,0.595,0.00013680000000000007,0.00013680000000000007,0.00013680000000000007
0.1,0.0,0.2,0.6,9.400000000000002e-05,9.400000000000002e-05,9.400000000000002e-05
0.1,0.0,0.2,0.605,9.170000000000002e-05,9.170000000000002e-05,9.170000000000002e-05
0.1,0.0,0.2,0.61,8.940000000000002e-05,8.940000000000002e-05,8.940000000000002e-05
0.1,0.0,0.2,0.615,8.710000000000002e-05,8.710000000000002e-05,8.710000000000002e-05
0.1,0.0,0.2,0.62,8.48e-05,8.48e-05,8.48e-05
0.1,0.0,0.2,0.625,8.25e-05,8.25e-05,8.25e-05
0.1,0.0,0.2,0.63,8.02e-05,8.02e-05,8.02e-05
0.1,0.0,0.2,0.635,7.79e-05,7.79e-05,7.79e-05
0.1,0.0,0.2,0.64,7.560000000000001e-05,7.560000000000001e-05,7.560000000000001e-05
0.1,0.0,0.2,0.645,7.33e-05,7.33e-05,7.33e-05
0.1,0.0,0.2,0.65,7.1e-05,7.1e-05,7.1e-05
0.1,0.0,0.2,0.655,6.87e-05,6.87e-05,6.87e-05
0.1,0.0,0.2,0.66,6.64e-05,6.64e-05,6.64e-05
0.1,0.0,0.2,0.665,6.41e-05,6.41e-05,6.41e-05
0.1,0.0,0.2,0.67,6.18e-05,6.18e-05,6.18e-05
0.1,0.0,0.2,0.675,5.949999999999999e-05,5.949999999999999e-05,5.949999999999999e-05
0.1,0.0,0.2,0.68,5.7199999999999994e-05,5.7199999999999994e-05,5.7199999999999994e-05
0.1,0.0,0.2,0.685,5.489999999999999e-05,5.489999999999999e-05,5.489999999999999e-05
0.1,0.0,0.2,0.6900000000000001,5.2599999999999984e-05,5.2599999999999984e-05,5.2599999999999984e-05
0.1,0.0,0.2,0.6950000000000001,5.029999999999998e-05,5.029999999999998e-05,5.029999999999998e-05
0.1,0.0,0.2,0.7000000000000001,4.799999999999998e-05,4.799999999999998e-05,4.799999999999998e-05
0.1,0.0,0.2,0.705,4.5700000000000033e-05,4.5700000000000033e-05,4.5700000000000033e-05
0.1,0.0,0.2,0.71,4.340000000000003e-05,4.340000000000003e-05,4.340000000000003e-05
0.1,0.0,0.2,0.715,4.110000000000003e-05,4.110000000000003e-05,4.110000000000003e-05
0.1,0.0,0.2,0.72,3.880000000000003e-05,3.880000000000003e-05,3.880000000000003e-05
0.1,0.0,0.2,0.725,3.650000000000003e-05,3.650000000000003e-05,3.650000000000003e-05
0.1,0.0,0.2,0.73,3.420000000000002e-05,3.420000000000002e-05,3.420000000000002e-05
0.1,0.0,0.2,0.735,3.190000000000002e-05,3.190000000000002e-05,3.190000000000002e-05
0.1,0.0,0.2,0.74,2.960000000000002e-05,2.960000000000002e-05,2.960000000000002e-05
0.1,0.0,0.2,0.745,2.730000000000002e-05,2.730000000000002e-05,2.730000000000002e-05
0.1,0.0,0.2,0.75,2.5000000000000015e-05,2.5000000000000015e-05,2.5000000000000015e-05
0.1,0.0,0.2,0.755,2.2700000000000016e-05,2.2700000000000016e-05,2.2700000000000016e-05
0.1,0.0,0.2,0.76,2.0400000000000015e-05,2.0400000000000015e-05,2.0400000000000015e-05
0.1,0.0,0.2,0.765,1.810000000000001e-05,1.810000000000001e-05,1.810000000000001e-05
0.1,0.0,0.2,0.77,1.580000000000001e-05,1.580000000000001e-05,1.580000000000001e-05
0.1,0.0,0.2,0.775,1.3500000000000008e-05,1.3500000000000008e-05,1.3500000000000008e-05
0.1,0.0,0.2,0.78,1.1200000000000008e-05,1.1200000000000008e-05,1.1200000000000008e-05
0.1,0.0,0.2,0.785,8.900000000000005e-06,8.900000000000005e-06,8.900000000000005e-06
0.1,0.0,0.2,0.79,6.600000000000004e-06,6.600000000000004e-06,6.600000000000004e-06
0.1,0.0,0.2,0.795,4.300000000000002e-06,4.300000000000002e-06,4.300000000000002e-06
0.1,0.0,0.2,0.8,2e-06,2e-06,2e-06
0.1,0.0,0.2,0.805,1.95e-06,1.95e-06,1.95e-06
0.1,0.0,0.2,0.81,1.9e-06,1.9e-06,1.9e-06
0.1,0.0,0.2,0.8150000000000001,1.8499999999999999e-06,1.8499999999999999e-06,1.8499999999999999e-06
0.1,0.0,0.2,0.8200000000000001,1.8e-06,1.8e-06,1.8e-06
0.1,0.0,0.2,0.8250000000000001,1.7499999999999998e-06,1.7499999999999998e-06,1.7499999999999998e-06
0.1,0.0,0.2,0.8300000000000001,1.6999999999999998e-06,1.6999999999999998e-06,1.6999999999999998e-06
0.1,0.0,0.2,0.835,1.6500000000000007e-06,1.6500000000000007e-06,1.6500000000000007e-06
0.1,0.0,0.2,0.84,1.6000000000000008e-06,1.6000000000000008e-06,1.6000000000000008e-06
0.1,0.0,0.2,0.845,1.5500000000000006e-06,1.5500000000000006e-06,1.5500000000000006e-06
0.1,0.0,0.2,0.85,1.5000000000000007e-06,1.5000000000000007e-06,1.5000000000000007e-06
0.1,0.0,0.2,0.855,1.4500000000000005e-06,1.4500000000000005e-06,1.4500000000000005e-06
0.1,0.0,0.2,0.86,1.4000000000000006e-06,1.4000000000000006e-06,1.4000000000000006e-06
0.1,0.0,0.2,0.865,1.3500000000000004e-06,1.3500000000000004e-06,1.3500000000000004e-06
0.1,0.0,0.2,0.87,1.3000000000000005e-06,1.3000000000000005e-06,1.3000000000000005e-06
0.1,0.0,0.2,0.875,1.2500000000000003e-06,1.2500000000000003e-06,1.2500000000000003e-06
0.1,0.0,0.2,0.88,1.2000000000000002e-06,1.2000000000000002e-06,1.2000000000000002e-06
0.1,0.0,0.2,0.885,1.1500000000000002e-06,1.1500000000000002e-06,1.1500000000000002e-06
0.1,0.0,0.2,0.89,1.1e-06,1.1e-06,1.1e-06
0.1,0.0,0.2,0.895,1.0500000000000001e-06,1.0500000000000001e-06,1.0500000000000001e-06
0.1,0.0,0.2,0.9,1e-06,1e-06,1e-06
0.1,0.0,0.2,0.905,9.5e-07,9.5e-07,9.5e-07
0.1,0.0,0.2,0.91,9e-07,9e-07,9e-07
0.1,0.0,0.2,0.915,8.499999999999999e-07,8.499999999999999e-07,8.499999999999999e-07
0.1,0.0,0.2,0.92,7.999999999999998e-07,7.999999999999998e-07,7.999999999999998e-07
0.1,0.0,0.2,0.925,7.499999999999997e-07,7.499999999999997e-07,7.499999999999997e-07
0.1,0.0,0.2,0.93,6.999999999999997e-07,6.999999999999997e-07,6.999999999999997e-07
0.1,0.0,0.2,0.935,6.499999999999996e-07,6.499999999999996e-07,6.499999999999996e-07
0.1,0.0,0.2,0.9400000000000001,5.999999999999995e-07,5.999999999999995e-07,5.999999999999995e-07
0.1,0.0,0.2,0.9450000000000001,5.499999999999995e-07,5.499999999999995e-07,5.499999999999995e-07
0.1,0.0,0.2,0.9500000000000001,4.999999999999994e-07,4.999999999999994e-07,4.999999999999994e-07
0.1,0.0,0.2,0.9550000000000001,4.499999999999994e-07,4.499999999999994e-07,4.499999999999994e-07
0.1,0.0,0.2,0.96,4.0000000000000046e-07,4.0000000000000046e-07,4.0000000000000046e-07
0.1,0.0,0.2,0.965,3.500000000000004e-07,3.500000000000004e-07,3.500000000000004e-07
0.1,0.0,0.2,0.97,3.0000000000000036e-07,3.0000000000000036e-07,3.0000000000000036e-07
0.1,0.0,0.2,0.975,2.500000000000003e-07,2.500000000000003e-07,2.500000000000003e-07
0.1,0.0,0.2,0.98,2.0000000000000023e-07,2.0000000000000023e-07,2.0000000000000023e-07
0.1,0.0,0.2,0.985,1.5000000000000018e-07,1.5000000000000018e-07,1.5000000000000018e-07
0.1,0.0,0.2,0.99,1.0000000000000011e-07,1.0000000000000011e-07,1.0000000000000011e-07
0.1,0.0,0.2,0.995,5.000000000000006e-08,5.000000000000006e-08,5.000000000000006e-08
0.1,0.0,0.2,1.0,0.0,0.0,0.0
0.1,0.0,0.1,0.0,0.10000000000000007,0.10000000000000007,0.10000000000000007
0.1,0.0,0.1,0.005,0.09674339220050006,0.09674339220050006,0.09674339220050006
0.1,0.0,0.1,0.01,0.09348678440100006,0.09348678440100006,0.09348678440100006
0.1,0.0,0.1,0.015,0.09023017660150007,0.09023017660150007,0.09023017660150007
0.1,0.0,0.1,0.02,0.08697356880200006,0.08697356880200006,0.08697356880200006
0.1,0.0,0.1,0.025,0.08371696100250006,0.08371696100250006,0.08371696100250006
0.1,0.0,0.1,0.03,0.08046035320300007,0.08046035320300007,0.08046035320300007
0.1,0.0,0.1,0.035,0.07720374540350006,0.07720374540350006,0.07720374540350006
0.1,0.0,0.1,0.04,0.07394713760400005,0.07394713760400005,0.07394713760400005
0.1,0.0,0.1,0.045,0.07069052980450005,0.07069052980450005,0.07069052980450005
0.1,0.0,0.1,0.05,0.06743392200500006,0.06743392200500006,0.06743392200500006
0.1,0.0,0.1,0.055,0.06417731420550005,0.06417731420550005,0.06417731420550005
0.1,0.0,0.1,0.06,0.06092070640600006,0.06092070640600006,0.06092070640600006
0.1,0.0,0.1,0.065,0.05766409860650005,0.05766409860650005,0.05766409860650005
0.1,0.0,0.1,0.07,0.05440749080700004,0.05440749080700004,0.05440749080700004
0.1,0.0,0.1,0.075,0.05115088300750004,0.05115088300750004,0.05115088300750004
0.1,0.0,0.1,0.08,0.04789427520800004,0.04789427520800004,0.04789427520800004
0.1,0.0,0.1,0.085,0.04463766740850004,0.04463766740850004,0.04463766740850004
0.1,0.0,0.1,0.09,0.04138105960900004,0.04138105960900004,0.04138105960900004
0.1,0.0,0.1,0.095,0.03812445180950003,0.03812445180950003,0.03812445180950003
0.1,0.0,0.1,0.1,0.03486784401000003,0.03486784401000003,0.03486784401000003
0.1,0.0,0.1,0.105,0.03354833865550003,0.03354833865550003,0.03354833865550003
0.1,0.0,0.1,0.11,0.03222883330100003,0.03222883330100003,0.03222883330100003
0.1,0.0,0.1,0.115,0.03090932794650003,0.03090932794650003,0.03090932794650003
0.1,0.0,0.1,0.12,0.029589822592000027,0.029589822592000027,0.029589822592000027
0.1,0.0,0.1,0.125,0.028270317237500023,0.028270317237500023,0.028270317237500023
0.1,0.0,0.1,0.13,0.026950811883000025,0.026950811883000025,0.026950811883000025
0.1,0.0,0.1,0.135,0.02563130652850002,0.02563130652850002,0.02563130652850002
0.1,0.0,0.1,0.14,0.024311801174000017,0.024311801174000017,0.024311801174000017
0.1,0.0,0.1,0.145,0.022992295819500026,0.022992295819500026,0.022992295819500026
0.1,0.0,0.1,0.15,0.021672790465000022,0.021672790465000022,0.021672790465000022
0.1,0.0,0.1,0.155,0.020353285110500018,0.020353285110500018,0.020353285110500018
0.1,0.0,0.1,0.16,0.019033779756000017,0.019033779756000017,0.019033779756000017
0.1,0.0,0.1,0.165,0.017714274401500016,0.017714274401500016,0.017714274401500016
0.1,0.0,0.1,0.17,0.01639476904700001,0.01639476904700001,0.01639476904700001
0.1,0.0,0.1,0.17500000000000002,0.015075263692500009,0.015075263692500009,0.015075263692500009
0.1,0.0,0.1,0.18,0.013755758338000013,0.013755758338000013,0.013755758338000013
0.1,0.0,0.1,0.185,0.012436252983500012,0.012436252983500012,0.012436252983500012
0.1,0.0,0.1,0.19,0.011116747629000008,0.011116747629000008,0.011116747629000008
0.1,0.0,0.1,0.195,0.009797242274500007,0.009797242274500007,0.009797242274500007
0.1,0.0,0.1,0.2,0.008477736920000003,0.008477736920000003,0.008477736920000003
0.1,0.0,0.1,0.20500000000000002,0.008126782788000005,0.008126782788000005,0.008126782788000005
0.1,0.0,0.1,0.21,0.007775828656000005,0.007775828656000005,0.007775828656000005
0.1,0.0,0.1,0.215,0.0074248745240000046,0.0074248745240000046,0.0074248745240000046
0.1,0.0,0.1,0.22,0.007073920392000003,0.007073920392000003,0.007073920392000003
0.1,0.0,0.1,0.225,0.006722966260000003,0.006722966260000003,0.006722966260000003
0.1,0.0,0.1,0.23,0.006372012128000003,0.006372012128000003,0.006372012128000003
0.1,0.0,0.1,0.23500000000000001,0.006021057996000003,0.006021057996000003,0.006021057996000003
0.1,0.0,0.1,0.24,0.005670103864000004,0.005670103864000004,0.005670103864000004
0.1,0.0,0.1,0.245,0.005319149732000004,0.005319149732000004,0.005319149732000004
0.1,0.0,0.1,0.25,0.004968195600000003,0.004968195600000003,0.004968195600000003
0.1,0.0,0.1,0.255,0.004617241468000003,0.004617241468000003,0.004617241468000003
0.1,0.0,0.1,0.26,0.004266287336000002,0.004266287336000002,0.004266287336000002
0.1,0.0,0.1,0.265,0.003915333204000001,0.003915333204000001,0.003915333204000001
0.1,0.0,0.1,0.27,0.003564379072000001,0.003564379072000001,0.003564379072000001
0.1,0.0,0.1,0.275,0.0032134249400000005,0.0032134249400000005,0.0032134249400000005
0.1,0.0,0.1,0.28,0.002862470808,0.002862470808,0.002862470808
0.1,0.0,0.1,0.28500000000000003,0.0025115166759999996,0.0025115166759999996,0.0025115166759999996
0.1,0.0,0.1,0.29,0.002160562544000003,0.002160562544000003,0.002160562544000003
0.1,0.0,0.1,0.295,0.0018096084120000024,0.0018096084120000024,0.0018096084120000024
0.1,0.0,0.1,0.3,0.001458654280000002,0.001458654280000002,0.001458654280000002
0.1,0.0,0.1,0.305,0.001394678288000002,0.001394678288000002,0.001394678288000002
0.1,0.0,0.1,0.31,0.0013307022960000016,0.0013307022960000016,0.0013307022960000016
0.1,0.0,0.1,0.315,0.0012667263040000015,0.0012667263040000015,0.0012667263040000015
0.1,0.0,0.1,0.32,0.0012027503120000014,0.0012027503120000014,0.0012027503120000014
0.1,0.0,0.1,0.325,0.0011387743200000013,0.0011387743200000013,0.0011387743200000013
0.1,0.0,0.1,0.33,0.0010747983280000011,0.0010747983280000011,0.0010747983280000011
0.1,0.0,0.1,0.335,0.001010822336000001,0.001010822336000001,0.001010822336000001
0.1,0.0,0.1,0.34,0.0009468463440000008,0.0009468463440000008,0.0009468463440000008
0.1,0.0,0.1,0.34500000000000003,0.0008828703520000008,0.0008828703520000008,0.0008828703520000008
0.1,0.0,0.1,0.35000000000000003,0.0008188943600000006,0.0008188943600000006,0.0008188943600000006
0.1,0.0,0.1,0.355,0.0007549183680000013,0.0007549183680000013,0.0007549183680000013
0.1,0.0,0.1,0.36,0.0006909423760000012,0.0006909423760000012,0.0006909423760000012
0.1,0.0,0.1,0.365,0.0006269663840000009,0.0006269663840000009,0.0006269663840000009
0.1,0.0,0.1,0.37,0.0005629903920000008,0.0005629903920000008,0.0005629903920000008
0.1,0.0,0.1,0.375,0.0004990144000000007,0.0004990144000000007,0.0004990144000000007
0.1,0.0,0.1,0.38,0.00043503840800000054,0.00043503840800000054,0.00043503840800000054
0.1,0.0,0.1,0.385,0.0003710624160000004,0.0003710624160000004,0.0003710624160000004
0.1,0.0,0.1,0.39,0.0003070864240000003,0.0003070864240000003,0.0003070864240000003
0.1,0.0,0.1,0.395,0.00024311043200000017,0.00024311043200000017,0.00024311043200000017
0.1,0.0,0.1,0.4,0.00017913444,0.00017913444,0.00017913444
0.1,0.0,0.1,0.405,0.00017095975300000001,0.00017095975300000001,0.00017095975300000001
0.1,0.0,0.1,0.41000000000000003,0.00016278506600000001,0.00016278506600000001,0.00016278506600000001
0.1,0.0,0.1,0.41500000000000004,0.00015461037899999996,0.00015461037899999996,0.00015461037899999996
0.1,0.0,0.1,0.42,0.00014643569200000007,0.00014643569200000007,0.00014643569200000007
0.1,0.0,0.1,0.425,0.00013826100500000004,0.00013826100500000004,0.00013826100500000004
0.1,0.0,0.1,0.43,0.00013008631800000004,0.00013008631800000004,0.00013008631800000004
0.1,0.0,0.1,0.435,0.00012191163100000005,0.00012191163100000005,0.00012191163100000005
0.1,0.0,0.1,0.44,0.00011373694400000003,0.00011373694400000003,0.00011373694400000003
0.1,0.0,0.1,0.445,0.00010556225700000002,0.00010556225700000002,0.00010556225700000002
0.1,0.0,0.1,0.45,9.738757000000001e-05,9.738757000000001e-05,9.738757000000001e-05
0.1,0.0,0.1,0.455,8.921288300000001e-05,8.921288300000001e-05,8.921288300000001e-05
0.1,0.0,0.1,0.46,8.1038196e-05,8.1038196e-05,8.1038196e-05
0.1,0.0,0.1,0.465,7.286350899999998e-05,7.286350899999998e-05,7.286350899999998e-05
0.1,0.0,0.1,0.47000000000000003,6.468882199999997e-05,6.468882199999997e-05,6.468882199999997e-05
0.1,0.0,0.1,0.47500000000000003,5.651413499999996e-05,5.651413499999996e-05,5.651413499999996e-05
0.1,0.0,0.1,0.48,4.833944800000005e-05,4.833944800000005e-05,4.833944800000005e-05
0.1,0.0,0.1,0.485,4.016476100000004e-05,4.016476100000004e-05,4.016476100000004e-05
0.1,0.0,0.1,0.49,3.1990074000000027e-05,3.1990074000000027e-05,3.1990074000000027e-05
0.1,0.0,0.1,0.495,2.381538700000002e-05,2.381538700000002e-05,2.381538700000002e-05
0.1,0.0,0.1,0.5,1.5640700000000014e-05,1.5640700000000014e-05,1.5640700000000014e-05
0.1,0.0,0.1,0.505,1.4906187000000011e-05,1.4906187000000011e-05,1.4906187000000011e-05
0.1,0.0,0.1,0.51,1.4171674000000011e-05,1.4171674000000011e-05,1.4171674000000011e-05
0.1,0.0,0.1,0.515,1.343716100000001e-05,1.343716100000001e-05,1.343716100000001e-05
0.1,0.0,0.1,0.52,1.2702648000000009e-05,1.2702648000000009e-05,1.2702648000000009e-05
0.1,0.0,0.1,0.525,1.1968135000000007e-05,1.1968135000000007e-05,1.1968135000000007e-05
0.1,0.0,0.1,0.53,1.1233622000000004e-05,1.1233622000000004e-05,1.1233622000000004e-05
0.1,0.0,0.1,0.535,1.0499109000000002e-05,1.0499109000000002e-05,1.0499109000000002e-05
0.1,0.0,0.1,0.54,9.764596000000002e-06,9.764596000000002e-06,9.764596000000002e-06
0.1,0.0,0.1,0.545,9.030083e-06,9.030083e-06,9.030083e-06
0.1,0.0,0.1,0.55,8.295569999999999e-06,8.295569999999999e-06,8.295569999999999e-06
0.1,0.0,0.1,0.555,7.561056999999998e-06,7.561056999999998e-06,7.561056999999998e-06
0.1,0.0,0.1,0.56,6.826543999999996e-06,6.826543999999996e-06,6.826543999999996e-06
0.1,0.0,0.1,0.5650000000000001,6.092030999999995e-06,6.092030999999995e-06,6.092030999999995e-06
0.1,0.0,0.1,0.5700000000000001,5.357517999999992e-06,5.357517999999992e-06,5.357517999999992e-06
0.1,0.0,0.1,0.5750000000000001,4.6230049999999915e-06,4.6230049999999915e-06,4.6230049999999915e-06
0.1,0.0,0.1,0.58,3.888492000000007e-06,3.888492000000007e-06,3.888492000000007e-06
0.1,0.0,0.1,0.585,3.153979000000005e-06,3.153979000000005e-06,3.153979000000005e-06
0.1,0.0,0.1,0.59,2.419466000000003e-06,2.419466000000003e-06,2.419466000000003e-06
0.1,0.0,0.1,0.595,1.684953000000002e-06,1.684953000000002e-06,1.684953000000002e-06
0.1,0.0,0.1,0.6,9.504400000000006e-07,9.504400000000006e-07,9.504400000000006e-07
0.1,0.0,0.1,0.605,9.048320000000006e-07,9.048320000000006e-07,9.048320000000006e-07
0.1,0.0,0.1,0.61,8.592240000000003e-07,8.592240000000003e-07,8.592240000000003e-07
0.1,0.0,0.1,0.615,8.136160000000004e-07,8.136160000000004e-07,8.136160000000004e-07
0.1,0.0,0.1,0.62,7.680080000000003e-07,7.680080000000003e-07,7.680080000000003e-07
0.1,0.0,0.1,0.625,7.224000000000003e-07,7.224000000000003e-07,7.224000000000003e-07
0.1,0.0,0.1,0.63,6.767920000000001e-07,6.767920000000001e-07,6.767920000000001e-07
0.1,0.0,0.1,0.635,6.311840000000001e-07,6.311840000000001e-07,6.311840000000001e-07
0.1,0.0,0.1,0.64,5.85576e-07,5.85576e-07,5.85576e-07
0.1,0.0,0.1,0.645,5.399679999999999e-07,5.399679999999999e-07,5.399679999999999e-07
0.1,0.0,0.1,0.65,4.943599999999998e-07,4.943599999999998e-07,4.943599999999998e-07
0.1,0.0,0.1,0.655,4.4875199999999973e-07,4.4875199999999973e-07,4.4875199999999973e-07
0.1,0.0,0.1,0.66,4.031439999999997e-07,4.031439999999997e-07,4.031439999999997e-07
0.1,0.0,0.1,0.665,3.575359999999996e-07,3.575359999999996e-07,3.575359999999996e-07
0.1,0.0,0.1,0.67,3.119279999999995e-07,3.119279999999995e-07,3.119279999999995e-07
0.1,0.0,0.1,0.675,2.6631999999999944e-07,2.6631999999999944e-07,2.6631999999999944e-07
0.1,0.0,0.1,0.68,2.2071199999999936e-07,2.2071199999999936e-07,2.2071199999999936e-07
0.1,0.0,0.1,0.685,1.7510399999999926e-07,1.7510399999999926e-07,1.7510399999999926e-07
0.1,0.0,0.1,0.6900000000000001,1.294959999999992e-07,1.294959999999992e-07,1.294959999999992e-07
0.1,0.0,0.1,0.6950000000000001,8.388799999999913e-08,8.388799999999913e-08,8.388799999999913e-08
0.1,0.0,0.1,0.7000000000000001,3.828000000000002e-08,3.828000000000002e-08,3.828000000000002e-08
0.1,0.0,0.1,0.705,3.641200000000006e-08,3.641200000000006e-08,3.641200000000006e-08
0.1,0.0,0.1,0.71,3.454400000000006e-08,3.454400000000006e-08,3.454400000000006e-08
0.1,0.0,0.1,0.715,3.2676000000000054e-08,3.2676000000000054e-08,3.2676000000000054e-08
0.1,0.0,0.1,0.72,3.080800000000005e-08,3.080800000000005e-08,3.080800000000005e-08
0.1,0.0,0.1,0.725,2.894000000000005e-08,2.894000000000005e-08,2.894000000000005e-08
0.1,0.0,0.1,0.73,2.707200000000005e-08,2.707200000000005e-08,2.707200000000005e-08
0.1,0.0,0.1,0.735,2.520400000000004e-08,2.520400000000004e-08,2.520400000000004e-08
0.1,0.0,0.1,0.74,2.333600000000004e-08,2.333600000000004e-08,2.333600000000004e-08
0.1,0.0,0.1,0.745,2.1468000000000037e-08,2.1468000000000037e-08,2.1468000000000037e-08
0.1,0.0,0.1,0.75,1.9600000000000033e-08,1.9600000000000033e-08,1.9600000000000033e-08
0.1,0.0,0.1,0.755,1.773200000000003e-08,1.773200000000003e-08,1.773200000000003e-08
0.1,0.0,0.1,0.76,1.586400000000003e-08,1.586400000000003e-08,1.586400000000003e-08
0.1,0.0,0.1,0.765,1.3996000000000023e-08,1.3996000000000023e-08,1.3996000000000023e-08
0.1,0.0,0.1,0.77,1.212800000000002e-08,1.212800000000002e-08,1.212800000000002e-08
0.1,0.0,0.1,0.775,1.0260000000000017e-08,1.0260000000000017e-08,1.0260000000000017e-08
0.1,0.0,0.1,0.78,8.392000000000013e-09,8.392000000000013e-09,8.392000000000013e-09
0.1,0.0,0.1,0.785,6.52400000000001e-09,6.52400000000001e-09,6.52400000000001e-09
0.1,0.0,0.1,0.79,4.656000000000007e-09,4.656000000000007e-09,4.656000000000007e-09
0.1,0.0,0.1,0.795,2.788000000000003e-09,2.788000000000003e-09,2.788000000000003e-09
0.1,0.0,0.1,0.8,9.199999999999999e-10,9.199999999999999e-10,9.199999999999999e-10
0.1,0.0,0.1,0.805,8.744999999999999e-10,8.744999999999999e-10,8.744999999999999e-10
0.1,0.0,0.1,0.81,8.289999999999998e-10,8.289999999999998e-10,8.289999999999998e-10
0.1,0.0,0.1,0.8150000000000001,7.834999999999998e-10,7.834999999999998e-10,7.834999999999998e-10
0.1,0.0,0.1,0.8200000000000001,7.379999999999997e-10,7.379999999999997e-10,7.379999999999997e-10
0.1,0.0,0.1,0.8250000000000001,6.924999999999997e-10,6.924999999999997e-10,6.924999999999997e-10
0.1,0.0,0.1,0.8300000000000001,6.469999999999996e-10,6.469999999999996e-10,6.469999999999996e-10
0.1,0.0,0.1,0.835,6.015000000000006e-10,6.015000000000006e-10,6.015000000000006e-10
0.1,0.0,0.1,0.84,5.560000000000006e-10,5.560000000000006e-10,5.560000000000006e-10
0.1,0.0,0.1,0.845,5.105000000000006e-10,5.105000000000006e-10,5.105000000000006e-10
0.1,0.0,0.1,0.85,4.6500000000000046e-10,4.6500000000000046e-10,4.6500000000000046e-10
0.1,0.0,0.1,0.855,4.195000000000004e-10,4.195000000000004e-10,4.195000000000004e-10
0.1,0.0,0.1,0.86,3.7400000000000036e-10,3.7400000000000036e-10,3.7400000000000036e-10
0.1,0.0,0.1,0.865,3.285000000000003e-10,3.285000000000003e-10,3.285000000000003e-10
0.1,0.0,0.1,0.87,2.8300000000000026e-10,2.8300000000000026e-10,2.8300000000000026e-10
0.1,0.0,0.1,0.875,2.375000000000002e-10,2.375000000000002e-10,2.375000000000002e-10
0.1,0.0,0.1,0.88,1.920000000000002e-10,1.920000000000002e-10,1.920000000000002e-10
0.1,0.0,0.1,0.885,1.4650000000000014e-10,1.4650000000000014e-10,1.4650000000000014e-10
0.1,0.0,0.1,0.89,1.0100000000000009e-10,1.0100000000000009e-10,1.0100000000000009e-10
0.1,0.0,0.1,0.895,5.550000000000005e-11,5.550000000000005e-11,5.550000000000005e-11
0.1,0.0,0.1,0.9,1.0000000000000003e-11,1.0000000000000003e-11,1.0000000000000003e-11
0.1,0.0,0.1,0.905,9.500000000000003e-12,9.500000000000003e-12,9.500000000000003e-12
0.1,0.0,0.1,0.91,9.000000000000001e-12,9.000000000000001e-12,9.000000000000001e-12
0.1,0.0,0.1,0.915,8.500000000000001e-12,8.500000000000001e-12,8.500000000000001e-12
0.1,0.0,0.1,0.92,8e-12,8e-12,8e-12
0.1,0.0,0.1,0.925,7.5e-12,7.5e-12,7.5e-12
0.1,0.0,0.1,0.93,6.999999999999999e-12,6.999999999999999e-12,6.999999999999999e-12
0.1,0.0,0.1,0.935,6.4999999999999986e-12,6.4999999999999986e-12,6.4999999999999986e-12
0.1,0.0,0.1,0.9400000000000001,5.999999999999998e-12,5.999999999999998e-12,5.999999999999998e-12
0.1,0.0,0.1,0.9450000000000001,5.499999999999997e-12,5.499999999999997e-12,5.499999999999997e-12
0.1,0.0,0.1,0.9500000000000001,4.9999999999999965e-12,4.9999999999999965e-12,4.9999999999999965e-12
0.1,0.0,0.1,0.9550000000000001,4.499999999999996e-12,4.499999999999996e-12,4.499999999999996e-12
0.1,0.0,0.1,0.96,4.0000000000000056e-12,4.0000000000000056e-12,4.0000000000000056e-12
0.1,0.0,0.1,0.965,3.500000000000005e-12,3.500000000000005e-12,3.500000000000005e-12
0.1,0.0,0.1,0.97,3.000000000000004e-12,3.000000000000004e-12,3.000000000000004e-12
0.1,0.0,0.1,0.975,2.5000000000000035e-12,2.5000000000000035e-12,2.5000000000000035e-12
0.1,0.0,0.1,0.98,2.0000000000000028e-12,2.0000000000000028e-12,2.0000000000000028e-12
0.1,0.0,0.1,0.985,1.500000000000002e-12,1.500000000000002e-12,1.500000000000002e-12
0.1,0.0,0.1,0.99,1.0000000000000014e-12,1.0000000000000014e-12,1.0000000000000014e-12
0.1,0.0,0.1,0.995,5.000000000000007e-13,5.000000000000007e-13,5.000000000000007e-13
0.1,0.0,0.1,1.0,0.0,0.0,0.0
0.1,0.0,0.05,0.0,0.10000000000000007,0.10000000000000007,0.10000000000000007
0.1,0.0,0.05,0.005,0.09560788327295291,0.09560788327295291,0.09560788327295291
0.1,0.0,0.05,0.01,0.09121576654590577,0.09121576654590577,0.09121576654590577
0.1,0.0,0.05,0.015,0.08682364981885862,0.08682364981885862,0.08682364981885862
0.1,0.0,0.05,0.02,0.08243153309181145,0.08243153309181145,0.08243153309181145
0.1,0.0,0.05,0.025,0.0780394163647643,0.0780394163647643,0.0780394163647643
0.1,0.0,0.05,0.03,0.07364729963771714,0.07364729963771714,0.07364729963771714
0.1,0.0,0.05,0.035,0.06925518291066998,0.06925518291066998,0.06925518291066998
0.1,0.0,0.05,0.04,0.06486306618362282,0.06486306618362282,0.06486306618362282
0.1,0.0,0.05,0.045,0.060470949456575676,0.060470949456575676,0.060470949456575676
0.1,0.0,0.05,0.05,0.056078832729528516,0.056078832729528516,0.056078832729528516
0.1,0.0,0.05,0.055,0.05303756772015435,0.05303756772015435,0.05303756772015435
0.1,0.0,0.05,0.06,0.049996302710780184,0.049996302710780184,0.049996302710780184
0.1,0.0,0.05,0.065,0.04695503770140602,0.04695503770140602,0.04695503770140602
0.1,0.0,0.05,0.07,0.04391377269203185,0.04391377269203185,0.04391377269203185
0.1,0.0,0.05,0.075,0.0408725076826577,0.0408725076826577,0.0408725076826577
0.1,0.0,0.05,0.08,0.03783124267328352,0.03783124267328352,0.03783124267328352
0.1,0.0,0.05,0.085,0.03478997766390936,0.03478997766390936,0.03478997766390936
0.1,0.0,0.05,0.09,0.0317487126545352,0.0317487126545352,0.0317487126545352
0.1,0.0,0.05,0.095,0.028707447645161033,0.028707447645161033,0.028707447645161033
0.1,0.0,0.05,0.1,0.025666182635786863,0.025666182635786863,0.025666182635786863
0.1,0.0,0.05,0.105,0.024050816661734198,0.024050816661734198,0.024050816661734198
0.1,0.0,0.05,0.11,0.022435450687681525,0.022435450687681525,0.022435450687681525
0.1,0.0,0.05,0.115,0.020820084713628853,0.020820084713628853,0.020820084713628853
0.1,0.0,0.05,0.12,0.019204718739576188,0.019204718739576188,0.019204718739576188
0.1,0.0,0.05,0.125,0.017589352765523508,0.017589352765523508,0.017589352765523508
0.1,0.0,0.05,0.13,0.015973986791470836,0.015973986791470836,0.015973986791470836
0.1,0.0,0.05,0.135,0.014358620817418163,0.014358620817418163,0.014358620817418163
0.1,0.0,0.05,0.14,0.012743254843365494,0.012743254843365494,0.012743254843365494
0.1,0.0,0.05,0.145,0.011127888869312829,0.011127888869312829,0.011127888869312829
0.1,0.0,0.05,0.15,0.009512522895260158,0.009512522895260158,0.009512522895260158
0.1,0.0,0.05,0.155,0.008847756278088481,0.008847756278088481,0.008847756278088481
0.1,0.0,0.05,0.16,0.008182989660916806,0.008182989660916806,0.008182989660916806
0.1,0.0,0.05,0.165,0.00751822304374513,0.00751822304374513,0.00751822304374513
0.1,0.0,0.05,0.17,0.006853456426573454,0.006853456426573454,0.006853456426573454
0.1,0.0,0.05,0.17500000000000002,0.006188689809401777,0.006188689809401777,0.006188689809401777
0.1,0.0,0.05,0.18,0.005523923192230105,0.005523923192230105,0.005523923192230105
0.1,0.0,0.05,0.185,0.004859156575058428,0.004859156575058428,0.004859156575058428
0.1,0.0,0.05,0.19,0.004194389957886752,0.004194389957886752,0.004194389957886752
0.1,0.0,0.05,0.195,0.0035296233407150763,0.0035296233407150763,0.0035296233407150763
0.1,0.0,0.05,0.2,0.0028648567235434004,0.0028648567235434004,0.0028648567235434004
0.1,0.0,0.05,0.20500000000000002,0.002648984247121083,0.002648984247121083,0.002648984247121083
0.1,0.0,0.05,0.21,0.0024331117706987665,0.0024331117706987665,0.0024331117706987665
0.1,0.0,0.05,0.215,0.0022172392942764498,0.0022172392942764498,0.0022172392942764498
0.1,0.0,0.05,0.22,0.0020013668178541317,0.0020013668178541317,0.0020013668178541317
0.1,0.0,0.05,0.225,0.0017854943414318148,0.0017854943414318148,0.0017854943414318148
0.1,0.0,0.05,0.23,0.0015696218650094972,0.0015696218650094972,0.0015696218650094972
0.1,0.0,0.05,0.23500000000000001,0.0013537493885871798,0.0013537493885871798,0.0013537493885871798
0.1,0.0,0.05,0.24,0.001137876912164864,0.001137876912164864,0.001137876912164864
0.1,0.0,0.05,0.245,0.0009220044357425466,0.0009220044357425466,0.0009220044357425466
0.1,0.0,0.05,0.25,0.0007061319593202291,0.0007061319593202291,0.0007061319593202291
0.1,0.0,0.05,0.255,0.0006498662884976841,0.0006498662884976841,0.0006498662884976841
0.1,0.0,0.05,0.26,0.000593600617675139,0.000593600617675139,0.000593600617675139
0.1,0.0,0.05,0.265,0.0005373349468525939,0.0005373349468525939,0.0005373349468525939
0.1,0.0,0.05,0.27,0.00048106927603004874,0.00048106927603004874,0.00048106927603004874
0.1,0.0,0.05,0.275,0.00042480360520750365,0.00042480360520750365,0.00042480360520750365
0.1,0.0,0.05,0.28,0.00036853793438495846,0.00036853793438495846,0.00036853793438495846
0.1,0.0,0.05,0.28500000000000003,0.00031227226356241337,0.00031227226356241337,0.00031227226356241337
0.1,0.0,0.05,0.29,0.00025600659273986894,0.00025600659273986894,0.00025600659273986894
0.1,0.0,0.05,0.295,0.0001997409219173238,0.0001997409219173238,0.0001997409219173238
0.1,0.0,0.05,0.3,0.00014347525109477865,0.00014347525109477865,0.00014347525109477865
0.1,0.0,0.05,0.305,0.00013154480404994805,0.00013154480404994805,0.00013154480404994805
0.1,0.0,0.05,0.31,0.00011961435700511745,0.00011961435700511745,0.00011961435700511745
0.1,0.0,0.05,0.315,0.00010768390996028683,0.00010768390996028683,0.00010768390996028683
0.1,0.0,0.05,0.32,9.575346291545623e-05,9.575346291545623e-05,9.575346291545623e-05
0.1,0.0,0.05,0.325,8.382301587062563e-05,8.382301587062563e-05,8.382301587062563e-05
0.1,0.0,0.05,0.33,7.189256882579503e-05,7.189256882579503e-05,7.189256882579503e-05
0.1,0.0,0.05,0.335,5.9962121780964415e-05,5.9962121780964415e-05,5.9962121780964415e-05
0.1,0.0,0.05,0.34,4.8031674736133815e-05,4.8031674736133815e-05,4.8031674736133815e-05
0.1,0.0,0.05,0.34500000000000003,3.61012276913032e-05,3.61012276913032e-05,3.61012276913032e-05
0.1,0.0,0.05,0.35000000000000003,2.4170780646472707e-05,2.4170780646472707e-05,2.4170780646472707e-05
0.1,0.0,0.05,0.355,2.2092605552245345e-05,2.2092605552245345e-05,2.2092605552245345e-05
0.1,0.0,0.05,0.36,2.001443045801796e-05,2.001443045801796e-05,2.001443045801796e-05
0.1,0.0,0.05,0.365,1.7936255363790578e-05,1.7936255363790578e-05,1.7936255363790578e-05
0.1,0.0,0.05,0.37,1.5858080269563192e-05,1.5858080269563192e-05,1.5858080269563192e-05
0.1,0.0,0.05,0.375,1.3779905175335809e-05,1.3779905175335809e-05,1.3779905175335809e-05
0.1,0.0,0.05,0.38,1.1701730081108425e-05,1.1701730081108425e-05,1.1701730081108425e-05
0.1,0.0,0.05,0.385,9.623554986881041e-06,9.623554986881041e-06,9.623554986881041e-06
0.1,0.0,0.05,0.39,7.545379892653656e-06,7.545379892653656e-06,7.545379892653656e-06
0.1,0.0,0.05,0.395,5.467204798426272e-06,5.467204798426272e-06,5.467204798426272e-06
0.1,0.0,0.05,0.4,3.3890297041988883e-06,3.3890297041988883e-06,3.3890297041988883e-06
0.1,0.0,0.05,0.405,3.0897370454970875e-06,3.0897370454970875e-06,3.0897370454970875e-06
0.1,0.0,0.05,0.41000000000000003,2.790444386795286e-06,2.790444386795286e-06,2.790444386795286e-06
0.1,0.0,0.05,0.41500000000000004,2.4911517280934847e-06,2.4911517280934847e-06,2.4911517280934847e-06
0.1,0.0,0.05,0.42,2.191859069391687e-06,2.191859069391687e-06,2.191859069391687e-06
0.1,0.0,0.05,0.425,1.8925664106898855e-06,1.8925664106898855e-06,1.8925664106898855e-06
0.1,0.0,0.05,0.43,1.5932737519880845e-06,1.5932737519880845e-06,1.5932737519880845e-06
0.1,0.0,0.05,0.435,1.2939810932862829e-06,1.2939810932862829e-06,1.2939810932862829e-06
0.1,0.0,0.05,0.44,9.946884345844817e-07,9.946884345844817e-07,9.946884345844817e-07
0.1,0.0,0.05,0.445,6.953957758826805e-07,6.953957758826805e-07,6.953957758826805e-07
0.1,0.0,0.05,0.45,3.961031171808793e-07,3.961031171808793e-07,3.961031171808793e-07
0.1,0.0,0.05,0.455,3.603485970754603e-07,3.603485970754603e-07,3.603485970754603e-07
0.1,0.0,0.05,0.46,3.245940769700414e-07,3.245940769700414e-07,3.245940769700414e-07
0.1,0.0,0.05,0.465,2.888395568646224e-07,2.888395568646224e-07,2.888395568646224e-07
0.1,0.0,0.05,0.47000000000000003,2.5308503675920346e-07,2.5308503675920346e-07,2.5308503675920346e-07
0.1,0.0,0.05,0.47500000000000003,2.1733051665378447e-07,2.1733051665378447e-07,2.1733051665378447e-07
0.1,0.0,0.05,0.48,1.8157599654836592e-07,1.8157599654836592e-07,1.8157599654836592e-07
0.1,0.0,0.05,0.485,1.4582147644294693e-07,1.4582147644294693e-07,1.4582147644294693e-07
0.1,0.0,0.05,0.49,1.1006695633752799e-07,1.1006695633752799e-07,1.1006695633752799e-07
0.1,0.0,0.05,0.495,7.431243623210901e-08,7.431243623210901e-08,7.431243623210901e-08
0.1,0.0,0.05,0.5,3.855791612669005e-08,3.855791612669005e-08,3.855791612669005e-08
0.1,0.0,0.05,0.505,3.501361296082894e-08,3.501361296082894e-08,3.501361296082894e-08
0.1,0.0,0.05,0.51,3.1469309794967835e-08,3.1469309794967835e-08,3.1469309794967835e-08
0.1,0.0,0.05,0.515,2.7925006629106734e-08,2.7925006629106734e-08,2.7925006629106734e-08
0.1,0.0,0.05,0.52,2.438070346324563e-08,2.438070346324563e-08,2.438070346324563e-08
0.1,0.0,0.05,0.525,2.0836400297384523e-08,2.0836400297384523e-08,2.0836400297384523e-08
0.1,0.0,0.05,0.53,1.729209713152342e-08,1.729209713152342e-08,1.729209713152342e-08
0.1,0.0,0.05,0.535,1.3747793965662316e-08,1.3747793965662316e-08,1.3747793965662316e-08
0.1,0.0,0.05,0.54,1.0203490799801208e-08,1.0203490799801208e-08,1.0203490799801208e-08
0.1,0.0,0.05,0.545,6.659187633940104e-09,6.659187633940104e-09,6.659187633940104e-09
0.1,0.0,0.05,0.55,3.114884468078999e-09,3.114884468078999e-09,3.114884468078999e-09
0.1,0.0,0.05,0.555,2.824138568839899e-09,2.824138568839899e-09,2.824138568839899e-09
0.1,0.0,0.05,0.56,2.5333926696007983e-09,2.5333926696007983e-09,2.5333926696007983e-09
0.1,0.0,0.05,0.5650000000000001,2.2426467703616973e-09,2.2426467703616973e-09,2.2426467703616973e-09
0.1,0.0,0.05,0.5700000000000001,1.9519008711225972e-09,1.9519008711225972e-09,1.9519008711225972e-09
0.1,0.0,0.05,0.5750000000000001,1.6611549718834965e-09,1.6611549718834965e-09,1.6611549718834965e-09
0.1,0.0,0.05,0.58,1.3704090726444023e-09,1.3704090726444023e-09,1.3704090726444023e-09
0.1,0.0,0.05,0.585,1.079663173405302e-09,1.079663173405302e-09,1.079663173405302e-09
0.1,0.0,0.05,0.59,7.889172741662014e-10,7.889172741662014e-10,7.889172741662014e-10
0.1,0.0,0.05,0.595,4.981713749271007e-10,4.981713749271007e-10,4.981713749271007e-10
0.1,0.0,0.05,0.6,2.0742547568800027e-10,2.0742547568800027e-10,2.0742547568800027e-10
0.1,0.0,0.05,0.605,1.8780934866740027e-10,1.8780934866740027e-10,1.8780934866740027e-10
0.1,0.0,0.05,0.61,1.6819322164680021e-10,1.6819322164680021e-10,1.6819322164680021e-10
0.1,0.0,0.05,0.615,1.4857709462620019e-10,1.4857709462620019e-10,1.4857709462620019e-10
0.1,0.0,0.05,0.62,1.2896096760560016e-10,1.2896096760560016e-10,1.2896096760560016e-10
0.1,0.0,0.05,0.625,1.0934484058500013e-10,1.0934484058500013e-10,1.0934484058500013e-10
0.1,0.0,0.05,0.63,8.972871356440009e-11,8.972871356440009e-11,8.972871356440009e-11
0.1,0.0,0.05,0.635,7.011258654380007e-11,7.011258654380007e-11,7.011258654380007e-11
0.1,0.0,0.05,0.64,5.049645952320004e-11,5.049645952320004e-11,5.049645952320004e-11
0.1,0.0,0.05,0.645,3.088033250260002e-11,3.088033250260002e-11,3.088033250260002e-11
0.1,0.0,0.05,0.65,1.1264205481999994e-11,1.1264205481999994e-11,1.1264205481999994e-11
0.1,0.0,0.05,0.655,1.0186866305399991e-11,1.0186866305399991e-11,1.0186866305399991e-11
0.1,0.0,0.05,0.66,9.10952712879999e-12,9.10952712879999e-12,9.10952712879999e-12
0.1,0.0,0.05,0.665,8.032187952199987e-12,8.032187952199987e-12,8.032187952199987e-12
0.1,0.0,0.05,0.67,6.954848775599986e-12,6.954848775599986e-12,6.954848775599986e-12
0.1,0.0,0.05,0.675,5.877509598999984e-12,5.877509598999984e-12,5.877509598999984e-12
0.1,0.0,0.05,0.68,4.800170422399983e-12,4.800170422399983e-12,4.800170422399983e-12
0.1,0.0,0.05,0.685,3.722831245799982e-12,3.722831245799982e-12,3.722831245799982e-12
0.1,0.0,0.05,0.6900000000000001,2.64549206919998e-12,2.64549206919998e-12,2.64549206919998e-12
0.1,0.0,0.05,0.6950000000000001,1.5681528925999784e-12,1.5681528925999784e-12,1.5681528925999784e-12
0.1,0.0,0.05,0.7000000000000001,4.908137159999997e-13,4.908137159999997e-13,4.908137159999997e-13
0.1,0.0,0.05,0.705,4.434071974000007e-13,4.434071974000007e-13,4.434071974000007e-13
0.1,0.0,0.05,0.71,3.9600067880000065e-13,3.9600067880000065e-13,3.9600067880000065e-13
0.1,0.0,0.05,0.715,3.485941602000006e-13,3.485941602000006e-13,3.485941602000006e-13
0.1,0.0,0.05,0.72,3.011876416000005e-13,3.011876416000005e-13,3.011876416000005e-13
0.1,0.0,0.05,0.725,2.5378112300000047e-13,2.5378112300000047e-13,2.5378112300000047e-13
0.1,0.0,0.05,0.73,2.0637460440000035e-13,2.0637460440000035e-13,2.0637460440000035e-13
0.1,0.0,0.05,0.735,1.5896808580000024e-13,1.5896808580000024e-13,1.5896808580000024e-13
0.1,0.0,0.05,0.74,1.1156156720000018e-13,1.1156156720000018e-13,1.1156156720000018e-13
0.1,0.0,0.05,0.745,6.415504860000012e-14,6.415504860000012e-14,6.415504860000012e-14
0.1,0.0,0.05,0.75,1.6748530000000026e-14,1.6748530000000026e-14,1.6748530000000026e-14
0.1,0.0,0.05,0.755,1.511679620000002e-14,1.511679620000002e-14,1.511679620000002e-14
0.1,0.0,0.05,0.76,1.348506240000002e-14,1.348506240000002e-14,1.348506240000002e-14
0.1,0.0,0.05,0.765,1.1853328600000017e-14,1.1853328600000017e-14,1.1853328600000017e-14
0.1,0.0,0.05,0.77,1.0221594800000015e-14,1.0221594800000015e-14,1.0221594800000015e-14
0.1,0.0,0.05,0.775,8.589861000000014e-15,8.589861000000014e-15,8.589861000000014e-15
0.1,0.0,0.05,0.78,6.958127200000011e-15,6.958127200000011e-15,6.958127200000011e-15
0.1,0.0,0.05,0.785,5.3263934000000074e-15,5.3263934000000074e-15,5.3263934000000074e-15
0.1,0.0,0.05,0.79,3.694659600000005e-15,3.694659600000005e-15,3.694659600000005e-15
0.1,0.0,0.05,0.795,2.0629258000000025e-15,2.0629258000000025e-15,2.0629258000000025e-15
0.1,0.0,0.05,0.8,4.3119200000000014e-16,4.3119200000000014e-16,4.3119200000000014e-16
0.1,0.0,0.05,0.805,3.8886045000000004e-16,3.8886045000000004e-16,3.8886045000000004e-16
0.1,0.0,0.05,0.81,3.4652889999999993e-16,3.4652889999999993e-16,3.4652889999999993e-16
0.1,0.0,0.05,0.8150000000000001,3.0419734999999983e-16,3.0419734999999983e-16,3.0419734999999983e-16
0.1,0.0,0.05,0.8200000000000001,2.618657999999997e-16,2.618657999999997e-16,2.618657999999997e-16
0.1,0.0,0.05,0.8250000000000001,2.1953424999999962e-16,2.1953424999999962e-16,2.1953424999999962e-16
0.1,0.0,0.05,0.8300000000000001,1.7720269999999951e-16,1.7720269999999951e-16,1.7720269999999951e-16
0.1,0.0,0.05,0.835,1.3487115000000035e-16,1.3487115000000035e-16,1.3487115000000035e-16
0.1,0.0,0.05,0.84,9.253960000000023e-17,9.253960000000023e-17,9.253960000000023e-17
0.1,0.0,0.05,0.845,5.0208050000000123e-17,5.0208050000000123e-17,5.0208050000000123e-17
0.1,0.0,0.05,0.85,7.876500000000023e-18,7.876500000000023e-18,7.876500000000023e-18
0.1,0.0,0.05,0.855,7.09795000000002e-18,7.09795000000002e-18,7.09795000000002e-18
0.1,0.0,0.05,0.86,6.319400000000018e-18,6.319400000000018e-18,6.319400000000018e-18
0.1,0.0,0.05,0.865,5.540850000000016e-18,5.540850000000016e-18,5.540850000000016e-18
0.1,0.0,0.05,0.87,4.7623000000000136e-18,4.7623000000000136e-18,4.7623000000000136e-18
0.1,0.0,0.05,0.875,3.983750000000012e-18,3.983750000000012e-18,3.983750000000012e-18
0.1,0.0,0.05,0.88,3.205200000000009e-18,3.205200000000009e-18,3.205200000000009e-18
0.1,0.0,0.05,0.885,2.4266500000000067e-18,2.4266500000000067e-18,2.4266500000000067e-18
0.1,0.0,0.05,0.89,1.6481000000000045e-18,1.6481000000000045e-18,1.6481000000000045e-18
0.1,0.0,0.05,0.895,8.695500000000022e-19,8.695500000000022e-19,8.695500000000022e-19
0.1,0.0,0.05,0.9,9.099999999999994e-20,9.099999999999994e-20,9.099999999999994e-20
0.1,0.0,0.05,0.905,8.194999999999992e-20,8.194999999999992e-20,8.194999999999992e-20
0.1,0.0,0.05,0.91,7.289999999999992e-20,7.289999999999992e-20,7.289999999999992e-20
0.1,0.0,0.05,0.915,6.38499999999999e-20,6.38499999999999e-20,6.38499999999999e-20
0.1,0.0,0.05,0.92,5.479999999999988e-20,5.479999999999988e-20,5.479999999999988e-20
0.1,0.0,0.05,0.925,4.574999999999987e-20,4.574999999999987e-20,4.574999999999987e-20
0.1,0.0,0.05,0.93,3.669999999999986e-20,3.669999999999986e-20,3.669999999999986e-20
0.1,0.0,0.05,0.935,2.764999999999984e-20,2.764999999999984e-20,2.764999999999984e-20
0.1,0.0,0.05,0.9400000000000001,1.8599999999999826e-20,1.8599999999999826e-20,1.8599999999999826e-20
0.1,0.0,0.05,0.9450000000000001,9.549999999999814e-21,9.549999999999814e-21,9.549999999999814e-21
0.1,0.0,0.05,0.9500000000000001,5e-22,5e-22,5e-22
0.1,0.0,0.05,0.9550000000000001,4.499999999999998e-22,4.499999999999998e-22,4.499999999999998e-22
0.1,0.0,0.05,0.96,4.000000000000008e-22,4.000000000000008e-22,4.000000000000008e-22
0.1,0.0,0.05,0.965,3.500000000000007e-22,3.500000000000007e-22,3.500000000000007e-22
0.1,0.0,0.05,0.97,3.000000000000006e-22,3.000000000000006e-22,3.000000000000006e-22
0.1,0.0,0.05,0.975,2.500000000000005e-22,2.500000000000005e-22,2.500000000000005e-22
0.1,0.0,0.05,0.98,2.000000000000004e-22,2.000000000000004e-22,2.000000000000004e-22
0.1,0.0,0.05,0.985,1.500000000000003e-22,1.500000000000003e-22,1.500000000000003e-22
0.1,0.0,0.05,0.99,1.000000000000002e-22,1.000000000000002e-22,1.000000000000002e-22
0.1,0.0,0.05,0.995,5.00000000000001e-23,5.00000000000001e-23,5.00000000000001e-23
0.1,0.0,0.05,1.0,0.0,0.0,0.0
0.1,0.0,0.02,0.0,0.10000000000000009,0.10000000000000009,0.10000000000000009
0.1,0.0,0.02,0.005,0.0950257688760367,0.0950257688760367,0.0950257688760367
0.1,0.0,0.02,0.01,0.0900515377520733,0.0900515377520733,0.0900515377520733
0.1,0.0,0.02,0.015,0.08507730662810989,0.08507730662810989,0.08507730662810989
0.1,0.0,0.02,0.02,0.08010307550414648,0.08010307550414648,0.08010307550414648
0.1,0.0,0.02,0.025,0.07527200480260865,0.07527200480260865,0.07527200480260865
0.1,0.0,0.02,0.03,0.0704409341010708,0.0704409341010708,0.0704409341010708
0.1,0.0,0.02,0.035,0.06560986339953295,0.06560986339953295,0.06560986339953295
0.1,0.0,0.02,0.04,0.060778792697995104,0.060778792697995104,0.060778792697995104
0.1,0.0,0.02,0.045,0.05633743647972684,0.05633743647972684,0.05633743647972684
0.1,0.0,0.02,0.05,0.051896080261458574,0.051896080261458574,0.051896080261458574
0.1,0.0,0.02,0.055,0.0474547240431903,0.0474547240431903,0.0474547240431903
0.1,0.0,0.02,0.06,0.04301336782492203,0.04301336782492203,0.04301336782492203
0.1,0.0,0.02,0.065,0.03926483735468857,0.03926483735468857,0.03926483735468857
0.1,0.0,0.02,0.07,0.0355163068844551,0.0355163068844551,0.0355163068844551
0.1,0.0,0.02,0.075,0.03176777641422164,0.03176777641422164,0.03176777641422164
0.1,0.0,0.02,0.08,0.028019245943988167,0.028019245943988167,0.028019245943988167
0.1,0.0,0.02,0.085,0.025175237978133473,0.025175237978133473,0.025175237978133473
0.1,0.0,0.02,0.09,0.022331230012278783,0.022331230012278783,0.022331230012278783
0.1,0.0,0.02,0.095,0.019487222046424085,0.019487222046424085,0.019487222046424085
0.1,0.0,0.02,0.1,0.016643214080569388,0.016643214080569388,0.016643214080569388
0.1,0.0,0.02,0.105,0.014723829119190776,0.014723829119190776,0.014723829119190776
0.1,0.0,0.02,0.11,0.012804444157812157,0.012804444157812157,0.012804444157812157
0.1,0.0,0.02,0.115,0.010885059196433539,0.010885059196433539,0.010885059196433539
0.1,0.0,0.02,0.12,0.008965674235054923,0.008965674235054923,0.008965674235054923
0.1,0.0,0.02,0.125,0.007816808444073037,0.007816808444073037,0.007816808444073037
0.1,0.0,0.02,0.13,0.0066679426530911485,0.0066679426530911485,0.0066679426530911485
0.1,0.0,0.02,0.135,0.00551907686210926,0.00551907686210926,0.00551907686210926
0.1,0.0,0.02,0.14,0.004370211071127372,0.004370211071127372,0.004370211071127372
0.1,0.0,0.02,0.145,0.0037594856531209826,0.0037594856531209826,0.0037594856531209826
0.1,0.0,0.02,0.15,0.0031487602351145897,0.0031487602351145897,0.0031487602351145897
0.1,0.0,0.02,0.155,0.0025380348171081964,0.0025380348171081964,0.0025380348171081964
0.1,0.0,0.02,0.16,0.0019273093991018036,0.0019273093991018036,0.0019273093991018036
0.1,0.0,0.02,0.165,0.0016379733705113313,0.0016379733705113313,0.0016379733705113313
0.1,0.0,0.02,0.17,0.001348637341920859,0.001348637341920859,0.001348637341920859
0.1,0.0,0.02,0.17500000000000002,0.001059301313330387,0.001059301313330387,0.001059301313330387
0.1,0.0,0.02,0.18,0.0007699652847399164,0.0007699652847399164,0.0007699652847399164
0.1,0.0,0.02,0.185,0.0006472756062169587,0.0006472756062169587,0.0006472756062169587
0.1,0.0,0.02,0.19,0.0005245859276940012,0.0005245859276940012,0.0005245859276940012
0.1,0.0,0.02,0.195,0.0004018962491710436,0.0004018962491710436,0.0004018962491710436
0.1,0.0,0.02,0.2,0.000279206570648086,0.000279206570648086,0.000279206570648086
0.1,0.0,0.02,0.20500000000000002,0.00023243356271144056,0.00023243356271144056,0.00023243356271144056
0.1,0.0,0.02,0.21,0.00018566055477479542,0.00018566055477479542,0.00018566055477479542
0.1,0.0,0.02,0.215,0.00013888754683814998,0.00013888754683814998,0.00013888754683814998
0.1,0.0,0.02,0.22,9.211453890150456e-05,9.211453890150456e-05,9.211453890150456e-05
0.1,0.0,0.02,0.225,7.601493322195493e-05,7.601493322195493e-05,7.601493322195493e-05
0.1,0.0,0.02,0.23,5.991532754240532e-05,5.991532754240532e-05,5.991532754240532e-05
0.1,0.0,0.02,0.23500000000000001,4.381572186285569e-05,4.381572186285569e-05,4.381572186285569e-05
0.1,0.0,0.02,0.24,2.771611618330616e-05,2.771611618330616e-05,2.771611618330616e-05
0.1,0.0,0.02,0.245,2.269301687437448e-05,2.269301687437448e-05,2.269301687437448e-05
0.1,0.0,0.02,0.25,1.76699175654428e-05,1.76699175654428e-05,1.76699175654428e-05
0.1,0.0,0.02,0.255,1.2646818256511119e-05,1.2646818256511119e-05,1.2646818256511119e-05
0.1,0.0,0.02,0.26,7.623718947579437e-06,7.623718947579437e-06,7.623718947579437e-06
0.1,0.0,0.02,0.265,6.198117434233081e-06,6.198117434233081e-06,6.198117434233081e-06
0.1,0.0,0.02,0.27,4.772515920886722e-06,4.772515920886722e-06,4.772515920886722e-06
0.1,0.0,0.02,0.275,3.346914407540365e-06,3.346914407540365e-06,3.346914407540365e-06
0.1,0.0,0.02,0.28,1.921312894194008e-06,1.921312894194008e-06,1.921312894194008e-06
0.1,0.0,0.02,0.28500000000000003,1.5521194636782634e-06,1.5521194636782634e-06,1.5521194636782634e-06
0.1,0.0,0.02,0.29,1.182926033162523e-06,1.182926033162523e-06,1.182926033162523e-06
0.1,0.0,0.02,0.295,8.137326026467785e-07,8.137326026467785e-07,8.137326026467785e-07
0.1,0.0,0.02,0.3,4.4453917213103403e-07,4.4453917213103403e-07,4.4453917213103403e-07
0.1,0.0,0.02,0.305,3.5705456370345273e-07,3.5705456370345273e-07,3.5705456370345273e-07
0.1,0.0,0.02,0.31,2.695699552758714e-07,2.695699552758714e-07,2.695699552758714e-07
0.1,0.0,0.02,0.315,1.8208534684829007e-07,1.8208534684829007e-07,1.8208534684829007e-07
0.1,0.0,0.02,0.32,9.460073842070876e-08,9.460073842070876e-08,9.460073842070876e-08
0.1,0.0,0.02,0.325,7.558702425066715e-08,7.558702425066715e-08,7.558702425066715e-08
0.1,0.0,0.02,0.33,5.657331008062557e-08,5.657331008062557e-08,5.657331008062557e-08
0.1,0.0,0.02,0.335,3.755959591058397e-08,3.755959591058397e-08,3.755959591058397e-08
0.1,0.0,0.02,0.34,1.8545881740542378e-08,1.8545881740542378e-08,1.8545881740542378e-08
0.1,0.0,0.02,0.34500000000000003,1.4747921849954045e-08,1.4747921849954045e-08,1.4747921849954045e-08
0.1,0.0,0.02,0.35000000000000003,1.0949961959365715e-08,1.0949961959365715e-08,1.0949961959365715e-08
0.1,0.0,0.02,0.355,7.152002068777427e-09,7.152002068777427e-09,7.152002068777427e-09
0.1,0.0,0.02,0.36,3.354042178189095e-09,3.354042178189095e-09,3.354042178189095e-09
0.1,0.0,0.02,0.365,2.655587788970861e-09,2.655587788970861e-09,2.655587788970861e-09
0.1,0.0,0.02,0.37,1.957133399752626e-09,1.957133399752626e-09,1.957133399752626e-09
0.1,0.0,0.02,0.375,1.2586790105343917e-09,1.2586790105343917e-09,1.2586790105343917e-09
0.1,0.0,0.02,0.38,5.602246213161573e-10,5.602246213161573e-10,5.602246213161573e-10
0.1,0.0,0.02,0.385,4.417946534069477e-10,4.417946534069477e-10,4.417946534069477e-10
0.1,0.0,0.02,0.39,3.23364685497738e-10,3.23364685497738e-10,3.23364685497738e-10
0.1,0.0,0.02,0.395,2.049347175885283e-10,2.049347175885283e-10,2.049347175885283e-10
0.1,0.0,0.02,0.4,8.65047496793186e-11,8.65047496793186e-11,8.65047496793186e-11
0.1,0.0,0.02,0.405,6.79678765511075e-11,6.79678765511075e-11,6.79678765511075e-11
0.1,0.0,0.02,0.41000000000000003,4.9431003422896406e-11,4.9431003422896406e-11,4.9431003422896406e-11
0.1,0.0,0.02,0.41500000000000004,3.0894130294685306e-11,3.0894130294685306e-11,3.0894130294685306e-11
0.1,0.0,0.02,0.42,1.235725716647442e-11,1.235725716647442e-11,1.235725716647442e-11
0.1,0.0,0.02,0.425,9.676430828898036e-12,9.676430828898036e-12,9.676430828898036e-12
0.1,0.0,0.02,0.43,6.9956044913216515e-12,6.9956044913216515e-12,6.9956044913216515e-12
0.1,0.0,0.02,0.435,4.314778153745267e-12,4.314778153745267e-12,4.314778153745267e-12
0.1,0.0,0.02,0.44,1.6339518161688826e-12,1.6339518161688826e-12,1.6339518161688826e-12
0.1,0.0,0.02,0.445,1.275475766109709e-12,1.275475766109709e-12,1.275475766109709e-12
0.1,0.0,0.02,0.45,9.169997160505355e-13,9.169997160505355e-13,9.169997160505355e-13
0.1,0.0,0.02,0.455,5.585236659913618e-13,5.585236659913618e-13,5.585236659913618e-13
0.1,0.0,0.02,0.46,2.000476159321883e-13,2.000476159321883e-13,2.000476159321883e-13
0.1,0.0,0.02,0.465,1.557059042811389e-13,1.557059042811389e-13,1.557059042811389e-13
0.1,0.0,0.02,0.47000000000000003,1.1136419263008943e-13,1.1136419263008943e-13,1.1136419263008943e-13
0.1,0.0,0.02,0.47500000000000003,6.702248097903999e-14,6.702248097903999e-14,6.702248097903999e-14
0.1,0.0,0.02,0.48,2.268076932799107e-14,2.268076932799107e-14,2.268076932799107e-14
0.1,0.0,0.02,0.485,1.760584997795723e-14,1.760584997795723e-14,1.760584997795723e-14
0.1,0.0,0.02,0.49,1.2530930627923388e-14,1.2530930627923388e-14,1.2530930627923388e-14
0.1,0.0,0.02,0.495,7.456011277889547e-15,7.456011277889547e-15,7.456011277889547e-15
0.1,0.0,0.02,0.5,2.3810919278557075e-15,2.3810919278557075e-15,2.3810919278557075e-15
0.1,0.0,0.02,0.505,1.8436685770503443e-15,1.8436685770503443e-15,1.8436685770503443e-15
0.1,0.0,0.02,0.51,1.3062452262449814e-15,1.3062452262449814e-15,1.3062452262449814e-15
0.1,0.0,0.02,0.515,7.688218754396183e-16,7.688218754396183e-16,7.688218754396183e-16
0.1,0.0,0.02,0.52,2.313985246342552e-16,2.313985246342552e-16,2.313985246342552e-16
0.1,0.0,0.02,0.525,1.7875038742167807e-16,1.7875038742167807e-16,1.7875038742167807e-16
0.1,0.0,0.02,0.53,1.261022502091009e-16,1.261022502091009e-16,1.261022502091009e-16
0.1,0.0,0.02,0.535,7.345411299652376e-17,7.345411299652376e-17,7.345411299652376e-17
0.1,0.0,0.02,0.54,2.0805975783946604e-17,2.0805975783946604e-17,2.0805975783946604e-17
0.1,0.0,0.02,0.545,1.6036872012632165e-17,1.6036872012632165e-17,1.6036872012632165e-17
0.1,0.0,0.02,0.55,1.1267768241317723e-17,1.1267768241317723e-17,1.1267768241317723e-17
0.1,0.0,0.02,0.555,6.4986644700032824e-18,6.4986644700032824e-18,6.4986644700032824e-18
0.1,0.0,0.02,0.56,1.7295606986888409e-18,1.7295606986888409e-18,1.7295606986888409e-18
0.1,0.0,0.02,0.5650000000000001,1.3303687097118732e-18,1.3303687097118732e-18,1.3303687097118732e-18
0.1,0.0,0.02,0.5700000000000001,9.311767207349052e-19,9.311767207349052e-19,9.311767207349052e-19
0.1,0.0,0.02,0.5750000000000001,5.319847317579377e-19,5.319847317579377e-19,5.319847317579377e-19
0.1,0.0,0.02,0.58,1.3279274278097887e-19,1.3279274278097887e-19,1.3279274278097887e-19
0.1,0.0,0.02,0.585,1.0194580825391432e-19,1.0194580825391432e-19,1.0194580825391432e-19
0.1,0.0,0.02,0.59,7.109887372684978e-20,7.109887372684978e-20,7.109887372684978e-20
0.1,0.0,0.02,0.595,4.025193919978522e-20,4.025193919978522e-20,4.025193919978522e-20
0.1,0.0,0.02,0.6,9.405004672720671e-21,9.405004672720671e-21,9.405004672720671e-21
0.1,0.0,0.02,0.605,7.207129936204036e-21,7.207129936204036e-21,7.207129936204036e-21
0.1,0.0,0.02,0.61,5.0092551996874036e-21,5.0092551996874036e-21,5.0092551996874036e-21
0.1,0.0,0.02,0.615,2.811380463170769e-21,2.811380463170769e-21,2.811380463170769e-21
0.1,0.0,0.02,0.62,6.135057266541359e-22,6.135057266541359e-22,6.135057266541359e-22
0.1,0.0,0.02,0.625,4.693270324706932e-22,4.693270324706932e-22,4.693270324706932e-22
0.1,0.0,0.02,0.63,3.2514833828725046e-22,3.2514833828725046e-22,3.2514833828725046e-22
0.1,0.0,0.02,0.635,1.8096964410380776e-22,1.8096964410380776e-22,1.8096964410380776e-22
0.1,0.0,0.02,0.64,3.6790949920365057e-23,3.6790949920365057e-23,3.6790949920365057e-23
0.1,0.0,0.02,0.645,2.8099147418625273e-23,2.8099147418625273e-23,2.8099147418625273e-23
0.1,0.0,0.02,0.65,1.940734491688549e-23,1.940734491688549e-23,1.940734491688549e-23
0.1,0.0,0.02,0.655,1.0715542415145708e-23,1.0715542415145708e-23,1.0715542415145708e-23
0.1,0.0,0.02,0.66,2.0237399134059244e-24,2.0237399134059244e-24,2.0237399134059244e-24
0.1,0.0,0.02,0.665,1.543264180254199e-24,1.543264180254199e-24,1.543264180254199e-24
0.1,0.0,0.02,0.67,1.0627884471024738e-24,1.0627884471024738e-24,1.0627884471024738e-24
0.1,0.0,0.02,0.675,5.823127139507484e-25,5.823127139507484e-25,5.823127139507484e-25
0.1,0.0,0.02,0.68,1.0183698079902306e-25,1.0183698079902306e-25,1.0183698079902306e-25
0.1,0.0,0.02,0.685,7.754606812441513e-26,7.754606812441513e-26,7.754606812441513e-26
0.1,0.0,0.02,0.6900000000000001,5.325515544980721e-26,5.325515544980721e-26,5.325515544980721e-26
0.1,0.0,0.02,0.6950000000000001,2.89642427751993e-26,2.89642427751993e-26,2.89642427751993e-26
0.1,0.0,0.02,0.7000000000000001,4.6733301005918946e-27,4.6733301005918946e-27,4.6733301005918946e-27
0.1,0.0,0.02,0.705,3.553709894662909e-27,3.553709894662909e-27,3.553709894662909e-27
0.1,0.0,0.02,0.71,2.4340896887339002e-27,2.4340896887339002e-27,2.4340896887339002e-27
0.1,0.0,0.02,0.715,1.3144694828048906e-27,1.3144694828048906e-27,1.3144694828048906e-27
0.1,0.0,0.02,0.72,1.9484927687588081e-28,1.9484927687588081e-28,1.9484927687588081e-28
0.1,0.0,0.02,0.725,1.47974092644966e-28,1.47974092644966e-28,1.47974092644966e-28
0.1,0.0,0.02,0.73,1.0109890841405113e-28,1.0109890841405113e-28,1.0109890841405113e-28
0.1,0.0,0.02,0.735,5.422372418313629e-29,5.422372418313629e-29,5.422372418313629e-29
0.1,0.0,0.02,0.74,7.34853995222144e-30,7.34853995222144e-30,7.34853995222144e-30
0.1,0.0,0.02,0.745,5.57374702392912e-30,5.57374702392912e-30,5.57374702392912e-30
0.1,0.0,0.02,0.75,3.798954095636802e-30,3.798954095636802e-30,3.798954095636802e-30
0.1,0.0,0.02,0.755,2.0241611673444832e-30,2.0241611673444832e-30,2.0241611673444832e-30
0.1,0.0,0.02,0.76,2.493682390521639e-31,2.493682390521639e-31,2.493682390521639e-31
0.1,0.0,0.02,0.765,1.8891767021626506e-31,1.8891767021626506e-31,1.8891767021626506e-31
0.1,0.0,0.02,0.77,1.284671013803662e-31,1.284671013803662e-31,1.284671013803662e-31
0.1,0.0,0.02,0.775,6.801653254446732e-32,6.801653254446732e-32,6.801653254446732e-32
0.1,0.0,0.02,0.78,7.565963708568447e-33,7.565963708568447e-33,7.565963708568447e-33
0.1,0.0,0.02,0.785,5.725390067760851e-33,5.725390067760851e-33,5.725390067760851e-33
0.1,0.0,0.02,0.79,3.8848164269532576e-33,3.8848164269532576e-33,3.8848164269532576e-33
0.1,0.0,0.02,0.795,2.0442427861456628e-33,2.0442427861456628e-33,2.0442427861456628e-33
0.1,0.0,0.02,0.8,2.036691453380684e-34,2.036691453380684e-34,2.036691453380684e-34
0.1,0.0,0.02,0.805,1.539564688249274e-34,1.539564688249274e-34,1.539564688249274e-34
0.1,0.0,0.02,0.81,1.042437923117864e-34,1.042437923117864e-34,1.042437923117864e-34
0.1,0.0,0.02,0.8150000000000001,5.453111579864534e-35,5.453111579864534e-35,5.453111579864534e-35
0.1,0.0,0.02,0.8200000000000001,4.818439285505408e-36,4.818439285505408e-36,4.818439285505408e-36
0.1,0.0,0.02,0.8250000000000001,3.638580232918671e-36,3.638580232918671e-36,3.638580232918671e-36
0.1,0.0,0.02,0.8300000000000001,2.458721180331934e-36,2.458721180331934e-36,2.458721180331934e-36
0.1,0.0,0.02,0.835,1.2788621277452235e-36,1.2788621277452235e-36,1.2788621277452235e-36
0.1,0.0,0.02,0.84,9.900307515848614e-38,9.900307515848614e-38,9.900307515848614e-38
0.1,0.0,0.02,0.845,7.468729544209022e-38,7.468729544209022e-38,7.468729544209022e-38
0.1,0.0,0.02,0.85,5.037151572569427e-38,5.037151572569427e-38,5.037151572569427e-38
0.1,0.0,0.02,0.855,2.6055736009298353e-38,2.6055736009298353e-38,2.6055736009298353e-38
0.1,0.0,0.02,0.86,1.7399562929024124e-39,1.7399562929024124e-39,1.7399562929024124e-39
0.1,0.0,0.02,0.865,1.3113760156866094e-39,1.3113760156866094e-39,1.3113760156866094e-39
0.1,0.0,0.02,0.87,8.827957384708063e-40,8.827957384708063e-40,8.827957384708063e-40
0.1,0.0,0.02,0.875,4.542154612550032e-40,4.542154612550032e-40,4.542154612550032e-40
0.1,0.0,0.02,0.88,2.563518403920023e-41,2.563518403920023e-41,2.563518403920023e-41
0.1,0.0,0.02,0.885,1.930338175840018e-41,1.930338175840018e-41,1.930338175840018e-41
0.1,0.0,0.02,0.89,1.2971579477600118e-41,1.2971579477600118e-41,1.2971579477600118e-41
0.1,0.0,0.02,0.895,6.639777196800059e-42,6.639777196800059e-42,6.639777196800059e-42
0.1,0.0,0.02,0.9,3.079749160000022e-43,3.079749160000022e-43,3.079749160000022e-43
0.1,0.0,0.02,0.905,2.317055972000016e-43,2.317055972000016e-43,2.317055972000016e-43
0.1,0.0,0.02,0.91,1.5543627840000108e-43,1.5543627840000108e-43,1.5543627840000108e-43
0.1,0.0,0.02,0.915,7.916695960000054e-44,7.916695960000054e-44,7.916695960000054e-44
0.1,0.0,0.02,0.92,2.8976407999999957e-45,2.8976407999999957e-45,2.8976407999999957e-45
0.1,0.0,0.02,0.925,2.1782369999999927e-45,2.1782369999999927e-45,2.1782369999999927e-45
0.1,0.0,0.02,0.93,1.45883319999999e-45,1.45883319999999e-45,1.45883319999999e-45
0.1,0.0,0.02,0.935,7.394293999999872e-46,7.394293999999872e-46,7.394293999999872e-46
0.1,0.0,0.02,0.9400000000000001,2.0025600000000032e-47,2.0025600000000032e-47,2.0025600000000032e-47
0.1,0.0,0.02,0.9450000000000001,1.5041799999999995e-47,1.5041799999999995e-47,1.5041799999999995e-47
0.1,0.0,0.02,0.9500000000000001,1.0057999999999961e-47,1.0057999999999961e-47,1.0057999999999961e-47
0.1,0.0,0.02,0.9550000000000001,5.074199999999925e-48,5.074199999999925e-48,5.074199999999925e-48
0.1,0.0,0.02,0.96,9.040000000000038e-50,9.040000000000038e-50,9.040000000000038e-50
0.1,0.0,0.02,0.965,6.785000000000028e-50,6.785000000000028e-50,6.785000000000028e-50
0.1,0.0,0.02,0.97,4.530000000000019e-50,4.530000000000019e-50,4.530000000000019e-50
0.1,0.0,0.02,0.975,2.2750000000000095e-50,2.2750000000000095e-50,2.2750000000000095e-50
0.1,0.0,0.02,0.98,2.0000000000000074e-52,2.0000000000000074e-52,2.0000000000000074e-52
0.1,0.0,0.02,0.985,1.5000000000000054e-52,1.5000000000000054e-52,1.5000000000000054e-52
0.1,0.0,0.02,0.99,1.0000000000000037e-52,1.0000000000000037e-52,1.0000000000000037e-52
0.1,0.0,0.02,0.995,5.000000000000019e-53,5.000000000000019e-53,5.000000000000019e-53
0.1,0.0,0.02,1.0,0.0,0.0,0.0
0.1,0.05,1.0,0.0,0.1,0.10000000000100001,0.09999999999999998
0.1,0.05,1.0,0.005,0.09950000000000002,0.09950000000100011,0.09949999999999998
0.1,0.05,1.0,0.01,0.099,0.09900000000100001,0.09899999999999998
0.1,0.05,1.0,0.015,0.09850000000000002,0.09850000000100011,0.09849999999999998
0.1,0.05,1.0,0.02,0.09800000000000002,0.09800000000100002,0.09799999999999998
0.1,0.05,1.0,0.025,0.09749999999999999,0.09750000000100001,0.09749999999999998
0.1,0.05,1.0,0.03,0.09700000000000002,0.09700000000100001,0.09699999999999998
0.1,0.05,1.0,0.035,0.0965,0.09650000000100001,0.09649999999999997
0.1,0.05,1.0,0.04,0.096,0.0960000000010001,0.09599999999999997
0.1,0.05,1.0,0.045,0.0955,0.0955000000010001,0.09549999999999997
0.1,0.05,1.0,0.05,0.095,0.09500000000100002,0.09499999999999997
0.1,0.05,1.0,0.055,0.09450000000000001,0.094500000001,0.09449999999999997
0.1,0.05,1.0,0.06,0.094,0.0940000000010001,0.09399999999999997
0.1,0.05,1.0,0.065,0.09350000000000001,0.09350000000100003,0.09349999999999999
0.1,0.05,1.0,0.07,0.093,0.0930000000010001,0.09299999999999997
0.1,0.05,1.0,0.075,0.09250000000000001,0.09250000000100012,0.09249999999999999
0.1,0.05,1.0,0.08,0.09200000000000001,0.09200000000100003,0.09199999999999998
0.1,0.05,1.0,0.085,0.09150000000000001,0.09150000000100002,0.09149999999999998
0.1,0.05,1.0,0.09,0.09100000000000001,0.09100000000100011,0.09099999999999998
0.1,0.05,1.0,0.095,0.09050000000000001,0.09050000000100002,0.09049999999999998
0.1,0.05,1.0,0.1,0.09,0.09000000000100011,0.08999999999999998
0.1,0.05,1.0,0.105,0.0895,0.08950000000100021,0.08949999999999998
0.1,0.05,1.0,0.11,0.08900000000000001,0.08900000000100003,0.08899999999999998
0.1,0.05,1.0,0.115,0.08850000000000001,0.08850000000100001,0.08849999999999998
0.1,0.05,1.0,0.12,0.08800000000000002,0.08800000000100003,0.08799999999999998
0.1,0.05,1.0,0.125,0.08750000000000002,0.08750000000100001,0.08749999999999998
0.1,0.05,1.0,0.13,0.08700000000000001,0.08700000000100011,0.08699999999999998
0.1,0.05,1.0,0.135,0.08650000000000002,0.08650000000100001,0.08649999999999998
0.1,0.05,1.0,0.14,0.08600000000000001,0.08600000000100001,0.08599999999999998
0.1,0.05,1.0,0.145,0.08549999999999999,0.08550000000100003,0.08549999999999998
0.1,0.05,1.0,0.15,0.08500000000000002,0.08500000000100001,0.08499999999999998
0.1,0.05,1.0,0.155,0.0845,0.08450000000100011,0.08449999999999998
0.1,0.05,1.0,0.16,0.08399999999999999,0.08400000000100001,0.08399999999999998
0.1,0.05,1.0,0.165,0.0835,0.08350000000100001,0.08349999999999998
0.1,0.05,1.0,0.17,0.083,0.08300000000100011,0.08299999999999998
0.1,0.05,1.0,0.17500000000000002,0.08250000000000002,0.08250000000100001,0.08249999999999998
0.1,0.05,1.0,0.18,0.082,0.08200000000100002,0.08199999999999999
0.1,0.05,1.0,0.185,0.0815,0.0815000000010001,0.08149999999999998
0.1,0.05,1.0,0.19,0.081,0.08100000000100002,0.08099999999999999
0.1,0.05,1.0,0.195,0.0805,0.08050000000100001,0.08049999999999997
0.1,0.05,1.0,0.2,0.08000000000000002,0.08000000000100012,0.07999999999999999
0.1,0.05,1.0,0.20500000000000002,0.0795,0.079500000001,0.07949999999999997
0.1,0.05,1.0,0.21,0.07900000000000001,0.07900000000100002,0.07899999999999999
0.1,0.05,1.0,0.215,0.07850000000000001,0.07850000000100002,0.07849999999999999
0.1,0.05,1.0,0.22,0.078,0.07800000000100002,0.07799999999999999
0.1,0.05,1.0,0.225,0.0775,0.07750000000100002,0.07749999999999999
0.1,0.05,1.0,0.23,0.07700000000000001,0.07700000000100002,0.07699999999999999
0.1,0.05,1.0,0.23500000000000001,0.0765,0.07650000000100002,0.07649999999999998
0.1,0.05,1.0,0.24,0.07600000000000001,0.07600000000100002,0.07599999999999998
0.1,0.05,1.0,0.245,0.07550000000000001,0.07550000000100002,0.07549999999999998
0.1,0.05,1.0,0.25,0.07500000000000001,0.07500000000100002,0.07499999999999998
0.1,0.05,1.0,0.255,0.0745,0.074500000001,0.07449999999999998
0.1,0.05,1.0,0.26,0.07400000000000001,0.074000000001,0.07399999999999998
0.1,0.05,1.0,0.265,0.07350000000000001,0.07350000000100011,0.07349999999999998
0.1,0.05,1.0,0.27,0.07300000000000001,0.073000000001,0.07299999999999998
0.1,0.05,1.0,0.275,0.07250000000000001,0.072500000001,0.07249999999999998
0.1,0.05,1.0,0.28,0.07200000000000001,0.07200000000100011,0.07199999999999998
0.1,0.05,1.0,0.28500000000000003,0.07150000000000001,0.071500000001,0.07149999999999998
0.1,0.05,1.0,0.29,0.071,0.071000000001,0.07099999999999998
0.1,0.05,1.0,0.295,0.07050000000000002,0.07050000000100001,0.0705
0.1,0.05,1.0,0.3,0.07,0.07000000000100001,0.06999999999999998
0.1,0.05,1.0,0.305,0.0695,0.06950000000100001,0.06949999999999999
0.1,0.05,1.0,0.31,0.06899999999999999,0.069000000001,0.06899999999999998
0.1,0.05,1.0,0.315,0.06850000000000002,0.06850000000100001,0.06849999999999999
0.1,0.05,1.0,0.32,0.068,0.06800000000100011,0.06799999999999998
0.1,0.05,1.0,0.325,0.06750000000000002,0.06750000000100011,0.06749999999999999
0.1,0.05,1.0,0.33,0.06699999999999999,0.067000000001,0.06699999999999998
0.1,0.05,1.0,0.335,0.0665,0.06650000000100001,0.06649999999999999
0.1,0.05,1.0,0.34,0.066,0.066000000001,0.06599999999999998
0.1,0.05,1.0,0.34500000000000003,0.0655,0.06550000000100002,0.06549999999999999
0.1,0.05,1.0,0.35000000000000003,0.06499999999999999,0.065000000001,0.06499999999999997
0.1,0.05,1.0,0.355,0.0645,0.06450000000100001,0.06449999999999999
0.1,0.05,1.0,0.36,0.064,0.06400000000100001,0.06399999999999999
0.1,0.05,1.0,0.365,0.0635,0.063500000001,0.06349999999999999
0.1,0.05,1.0,0.37,0.06300000000000001,0.0630000000010001,0.06299999999999999
0.1,0.05,1.0,0.375,0.0625,0.062500000001,0.062499999999999986
0.1,0.05,1.0,0.38,0.062,0.062000000001,0.061999999999999986
0.1,0.05,1.0,0.385,0.0615,0.061500000001,0.061499999999999985
0.1,0.05,1.0,0.39,0.06100000000000001,0.061000000001,0.060999999999999985
0.1,0.05,1.0,0.395,0.0605,0.060500000001,0.060499999999999984
0.1,0.05,1.0,0.4,0.060000000000000005,0.060000000000999996,0.059999999999999984
0.1,0.05,1.0,0.405,0.05950000000000001,0.059500000000999996,0.05949999999999998
0.1,0.05,1.0,0.41000000000000003,0.059000000000000004,0.059000000000999996,0.05899999999999998
0.1,0.05,1.0,0.41500000000000004,0.0585,0.058500000000999995,0.05849999999999998
0.1,0.05,1.0,0.42,0.05800000000000001,0.05800000000100001,0.057999999999999996
0.1,0.05,1.0,0.425,0.0575,0.057500000000999994,0.05749999999999998
0.1,0.05,1.0,0.43,0.05700000000000001,0.05700000000100001,0.056999999999999995
0.1,0.05,1.0,0.435,0.0565,0.05650000000099999,0.05649999999999998
0.1,0.05,1.0,0.44,0.05600000000000001,0.05600000000100001,0.055999999999999994
0.1,0.05,1.0,0.445,0.055499999999999994,0.0555000000010001,0.05549999999999998
0.1,0.05,1.0,0.45,0.05500000000000001,0.055000000001000006,0.05499999999999999
0.1,0.05,1.0,0.455,0.0545,0.05450000000099999,0.05449999999999998
0.1,0.05,1.0,0.46,0.054000000000000006,0.054000000001000005,0.05399999999999999
0.1,0.05,1.0,0.465,0.0535,0.053500000001000005,0.05349999999999998
0.1,0.05,1.0,0.47000000000000003,0.053000000000000005,0.053000000001000004,0.05299999999999999
0.1,0.05,1.0,0.47500000000000003,0.05249999999999999,0.05250000000099999,0.05249999999999998
0.1,0.05,1.0,0.48,0.052000000000000005,0.052000000001,0.05199999999999999
0.1,0.05,1.0,0.485,0.051500000000000004,0.051500000001,0.05149999999999999
0.1,0.05,1.0,0.49,0.051000000000000004,0.0510000000010001,0.05099999999999999
0.1,0.05,1.0,0.495,0.0505,0.050500000001,0.05049999999999999
0.1,0.05,1.0,0.5,0.05,0.050000000001,0.04999999999999999
0.1,0.05,1.0,0.505,0.0495,0.049500000001,0.04949999999999999
0.1,0.05,1.0,0.51,0.049,0.04900000000100001,0.04899999999999999
0.1,0.05,1.0,0.515,0.0485,0.048500000001,0.04849999999999999
0.1,0.05,1.0,0.52,0.048,0.04800000000100005,0.04799999999999999
0.1,0.05,1.0,0.525,0.0475,0.047500000001000006,0.04749999999999999
0.1,0.05,1.0,0.53,0.047,0.04700000000100005,0.046999999999999986
0.1,0.05,1.0,0.535,0.0465,0.04650000000100005,0.046499999999999986
0.1,0.05,1.0,0.54,0.046,0.046000000001000005,0.045999999999999985
0.1,0.05,1.0,0.545,0.0455,0.045500000001,0.045499999999999985
0.1,0.05,1.0,0.55,0.045,0.045000000001,0.044999999999999984
0.1,0.05,1.0,0.555,0.0445,0.044500000001,0.044499999999999984
0.1,0.05,1.0,0.56,0.044,0.044000000000999996,0.043999999999999984
0.1,0.05,1.0,0.5650000000000001,0.0435,0.043500000000999996,0.04349999999999998
0.1,0.05,1.0,0.5700000000000001,0.043,0.043000000000999995,0.04299999999999998
0.1,0.05,1.0,0.5750000000000001,0.042499999999999996,0.042500000000999995,0.04249999999999998
0.1,0.05,1.0,0.58,0.04200000000000001,0.04200000000100006,0.041999999999999996
0.1,0.05,1.0,0.585,0.04150000000000001,0.04150000000100001,0.041499999999999995
0.1,0.05,1.0,0.59,0.04100000000000001,0.04100000000100001,0.040999999999999995
0.1,0.05,1.0,0.595,0.04050000000000001,0.04050000000100001,0.040499999999999994
0.1,0.05,1.0,0.6,0.04000000000000001,0.040000000001000055,0.039999999999999994
0.1,0.05,1.0,0.605,0.03950000000000001,0.039500000001000006,0.03949999999999999
0.1,0.05,1.0,0.61,0.03899999999999999,0.039000000001000006,0.03899999999999999
0.1,0.05,1.0,0.615,0.038500000000000006,0.038500000001000005,0.03849999999999999
0.1,0.05,1.0,0.62,0.038,0.038000000001000005,0.03799999999999999
0.1,0.05,1.0,0.625,0.037500000000000006,0.037500000001000004,0.03749999999999999
0.1,0.05,1.0,0.63,0.037000000000000005,0.037000000001,0.03699999999999999
0.1,0.05,1.0,0.635,0.036500000000000005,0.036500000000999996,0.03649999999999999
0.1,0.05,1.0,0.64,0.036000000000000004,0.03600000000100005,0.03599999999999999
0.1,0.05,1.0,0.645,0.0355,0.035500000000999996,0.03549999999999999
0.1,0.05,1.0,0.65,0.034999999999999996,0.035000000001,0.03499999999999999
0.1,0.05,1.0,0.655,0.034499999999999996,0.034500000000999995,0.03449999999999999
0.1,0.05,1.0,0.66,0.033999999999999996,0.03400000000100005,0.03399999999999999
0.1,0.05,1.0,0.665,0.033499999999999995,0.033500000000999994,0.03349999999999999
0.1,0.05,1.0,0.67,0.032999999999999995,0.03300000000099999,0.03299999999999999
0.1,0.05,1.0,0.675,0.0325,0.03250000000099999,0.03249999999999999
0.1,0.05,1.0,0.68,0.031999999999999994,0.03200000000099999,0.03199999999999999
0.1,0.05,1.0,0.685,0.0315,0.03150000000099999,0.031499999999999986
0.1,0.05,1.0,0.6900000000000001,0.030999999999999996,0.031000000000999995,0.030999999999999986
0.1,0.05,1.0,0.6950000000000001,0.0305,0.030500000000999995,0.030499999999999985
0.1,0.05,1.0,0.7000000000000001,0.029999999999999992,0.030000000001000043,0.029999999999999985
0.1,0.05,1.0,0.705,0.029500000000000002,0.029500000001000004,0.0295
0.1,0.05,1.0,0.71,0.029000000000000005,0.029000000001000004,0.028999999999999998
0.1,0.05,1.0,0.715,0.028500000000000004,0.028500000001000003,0.028499999999999998
0.1,0.05,1.0,0.72,0.028000000000000004,0.028000000001000003,0.027999999999999997
0.1,0.05,1.0,0.725,0.0275,0.027500000001000002,0.027499999999999997
0.1,0.05,1.0,0.73,0.027000000000000007,0.027000000001000002,0.026999999999999996
0.1,0.05,1.0,0.735,0.026500000000000003,0.026500000001,0.026499999999999996
0.1,0.05,1.0,0.74,0.026000000000000002,0.026000000001,0.025999999999999995
0.1,0.05,1.0,0.745,0.0255,0.02550000000100005,0.025499999999999995
0.1,0.05,1.0,0.75,0.025000000000000005,0.025000000001,0.024999999999999994
0.1,0.05,1.0,0.755,0.0245,0.024500000001000003,0.024499999999999994
0.1,0.05,1.0,0.76,0.024,0.024000000001000023,0.023999999999999994
0.1,0.05,1.0,0.765,0.0235,0.023500000001000023,0.023499999999999993
0.1,0.05,1.0,0.77,0.023,0.023000000001000002,0.022999999999999993
0.1,0.05,1.0,0.775,0.0225,0.022500000000999998,0.022499999999999992
0.1,0.05,1.0,0.78,0.022,0.022000000000999997,0.021999999999999992
0.1,0.05,1.0,0.785,0.0215,0.021500000000999997,0.02149999999999999
0.1,0.05,1.0,0.79,0.020999999999999998,0.021000000000999997,0.02099999999999999
0.1,0.05,1.0,0.795,0.020499999999999994,0.020500000001,0.02049999999999999
0.1,0.05,1.0,0.8,0.019999999999999997,0.020000000000999996,0.01999999999999999
0.1,0.05,1.0,0.805,0.019499999999999997,0.019500000000999995,0.01949999999999999
0.1,0.05,1.0,0.81,0.018999999999999996,0.019000000000999995,0.01899999999999999
0.1,0.05,1.0,0.8150000000000001,0.018499999999999996,0.018500000000999994,0.01849999999999999
0.1,0.05,1.0,0.8200000000000001,0.017999999999999995,0.018000000001000018,0.017999999999999988
0.1,0.05,1.0,0.8250000000000001,0.017499999999999995,0.017500000000999993,0.017499999999999988
0.1,0.05,1.0,0.8300000000000001,0.016999999999999994,0.017000000000999993,0.01699999999999999
0.1,0.05,1.0,0.835,0.016500000000000008,0.016500000001000003,0.0165
0.1,0.05,1.0,0.84,0.016000000000000007,0.016000000001000002,0.016
0.1,0.05,1.0,0.845,0.015500000000000005,0.015500000001000004,0.0155
0.1,0.05,1.0,0.85,0.015000000000000001,0.015000000001000003,0.015
0.1,0.05,1.0,0.855,0.014500000000000002,0.014500000001000003,0.014499999999999999
0.1,0.05,1.0,0.86,0.014000000000000002,0.014000000001000002,0.013999999999999999
0.1,0.05,1.0,0.865,0.0135,0.013500000001000002,0.013499999999999998
0.1,0.05,1.0,0.87,0.013,0.013000000001000002,0.012999999999999998
0.1,0.05,1.0,0.875,0.0125,0.012500000001000001,0.012499999999999997
0.1,0.05,1.0,0.88,0.012,0.012000000001000013,0.011999999999999997
0.1,0.05,1.0,0.885,0.011499999999999998,0.011500000001000002,0.011499999999999996
0.1,0.05,1.0,0.89,0.011,0.011000000001,0.010999999999999996
0.1,0.05,1.0,0.895,0.010499999999999999,0.010500000001,0.010499999999999995
0.1,0.05,1.0,0.9,0.009999999999999998,0.010000000000999999,0.009999999999999995
0.1,0.05,1.0,0.905,0.009499999999999998,0.009500000000999998,0.009499999999999995
0.1,0.05,1.0,0.91,0.008999999999999996,0.00900000000100001,0.008999999999999994
0.1,0.05,1.0,0.915,0.008499999999999995,0.008500000000999998,0.008499999999999995
0.1,0.05,1.0,0.92,0.007999999999999997,0.008000000000999997,0.007999999999999995
0.1,0.05,1.0,0.925,0.007499999999999995,0.007500000000999997,0.007499999999999994
0.1,0.05,1.0,0.93,0.006999999999999996,0.007000000000999996,0.006999999999999993
0.1,0.05,1.0,0.935,0.006499999999999995,0.006500000000999996,0.006499999999999994
0.1,0.05,1.0,0.9400000000000001,0.005999999999999994,0.006000000000999995,0.005999999999999993
0.1,0.05,1.0,0.9450000000000001,0.005499999999999994,0.005500000000999995,0.005499999999999993
0.1,0.05,1.0,0.9500000000000001,0.004999999999999995,0.0050000000009999945,0.004999999999999992
0.1,0.05,1.0,0.9550000000000001,0.004499999999999993,0.004500000000999993,0.004499999999999992
0.1,0.05,1.0,0.96,0.004000000000000004,0.004000000001000004,0.004000000000000003
0.1,0.05,1.0,0.965,0.003500000000000003,0.003500000001000003,0.0035000000000000022
0.1,0.05,1.0,0.97,0.003000000000000003,0.0030000000010000027,0.003000000000000002
0.1,0.05,1.0,0.975,0.0025000000000000022,0.002500000001000002,0.002500000000000002
0.1,0.05,1.0,0.98,0.002000000000000002,0.0020000000010000018,0.0020000000000000013
0.1,0.05,1.0,0.985,0.0015000000000000013,0.0015000000010000013,0.001500000000000001
0.1,0.05,1.0,0.99,0.0010000000000000009,0.0010000000010000009,0.0010000000000000007
0.1,0.05,1.0,0.995,0.0005000000000000004,0.0005000000010000004,0.0005000000000000003
0.1,0.05,1.0,1.0,-0.0,1e-12,0.0
0.1,0.05,0.5,0.0,0.10000000000000002,0.10000000000100001,0.09999999999999998
0.1,0.05,0.5,0.005,0.09907250000000002,0.09907250000100004,0.09907249999999998
0.1,0.05,0.5,0.01,0.09814500000000002,0.09814500000100013,0.09814499999999997
0.1,0.05,0.5,0.015,0.09721750000000001,0.09721750000100056,0.09721749999999998
0.1,0.05,0.5,0.02,0.09629000000000003,0.09629000000100003,0.09628999999999997
0.1,0.05,0.5,0.025,0.09536250000000002,0.0953625000010009,0.09536249999999998
0.1,0.05,0.5,0.03,0.09443500000000002,0.09443500000100144,0.09443499999999996
0.1,0.05,0.5,0.035,0.09350750000000002,0.09350750000100003,0.09350749999999997
0.1,0.05,0.5,0.04,0.09258000000000002,0.09258000000100068,0.09257999999999998
0.1,0.05,0.5,0.045,0.09165250000000003,0.09165250000100005,0.09165249999999998
0.1,0.05,0.5,0.05,0.09072500000000001,0.09072500000100005,0.09072499999999997
0.1,0.05,0.5,0.055,0.0897975,0.08979750000100004,0.08979749999999997
0.1,0.05,0.5,0.06,0.08887,0.08887000000100025,0.08886999999999998
0.1,0.05,0.5,0.065,0.08794250000000002,0.08794250000100155,0.08794249999999998
0.1,0.05,0.5,0.07,0.08701500000000001,0.08701500000100001,0.08701499999999998
0.1,0.05,0.5,0.075,0.08608750000000003,0.08608750000100013,0.08608749999999997
0.1,0.05,0.5,0.08,0.08516000000000003,0.08516000000100003,0.08515999999999999
0.1,0.05,0.5,0.085,0.0842325,0.08423250000100006,0.08423249999999997
0.1,0.05,0.5,0.09,0.08330500000000002,0.08330500000100045,0.08330499999999999
0.1,0.05,0.5,0.095,0.08237750000000002,0.08237750000100008,0.08237749999999998
0.1,0.05,0.5,0.1,0.08145000000000002,0.08145000000100035,0.08144999999999998
0.1,0.05,0.5,0.105,0.0805225,0.08052250000100004,0.08052249999999998
0.1,0.05,0.5,0.11,0.07959500000000001,0.07959500000100005,0.07959499999999999
0.1,0.05,0.5,0.115,0.07866750000000002,0.07866750000100067,0.07866749999999999
0.1,0.05,0.5,0.12,0.07774,0.07774000000100045,0.07773999999999998
0.1,0.05,0.5,0.125,0.0768125,0.07681250000100005,0.07681249999999998
0.1,0.05,0.5,0.13,0.07588500000000001,0.07588500000100003,0.07588499999999998
0.1,0.05,0.5,0.135,0.07495750000000001,0.07495750000100003,0.07495749999999998
0.1,0.05,0.5,0.14,0.07403,0.07403000000100023,0.07402999999999998
0.1,0.05,0.5,0.145,0.07310250000000001,0.07310250000100078,0.07310249999999997
0.1,0.05,0.5,0.15,0.072175,0.07217500000100005,0.07217499999999998
0.1,0.05,0.5,0.155,0.0712475,0.07124750000100055,0.07124749999999998
0.1,0.05,0.5,0.16,0.07032000000000001,0.070320000001,0.07031999999999998
0.1,0.05,0.5,0.165,0.0693925,0.069392500001,0.06939249999999998
0.1,0.05,0.5,0.17,0.068465,0.06846500000100003,0.06846499999999997
0.1,0.05,0.5,0.17500000000000002,0.06753749999999999,0.06753750000100023,0.06753749999999997
0.1,0.05,0.5,0.18,0.06661000000000002,0.06661000000100023,0.06660999999999999
0.1,0.05,0.5,0.185,0.06568250000000002,0.06568250000100007,0.06568249999999999
0.1,0.05,0.5,0.19,0.06475500000000002,0.06475500000100011,0.06475499999999998
0.1,0.05,0.5,0.195,0.06382750000000001,0.06382750000100001,0.06382749999999998
0.1,0.05,0.5,0.2,0.06290000000000001,0.06290000000100045,0.06289999999999998
0.1,0.05,0.5,0.20500000000000002,0.0619725,0.06197250000100089,0.06197249999999998
0.1,0.05,0.5,0.21,0.061045000000000016,0.06104500000100003,0.061044999999999995
0.1,0.05,0.5,0.215,0.06011750000000001,0.06011750000100079,0.06011749999999999
0.1,0.05,0.5,0.22,0.05919000000000001,0.059190000001000026,0.05918999999999999
0.1,0.05,0.5,0.225,0.05826250000000001,0.058262500001000014,0.05826249999999999
0.1,0.05,0.5,0.23,0.05733500000000002,0.057335000001000565,0.05733499999999998
0.1,0.05,0.5,0.23500000000000001,0.05640750000000001,0.05640750000100002,0.05640749999999999
0.1,0.05,0.5,0.24,0.055480000000000015,0.055480000001000014,0.05547999999999999
0.1,0.05,0.5,0.245,0.05455250000000001,0.054552500001000225,0.05455249999999999
0.1,0.05,0.5,0.25,0.053625000000000006,0.05362500000100001,0.053624999999999985
0.1,0.05,0.5,0.255,0.05269750000000001,0.05269750000100011,0.05269749999999999
0.1,0.05,0.5,0.26,0.05177000000000001,0.051770000001000335,0.05176999999999998
0.1,0.05,0.5,0.265,0.05084250000000001,0.050842500001000226,0.050842499999999985
0.1,0.05,0.5,0.27,0.049915,0.04991500000100001,0.04991499999999999
0.1,0.05,0.5,0.275,0.0489875,0.04898750000100034,0.04898749999999999
0.1,0.05,0.5,0.28,0.048060000000000005,0.04806000000100022,0.048059999999999985
0.1,0.05,0.5,0.28500000000000003,0.04713250000000001,0.04713250000100022,0.04713249999999998
0.1,0.05,0.5,0.29,0.04620500000000001,0.04620500000100067,0.046204999999999996
0.1,0.05,0.5,0.295,0.04527750000000001,0.04527750000100012,0.0452775
0.1,0.05,0.5,0.3,0.044350000000000014,0.04435000000100002,0.044349999999999994
0.1,0.05,0.5,0.305,0.04342250000000002,0.04342250000100023,0.04342249999999999
0.1,0.05,0.5,0.31,0.042495000000000005,0.042495000001000115,0.04249499999999999
0.1,0.05,0.5,0.315,0.04156750000000001,0.04156750000100011,0.041567499999999986
0.1,0.05,0.5,0.32,0.04064000000000001,0.040640000001000216,0.04063999999999999
0.1,0.05,0.5,0.325,0.039712500000000005,0.03971250000100011,0.03971249999999999
0.1,0.05,0.5,0.33,0.038785,0.03878500000100022,0.038784999999999986
0.1,0.05,0.5,0.335,0.03785750000000001,0.03785750000100001,0.03785749999999999
0.1,0.05,0.5,0.34,0.036930000000000004,0.03693000000100011,0.036929999999999984
0.1,0.05,0.5,0.34500000000000003,0.03600250000000001,0.036002500001000005,0.036002499999999986
0.1,0.05,0.5,0.35000000000000003,0.035075,0.035075000001000216,0.03507499999999999
0.1,0.05,0.5,0.355,0.03414750000000001,0.03414750000100002,0.0341475
0.1,0.05,0.5,0.36,0.03322,0.03322000000100001,0.03321999999999999
0.1,0.05,0.5,0.365,0.0322925,0.03229250000100045,0.032292499999999995
0.1,0.05,0.5,0.37,0.031365000000000004,0.03136500000100002,0.031365
0.1,0.05,0.5,0.375,0.0304375,0.03043750000100001,0.030437499999999992
0.1,0.05,0.5,0.38,0.02951,0.029510000001000222,0.02950999999999999
0.1,0.05,0.5,0.385,0.0285825,0.028582500001000006,0.028582499999999993
0.1,0.05,0.5,0.39,0.027655000000000002,0.027655000001000223,0.027654999999999992
0.1,0.05,0.5,0.395,0.0267275,0.026727500001000222,0.026727499999999987
0.1,0.05,0.5,0.4,0.025800000000000003,0.025800000001000106,0.02579999999999999
0.1,0.05,0.5,0.405,0.0248725,0.024872500001000004,0.024872499999999992
0.1,0.05,0.5,0.41000000000000003,0.023945,0.023945000001000003,0.023944999999999987
0.1,0.05,0.5,0.41500000000000004,0.023017499999999996,0.023017500001,0.02301749999999999
0.1,0.05,0.5,0.42,0.02209000000000001,0.022090000001000115,0.02209
0.1,0.05,0.5,0.425,0.021162500000000008,0.021162500001000447,0.021162499999999994
0.1,0.05,0.5,0.43,0.020235000000000006,0.02023500000100001,0.020234999999999996
0.1,0.05,0.5,0.435,0.01930750000000001,0.019307500001000007,0.0193075
0.1,0.05,0.5,0.44,0.01838,0.018380000001000225,0.018379999999999994
0.1,0.05,0.5,0.445,0.017452500000000003,0.017452500001000112,0.017452499999999996
0.1,0.05,0.5,0.45,0.016525,0.016525000001000115,0.016524999999999998
0.1,0.05,0.5,0.455,0.0155975,0.015597500001,0.015597499999999993
0.1,0.05,0.5,0.46,0.01467,0.014670000001000001,0.014669999999999992
0.1,0.05,0.5,0.465,0.013742499999999998,0.013742500001000219,0.01374249999999999
0.1,0.05,0.5,0.47000000000000003,0.012815,0.012815000001000162,0.012814999999999993
0.1,0.05,0.5,0.47500000000000003,0.011887499999999995,0.011887500001000105,0.01188749999999999
0.1,0.05,0.5,0.48,0.010960000000000004,0.010960000001000114,0.010960000000000001
0.1,0.05,0.5,0.485,0.010032500000000005,0.010032500001000115,0.0100325
0.1,0.05,0.5,0.49,0.009105000000000002,0.009105000001000004,0.009105
0.1,0.05,0.5,0.495,0.0081775,0.008177500001000058,0.008177499999999999
0.1,0.05,0.5,0.5,0.00725,0.007250000001000002,0.007249999999999999
0.1,0.05,0.5,0.505,0.0071775,0.007177500001000002,0.007177499999999999
0.1,0.05,0.5,0.51,0.007105,0.0071050000010000015,0.0071049999999999985
0.1,0.05,0.5,0.515,0.0070325000000000006,0.0070325000010000565,0.007032499999999999
0.1,0.05,0.5,0.52,0.006960000000000001,0.006960000001000001,0.006959999999999998
0.1,0.05,0.5,0.525,0.0068875,0.006887500001000002,0.006887499999999999
0.1,0.05,0.5,0.53,0.006815,0.006815000001000001,0.006814999999999998
0.1,0.05,0.5,0.535,0.0067425,0.0067425000010000015,0.0067424999999999985
0.1,0.05,0.5,0.54,0.006670000000000001,0.006670000001000001,0.006669999999999998
0.1,0.05,0.5,0.545,0.006597500000000001,0.006597500001000056,0.006597499999999998
0.1,0.05,0.5,0.55,0.006525,0.006525000001000002,0.006524999999999998
0.1,0.05,0.5,0.555,0.0064525,0.006452500001000001,0.006452499999999998
0.1,0.05,0.5,0.56,0.006380000000000001,0.006380000001000001,0.006379999999999998
0.1,0.05,0.5,0.5650000000000001,0.006307500000000001,0.006307500001000001,0.006307499999999998
0.1,0.05,0.5,0.5700000000000001,0.006235000000000001,0.0062350000010000005,0.006234999999999998
0.1,0.05,0.5,0.5750000000000001,0.0061625000000000004,0.0061625000010000555,0.006162499999999998
0.1,0.05,0.5,0.58,0.0060900000000000025,0.006090000001000002,0.006089999999999999
0.1,0.05,0.5,0.585,0.006017500000000002,0.006017500001000002,0.006017499999999999
0.1,0.05,0.5,0.59,0.005945000000000002,0.005945000001000057,0.005944999999999999
0.1,0.05,0.5,0.595,0.005872500000000001,0.005872500001000002,0.005872499999999999
0.1,0.05,0.5,0.6,0.005800000000000001,0.005800000001000002,0.0058
0.1,0.05,0.5,0.605,0.005727500000000002,0.005727500001000001,0.005727499999999999
0.1,0.05,0.5,0.61,0.005655000000000002,0.005655000001000002,0.0056549999999999994
0.1,0.05,0.5,0.615,0.005582500000000001,0.005582500001000001,0.005582499999999999
0.1,0.05,0.5,0.62,0.005510000000000001,0.0055100000010000014,0.005509999999999999
0.1,0.05,0.5,0.625,0.005437500000000001,0.005437500001000002,0.005437499999999999
0.1,0.05,0.5,0.63,0.005365000000000001,0.005365000001000001,0.005364999999999999
0.1,0.05,0.5,0.635,0.0052925,0.005292500001000002,0.005292499999999999
0.1,0.05,0.5,0.64,0.005220000000000001,0.005220000001000001,0.005219999999999999
0.1,0.05,0.5,0.645,0.0051475,0.0051475000010000015,0.005147499999999998
0.1,0.05,0.5,0.65,0.0050750000000000005,0.005075000001000001,0.005074999999999999
0.1,0.05,0.5,0.655,0.0050025,0.005002500001000001,0.005002499999999998
0.1,0.05,0.5,0.66,0.00493,0.004930000001000001,0.004929999999999999
0.1,0.05,0.5,0.665,0.0048575,0.004857500001000001,0.004857499999999999
0.1,0.05,0.5,0.67,0.004785,0.004785000001000001,0.0047849999999999985
0.1,0.05,0.5,0.675,0.0047125000000000005,0.004712500001000001,0.004712499999999999
0.1,0.05,0.5,0.68,0.00464,0.0046400000010000005,0.004639999999999998
0.1,0.05,0.5,0.685,0.0045675,0.004567500001000001,0.004567499999999999
0.1,0.05,0.5,0.6900000000000001,0.004495,0.004495000001,0.004494999999999998
0.1,0.05,0.5,0.6950000000000001,0.0044225,0.004422500001000001,0.0044224999999999985
0.1,0.05,0.5,0.7000000000000001,0.00435,0.004350000001,0.004349999999999998
0.1,0.05,0.5,0.705,0.004277500000000002,0.004277500001000001,0.0042775
0.1,0.05,0.5,0.71,0.004205000000000001,0.004205000001000002,0.0042049999999999995
0.1,0.05,0.5,0.715,0.004132500000000002,0.004132500001000001,0.0041325
0.1,0.05,0.5,0.72,0.004060000000000001,0.0040600000010000015,0.004059999999999999
0.1,0.05,0.5,0.725,0.0039875000000000015,0.003987500001000001,0.0039875
0.1,0.05,0.5,0.73,0.003915000000000001,0.003915000001000001,0.003914999999999999
0.1,0.05,0.5,0.735,0.0038425000000000013,0.003842500001000001,0.0038424999999999996
0.1,0.05,0.5,0.74,0.0037700000000000008,0.0037700000010000008,0.0037699999999999995
0.1,0.05,0.5,0.745,0.003697500000000001,0.0036975000010000007,0.0036974999999999994
0.1,0.05,0.5,0.75,0.0036250000000000006,0.0036250000010000006,0.0036249999999999993
0.1,0.05,0.5,0.755,0.0035525000000000005,0.0035525000010000005,0.0035524999999999992
0.1,0.05,0.5,0.76,0.003480000000000001,0.0034800000010000005,0.003479999999999999
0.1,0.05,0.5,0.765,0.0034075000000000004,0.0034075000010000004,0.003407499999999999
0.1,0.05,0.5,0.77,0.003335000000000001,0.0033350000010000003,0.003334999999999999
0.1,0.05,0.5,0.775,0.0032624999999999998,0.0032625000010000006,0.003262499999999999
0.1,0.05,0.5,0.78,0.00319,0.003190000001,0.003189999999999999
0.1,0.05,0.5,0.785,0.0031175,0.003117500001,0.003117499999999999
0.1,0.05,0.5,0.79,0.003045,0.0030450000010000004,0.003044999999999999
0.1,0.05,0.5,0.795,0.0029725,0.002972500001,0.002972499999999999
0.1,0.05,0.5,0.8,0.0029,0.002900000001,0.002899999999999999
0.1,0.05,0.5,0.805,0.0028274999999999993,0.002827500001,0.002827499999999999
0.1,0.05,0.5,0.81,0.0027549999999999996,0.0027550000009999996,0.0027549999999999988
0.1,0.05,0.5,0.8150000000000001,0.0026824999999999996,0.0026825000009999996,0.0026824999999999987
0.1,0.05,0.5,0.8200000000000001,0.00261,0.002610000001,0.0026099999999999986
0.1,0.05,0.5,0.8250000000000001,0.0025374999999999994,0.0025375000009999994,0.0025374999999999985
0.1,0.05,0.5,0.8300000000000001,0.0024649999999999993,0.0024650000009999993,0.0024649999999999984
0.1,0.05,0.5,0.835,0.0023925000000000014,0.002392500001000001,0.0023925
0.1,0.05,0.5,0.84,0.002320000000000001,0.002320000001000001,0.00232
0.1,0.05,0.5,0.845,0.0022475000000000004,0.002247500001000001,0.0022475
0.1,0.05,0.5,0.85,0.0021750000000000007,0.0021750000010000007,0.002175
0.1,0.05,0.5,0.855,0.0021025,0.0021025000010000006,0.0021024999999999998
0.1,0.05,0.5,0.86,0.0020300000000000006,0.0020300000010000006,0.0020299999999999997
0.1,0.05,0.5,0.865,0.0019575000000000005,0.0019575000010000005,0.0019574999999999996
0.1,0.05,0.5,0.87,0.0018850000000000006,0.0018850000010000004,0.0018849999999999997
0.1,0.05,0.5,0.875,0.0018125000000000003,0.0018125000010000003,0.0018124999999999997
0.1,0.05,0.5,0.88,0.0017400000000000004,0.0017400000010000002,0.0017399999999999996
0.1,0.05,0.5,0.885,0.0016675000000000001,0.0016675000010000001,0.0016674999999999995
0.1,0.05,0.5,0.89,0.001595,0.001595000001,0.0015949999999999994
0.1,0.05,0.5,0.895,0.0015225000000000002,0.0015225000010000002,0.0015224999999999995
0.1,0.05,0.5,0.9,0.0014500000000000001,0.001450000001,0.0014499999999999995
0.1,0.05,0.5,0.905,0.0013775,0.0013775000009999998,0.0013774999999999994
0.1,0.05,0.5,0.91,0.0013049999999999997,0.001305000001,0.0013049999999999993
0.1,0.05,0.5,0.915,0.0012324999999999994,0.0012325000009999997,0.0012324999999999992
0.1,0.05,0.5,0.92,0.0011599999999999994,0.0011600000009999996,0.0011599999999999991
0.1,0.05,0.5,0.925,0.0010874999999999995,0.0010875000009999995,0.001087499999999999
0.1,0.05,0.5,0.93,0.0010149999999999996,0.0010150000009999994,0.0010149999999999992
0.1,0.05,0.5,0.935,0.0009424999999999995,0.0009425000009999994,0.000942499999999999
0.1,0.05,0.5,0.9400000000000001,0.0008699999999999994,0.0008700000009999994,0.000869999999999999
0.1,0.05,0.5,0.9450000000000001,0.0007974999999999993,0.0007975000010000061,0.000797499999999999
0.1,0.05,0.5,0.9500000000000001,0.0007249999999999993,0.0007250000009999992,0.0007249999999999989
0.1,0.05,0.5,0.9550000000000001,0.000652499999999999,0.0006525000009999991,0.0006524999999999989
0.1,0.05,0.5,0.96,0.0005800000000000005,0.0005800000010000006,0.0005800000000000004
0.1,0.05,0.5,0.965,0.0005075000000000005,0.0005075000010000006,0.0005075000000000004
0.1,0.05,0.5,0.97,0.00043500000000000054,0.00043500000100000043,0.00043500000000000033
0.1,0.05,0.5,0.975,0.0003625000000000004,0.0003625000010000004,0.00036250000000000025
0.1,0.05,0.5,0.98,0.0002900000000000004,0.0002900000010000003,0.0002900000000000002
0.1,0.05,0.5,0.985,0.00021750000000000022,0.00021750000100000021,0.00021750000000000016
0.1,0.05,0.5,0.99,0.00014500000000000016,0.00014500000100000016,0.0001450000000000001
0.1,0.05,0.5,0.995,7.250000000000005e-05,7.250000100000008e-05,7.250000000000005e-05
0.1,0.05,0.5,1.0,-0.0,1e-12,0.0
0.1,0.05,0.2,0.0,0.09999999999999999,0.10000000000100007,0.09999999999999995
0.1,0.05,0.2,0.005,0.09812727553718752,0.09812828914105448,0.09810458218732351
0.1,0.05,0.2,0.01,0.096254551074375,0.09625650122503883,0.09620916437464705
0.1,0.05,0.2,0.015,0.0943818266115625,0.09438475183705823,0.0943137465619706
0.1,0.05,0.2,0.02,0.09250910214875002,0.09251300244907766,0.09241832874929415
0.1,0.05,0.2,0.025,0.0906363776859375,0.09064121025442942,0.09052291093661768
0.1,0.05,0.2,0.03,0.08876365322312502,0.08876945230511528,0.08862749312394125
0.1,0.05,0.2,0.035,0.08689092876031251,0.08689769435580116,0.08673207531126478
0.1,0.05,0.2,0.04,0.08501820429750002,0.08502593640648703,0.08483665749858833
0.1,0.05,0.2,0.045,0.08314547983468751,0.08315417845717293,0.08294123968591188
0.1,0.05,0.2,0.05,0.081272755371875,0.0812824205078588,0.08104582187323542
0.1,0.05,0.2,0.055,0.07940003090906253,0.07941066255854469,0.07915040406055897
0.1,0.05,0.2,0.06,0.07752730644625001,0.07753890460923056,0.07725498624788252
0.1,0.05,0.2,0.065,0.07565458198343751,0.07566714665991645,0.07535956843520607
0.1,0.05,0.2,0.07,0.07378185752062502,0.07379538871060232,0.07346415062252962
0.1,0.05,0.2,0.075,0.07190913305781252,0.0719236307612882,0.07156873280985315
0.1,0.05,0.2,0.08,0.07003640859500002,0.07005187281197407,0.0696733149971767
0.1,0.05,0.2,0.085,0.06816368413218751,0.06818011486265996,0.06777789718450025
0.1,0.05,0.2,0.09,0.06629095966937501,0.06630835691334583,0.0658824793718238
0.1,0.05,0.2,0.095,0.06441823520656251,0.06443659896403171,0.06398706155914735
0.1,0.05,0.2,0.1,0.06254551074375002,0.06256484101471758,0.06209164374647089
0.1,0.05,0.2,0.105,0.0606727862809375,0.06069308306540346,0.06019622593379444
0.1,0.05,0.2,0.11,0.05880006181812501,0.05882132511608934,0.058300808121117986
0.1,0.05,0.2,0.115,0.05692733735531252,0.05694956716677522,0.056405390308441536
0.1,0.05,0.2,0.12,0.05505461289250001,0.055077809217461096,0.05450997249576508
0.1,0.05,0.2,0.125,0.05318188842968751,0.053206051268146974,0.05261455468308862
0.1,0.05,0.2,0.13,0.05130916396687501,0.05133429331883285,0.05071913687041217
0.1,0.05,0.2,0.135,0.049436439504062506,0.04946253536951872,0.048823719057735714
0.1,0.05,0.2,0.14,0.04756371504125,0.047590777420204594,0.04692830124505926
0.1,0.05,0.2,0.145,0.04569099057843751,0.045719019470890486,0.04503288343238281
0.1,0.05,0.2,0.15,0.043818266115625004,0.043847261521576364,0.043137465619706356
0.1,0.05,0.2,0.155,0.04194554165281251,0.04197550357226225,0.041242047807029905
0.1,0.05,0.2,0.16,0.04007281719000001,0.04010374562294812,0.039346629994353455
0.1,0.05,0.2,0.165,0.03820009272718751,0.03823198767363399,0.037451212181677
0.1,0.05,0.2,0.17,0.03632736826437501,0.03636022972431987,0.03555579436900054
0.1,0.05,0.2,0.17500000000000002,0.034454643801562504,0.03448847177500575,0.03366037655632409
0.1,0.05,0.2,0.18,0.032581919338750015,0.03261671382569163,0.03176495874364764
0.1,0.05,0.2,0.185,0.03070919487593751,0.030744955876377524,0.02986954093097119
0.1,0.05,0.2,0.19,0.028836470413125006,0.028873197927063388,0.027974123118294735
0.1,0.05,0.2,0.195,0.02696374595031251,0.027001439977749273,0.026078705305618274
0.1,0.05,0.2,0.2,0.025091021487500007,0.02512968202843514,0.024183287492941824
0.1,0.05,0.2,0.20500000000000002,0.024554290901250005,0.02459125066513338,0.02368566734754374
0.1,0.05,0.2,0.21,0.024017560315000006,0.02405281930183163,0.023188047202145665
0.1,0.05,0.2,0.215,0.02348082972875001,0.02351438793852987,0.022690427056747585
0.1,0.05,0.2,0.22,0.022944099142500007,0.02297595657522811,0.022192806911349505
0.1,0.05,0.2,0.225,0.022407368556250005,0.022437525211926348,0.021695186765951426
0.1,0.05,0.2,0.23,0.021870637970000002,0.021899093848624582,0.021197566620553346
0.1,0.05,0.2,0.23500000000000001,0.021333907383750007,0.021360662485322826,0.020699946475155266
0.1,0.05,0.2,0.24,0.020797176797500008,0.020822231122021067,0.020202326329757186
0.1,0.05,0.2,0.245,0.020260446211250005,0.020283799758719304,0.019704706184359107
0.1,0.05,0.2,0.25,0.01972371562500001,0.019745368395417545,0.019207086038961024
0.1,0.05,0.2,0.255,0.019186985038750007,0.019206937032115786,0.018709465893562944
0.1,0.05,0.2,0.26,0.018650254452500004,0.018668505668814027,0.018211845748164864
0.1,0.05,0.2,0.265,0.018113523866250005,0.018130074305512264,0.017714225602766785
0.1,0.05,0.2,0.27,0.017576793280000003,0.017591642942210505,0.017216605457368705
0.1,0.05,0.2,0.275,0.017040062693750004,0.017053211578908743,0.01671898531197062
0.1,0.05,0.2,0.28,0.016503332107500004,0.016514780215606987,0.016221365166572542
0.1,0.05,0.2,0.28500000000000003,0.015966601521250002,0.015976348852305224,0.015723745021174462
0.1,0.05,0.2,0.29,0.015429870935000006,0.015437917489003469,0.015226124875776388
0.1,0.05,0.2,0.295,0.014893140348750007,0.014899486125701708,0.01472850473037831
0.1,0.05,0.2,0.3,0.014356409762500006,0.01436105476239995,0.014230884584980227
0.1,0.05,0.2,0.305,0.013819679176250006,0.013822649298972747,0.013733264439582147
0.1,0.05,0.2,0.31,0.013284362801078411,0.013286081038731884,0.013235644294184067
0.1,0.05,0.2,0.315,0.012766818673524404,0.012768743339551306,0.012738024148785988
0.1,0.05,0.2,0.32,0.012267661150940003,0.012270336479709355,0.012240404003387906
0.1,0.05,0.2,0.325,0.011782938309318005,0.011787053711562634,0.011742783857989825
0.1,0.05,0.2,0.33,0.011309773025454405,0.011315555694948118,0.011245163712591745
0.1,0.05,0.2,0.335,0.0108459919673306,0.010853885055615718,0.010747543567193665
0.1,0.05,0.2,0.34,0.010389941753227999,0.010400225463213302,0.010249923421795586
0.1,0.05,0.2,0.34500000000000003,0.0099403604565994,0.009953265118095335,0.009752303276397506
0.1,0.05,0.2,0.35000000000000003,0.009496194527836,0.009512018879032684,0.009254683130999425
0.1,0.05,0.2,0.355,0.009056669606192409,0.009075402263180512,0.00875706298560135
0.1,0.05,0.2,0.36,0.008621133441078885,0.008643091063521305,0.008259442840203269
0.1,0.05,0.2,0.365,0.008189009994302004,0.008214187414308391,0.007761822694805189
0.1,0.05,0.2,0.37,0.007759886880252803,0.007788421125028227,0.007264202549407109
0.1,0.05,0.2,0.375,0.007333403157450003,0.0073654732598895,0.006766582404009028
0.1,0.05,0.2,0.38,0.006909239224581203,0.006945004996447143,0.006268962258610948
0.1,0.05,0.2,0.385,0.006487095425102401,0.006526518619220153,0.005771342113212868
0.1,0.05,0.2,0.39,0.006066832746976,0.006109779891273565,0.005273721967814788
0.1,0.05,0.2,0.395,0.005648209422971602,0.005694881748800245,0.004776101822416707
0.1,0.05,0.2,0.4,0.005230996168236,0.005281548786222421,0.004278481677018627
0.1,0.05,0.2,0.405,0.005140009002763003,0.005190457195149306,0.004184206132128734
0.1,0.05,0.2,0.41000000000000003,0.005049690299351602,0.005100062157782545,0.004089930587238841
0.1,0.05,0.2,0.41500000000000004,0.004960091071234799,0.005010418752966398,0.003995655042348949
0.1,0.05,0.2,0.42,0.0048712671496192045,0.0049215815860094245,0.0039013794974590574
0.1,0.05,0.2,0.425,0.004783201099034002,0.004833548802631972,0.0038071039525691647
0.1,0.05,0.2,0.43,0.004696000443861202,0.004746302677590132,0.003712828407679272
0.1,0.05,0.2,0.435,0.004609755069993041,0.004660049540856118,0.003618552862789379
0.1,0.05,0.2,0.44,0.004524526121592,0.0045748545261165945,0.0035242773178994873
0.1,0.05,0.2,0.445,0.004440376211629402,0.004490784212498116,0.003430001773009594
0.1,0.05,0.2,0.45,0.0043573641066280006,0.004407898493969104,0.0033357262281197013
0.1,0.05,0.2,0.455,0.004275455511727401,0.0043262556010949735,0.0032414506832298086
0.1,0.05,0.2,0.46,0.004194770439278881,0.004245900548994201,0.003147175138339916
0.1,0.05,0.2,0.465,0.004115359912075599,0.004166873540388462,0.003052899593450024
0.1,0.05,0.2,0.47000000000000003,0.0040372466125022,0.0040891940170141,0.0029586240485601307
0.1,0.05,0.2,0.47500000000000003,0.003960437156254201,0.004012869819089959,0.0028643485036702384
0.1,0.05,0.2,0.48,0.003884922092338001,0.003937892554319313,0.0027700729587803465
0.1,0.05,0.2,0.485,0.003810637224340701,0.0038641138436406666,0.0026757974138904538
0.1,0.05,0.2,0.49,0.003737536177329601,0.0037915578652736436,0.002581521869000561
0.1,0.05,0.2,0.495,0.0036656109042760014,0.0037202259777378184,0.0024872463241106687
0.1,0.05,0.2,0.5,0.003594795200000001,0.0036500478108497797,0.002392970779220776
0.1,0.05,0.2,0.505,0.0035250177132870016,0.003580950760452041,0.002298695234330883
0.1,0.05,0.2,0.51,0.0034562001529624,0.003512848778599361,0.0022044196894409904
0.1,0.05,0.2,0.515,0.0033882646794473007,0.0034456629122824774,0.0021101441445510976
0.1,0.05,0.2,0.52,0.0033211353287640006,0.00337931338965393,0.002015868599661205
0.1,0.05,0.2,0.525,0.0032547383439054996,0.003313723439609638,0.0019215930547713126
0.1,0.05,0.2,0.53,0.0031890048464935997,0.0032488188531256783,0.0018273175098814198
0.1,0.05,0.2,0.535,0.0031238707715922007,0.0031845375874922505,0.0017330419649915275
0.1,0.05,0.2,0.54,0.0030592725850000007,0.0031208184074256844,0.0016387664201016343
0.1,0.05,0.2,0.545,0.0029948605643750005,0.003057327954349938,0.001544490875211742
0.1,0.05,0.2,0.55,0.0029304485437500003,0.002993837501274084,0.0014502153303218492
0.1,0.05,0.2,0.555,0.002866036523125,0.002930347048198341,0.0013559397854319565
0.1,0.05,0.2,0.56,0.0028016245025000003,0.002866856595122486,0.001261664240542064
0.1,0.05,0.2,0.5650000000000001,0.002737212481875,0.0028033661420466876,0.0011673886956521714
0.1,0.05,0.2,0.5700000000000001,0.00267280046125,0.0027398756889708874,0.0010731131507622786
0.1,0.05,0.2,0.5750000000000001,0.002608388440625,0.002676385235895087,0.0009788376058723859
0.1,0.05,0.2,0.58,0.0025439764200000012,0.0026128947828192896,0.0008845620609824954
0.1,0.05,0.2,0.585,0.0024795643993750015,0.002549404329743492,0.0007902865160926026
0.1,0.05,0.2,0.59,0.0024151523787500013,0.0024859138766676918,0.00069601097120271
0.1,0.05,0.2,0.595,0.002350740358125001,0.0024224234235918933,0.0006017354263128173
0.1,0.05,0.2,0.6,0.0022863283375000013,0.002358932970516093,0.0005074598814229247
0.1,0.05,0.2,0.605,0.002256832913750001,0.0023286289080550436,0.0004955426581027666
0.1,0.05,0.2,0.61,0.002227337490000001,0.002298324845593996,0.00048362543478260847
0.1,0.05,0.2,0.615,0.002197842066250001,0.0022680207831329447,0.0004717082114624504
0.1,0.05,0.2,0.62,0.002168346642500001,0.0022377167206718953,0.00045979098814229223
0.1,0.05,0.2,0.625,0.002138851218750001,0.002207412658210845,0.00044787376482213417
0.1,0.05,0.2,0.63,0.002109355795000001,0.0021771085957497964,0.00043595654150197606
0.1,0.05,0.2,0.635,0.002079860371250001,0.002146804533288747,0.000424039318181818
0.1,0.05,0.2,0.64,0.0020503649475000006,0.0021165004708276975,0.0004121220948616599
0.1,0.05,0.2,0.645,0.0020208695237500006,0.002086196408366648,0.00040020487154150176
0.1,0.05,0.2,0.65,0.0019913741000000006,0.0020558923459055977,0.00038828764822134364
0.1,0.05,0.2,0.655,0.0019618786762500007,0.002025588283444549,0.00037637042490118553
0.1,0.05,0.2,0.66,0.0019323832525000007,0.001995284220983499,0.00036445320158102747
0.1,0.05,0.2,0.665,0.0019028878287500005,0.0019649801585224494,0.0003525359782608693
0.1,0.05,0.2,0.67,0.0018733924050000005,0.0019346760960614546,0.00034061875494071123
0.1,0.05,0.2,0.675,0.0018438969812500006,0.0019043720336003505,0.0003287015316205531
0.1,0.05,0.2,0.68,0.0018144015575000006,0.0018740679711393006,0.00031678430830039505
0.1,0.05,0.2,0.685,0.0017849061337500004,0.0018437639086782516,0.00030486708498023694
0.1,0.05,0.2,0.6900000000000001,0.0017554107100000004,0.0018134598462172013,0.0002929498616600788
0.1,0.05,0.2,0.6950000000000001,0.0017259152862500004,0.0017831557837561522,0.0002810326383399207
0.1,0.05,0.2,0.7000000000000001,0.0016964198625000002,0.0017528517212951024,0.0002691154150197626
0.1,0.05,0.2,0.705,0.001666924438750001,0.0017225476588340538,0.00025719819169960474
0.1,0.05,0.2,0.71,0.001637429015000001,0.0016922435963730043,0.0002452809683794467
0.1,0.05,0.2,0.715,0.001607933591250001,0.0016619395339120095,0.00023336374505928857
0.1,0.05,0.2,0.72,0.0015784381675000008,0.00163163547145096,0.00022144652173913045
0.1,0.05,0.2,0.725,0.0015489427437500008,0.0016013314089898555,0.00020952929841897236
0.1,0.05,0.2,0.73,0.0015194473200000008,0.001571027346528807,0.00019761207509881424
0.1,0.05,0.2,0.735,0.0014899518962500006,0.0015407232840677562,0.00018569485177865615
0.1,0.05,0.2,0.74,0.0014604564725000007,0.0015104192216067068,0.00017377762845849804
0.1,0.05,0.2,0.745,0.0014309610487500007,0.0014801151591456578,0.00016186040513833992
0.1,0.05,0.2,0.75,0.0014014656250000007,0.0014498110966846074,0.00014994318181818183
0.1,0.05,0.2,0.755,0.0013719702012500005,0.0014195070342235589,0.00013802595849802372
0.1,0.05,0.2,0.76,0.0013424747775000005,0.0013892029717625094,0.00012610873517786563
0.1,0.05,0.2,0.765,0.0013129793537500006,0.0013588989093014595,0.00011419151185770751
0.1,0.05,0.2,0.77,0.0012834839300000004,0.00132859484684041,0.0001022742885375494
0.1,0.05,0.2,0.775,0.0012539885062500004,0.0012982907843793606,9.03570652173913e-05
0.1,0.05,0.2,0.78,0.0012244930825000004,0.0012679867219183103,7.843984189723319e-05
0.1,0.05,0.2,0.785,0.0011949976587500002,0.0012376826594572617,6.65226185770751e-05
0.1,0.05,0.2,0.79,0.0011655022350000003,0.0012073785969962387,5.460539525691698e-05
0.1,0.05,0.2,0.795,0.0011360068112500003,0.0011770745345351624,4.2688171936758886e-05
0.1,0.05,0.2,0.8,0.0011065113875000003,0.0011467704720741134,3.077094861660078e-05
0.1,0.05,0.2,0.805,0.0010788486028125,0.00111810121029726,3.000167490118576e-05
0.1,0.05,0.2,0.81,0.001051185818125,0.0010894319485204068,2.923240118577074e-05
0.1,0.05,0.2,0.8150000000000001,0.0010235230334375,0.0010607626867435538,2.846312747035572e-05
0.1,0.05,0.2,0.8200000000000001,0.00099586024875,0.001032093424966702,2.76938537549407e-05
0.1,0.05,0.2,0.8250000000000001,0.0009681974640625001,0.001003424163189849,2.692458003952568e-05
0.1,0.05,0.2,0.8300000000000001,0.000940534679375,0.0009747549014129954,2.615530632411066e-05
0.1,0.05,0.2,0.835,0.0009128718946875006,0.0009460856396361437,2.5386032608695655e-05
0.1,0.05,0.2,0.84,0.0008852091100000005,0.0009174163778592906,2.4616758893280634e-05
0.1,0.05,0.2,0.845,0.0008575463253125005,0.000888747116082438,2.3847485177865613e-05
0.1,0.05,0.2,0.85,0.0008298835406250005,0.0008600778543055851,2.3078211462450593e-05
0.1,0.05,0.2,0.855,0.0008022207559375004,0.0008314085925287323,2.2308937747035575e-05
0.1,0.05,0.2,0.86,0.0007745579712500004,0.0008027393307518795,2.1539664031620554e-05
0.1,0.05,0.2,0.865,0.0007468951865625004,0.0007740700689750262,2.0770390316205534e-05
0.1,0.05,0.2,0.87,0.0007192324018750003,0.0007454008071981731,2.0001116600790513e-05
0.1,0.05,0.2,0.875,0.0006915696171875003,0.0007167315454213207,1.9231842885375492e-05
0.1,0.05,0.2,0.88,0.0006639068325000003,0.0006880622836444813,1.846256916996047e-05
0.1,0.05,0.2,0.885,0.0006362440478125003,0.000659393021867615,1.769329545454545e-05
0.1,0.05,0.2,0.89,0.0006085812631250002,0.0006307237600907622,1.692402173913043e-05
0.1,0.05,0.2,0.895,0.0005809184784375002,0.0006020544983139095,1.615474802371541e-05
0.1,0.05,0.2,0.9,0.0005532556937500002,0.0005733852365370567,1.538547430830039e-05
0.1,0.05,0.2,0.905,0.0005255929090625,0.0005447159747602034,1.461620059288537e-05
0.1,0.05,0.2,0.91,0.000497930124375,0.000516046712983351,1.384692687747035e-05
0.1,0.05,0.2,0.915,0.0004702673396875,0.0004873774512064977,1.307765316205533e-05
0.1,0.05,0.2,0.92,0.000442604555,0.0004587081894296449,1.2308379446640309e-05
0.1,0.05,0.2,0.925,0.00041494177031249993,0.00043003892765279214,1.1539105731225288e-05
0.1,0.05,0.2,0.93,0.00038727898562499987,0.0004013696658759395,1.0769832015810269e-05
0.1,0.05,0.2,0.935,0.00035961620093749987,0.00037270040409908645,1.0000558300395248e-05
0.1,0.05,0.2,0.9400000000000001,0.0003319534162499998,0.0003440311423222334,9.231284584980227e-06
0.1,0.05,0.2,0.9450000000000001,0.0003042906315624998,0.00031536188054538086,8.462010869565206e-06
0.1,0.05,0.2,0.9500000000000001,0.00027662784687499975,0.0002866926187685279,7.692737154150187e-06
0.1,0.05,0.2,0.9550000000000001,0.0002489650621874997,0.00025802335699167506,6.923463438735167e-06
0.1,0.05,0.2,0.96,0.0002213022775000003,0.00022935409521482282,6.154189723320163e-06
0.1,0.05,0.2,0.965,0.00019363949281250026,0.00020068483343797008,5.384916007905143e-06
0.1,0.05,0.2,0.97,0.00016597670812500023,0.00017201557166111712,4.615642292490122e-06
0.1,0.05,0.2,0.975,0.00013831392343750017,0.00014334630988426433,3.846368577075102e-06
0.1,0.05,0.2,0.98,0.00011065113875000015,0.00011471945055222104,3.0770948616600814e-06
0.1,0.05,0.2,0.985,8.298835406250012e-05,8.603958816416578e-05,2.307821146245061e-06
0.1,0.05,0.2,0.99,5.532556937500007e-05,5.733906109689175e-05,1.5385474308300407e-06
0.1,0.05,0.2,0.995,2.7662784687500036e-05,2.866953104844588e-05,7.692737154150203e-07
0.1,0.05,0.2,1.0,-0.0,1e-12,0.0
0.1,0.05,0.1,0.0,0.10000000000000005,0.10000000000100012,0.09999999999999999
0.1,0.05,0.1,0.005,0.09727160917932377,0.09727828037028544,0.097121740627853
0.1,0.05,0.1,0.01,0.09454321835864751,0.09455656073957085,0.09424348125570603
0.1,0.05,0.1,0.015,0.09181482753797127,0.09183484110885626,0.09136522188355903
0.1,0.05,0.1,0.02,0.08908643671729499,0.08911312147814168,0.08848696251141205
0.1,0.05,0.1,0.025,0.08635804589661875,0.0863914018474271,0.08560870313926505
0.1,0.05,0.1,0.03,0.08362965507594251,0.0836696822167125,0.08273044376711808
0.1,0.05,0.1,0.035,0.08090126425526624,0.08094796258599793,0.07985218439497109
0.1,0.05,0.1,0.04,0.07817287343458999,0.07822624295528333,0.0769739250228241
0.1,0.05,0.1,0.045,0.07544448261391375,0.07550452332456874,0.07409566565067713
0.1,0.05,0.1,0.05,0.07271609179323747,0.07278280369385415,0.07121740627853013
0.1,0.05,0.1,0.055,0.06998770097256123,0.07006108406313957,0.06833914690638315
0.1,0.05,0.1,0.06,0.06725931015188498,0.067339364432425,0.06546088753423618
0.1,0.05,0.1,0.065,0.06453091933120872,0.0646176448017104,0.06258262816208918
0.1,0.05,0.1,0.07,0.06180252851053246,0.06189592517099582,0.05970436878994219
0.1,0.05,0.1,0.075,0.0590741376898562,0.05917420554028122,0.05682610941779521
0.1,0.05,0.1,0.08,0.05634574686917995,0.05645248590956663,0.05394785004564822
0.1,0.05,0.1,0.085,0.05361735604850369,0.05373076627885205,0.05106959067350123
0.1,0.05,0.1,0.09,0.050888965227827446,0.05100904664813748,0.04819133130135425
0.1,0.05,0.1,0.095,0.04816057440715119,0.04828732701742289,0.04531307192920726
0.1,0.05,0.1,0.1,0.04543218358647493,0.045565607386708305,0.042434812557060275
0.1,0.05,0.1,0.105,0.04392465043833603,0.0440500898902397,0.0411011153277948
0.1,0.05,0.1,0.11,0.04241711729019712,0.042534572393771106,0.03976741809852931
0.1,0.05,0.1,0.115,0.04090958414205821,0.0410190548973025,0.038433720869263825
0.1,0.05,0.1,0.12,0.03940205099391931,0.03950353740083391,0.03710002363999834
0.1,0.05,0.1,0.125,0.0378945178457804,0.03798801990436531,0.03576632641073286
0.1,0.05,0.1,0.13,0.03638698469764149,0.03647250240789672,0.034432629181467375
0.1,0.05,0.1,0.135,0.03487945154950259,0.03495698491142812,0.0330989319522019
0.1,0.05,0.1,0.14,0.03337191840136368,0.033441467414959514,0.03176523472293641
0.1,0.05,0.1,0.145,0.031864385253224776,0.031925949918490924,0.030431537493670932
0.1,0.05,0.1,0.15,0.030356852105085864,0.03041043242202232,0.02909784026440545
0.1,0.05,0.1,0.155,0.028849318956946965,0.028894914925553728,0.027764143035139965
0.1,0.05,0.1,0.16,0.027341785808808052,0.027379397429085125,0.026430445805874482
0.1,0.05,0.1,0.165,0.025834252660669143,0.025863879932616532,0.025096748576609
0.1,0.05,0.1,0.17,0.024342942085055858,0.024369434304335563,0.023763051347343515
0.1,0.05,0.1,0.17500000000000002,0.022901824670121924,0.022928019157561017,0.02242935411807803
0.1,0.05,0.1,0.18,0.02150000952791289,0.02152722954546882,0.021095656888812552
0.1,0.05,0.1,0.185,0.020128251250756665,0.020157528418742916,0.019761959659547072
0.1,0.05,0.1,0.19,0.01878005388581447,0.01881210959188552,0.01842826243028159
0.1,0.05,0.1,0.195,0.01745064692386594,0.017485977455166824,0.0170945652010161
0.1,0.05,0.1,0.2,0.01613645496639791,0.016175689901987374,0.015760867971750615
0.1,0.05,0.1,0.20500000000000002,0.015592382226460026,0.0156306668014695,0.01523021998410281
0.1,0.05,0.1,0.21,0.015052380729945265,0.015089942073235876,0.014699571996455003
0.1,0.05,0.1,0.215,0.014517050498200595,0.014554139287927011,0.014168924008807197
0.1,0.05,0.1,0.22,0.013987059525235374,0.014023961788562626,0.013638276021159388
0.1,0.05,0.1,0.225,0.013463146959550452,0.013500171289324066,0.013107628033511582
0.1,0.05,0.1,0.23,0.01294608716683076,0.012983692695735391,0.012576980045863773
0.1,0.05,0.1,0.23500000000000001,0.012436641156650122,0.012475232428637953,0.012046332058215965
0.1,0.05,0.1,0.24,0.011935564910834431,0.011975601675001585,0.011515684070568157
0.1,0.05,0.1,0.245,0.011443426110055548,0.011485459153988875,0.010985036082920351
0.1,0.05,0.1,0.25,0.010960698405401821,0.011005259089877914,0.010454388095272542
0.1,0.05,0.1,0.255,0.010487685840877867,0.010535299483451846,0.009923740107624734
0.1,0.05,0.1,0.26,0.010024189310506557,0.010075568046751786,0.009393092119976926
0.1,0.05,0.1,0.265,0.00957014631676747,0.009625303644503404,0.008862444132329117
0.1,0.05,0.1,0.27,0.00912507828311017,0.009184891951469872,0.00833179614468131
0.1,0.05,0.1,0.275,0.008688424040310718,0.008752998045420386,0.007801148157033502
0.1,0.05,0.1,0.28,0.008259575552117135,0.00832976558672124,0.007270500169385693
0.1,0.05,0.1,0.28500000000000003,0.00783794895010148,0.007913443430867306,0.006739852181737885
0.1,0.05,0.1,0.29,0.0074229178390222295,0.007504428245774783,0.006209204194090083
0.1,0.05,0.1,0.295,0.007013658131697823,0.00710170850593465,0.005678556206442275
0.1,0.05,0.1,0.3,0.0066099973399621655,0.006704054647274301,0.005147908218794467
0.1,0.05,0.1,0.305,0.006442068401258895,0.006535829880155192,0.004963804302218187
0.1,0.05,0.1,0.31,0.006276941410059827,0.006370552873717371,0.004779700385641906
0.1,0.05,0.1,0.315,0.006114768393769848,0.006208419491274132,0.004595596469065625
0.1,0.05,0.1,0.32,0.005955397873616147,0.006049331649197305,0.004411492552489345
0.1,0.05,0.1,0.325,0.005799334184589417,0.005893169590564422,0.004227388635913064
0.1,0.05,0.1,0.33,0.005646633965881682,0.005740595977931969,0.004043284719336784
0.1,0.05,0.1,0.335,0.005497133557656667,0.005591721959563775,0.0038591808027605033
0.1,0.05,0.1,0.34,0.005351195823552014,0.005446573534233518,0.003675076886184223
0.1,0.05,0.1,0.34500000000000003,0.0052088162862212635,0.00530515233637059,0.0034909729696079423
0.1,0.05,0.1,0.35000000000000003,0.005069629458545283,0.0051671189882340745,0.003306869053031662
0.1,0.05,0.1,0.355,0.004933902239728969,0.005032311499362049,0.0031227651364553835
0.1,0.05,0.1,0.36,0.004801525853383213,0.004901011526584169,0.002938661219879103
0.1,0.05,0.1,0.365,0.004672275154268146,0.0047730759497994265,0.0027545573033028225
0.1,0.05,0.1,0.37,0.004545896496033439,0.004648342328043247,0.0025704533867265417
0.1,0.05,0.1,0.375,0.004422424282607828,0.00452663485344979,0.002386349470150262
0.1,0.05,0.1,0.38,0.004301692455895078,0.004407783165563044,0.002202245553573981
0.1,0.05,0.1,0.385,0.004183531577468193,0.004291604996501516,0.0020181416369977005
0.1,0.05,0.1,0.39,0.004067677522415518,0.004177911886398769,0.0018340377204214202
0.1,0.05,0.1,0.395,0.003953946403207251,0.004066144788782073,0.0016499338038451395
0.1,0.05,0.1,0.4,0.003842317995339992,0.003956551085310585,0.0014658298872688592
0.1,0.05,0.1,0.405,0.0037772961991983127,0.003890212863642271,0.0014103673304085246
0.1,0.05,0.1,0.41000000000000003,0.0037137690355748144,0.0038254333861336316,0.0013549047735481898
0.1,0.05,0.1,0.41500000000000004,0.0036517598454189467,0.0037622455052221462,0.0012994422166878552
0.1,0.05,0.1,0.42,0.0035912830867141214,0.00370064967728912,0.0012439796598275213
0.1,0.05,0.1,0.425,0.0035323189501503278,0.0036406481431094113,0.0011885171029671867
0.1,0.05,0.1,0.43,0.0034747393513094985,0.0035822362013025215,0.001133054546106852
0.1,0.05,0.1,0.435,0.003418659995640274,0.0035253783268621355,0.0010775919892465175
0.1,0.05,0.1,0.44,0.0033640494629996872,0.003470039027030457,0.0010221294323861832
0.1,0.05,0.1,0.445,0.00331086427879637,0.003416173257979556,0.0009666668755258485
0.1,0.05,0.1,0.45,0.003259054407855771,0.003363732613518018,0.0009112043186655138
0.1,0.05,0.1,0.455,0.003208568822438811,0.0033126636672482475,0.0008557417618051792
0.1,0.05,0.1,0.46,0.0031593499114611254,0.00326289991319317,0.0008002792049448446
0.1,0.05,0.1,0.465,0.0031113401560054666,0.003214385810635774,0.00074481664808451
0.1,0.05,0.1,0.47000000000000003,0.003064482515607175,0.003167065604747517,0.0006893540912241754
0.1,0.05,0.1,0.47500000000000003,0.0030186792123123784,0.003120713560409388,0.0006338915343638409
0.1,0.05,0.1,0.48,0.002973864293913197,0.0030754036466201446,0.0005784289775035069
0.1,0.05,0.1,0.485,0.002930048200145927,0.003031133958199728,0.0005229664206431723
0.1,0.05,0.1,0.49,0.0028871809956342357,0.0029878482689624595,0.0004675038637828377
0.1,0.05,0.1,0.495,0.0028452187483066762,0.0029455020133370216,0.0004120413069225031
0.1,0.05,0.1,0.5,0.0028041202703445807,0.0029040533781160343,0.00035657875006216854
0.1,0.05,0.1,0.505,0.002769608763961861,0.002868393817094239,0.0003423279953189786
0.1,0.05,0.1,0.51,0.002735904136215379,0.0028335723663687855,0.00032807724057578875
0.1,0.05,0.1,0.515,0.002702984640285053,0.0027995657705682303,0.0003138264858325989
0.1,0.05,0.1,0.52,0.002670825943771736,0.002766348442446707,0.000299575731089409
0.1,0.05,0.1,0.525,0.002639402329881388,0.0027338936263224386,0.00028532497634621914
0.1,0.05,0.1,0.53,0.0026086877584493473,0.002702174415221078,0.0002710742216030292
0.1,0.05,0.1,0.535,0.0025786567398507643,0.002671164934822436,0.00025682346685983935
0.1,0.05,0.1,0.54,0.002549284971113273,0.002640842330205129,0.00024257271211664948
0.1,0.05,0.1,0.545,0.0025205496797146357,0.0026111804293516483,0.00022832195737345956
0.1,0.05,0.1,0.55,0.0024923261716349094,0.00258206066919174,0.0002140712026302697
0.1,0.05,0.1,0.555,0.002464154836578093,0.0025530022371589656,0.00019982044788707982
0.1,0.05,0.1,0.56,0.0024359835015212764,0.0025239438051260802,0.00018556969314388993
0.1,0.05,0.1,0.5650000000000001,0.0024078121664644603,0.0024948853730932486,0.00017131893840070003
0.1,0.05,0.1,0.5700000000000001,0.002379640831407644,0.0024658269410604188,0.00015706818365751016
0.1,0.05,0.1,0.5750000000000001,0.0023514694963508273,0.002436768509027589,0.0001428174289143203
0.1,0.05,0.1,0.58,0.0023232981612940117,0.0024077100769947573,0.0001285666741711307
0.1,0.05,0.1,0.585,0.002295126826237195,0.0023786516449619257,0.00011431591942794082
0.1,0.05,0.1,0.59,0.002266955491180379,0.0023495932129290967,0.00010006516468475093
0.1,0.05,0.1,0.595,0.0022387841561235626,0.0023205347808962643,8.581440994156106e-05
0.1,0.05,0.1,0.6,0.002210612821066746,0.0022914763488634336,7.156365519837118e-05
0.1,0.05,0.1,0.605,0.0021829563816066627,0.002262816729740068,6.85436048235975e-05
0.1,0.05,0.1,0.61,0.0021552999421465793,0.0022341571106167047,6.552355444882382e-05
0.1,0.05,0.1,0.615,0.002127643502686496,0.002205497491493339,6.250350407405015e-05
0.1,0.05,0.1,0.62,0.0020999870632264126,0.002176837872369974,5.948345369927647e-05
0.1,0.05,0.1,0.625,0.0020723306237663292,0.002148178253246609,5.6463403324502795e-05
0.1,0.05,0.1,0.63,0.0020446741843062454,0.0021195186341232443,5.344335294972912e-05
0.1,0.05,0.1,0.635,0.002017017744846162,0.0020908590149998794,5.042330257495545e-05
0.1,0.05,0.1,0.64,0.0019893613053860787,0.0020621993958765154,4.740325220018177e-05
0.1,0.05,0.1,0.645,0.0019617048659259953,0.0020335397767531497,4.4383201825408096e-05
0.1,0.05,0.1,0.65,0.0019340484264659117,0.0020048801576298403,4.136315145063441e-05
0.1,0.05,0.1,0.655,0.0019063919870058283,0.0019762205385064208,3.834310107586074e-05
0.1,0.05,0.1,0.66,0.001878735547545745,0.0019475609193830568,3.532305070108707e-05
0.1,0.05,0.1,0.665,0.0018510791080856613,0.0019189013002596919,3.230300032631339e-05
0.1,0.05,0.1,0.67,0.001823422668625578,0.001890241681136327,2.9282949951539714e-05
0.1,0.05,0.1,0.675,0.0017957662291654946,0.0018615820620129621,2.6262899576766038e-05
0.1,0.05,0.1,0.68,0.001768109789705411,0.0018329224428895968,2.324284920199236e-05
0.1,0.05,0.1,0.685,0.0017404533502453276,0.0018042628237662324,2.022279882721869e-05
0.1,0.05,0.1,0.6900000000000001,0.0017127969107852443,0.0017756032046428684,1.7202748452445012e-05
0.1,0.05,0.1,0.6950000000000001,0.0016851404713251607,0.0017469435855195035,1.4182698077671337e-05
0.1,0.05,0.1,0.7000000000000001,0.0016574840318650773,0.0017182839663961395,1.1162647702897717e-05
0.1,0.05,0.1,0.705,0.0016298584780130069,0.0016896454208938138,1.0664916148607008e-05
0.1,0.05,0.1,0.71,0.0016022329241609358,0.0016610068753914872,1.0167184594316288e-05
0.1,0.05,0.1,0.715,0.0015746073703088647,0.0016323683298891615,9.669453040025569e-06
0.1,0.05,0.1,0.72,0.0015469818164567937,0.001603729784386835,9.171721485734848e-06
0.1,0.05,0.1,0.725,0.0015193562626047226,0.00157509123888451,8.67398993144413e-06
0.1,0.05,0.1,0.73,0.0014917307087526515,0.0015464526933821835,8.176258377153409e-06
0.1,0.05,0.1,0.735,0.0014641051549005805,0.0015178141478798587,7.678526822862688e-06
0.1,0.05,0.1,0.74,0.0014364796010485094,0.0014891756023775317,7.180795268571969e-06
0.1,0.05,0.1,0.745,0.0014088540471964383,0.001460537056875205,6.6830637142812496e-06
0.1,0.05,0.1,0.75,0.0013812284933443673,0.0014318985113729067,6.18533215999053e-06
0.1,0.05,0.1,0.755,0.0013536029394922962,0.0014032599658705533,5.68760060569981e-06
0.1,0.05,0.1,0.76,0.0013259773856402252,0.0013746214203682553,5.18986905140909e-06
0.1,0.05,0.1,0.765,0.001298351831788154,0.0013459828748659023,4.692137497118371e-06
0.1,0.05,0.1,0.77,0.001270726277936083,0.0013173443293636035,4.194405942827651e-06
0.1,0.05,0.1,0.775,0.001243100724084012,0.0012887057838612504,3.6966743885369308e-06
0.1,0.05,0.1,0.78,0.0012154751702319409,0.0012600672383589252,3.198942834246211e-06
0.1,0.05,0.1,0.785,0.0011878496163798698,0.0012314286928565982,2.701211279955491e-06
0.1,0.05,0.1,0.79,0.0011602240625277988,0.0012027901473542994,2.203479725664771e-06
0.1,0.05,0.1,0.795,0.0011325985086757277,0.001174151601851946,1.7057481713740516e-06
0.1,0.05,0.1,0.8,0.0011049729548236566,0.0011455130563496206,1.2080166170833317e-06
0.1,0.05,0.1,0.805,0.0010773486167724535,0.0011168752230201165,1.151030563492186e-06
0.1,0.05,0.1,0.81,0.0010497242787212504,0.0010882373896906128,1.0940445099010402e-06
0.1,0.05,0.1,0.8150000000000001,0.0010220999406700471,0.0010595995563611083,1.0370584563098943e-06
0.1,0.05,0.1,0.8200000000000001,0.000994475602618844,0.0010309617230316046,9.800724027187485e-07
0.1,0.05,0.1,0.8250000000000001,0.0009668512645676409,0.0010023238897021005,9.230863491276027e-07
0.1,0.05,0.1,0.8300000000000001,0.0009392269265164377,0.0009736860563725959,8.661002955364568e-07
0.1,0.05,0.1,0.835,0.0009116025884652352,0.0009450482230430927,8.091142419453124e-07
0.1,0.05,0.1,0.84,0.000883978250414032,0.0009164103897135892,7.521281883541665e-07
0.1,0.05,0.1,0.845,0.0008563539123628289,0.0008877725563840846,6.951421347630207e-07
0.1,0.05,0.1,0.85,0.0008287295743116257,0.0008591347230545807,6.381560811718749e-07
0.1,0.05,0.1,0.855,0.0008011052362604224,0.0008304968897250768,5.811700275807291e-07
0.1,0.05,0.1,0.86,0.0007734808982092194,0.0008018590563955725,5.241839739895833e-07
0.1,0.05,0.1,0.865,0.0007458565601580161,0.0007732212230660688,4.671979203984375e-07
0.1,0.05,0.1,0.87,0.0007182322221068129,0.0007445833897365649,4.1021186680729165e-07
0.1,0.05,0.1,0.875,0.0006906078840556098,0.0007159455564070738,3.5322581321614587e-07
0.1,0.05,0.1,0.88,0.0006629835460044066,0.000687307723077556,2.96239759625e-07
0.1,0.05,0.1,0.885,0.0006353592079532035,0.0006586698897480523,2.3925370603385424e-07
0.1,0.05,0.1,0.89,0.0006077348699020003,0.000630032056418548,1.8226765244270842e-07
0.1,0.05,0.1,0.895,0.0005801105318507971,0.0006013942230890439,1.252815988515626e-07
0.1,0.05,0.1,0.9,0.000552486193799594,0.0005727563897595538,6.82955452604168e-08
0.1,0.05,0.1,0.905,0.0005248618841096142,0.0005441185703215633,6.488076799739595e-08
0.1,0.05,0.1,0.91,0.0004972375744196346,0.0005154807508835862,6.146599073437511e-08
0.1,0.05,0.1,0.915,0.0004696132647296548,0.00048684293144560914,5.805121347135427e-08
0.1,0.05,0.1,0.92,0.00044198895503967504,0.00045820511200763173,5.463643620833342e-08
0.1,0.05,0.1,0.925,0.00041436464534969536,0.00042956729256965487,5.1221658945312576e-08
0.1,0.05,0.1,0.93,0.0003867403356597156,0.0004009294731316778,4.7806881682291734e-08
0.1,0.05,0.1,0.935,0.0003591160259697359,0.0003722916536937008,4.439210441927089e-08
0.1,0.05,0.1,0.9400000000000001,0.00033149171627975616,0.00034365383425572394,4.097732715625005e-08
0.1,0.05,0.1,0.9450000000000001,0.0003038674065897764,0.00031501601481775346,3.7562549893229206e-08
0.1,0.05,0.1,0.9500000000000001,0.0002762430968997967,0.00028637819537977,3.414777263020836e-08
0.1,0.05,0.1,0.9550000000000001,0.00024861878720981696,0.0002577403759417928,3.0732995367187515e-08
0.1,0.05,0.1,0.96,0.00022099447751983785,0.0002291025565038163,2.731821810416675e-08
0.1,0.05,0.1,0.965,0.0001933701678298581,0.0002004647370658392,2.3903440841145903e-08
0.1,0.05,0.1,0.97,0.00016574585813987838,0.00017182691762786224,2.048866357812506e-08
0.1,0.05,0.1,0.975,0.00013812154844989864,0.00014318909818988526,1.707388631510422e-08
0.1,0.05,0.1,0.98,0.00011049723875991892,0.00011459397071827285,1.3659109052083374e-08
0.1,0.05,0.1,0.985,8.287292906993919e-05,8.59454782887046e-05,1.024433178906253e-08
0.1,0.05,0.1,0.99,5.524861937995946e-05,5.727617309450825e-05,6.829554526041687e-09
0.1,0.05,0.1,0.995,2.762430968997973e-05,2.8638087047254122e-05,3.4147772630208436e-09
0.1,0.05,0.1,1.0,-0.0,1e-12,0.0
0.1,0.05,0.05,0.0,0.10000000000000005,0.10000000000100012,0.1000000000000002
0.1,0.05,0.05,0.005,0.09670201213504914,0.09672476179682628,0.09617790388157244
0.1,0.05,0.05,0.01,0.09340402427009825,0.09344952359265253,0.09235580776314467
0.1,0.05,0.05,0.015,0.09010603640514736,0.09017428538847878,0.08853371164471692
0.1,0.05,0.05,0.02,0.0868080485401965,0.08689904718430504,0.08471161552628917
0.1,0.05,0.05,0.025,0.08351006067524563,0.0836238089801313,0.08088951940786142
0.1,0.05,0.05,0.03,0.08021207281029474,0.08034857077595753,0.07706742328943367
0.1,0.05,0.05,0.035,0.07691408494534387,0.0770733325717838,0.0732453271710059
0.1,0.05,0.05,0.04,0.07361609708039298,0.07379809436761003,0.06942323105257814
0.1,0.05,0.05,0.045,0.0703181092154421,0.07052285616343629,0.0656011349341504
0.1,0.05,0.05,0.05,0.06702012135049121,0.06724761795926255,0.06177903881572264
0.1,0.05,0.05,0.055,0.06423188224769524,0.06445330644141754,0.05919684152000251
0.1,0.05,0.05,0.06,0.06144364314489928,0.06165899492357255,0.05661464422428239
0.1,0.05,0.05,0.065,0.05865540404210331,0.05886468340572754,0.05403244692856227
0.1,0.05,0.05,0.07,0.05586716493930734,0.056070371887882525,0.05145024963284213
0.1,0.05,0.05,0.075,0.05307892583651137,0.05327606037003753,0.04886805233712201
0.1,0.05,0.05,0.08,0.050290686733715395,0.05048174885219253,0.04628585504140189
0.1,0.05,0.05,0.085,0.047502447630919424,0.04768743733434753,0.04370365774568176
0.1,0.05,0.05,0.09,0.04471420852812347,0.04489312581650252,0.04112146044996164
0.1,0.05,0.05,0.095,0.0419259694253275,0.04209881429865753,0.03853926315424151
0.1,0.05,0.05,0.1,0.03913773032253087,0.039304902623740014,0.03595706585852138
0.1,0.05,0.05,0.105,0.03717791156546619,0.03733132933609189,0.034348065501992014
0.1,0.05,0.05,0.11,0.035232465628253364,0.03537103823382618,0.03273906514546264
0.1,0.05,0.05,0.115,0.03330646160976585,0.03343206534558274,0.031130064788933265
0.1,0.05,0.05,0.12,0.03140678671081092,0.03152117608155392,0.029521064432403887
0.1,0.05,0.05,0.125,0.02954183961573633,0.029647236780781534,0.027912064075874512
0.1,0.05,0.05,0.13,0.027720143394724867,0.027819996165651287,0.026303063719345137
0.1,0.05,0.05,0.135,0.025947497860395078,0.026045101812545608,0.02469406336281576
0.1,0.05,0.05,0.14,0.02422550396988594,0.024324056646810865,0.023085063006286384
0.1,0.05,0.05,0.145,0.02255146693861173,0.022654038874509626,0.021476062649757013
0.1,0.05,0.05,0.15,0.020920288275139545,0.021029863192300387,0.019867062293227638
0.1,0.05,0.05,0.155,0.019899770453750666,0.020004365083066532,0.01892588622928077
0.1,0.05,0.05,0.16,0.018898210037288216,0.018999392205110367,0.0179847101653339
0.1,0.05,0.05,0.165,0.017918671017463885,0.018017837556611287,0.017043534101387037
0.1,0.05,0.05,0.17,0.01696407860933698,0.017063395084034174,0.016102358037440166
0.1,0.05,0.05,0.17500000000000002,0.016036763061502014,0.01613785381036797,0.015161181973493297
0.1,0.05,0.05,0.18,0.015138173694610126,0.015243416204395233,0.014220005909546436
0.1,0.05,0.05,0.185,0.014268615618894368,0.014380254289168545,0.013278829845599568
0.1,0.05,0.05,0.19,0.013426852771464765,0.013546399521213972,0.012337653781652698
0.1,0.05,0.05,0.195,0.012611134814948629,0.012740360562259134,0.011396477717705831
0.1,0.05,0.05,0.2,0.011818827088665782,0.011959501610745774,0.010455301653758962
0.1,0.05,0.05,0.20500000000000002,0.011333183308919038,0.011472317669698223,0.00993428996724505
0.1,0.05,0.05,0.21,0.010860724705606308,0.011000440454250762,0.009413278280731139
0.1,0.05,0.05,0.215,0.010402465672586375,0.010542736715750343,0.008892266594217225
0.1,0.05,0.05,0.22,0.009959202241635368,0.010101558573274072,0.008371254907703312
0.1,0.05,0.05,0.225,0.009531504216821259,0.009676943740003045,0.007850243221189396
0.1,0.05,0.05,0.23,0.009119411465778701,0.009268507844931505,0.007329231534675482
0.1,0.05,0.05,0.23500000000000001,0.008722615270539523,0.008876560454828798,0.006808219848161569
0.1,0.05,0.05,0.24,0.008340222975929408,0.00849992043815856,0.006287208161647658
0.1,0.05,0.05,0.245,0.007971388008723743,0.008137250679003708,0.005766196475133744
0.1,0.05,0.05,0.25,0.007615317354165207,0.007788871743297737,0.00524518478861983
0.1,0.05,0.05,0.255,0.007375396311522391,0.00754684067190744,0.00497129782004779
0.1,0.05,0.05,0.26,0.007143371979530271,0.0073131194619745765,0.00469741085147575
0.1,0.05,0.05,0.265,0.006919672366200805,0.007088609881312349,0.004423523882903711
0.1,0.05,0.05,0.27,0.006704247372573638,0.006873405496866188,0.00414963691433167
0.1,0.05,0.05,0.275,0.006497189867147795,0.006665778213702586,0.0038757499457596294
0.1,0.05,0.05,0.28,0.006298356711641326,0.006466846815867037,0.0036018629771875895
0.1,0.05,0.05,0.28500000000000003,0.006107224628811461,0.006276555939573995,0.003327976008615549
0.1,0.05,0.05,0.29,0.005923917793762574,0.006094428598318515,0.003054089040043512
0.1,0.05,0.05,0.295,0.005747286251749084,0.005919736984096764,0.0027802020714714723
0.1,0.05,0.05,0.3,0.005577437345764106,0.005750944633968736,0.002506315102899432
0.1,0.05,0.05,0.305,0.00544363557020527,0.005614070122898562,0.00236949891839483
0.1,0.05,0.05,0.31,0.0053142772235124204,0.005482280051973976,0.0022326827338902283
0.1,0.05,0.05,0.315,0.005189654585900446,0.005355596857796694,0.0020958665493856264
0.1,0.05,0.05,0.32,0.005069833242265389,0.005233883406333609,0.001959050364881024
0.1,0.05,0.05,0.325,0.004954686472565519,0.0051170466373690274,0.0018222341803764224
0.1,0.05,0.05,0.33,0.0048436297624119065,0.005004726096015448,0.0016854179958718206
0.1,0.05,0.05,0.335,0.004736863409943741,0.00489618549015014,0.0015486018113672188
0.1,0.05,0.05,0.34,0.004634207597389155,0.004791804787378253,0.001411785626862617
0.1,0.05,0.05,0.34500000000000003,0.004535433080283895,0.004691525403247255,0.0012749694423580152
0.1,0.05,0.05,0.35000000000000003,0.004440202027864825,0.004595044526251535,0.001138153257853414
0.1,0.05,0.05,0.355,0.004354869747202935,0.004507312746421528,0.001073287850367601
0.1,0.05,0.05,0.36,0.004272460129994653,0.004422632346631573,0.0010084224428817874
0.1,0.05,0.05,0.365,0.0041929100345291905,0.004340904293882416,0.0009435570353959735
0.1,0.05,0.05,0.37,0.004116133327471995,0.0042620323745869056,0.0008786916279101598
0.1,0.05,0.05,0.375,0.004042027532990121,0.004185940490213145,0.000813826220424346
0.1,0.05,0.05,0.38,0.003970425053671905,0.004112475657127879,0.0007489608129385324
0.1,0.05,0.05,0.385,0.0039010800358788593,0.004041201210132251,0.0006840954054527187
0.1,0.05,0.05,0.39,0.0038340736833225573,0.00397220283906142,0.0006192299979669049
0.1,0.05,0.05,0.395,0.003769289243100111,0.0039054999738053053,0.0005543645904810912
0.1,0.05,0.05,0.4,0.003706613612338901,0.003840977323610382,0.0004894991829952774
0.1,0.05,0.05,0.405,0.0036471319592916614,0.0037793617669061794,0.00046039281718074295
0.1,0.05,0.05,0.41000000000000003,0.0035894816098828437,0.0037196520860379367,0.0004312864513662084
0.1,0.05,0.05,0.41500000000000004,0.0035335996560571376,0.003661778617156576,0.00040218008555167396
0.1,0.05,0.05,0.42,0.003479367655765982,0.0036056697208554965,0.0003730737197371397
0.1,0.05,0.05,0.425,0.0034266622553408327,0.003551252677308412,0.00034396735392260523
0.1,0.05,0.05,0.43,0.0033755289178556557,0.0034984609522290674,0.00031486098810807066
0.1,0.05,0.05,0.435,0.0033258992803308764,0.0034472227712741875,0.0002857546222935362
0.1,0.05,0.05,0.44,0.003277707299753343,0.003397464971095743,0.00025664825647900167
0.1,0.05,0.05,0.445,0.003230889840795243,0.003349123116830532,0.00022754189066446717
0.1,0.05,0.05,0.45,0.0031853869922741627,0.0033021361525396526,0.00019843552484993267
0.1,0.05,0.05,0.455,0.0031413091163488144,0.0032565431120788373,0.00018612700067457554
0.1,0.05,0.05,0.46,0.00309843040272606,0.0032121888028495997,0.00017381847649921843
0.1,0.05,0.05,0.465,0.0030567051934115045,0.003169030102861673,0.00016150995232386132
0.1,0.05,0.05,0.47000000000000003,0.0030160887132675306,0.0031270104195429407,0.00014920142814850418
0.1,0.05,0.05,0.47500000000000003,0.002976476081460812,0.003085900926298249,0.00013689290397314705
0.1,0.05,0.05,0.48,0.0029378497419536775,0.0030458426528287286,0.0001245843797977901
0.1,0.05,0.05,0.485,0.0029002128542900884,0.0030068105729034265,0.00011227585562243298
0.1,0.05,0.05,0.49,0.002863527543734667,0.002968765538376601,9.996733144707585e-05
0.1,0.05,0.05,0.495,0.002827757883197193,0.0029316704028028214,8.765880727171874e-05
0.1,0.05,0.05,0.5,0.0027928697960006694,0.0028954899098299998,7.535028309636162e-05
0.1,0.05,0.05,0.505,0.0027588502843517706,0.002860203699130393,7.047371911486934e-05
0.1,0.05,0.05,0.51,0.002725649452692842,0.0028257666352986014,6.559715513337707e-05
0.1,0.05,0.05,0.515,0.002693238123684206,0.002792148460247509,6.072059115188478e-05
0.1,0.05,0.05,0.52,0.0026615884593876923,0.0027593203192588945,5.58440271703925e-05
0.1,0.05,0.05,0.525,0.00263067391200006,0.0027272546959172406,5.096746318890022e-05
0.1,0.05,0.05,0.53,0.002600469156782011,0.002695925338407691,4.6090899207407943e-05
0.1,0.05,0.05,0.535,0.0025709500219920642,0.002665307187033652,4.1214335225915666e-05
0.1,0.05,0.05,0.54,0.0025420934223893735,0.002635376306481793,3.633777124442339e-05
0.1,0.05,0.05,0.545,0.0025138772979422298,0.0026061117874667935,3.1461207262931104e-05
0.1,0.05,0.05,0.55,0.0024861895814779953,0.0025774042563282192,2.6584643281438827e-05
0.1,0.05,0.05,0.555,0.002458565109407463,0.0025487663878461814,2.478855043568292e-05
0.1,0.05,0.05,0.56,0.0024309406373369306,0.0025201285193640855,2.2992457589927016e-05
0.1,0.05,0.05,0.5650000000000001,0.0024033161652663977,0.002491490650882046,2.119636474417111e-05
0.1,0.05,0.05,0.5700000000000001,0.0023756916931958654,0.0024628527824000048,1.9400271898415204e-05
0.1,0.05,0.05,0.5750000000000001,0.002348067221125333,0.0024342149139179635,1.76041790526593e-05
0.1,0.05,0.05,0.58,0.002320442749054801,0.0024055770454359257,1.5808086206903434e-05
0.1,0.05,0.05,0.585,0.0022928182769842683,0.0023769391769538845,1.4011993361147528e-05
0.1,0.05,0.05,0.59,0.002265193804913736,0.002348301308471846,1.2215900515391623e-05
0.1,0.05,0.05,0.595,0.0022375693328432035,0.0023196634399898063,1.0419807669635719e-05
0.1,0.05,0.05,0.6,0.0022099448607726707,0.002291025571507766,8.623714823879813e-06
0.1,0.05,0.05,0.605,0.0021823205410032107,0.0022623877497874633,8.015014736619904e-06
0.1,0.05,0.05,0.61,0.0021546962212337503,0.0022337499280671615,7.406314649359995e-06
0.1,0.05,0.05,0.615,0.0021270719014642903,0.0022051121063468605,6.797614562100087e-06
0.1,0.05,0.05,0.62,0.00209944758169483,0.0021764742846265587,6.188914474840179e-06
0.1,0.05,0.05,0.625,0.00207182326192537,0.002147836462906257,5.58021438758027e-06
0.1,0.05,0.05,0.63,0.0020441989421559094,0.0021191986411859534,4.971514300320361e-06
0.1,0.05,0.05,0.635,0.0020165746223864494,0.0020905608194656524,4.362814213060452e-06
0.1,0.05,0.05,0.64,0.001988950302616989,0.0020619229977453506,3.754114125800544e-06
0.1,0.05,0.05,0.645,0.001961325982847529,0.002033285176025049,3.1454140385406347e-06
0.1,0.05,0.05,0.65,0.0019337016630780685,0.002004647354304746,2.5367139512807263e-06
0.1,0.05,0.05,0.655,0.0019060773531470116,0.001976009534892806,2.349456809264208e-06
0.1,0.05,0.05,0.66,0.0018784530432159547,0.0019473717154808688,2.1621996672476898e-06
0.1,0.05,0.05,0.665,0.0018508287332848978,0.0019187338960689289,1.9749425252311717e-06
0.1,0.05,0.05,0.67,0.0018232044233538408,0.0018900960766569897,1.7876853832146533e-06
0.1,0.05,0.05,0.675,0.001795580113422784,0.0018614582572450506,1.6004282411981352e-06
0.1,0.05,0.05,0.68,0.001767955803491727,0.001832820437833111,1.413171099181617e-06
0.1,0.05,0.05,0.685,0.00174033149356067,0.0018041826184211729,1.2259139571650987e-06
0.1,0.05,0.05,0.6900000000000001,0.0017127071836296132,0.0017755447990092325,1.0386568151485802e-06
0.1,0.05,0.05,0.6950000000000001,0.0016850828736985563,0.0017469069795972938,8.513996731320622e-07
0.1,0.05,0.05,0.7000000000000001,0.0016574585637674994,0.0017182691601853547,6.641425311155469e-07
0.1,0.05,0.05,0.705,0.0016298342543528232,0.0016896313408632942,6.128053000108595e-07
0.1,0.05,0.05,0.71,0.0016022099449381467,0.0016609935215514565,5.61468068906171e-07
0.1,0.05,0.05,0.715,0.00157458563552347,0.0016323557022281518,5.101308378014825e-07
0.1,0.05,0.05,0.72,0.0015469613261087933,0.0016037178829048488,4.58793606696794e-07
0.1,0.05,0.05,0.725,0.0015193370166941167,0.0015750800635774415,4.074563755921055e-07
0.1,0.05,0.05,0.73,0.0014917127072794402,0.0015464422442549256,3.5611914448741707e-07
0.1,0.05,0.05,0.735,0.0014640883978647636,0.0015178044249324085,3.047819133827285e-07
0.1,0.05,0.05,0.74,0.0014364640884500868,0.0014891666056098922,2.5344468227804006e-07
0.1,0.05,0.05,0.745,0.0014088397790354102,0.001460528786287375,2.0210745117335159e-07
0.1,0.05,0.05,0.75,0.0013812154696207337,0.0014318909669648583,1.5077022006866308e-07
0.1,0.05,0.05,0.755,0.0013535911602277392,0.0014032531476455032,1.3854840223995803e-07
0.1,0.05,0.05,0.76,0.001325966850834745,0.0013746153283261458,1.2632658441125301e-07
0.1,0.05,0.05,0.765,0.0012983425414417504,0.0013459775090067898,1.14104766582548e-07
0.1,0.05,0.05,0.77,0.0012707182320487562,0.0013173396896874333,1.0188294875384295e-07
0.1,0.05,0.05,0.775,0.0012430939226557617,0.0012887018703680768,8.966113092513791e-08
0.1,0.05,0.05,0.78,0.0012154696132627674,0.00126006405104872,7.743931309643288e-08
0.1,0.05,0.05,0.785,0.001187845303869773,0.0012314262317293643,6.521749526772786e-08
0.1,0.05,0.05,0.79,0.0011602209944767787,0.001202788412410007,5.2995677439022814e-08
0.1,0.05,0.05,0.795,0.0011325966850837842,0.001174150593090651,4.0773859610317794e-08
0.1,0.05,0.05,0.8,0.00110497237569079,0.0011455127737713092,2.8552041781612758e-08
0.1,0.05,0.05,0.805,0.0010773480662985067,0.0011168749544520113,2.6120663591001934e-08
0.1,0.05,0.05,0.81,0.0010497237569062237,0.0010882371351327272,2.3689285400391107e-08
0.1,0.05,0.05,0.8150000000000001,0.0010220994475139407,0.001059599315813444,2.1257907209780283e-08
0.1,0.05,0.05,0.8200000000000001,0.0009944751381216574,0.0010309614964941617,1.8826529019169457e-08
0.1,0.05,0.05,0.8250000000000001,0.0009668508287293743,0.0010023236771748772,1.6395150828558633e-08
0.1,0.05,0.05,0.8300000000000001,0.0009392265193370913,0.0009736858578555945,1.396377263794781e-08
0.1,0.05,0.05,0.835,0.0009116022099448088,0.0009450480385363113,1.1532394447337035e-08
0.1,0.05,0.05,0.84,0.0008839779005525257,0.0009164102192170281,9.101016256726212e-09
0.1,0.05,0.05,0.845,0.0008563535911602425,0.0008877723998977449,6.6696380661153866e-09
0.1,0.05,0.05,0.85,0.0008287292817679594,0.0008591345805784624,4.238259875504561e-09
0.1,0.05,0.05,0.855,0.0008011049723756939,0.00083049676125918,3.8583756213512814e-09
0.1,0.05,0.05,0.86,0.0007734806629834284,0.0008018589419398982,3.4784913671980023e-09
0.1,0.05,0.05,0.865,0.0007458563535911628,0.0007732211226206159,3.0986071130447233e-09
0.1,0.05,0.05,0.87,0.0007182320441988972,0.0007445833033013338,2.7187228588914434e-09
0.1,0.05,0.05,0.875,0.0006906077348066318,0.0007159454839820514,2.3388386047381643e-09
0.1,0.05,0.05,0.88,0.0006629834254143662,0.0006873076646627693,1.958954350584885e-09
0.1,0.05,0.05,0.885,0.0006353591160221006,0.0006586698453434877,1.5790700964316053e-09
0.1,0.05,0.05,0.89,0.000607734806629835,0.0006300320260242188,1.1991858422783258e-09
0.1,0.05,0.05,0.895,0.0005801104972375696,0.0006013942067049232,8.193015881250466e-10
0.1,0.05,0.05,0.9,0.000552486187845304,0.0005727563873856546,4.3941733397176713e-10
0.1,0.05,0.05,0.905,0.0005248618784530388,0.000544118568066359,3.9786846724473366e-10
0.1,0.05,0.05,0.91,0.0004972375690607735,0.0005154807487470772,3.5631960051770013e-10
0.1,0.05,0.05,0.915,0.00046961325966850834,0.00048684292942779484,3.147707337906666e-10
0.1,0.05,0.05,0.92,0.0004419889502762431,0.00045820511010851263,2.732218670636331e-10
0.1,0.05,0.05,0.925,0.00041436464088397785,0.00042956729078923064,2.3167300033659955e-10
0.1,0.05,0.05,0.93,0.0003867403314917126,0.00040092947146994876,1.9012413360956605e-10
0.1,0.05,0.05,0.935,0.00035911602209944736,0.00037229165215066655,1.4857526688253255e-10
0.1,0.05,0.05,0.9400000000000001,0.00033149171270718217,0.00034365383283138434,1.0702640015549903e-10
0.1,0.05,0.05,0.9450000000000001,0.00030386740331491693,0.00031501601351210235,6.547753342846552e-11
0.1,0.05,0.05,0.9500000000000001,0.0002762430939226517,0.0002863781941928272,2.3928666701432865e-11
0.1,0.05,0.05,0.9550000000000001,0.00024861878453038644,0.00025774037487353836,2.1535800031289573e-11
0.1,0.05,0.05,0.96,0.00022099447513812185,0.0002291025555542568,1.9142933361146336e-11
0.1,0.05,0.05,0.965,0.0001933701657458566,0.00020046473623497465,1.6750066691003044e-11
0.1,0.05,0.05,0.97,0.00016574585635359138,0.00017182691691569255,1.435720002085975e-11
0.1,0.05,0.05,0.975,0.00013812154696132614,0.0001431890975964105,1.1964333350716458e-11
0.1,0.05,0.05,0.98,0.00011049723756906092,0.00011459397024914187,9.571466680573168e-12
0.1,0.05,0.05,0.985,8.287292817679569e-05,8.594547793685638e-05,7.178600010429875e-12
0.1,0.05,0.05,0.99,5.524861878453046e-05,5.727617285681709e-05,4.785733340286584e-12
0.1,0.05,0.05,0.995,2.762430939226523e-05,2.863808692840855e-05,2.392866670143292e-12
0.1,0.05,0.05,1.0,-0.0,1e-12,0.0
0.1,0.05,0.02,0.0,0.10000000000000006,0.10000000000100012,0.09999999999999962
0.1,0.05,0.02,0.005,0.09655309157622723,0.09659172152507838,0.09538595492726637
0.1,0.05,0.02,0.01,0.09310618315245447,0.09318344304915674,0.09077190985453312
0.1,0.05,0.02,0.015,0.08965927472868178,0.08977516457323508,0.08615786478179988
0.1,0.05,0.02,0.02,0.08621236630490905,0.08636688609731343,0.08154381970906663
0.1,0.05,0.02,0.025,0.0827770531181512,0.08296623565542946,0.07748447536387248
0.1,0.05,0.02,0.03,0.07934173993139336,0.07956558521354548,0.07342513101867837
0.1,0.05,0.02,0.035,0.0759064267446355,0.0761649347716615,0.06936578667348423
0.1,0.05,0.02,0.04,0.07247111355787766,0.07276428432977754,0.06530644232829008
0.1,0.05,0.02,0.045,0.06908397824187464,0.06939923450179389,0.06185249716422736
0.1,0.05,0.02,0.05,0.0656968429258716,0.06603418467381023,0.05839855200016462
0.1,0.05,0.02,0.055,0.062309707609868606,0.06266913484582659,0.05494460683610188
0.1,0.05,0.02,0.06,0.05892257229386558,0.05930408501784293,0.051490661672039154
0.1,0.05,0.02,0.065,0.055666165235349306,0.05604580485463516,0.04862605986059107
0.1,0.05,0.02,0.07,0.052409758176833035,0.05278752469142737,0.04576145804914299
0.1,0.05,0.02,0.075,0.04915335111831678,0.049529244528219586,0.042896856237694916
0.1,0.05,0.02,0.08,0.04590447043197817,0.046280170802789254,0.04003225442624683
0.1,0.05,0.02,0.085,0.042972590238576615,0.04332938548736426,0.03770539339969242
0.1,0.05,0.02,0.09,0.04011904646926424,0.040462256779232306,0.035378532373138
0.1,0.05,0.02,0.095,0.03736134007120398,0.0376987264760048,0.03305167134658357
0.1,0.05,0.02,0.1,0.0347149055422031,0.035055999948962364,0.03072481032002916
0.1,0.05,0.02,0.105,0.03242359739610093,0.03274693868126373,0.02886797457212253
0.1,0.05,0.02,0.11,0.030216638287083396,0.03052908660749306,0.0270111388242159
0.1,0.05,0.02,0.115,0.028107859228345015,0.028417192310644462,0.025154303076309264
0.1,0.05,0.02,0.12,0.026104025793360883,0.026421456041768442,0.023297467328402634
0.1,0.05,0.02,0.125,0.024416171456777987,0.024720672071381972,0.02183872991388427
0.1,0.05,0.02,0.13,0.02280684359570881,0.02310529405900454,0.02037999249936591
0.1,0.05,0.02,0.135,0.02128364006259333,0.021584454840282947,0.01892125508484754
0.1,0.05,0.02,0.14,0.019846932456088057,0.020159240815651867,0.017462517670329178
0.1,0.05,0.02,0.145,0.01865303411188847,0.018956745208589,0.016332705810091212
0.1,0.05,0.02,0.15,0.017523424685331884,0.01782691269200636,0.015202893949853243
0.1,0.05,0.02,0.155,0.016461784312028976,0.016769220737639846,0.014073082089615272
0.1,0.05,0.02,0.16,0.015466480543294353,0.015783192294269666,0.012943270229377302
0.1,0.05,0.02,0.165,0.014634654052008263,0.014945934656889606,0.012079701621303264
0.1,0.05,0.02,0.17,0.01385245673632391,0.014162185132717796,0.011216133013229225
0.1,0.05,0.02,0.17500000000000002,0.013119796280546084,0.013431682638146036,0.010352564405155185
0.1,0.05,0.02,0.18,0.012435705117844559,0.012751556564590295,0.00948899579708115
0.1,0.05,0.02,0.185,0.011851390849854086,0.012161075438703962,0.008837138690727827
0.1,0.05,0.02,0.19,0.011303416152640884,0.011610686815509311,0.008185281584374503
0.1,0.05,0.02,0.195,0.010791121622020738,0.011094914299398361,0.007533424478021181
0.1,0.05,0.02,0.2,0.010312660596428826,0.010617659950604024,0.006881567371667858
0.1,0.05,0.02,0.20500000000000002,0.009892001545448337,0.010189101371574437,0.006395408811932726
0.1,0.05,0.02,0.21,0.009497139027367457,0.009790416460560527,0.005909250252197598
0.1,0.05,0.02,0.215,0.009127399045313882,0.009414755405306719,0.005423091692462468
0.1,0.05,0.02,0.22,0.008781449823558116,0.009065714437549159,0.004936933132727336
0.1,0.05,0.02,0.225,0.008468619740234851,0.008746157512497046,0.004578586124102658
0.1,0.05,0.02,0.23,0.008174060676713956,0.008444705739463074,0.0042202391154779785
0.1,0.05,0.02,0.23500000000000001,0.007897615264531092,0.008162796593377774,0.0038618921068533
0.1,0.05,0.02,0.24,0.007637073521032539,0.007898293434169644,0.0035035450982286226
0.1,0.05,0.02,0.245,0.007396957092267203,0.007650381795491325,0.0032424485302628495
0.1,0.05,0.02,0.25,0.007169610572283281,0.007417035208772587,0.002981351962297076
0.1,0.05,0.02,0.255,0.006955475288190456,0.007197438158414648,0.0027202553943313024
0.1,0.05,0.02,0.26,0.006752475868565865,0.006990241229753219,0.002459158826365529
0.1,0.05,0.02,0.265,0.006562582867274552,0.006793570934328259,0.0022711003399524844
0.1,0.05,0.02,0.27,0.006382304671991172,0.006607439227089184,0.0020830418535394395
0.1,0.05,0.02,0.275,0.006211108152424516,0.006431232861051076,0.0018949833671263946
0.1,0.05,0.02,0.28,0.006048847040037079,0.0062642173815340135,0.0017069248807133502
0.1,0.05,0.02,0.28500000000000003,0.005894971701682547,0.006105959436275208,0.0015730309011068957
0.1,0.05,0.02,0.29,0.005748332858027922,0.0059545350356383225,0.001439136921500443
0.1,0.05,0.02,0.295,0.005608789837717423,0.005809882326980433,0.0013052429418939884
0.1,0.05,0.02,0.3,0.005475789295951133,0.005672113223837247,0.0011713489622875344
0.1,0.05,0.02,0.305,0.00534864102914262,0.005540858172343118,0.0010771271051328933
0.1,0.05,0.02,0.31,0.005227226272565188,0.005415513153688286,0.0009829052479782521
0.1,0.05,0.02,0.315,0.00511119751609246,0.005295709484648517,0.0008886833908236111
0.1,0.05,0.02,0.32,0.005000218022513583,0.00518109660977927,0.0007944615336689701
0.1,0.05,0.02,0.325,0.004893581240179171,0.005071302203760859,0.0007289408267470193
0.1,0.05,0.02,0.33,0.004791374284271732,0.004965278788587333,0.0006634201198250688
0.1,0.05,0.02,0.335,0.0046933496955880935,0.00486361606493314,0.0005978994129031181
0.1,0.05,0.02,0.34,0.004599260816417153,0.004765977908376651,0.0005323787059811674
0.1,0.05,0.02,0.34500000000000003,0.0045088919833732284,0.0046722262848111085,0.00048736700461471204
0.1,0.05,0.02,0.35000000000000003,0.004421702617079498,0.004582087734716066,0.00044235530324825665
0.1,0.05,0.02,0.355,0.0043377868368761965,0.00449535986838797,0.00039734360188180176
0.1,0.05,0.02,0.36,0.00425699904516577,0.004411853512819249,0.00035233190051534637
0.1,0.05,0.02,0.365,0.0041791717294232655,0.004331393970474247,0.0003217934586702333
0.1,0.05,0.02,0.37,0.004104138037035475,0.004253814664296585,0.00029125501682512027
0.1,0.05,0.02,0.375,0.0040317515317285476,0.004178964373198047,0.0002607165749800072
0.1,0.05,0.02,0.38,0.003961742521032147,0.0041067072640037314,0.00023017813313489416
0.1,0.05,0.02,0.385,0.003894019737599054,0.00403648469684913,0.00020972457110506813
0.1,0.05,0.02,0.39,0.0038285731590265793,0.003968583730305777,0.00018927100907524207
0.1,0.05,0.02,0.395,0.0037652902693900672,0.003902928224462948,0.00016881744704541607
0.1,0.05,0.02,0.4,0.0037040655776424403,0.0038394086810694273,0.00014836388501559004
0.1,0.05,0.02,0.405,0.0036448004019216597,0.003777922608184177,0.00013484662195850763
0.1,0.05,0.02,0.41000000000000003,0.003587401818655599,0.0037183738443733964,0.00012132935890142521
0.1,0.05,0.02,0.41500000000000004,0.0035317830758171006,0.003660672312529584,0.00010781209584434281
0.1,0.05,0.02,0.42,0.003477794860877274,0.0036047385496098764,9.429483278726057e-05
0.1,0.05,0.02,0.425,0.0034253394143607774,0.0035504899160071187,8.548488139745689e-05
0.1,0.05,0.02,0.43,0.0033744428197570253,0.003497848961194177,7.667493000765321e-05
0.1,0.05,0.02,0.435,0.00332503661568117,0.003446745301432794,6.786497861784952e-05
0.1,0.05,0.02,0.44,0.0032770562821404425,0.0033971125983808907,5.905502722804584e-05
0.1,0.05,0.02,0.445,0.00323044097060778,0.00334888827460025,5.339577698543003e-05
0.1,0.05,0.02,0.45,0.003185133241444857,0.0033020132506087485,4.773652674281422e-05
0.1,0.05,0.02,0.455,0.0031410788388422407,0.0032564317049772395,4.2077276500198406e-05
0.1,0.05,0.02,0.46,0.003098226466797317,0.0032120926698932326,3.64180262575826e-05
0.1,0.05,0.02,0.465,0.003056527590982468,0.003168947727433047,3.283749947715561e-05
0.1,0.05,0.02,0.47000000000000003,0.0030159362550426145,0.0031269401799932364,2.9256972696728622e-05
0.1,0.05,0.02,0.47500000000000003,0.002976346911984835,0.0030858420681021074,2.5676445916301638e-05
0.1,0.05,0.02,0.48,0.0029377431906697678,0.003045794706391089,2.2095919135874695e-05
0.1,0.05,0.02,0.485,0.0029001280409785665,0.0030067729333308636,1.986644203026359e-05
0.1,0.05,0.02,0.49,0.002863463969662198,0.002968737869231284,1.7636964924652487e-05
0.1,0.05,0.02,0.495,0.002827715355807253,0.0029316525742005568,1.5407487819041384e-05
0.1,0.05,0.02,0.5,0.0027928483353890266,0.0028954819287108453,1.3178010713430278e-05
0.1,0.05,0.02,0.505,0.002758830694275759,0.00286019641543276,1.1812948668171679e-05
0.1,0.05,0.02,0.51,0.002725631768953416,0.0028257600672800384,1.0447886622913083e-05
0.1,0.05,0.02,0.515,0.0026932223543402758,0.0027921426114786638,9.082824577654487e-06
0.1,0.05,0.02,0.52,0.0026615746180964172,0.0027593151966132066,7.71776253239589e-06
0.1,0.05,0.02,0.525,0.0026306620209059716,0.0027272503102146487,6.896701168483968e-06
0.1,0.05,0.02,0.53,0.002600459242250321,0.0026959217020127496,6.075639804572048e-06
0.1,0.05,0.02,0.535,0.0025709421112372513,0.002665304312406752,5.254578440660128e-06
0.1,0.05,0.02,0.54,0.0025420875420875495,0.0026353742057426263,4.433517076748208e-06
0.1,0.05,0.02,0.545,0.0025138734739178726,0.0026061104704293986,3.948895036960916e-06
0.1,0.05,0.02,0.55,0.002486187845303871,0.0025774037397354402,3.464272997173626e-06
0.1,0.05,0.02,0.555,0.0024585635359116046,0.002548765920416105,2.979650957386335e-06
0.1,0.05,0.02,0.56,0.002430939226519338,0.0025201281010968756,2.495028917599044e-06
0.1,0.05,0.02,0.5650000000000001,0.0024033149171270728,0.0024914902817775395,2.2146736103159936e-06
0.1,0.05,0.02,0.5700000000000001,0.0023756906077348075,0.002462852462458259,1.9343183030329435e-06
0.1,0.05,0.02,0.5750000000000001,0.0023480662983425423,0.0024342146431390287,1.653962995749893e-06
0.1,0.05,0.02,0.58,0.0023204419889502775,0.0024055768238197463,1.3736076884668488e-06
0.1,0.05,0.02,0.585,0.0022928176795580122,0.002376939004500412,1.2148621708853898e-06
0.1,0.05,0.02,0.59,0.002265193370165747,0.0023483011851811297,1.0561166533039306e-06
0.1,0.05,0.02,0.595,0.0022375690607734817,0.00231966336586185,8.973711357224715e-07
0.1,0.05,0.02,0.6,0.0022099447513812165,0.002291025546542566,7.386256181410125e-07
0.1,0.05,0.02,0.605,0.0021823204419889513,0.0022623877272232827,6.507809024799154e-07
0.1,0.05,0.02,0.61,0.002154696132596686,0.002233749907904002,5.629361868188182e-07
0.1,0.05,0.02,0.615,0.0021270718232044208,0.00220511208858472,4.75091471157721e-07
0.1,0.05,0.02,0.62,0.0020994475138121555,0.0021764742692654375,3.872467554966238e-07
0.1,0.05,0.02,0.625,0.0020718232044198903,0.002147836449946156,3.3982265606749067e-07
0.1,0.05,0.02,0.63,0.002044198895027625,0.0021191986306268737,2.923985566383576e-07
0.1,0.05,0.02,0.635,0.00201657458563536,0.0020905608113075905,2.449744572092244e-07
0.1,0.05,0.02,0.64,0.0019889502762430946,0.0020619229919883637,1.9755035778009134e-07
0.1,0.05,0.02,0.645,0.0019613259668508293,0.0020332851726690268,1.7262174197506858e-07
0.1,0.05,0.02,0.65,0.0019337016574585643,0.0020046473533497445,1.4769312617004579e-07
0.1,0.05,0.02,0.655,0.001906077348066299,0.001976009534030464,1.22764510365023e-07
0.1,0.05,0.02,0.66,0.0018784530386740338,0.0019473717147112353,9.783589456000022e-08
0.1,0.05,0.02,0.665,0.0018508287292817685,0.0019187338953918975,8.510557619337798e-08
0.1,0.05,0.02,0.67,0.0018232044198895033,0.001890096076072617,7.237525782675576e-08
0.1,0.05,0.02,0.675,0.001795580110497238,0.0018614582567533342,5.964493946013354e-08
0.1,0.05,0.02,0.68,0.0017679558011049728,0.0018328204374340523,4.6914621093511314e-08
0.1,0.05,0.02,0.685,0.0017403314917127076,0.0018041826181148242,4.061512720725432e-08
0.1,0.05,0.02,0.6900000000000001,0.0017127071823204423,0.001775544798795488,3.431563332099733e-08
0.1,0.05,0.02,0.6950000000000001,0.001685082872928177,0.001746906979476205,2.8016139434740334e-08
0.1,0.05,0.02,0.7000000000000001,0.001657458563535912,0.0017182691601569239,2.171664554848341e-08
0.1,0.05,0.02,0.705,0.0016298342541436472,0.0016896313408376416,1.870497149446661e-08
0.1,0.05,0.02,0.71,0.001602209944751382,0.0016609935215183601,1.569329744044974e-08
0.1,0.05,0.02,0.715,0.001574585635359117,0.0016323557021990782,1.2681623386432868e-08
0.1,0.05,0.02,0.72,0.0015469613259668517,0.0016037178828797963,9.669949332415999e-09
0.1,0.05,0.02,0.725,0.0015193370165745865,0.0015750800635605682,8.283684600607874e-09
0.1,0.05,0.02,0.73,0.0014917127071823212,0.0015464422442412317,6.89741986879975e-09
0.1,0.05,0.02,0.735,0.001464088397790056,0.0015178044249219498,5.511155136991625e-09
0.1,0.05,0.02,0.74,0.0014364640883977908,0.0014891666056026675,4.1248904051835e-09
0.1,0.05,0.02,0.745,0.0014088397790055255,0.0014605287862833848,3.5130193039437177e-09
0.1,0.05,0.02,0.75,0.0013812154696132603,0.0014318909669641029,2.901148202703935e-09
0.1,0.05,0.02,0.755,0.001353591160220995,0.0014032531476448219,2.289277101464152e-09
0.1,0.05,0.02,0.76,0.0013259668508287298,0.0013746153283255387,1.6774060002243695e-09
0.1,0.05,0.02,0.765,0.0012983425414364645,0.0013459775090062572,1.4196774735716814e-09
0.1,0.05,0.02,0.77,0.0012707182320441993,0.0013173396896869753,1.1619489469189935e-09
0.1,0.05,0.02,0.775,0.001243093922651934,0.00128870187036772,9.042204202663052e-10
0.1,0.05,0.02,0.78,0.0012154696132596688,0.0012600640510484376,6.464918936136172e-10
0.1,0.05,0.02,0.785,0.0011878453038674036,0.0012314262317291292,5.43488674664462e-10
0.1,0.05,0.02,0.79,0.0011602209944751385,0.0012027884124098465,4.404854557153068e-10
0.1,0.05,0.02,0.795,0.0011325966850828733,0.0011741505930905642,3.3748223676615157e-10
0.1,0.05,0.02,0.8,0.001104972375690608,0.0011455127737713092,2.344790178169963e-10
0.1,0.05,0.02,0.805,0.0010773480662983428,0.0011168749544520004,1.9569251098575516e-10
0.1,0.05,0.02,0.81,0.0010497237569060775,0.001088237135132718,1.5690600415451405e-10
0.1,0.05,0.02,0.8150000000000001,0.0010220994475138123,0.0010595993158134362,1.1811949732327295e-10
0.1,0.05,0.02,0.8200000000000001,0.000994475138121547,0.0010309614964941543,7.933299049203238e-11
0.1,0.05,0.02,0.8250000000000001,0.0009668508287292818,0.001002323677174872,6.569067801403494e-11
0.1,0.05,0.02,0.8300000000000001,0.0009392265193370166,0.0009736858578555901,5.2048365536037494e-11
0.1,0.05,0.02,0.835,0.000911602209944752,0.0009450480385363078,3.840605305804036e-11
0.1,0.05,0.02,0.84,0.0008839779005524867,0.0009164102192170261,2.4763740580042918e-11
0.1,0.05,0.02,0.845,0.0008563535911602215,0.0008877723998977438,2.0330471395336504e-11
0.1,0.05,0.02,0.85,0.0008287292817679562,0.0008591345805784624,1.5897202210630093e-11
0.1,0.05,0.02,0.855,0.000801104972375691,0.00083049676125918,1.1463933025923683e-11
0.1,0.05,0.02,0.86,0.0007734806629834259,0.0008018589419398982,7.030663841217272e-12
0.1,0.05,0.02,0.865,0.0007458563535911606,0.0007732211226206159,5.718321033625415e-12
0.1,0.05,0.02,0.87,0.0007182320441988954,0.0007445833033013338,4.40597822603356e-12
0.1,0.05,0.02,0.875,0.0006906077348066301,0.0007159454839820514,3.093635418441704e-12
0.1,0.05,0.02,0.88,0.0006629834254143649,0.0006873076646627693,1.7812926108498477e-12
0.1,0.05,0.02,0.885,0.0006353591160220996,0.0006586698453434877,1.434029654032394e-12
0.1,0.05,0.02,0.89,0.0006077348066298344,0.0006300320260242188,1.0867666972149404e-12
0.1,0.05,0.02,0.895,0.0005801104972375693,0.0006013942067049232,7.395037403974866e-13
0.1,0.05,0.02,0.9,0.000552486187845304,0.0005727563873856546,3.92240783580033e-13
0.1,0.05,0.02,0.905,0.0005248618784530388,0.000544118568066359,3.122307085154902e-13
0.1,0.05,0.02,0.91,0.0004972375690607735,0.0005154807487470772,2.322206334509475e-13
0.1,0.05,0.02,0.915,0.0004696132596685083,0.00048684292942779484,1.522105583864047e-13
0.1,0.05,0.02,0.92,0.00044198895027624304,0.00045820511010851263,7.220048332186194e-14
0.1,0.05,0.02,0.925,0.00041436464088397785,0.00042956729078923064,5.6759541547096296e-14
0.1,0.05,0.02,0.93,0.0003867403314917126,0.00040092947146994876,4.131859977233065e-14
0.1,0.05,0.02,0.935,0.00035911602209944736,0.00037229165215066655,2.5877657997564996e-14
0.1,0.05,0.02,0.9400000000000001,0.0003314917127071821,0.00034365383283138434,1.0436716222799635e-14
0.1,0.05,0.02,0.9450000000000001,0.00030386740331491693,0.00031501601351210235,8.091408975737255e-15
0.1,0.05,0.02,0.9500000000000001,0.0002762430939226517,0.0002863781941928272,5.746101728674877e-15
0.1,0.05,0.02,0.9550000000000001,0.00024861878453038644,0.00025774037487353836,3.4007944816124977e-15
0.1,0.05,0.02,0.96,0.00022099447513812185,0.0002291025555542568,1.055487234550171e-15
0.1,0.05,0.02,0.965,0.0001933701657458566,0.00020046473623497465,8.056529207492199e-16
0.1,0.05,0.02,0.97,0.00016574585635359138,0.00017182691691569255,5.558186069482688e-16
0.1,0.05,0.02,0.975,0.00013812154696132614,0.0001431890975964105,3.0598429314731767e-16
0.1,0.05,0.02,0.98,0.00011049723756906092,0.00011459397024914187,5.614997934636661e-17
0.1,0.05,0.02,0.985,8.287292817679569e-05,8.594547793685638e-05,4.2112484509774955e-17
0.1,0.05,0.02,0.99,5.524861878453046e-05,5.727617285681709e-05,2.8074989673183303e-17
0.1,0.05,0.02,0.995,2.762430939226523e-05,2.863808692840855e-05,1.4037494836591652e-17
0.1,0.05,0.02,1.0,-0.0,1e-12,0.0
0.1,0.2,1.0,0.0,0.1,0.10000000000100001,0.09999999999999998
0.1,0.2,1.0,0.005,0.09949999999999999,0.09950000000100011,0.09949999999999998
0.1,0.2,1.0,0.01,0.09899999999999999,0.09900000000100001,0.09899999999999998
0.1,0.2,1.0,0.015,0.0985,0.09850000000100011,0.09849999999999998
0.1,0.2,1.0,0.02,0.098,0.09800000000100002,0.09799999999999998
0.1,0.2,1.0,0.025,0.09749999999999999,0.09750000000100001,0.09749999999999998
0.1,0.2,1.0,0.03,0.09699999999999999,0.09700000000100001,0.09699999999999998
0.1,0.2,1.0,0.035,0.0965,0.09650000000100001,0.09649999999999997
0.1,0.2,1.0,0.04,0.096,0.0960000000010001,0.09599999999999997
0.1,0.2,1.0,0.045,0.0955,0.0955000000010001,0.09549999999999997
0.1,0.2,1.0,0.05,0.09499999999999999,0.09500000000100002,0.09499999999999997
0.1,0.2,1.0,0.055,0.0945,0.094500000001,0.09449999999999997
0.1,0.2,1.0,0.06,0.094,0.0940000000010001,0.09399999999999997
0.1,0.2,1.0,0.065,0.09350000000000001,0.09350000000100003,0.09349999999999999
0.1,0.2,1.0,0.07,0.09299999999999999,0.0930000000010001,0.09299999999999997
0.1,0.2,1.0,0.075,0.0925,0.09250000000100012,0.09249999999999999
0.1,0.2,1.0,0.08,0.092,0.09200000000100003,0.09199999999999998
0.1,0.2,1.0,0.085,0.09150000000000001,0.09150000000100002,0.09149999999999998
0.1,0.2,1.0,0.09,0.091,0.09100000000100011,0.09099999999999998
0.1,0.2,1.0,0.095,0.0905,0.09050000000100002,0.09049999999999998
0.1,0.2,1.0,0.1,0.09,0.09000000000100011,0.08999999999999998
0.1,0.2,1.0,0.105,0.08950000000000001,0.08950000000100021,0.08949999999999998
0.1,0.2,1.0,0.11,0.089,0.08900000000100003,0.08899999999999998
0.1,0.2,1.0,0.115,0.0885,0.08850000000100001,0.08849999999999998
0.1,0.2,1.0,0.12,0.088,0.08800000000100003,0.08799999999999998
0.1,0.2,1.0,0.125,0.08750000000000001,0.08750000000100001,0.08749999999999998
0.1,0.2,1.0,0.13,0.087,0.08700000000100011,0.08699999999999998
0.1,0.2,1.0,0.135,0.0865,0.08650000000100001,0.08649999999999998
0.1,0.2,1.0,0.14,0.086,0.08600000000100001,0.08599999999999998
0.1,0.2,1.0,0.145,0.0855,0.08550000000100003,0.08549999999999998
0.1,0.2,1.0,0.15,0.08499999999999999,0.08500000000100001,0.08499999999999998
0.1,0.2,1.0,0.155,0.08449999999999999,0.08450000000100011,0.08449999999999998
0.1,0.2,1.0,0.16,0.084,0.08400000000100001,0.08399999999999998
0.1,0.2,1.0,0.165,0.08349999999999999,0.08350000000100001,0.08349999999999998
0.1,0.2,1.0,0.17,0.083,0.08300000000100011,0.08299999999999998
0.1,0.2,1.0,0.17500000000000002,0.0825,0.08250000000100001,0.08249999999999998
0.1,0.2,1.0,0.18,0.08200000000000002,0.08200000000100002,0.08199999999999999
0.1,0.2,1.0,0.185,0.08149999999999999,0.0815000000010001,0.08149999999999998
0.1,0.2,1.0,0.19,0.081,0.08100000000100002,0.08099999999999999
0.1,0.2,1.0,0.195,0.08049999999999999,0.08050000000100001,0.08049999999999997
0.1,0.2,1.0,0.2,0.08000000000000002,0.08000000000100012,0.07999999999999999
0.1,0.2,1.0,0.20500000000000002,0.07949999999999999,0.079500000001,0.07949999999999997
0.1,0.2,1.0,0.21,0.079,0.07900000000100002,0.07899999999999999
0.1,0.2,1.0,0.215,0.07850000000000001,0.07850000000100002,0.07849999999999999
0.1,0.2,1.0,0.22,0.078,0.07800000000100002,0.07799999999999999
0.1,0.2,1.0,0.225,0.0775,0.07750000000100002,0.07749999999999999
0.1,0.2,1.0,0.23,0.07700000000000001,0.07700000000100002,0.07699999999999999
0.1,0.2,1.0,0.23500000000000001,0.0765,0.07650000000100002,0.07649999999999998
0.1,0.2,1.0,0.24,0.07600000000000001,0.07600000000100002,0.07599999999999998
0.1,0.2,1.0,0.245,0.07550000000000001,0.07550000000100002,0.07549999999999998
0.1,0.2,1.0,0.25,0.07500000000000001,0.07500000000100002,0.07499999999999998
0.1,0.2,1.0,0.255,0.0745,0.074500000001,0.07449999999999998
0.1,0.2,1.0,0.26,0.07400000000000001,0.074000000001,0.07399999999999998
0.1,0.2,1.0,0.265,0.07350000000000001,0.07350000000100011,0.07349999999999998
0.1,0.2,1.0,0.27,0.073,0.073000000001,0.07299999999999998
0.1,0.2,1.0,0.275,0.0725,0.072500000001,0.07249999999999998
0.1,0.2,1.0,0.28,0.07200000000000001,0.07200000000100011,0.07199999999999998
0.1,0.2,1.0,0.28500000000000003,0.07150000000000001,0.071500000001,0.07149999999999998
0.1,0.2,1.0,0.29,0.071,0.071000000001,0.07099999999999998
0.1,0.2,1.0,0.295,0.07050000000000001,0.07050000000100001,0.0705
0.1,0.2,1.0,0.3,0.07,0.07000000000100001,0.06999999999999998
0.1,0.2,1.0,0.305,0.0695,0.06950000000100001,0.06949999999999999
0.1,0.2,1.0,0.31,0.06899999999999999,0.069000000001,0.06899999999999998
0.1,0.2,1.0,0.315,0.0685,0.06850000000100001,0.06849999999999999
0.1,0.2,1.0,0.32,0.068,0.06800000000100011,0.06799999999999998
0.1,0.2,1.0,0.325,0.0675,0.06750000000100011,0.06749999999999999
0.1,0.2,1.0,0.33,0.06699999999999999,0.067000000001,0.06699999999999998
0.1,0.2,1.0,0.335,0.0665,0.06650000000100001,0.06649999999999999
0.1,0.2,1.0,0.34,0.066,0.066000000001,0.06599999999999998
0.1,0.2,1.0,0.34500000000000003,0.0655,0.06550000000100002,0.06549999999999999
0.1,0.2,1.0,0.35000000000000003,0.065,0.065000000001,0.06499999999999997
0.1,0.2,1.0,0.355,0.0645,0.06450000000100001,0.06449999999999999
0.1,0.2,1.0,0.36,0.064,0.06400000000100001,0.06399999999999999
0.1,0.2,1.0,0.365,0.0635,0.063500000001,0.06349999999999999
0.1,0.2,1.0,0.37,0.063,0.0630000000010001,0.06299999999999999
0.1,0.2,1.0,0.375,0.0625,0.062500000001,0.062499999999999986
0.1,0.2,1.0,0.38,0.062,0.062000000001,0.061999999999999986
0.1,0.2,1.0,0.385,0.0615,0.061500000001,0.061499999999999985
0.1,0.2,1.0,0.39,0.061,0.061000000001,0.060999999999999985
0.1,0.2,1.0,0.395,0.0605,0.060500000001,0.060499999999999984
0.1,0.2,1.0,0.4,0.06000000000000001,0.060000000000999996,0.059999999999999984
0.1,0.2,1.0,0.405,0.05950000000000001,0.059500000000999996,0.05949999999999998
0.1,0.2,1.0,0.41000000000000003,0.059000000000000004,0.059000000000999996,0.05899999999999998
0.1,0.2,1.0,0.41500000000000004,0.05850000000000001,0.058500000000999995,0.05849999999999998
0.1,0.2,1.0,0.42,0.058000000000000024,0.05800000000100001,0.057999999999999996
0.1,0.2,1.0,0.425,0.05750000000000001,0.057500000000999994,0.05749999999999998
0.1,0.2,1.0,0.43,0.05700000000000001,0.05700000000100001,0.056999999999999995
0.1,0.2,1.0,0.435,0.056499999999999995,0.05650000000099999,0.05649999999999998
0.1,0.2,1.0,0.44,0.056000000000000015,0.05600000000100001,0.055999999999999994
0.1,0.2,1.0,0.445,0.0555,0.0555000000010001,0.05549999999999998
0.1,0.2,1.0,0.45,0.055000000000000014,0.055000000001000006,0.05499999999999999
0.1,0.2,1.0,0.455,0.05450000000000001,0.05450000000099999,0.05449999999999998
0.1,0.2,1.0,0.46,0.05400000000000002,0.054000000001000005,0.05399999999999999
0.1,0.2,1.0,0.465,0.053500000000000006,0.053500000001000005,0.05349999999999998
0.1,0.2,1.0,0.47000000000000003,0.05300000000000002,0.053000000001000004,0.05299999999999999
0.1,0.2,1.0,0.47500000000000003,0.0525,0.05250000000099999,0.05249999999999998
0.1,0.2,1.0,0.48,0.052000000000000005,0.052000000001,0.05199999999999999
0.1,0.2,1.0,0.485,0.05150000000000001,0.051500000001,0.05149999999999999
0.1,0.2,1.0,0.49,0.051000000000000004,0.0510000000010001,0.05099999999999999
0.1,0.2,1.0,0.495,0.0505,0.050500000001,0.05049999999999999
0.1,0.2,1.0,0.5,0.05,0.050000000001,0.04999999999999999
0.1,0.2,1.0,0.505,0.0495,0.049500000001,0.04949999999999999
0.1,0.2,1.0,0.51,0.04900000000000001,0.04900000000100001,0.04899999999999999
0.1,0.2,1.0,0.515,0.0485,0.048500000001,0.04849999999999999
0.1,0.2,1.0,0.52,0.04800000000000001,0.04800000000100005,0.04799999999999999
0.1,0.2,1.0,0.525,0.0475,0.047500000001000006,0.04749999999999999
0.1,0.2,1.0,0.53,0.047,0.04700000000100005,0.046999999999999986
0.1,0.2,1.0,0.535,0.04650000000000001,0.04650000000100005,0.046499999999999986
0.1,0.2,1.0,0.54,0.046,0.046000000001000005,0.045999999999999985
0.1,0.2,1.0,0.545,0.0455,0.045500000001,0.045499999999999985
0.1,0.2,1.0,0.55,0.045,0.045000000001,0.044999999999999984
0.1,0.2,1.0,0.555,0.0445,0.044500000001,0.044499999999999984
0.1,0.2,1.0,0.56,0.04399999999999999,0.044000000000999996,0.043999999999999984
0.1,0.2,1.0,0.5650000000000001,0.04349999999999999,0.043500000000999996,0.04349999999999998
0.1,0.2,1.0,0.5700000000000001,0.043,0.043000000000999995,0.04299999999999998
0.1,0.2,1.0,0.5750000000000001,0.042499999999999996,0.042500000000999995,0.04249999999999998
0.1,0.2,1.0,0.58,0.042,0.04200000000100006,0.041999999999999996
0.1,0.2,1.0,0.585,0.0415,0.04150000000100001,0.041499999999999995
0.1,0.2,1.0,0.59,0.04100000000000001,0.04100000000100001,0.040999999999999995
0.1,0.2,1.0,0.595,0.04050000000000001,0.04050000000100001,0.040499999999999994
0.1,0.2,1.0,0.6,0.04000000000000001,0.040000000001000055,0.039999999999999994
0.1,0.2,1.0,0.605,0.03950000000000001,0.039500000001000006,0.03949999999999999
0.1,0.2,1.0,0.61,0.03900000000000001,0.039000000001000006,0.03899999999999999
0.1,0.2,1.0,0.615,0.038500000000000006,0.038500000001000005,0.03849999999999999
0.1,0.2,1.0,0.62,0.038000000000000006,0.038000000001000005,0.03799999999999999
0.1,0.2,1.0,0.625,0.037500000000000006,0.037500000001000004,0.03749999999999999
0.1,0.2,1.0,0.63,0.037000000000000005,0.037000000001,0.03699999999999999
0.1,0.2,1.0,0.635,0.036500000000000005,0.036500000000999996,0.03649999999999999
0.1,0.2,1.0,0.64,0.036000000000000004,0.03600000000100005,0.03599999999999999
0.1,0.2,1.0,0.645,0.035500000000000004,0.035500000000999996,0.03549999999999999
0.1,0.2,1.0,0.65,0.034999999999999996,0.035000000001,0.03499999999999999
0.1,0.2,1.0,0.655,0.0345,0.034500000000999995,0.03449999999999999
0.1,0.2,1.0,0.66,0.034,0.03400000000100005,0.03399999999999999
0.1,0.2,1.0,0.665,0.033499999999999995,0.033500000000999994,0.03349999999999999
0.1,0.2,1.0,0.67,0.033,0.03300000000099999,0.03299999999999999
0.1,0.2,1.0,0.675,0.032499999999999994,0.03250000000099999,0.03249999999999999
0.1,0.2,1.0,0.68,0.031999999999999994,0.03200000000099999,0.03199999999999999
0.1,0.2,1.0,0.685,0.0315,0.03150000000099999,0.031499999999999986
0.1,0.2,1.0,0.6900000000000001,0.030999999999999993,0.031000000000999995,0.030999999999999986
0.1,0.2,1.0,0.6950000000000001,0.030499999999999992,0.030500000000999995,0.030499999999999985
0.1,0.2,1.0,0.7000000000000001,0.029999999999999995,0.030000000001000043,0.029999999999999985
0.1,0.2,1.0,0.705,0.029500000000000005,0.029500000001000004,0.0295
0.1,0.2,1.0,0.71,0.029000000000000005,0.029000000001000004,0.028999999999999998
0.1,0.2,1.0,0.715,0.028500000000000008,0.028500000001000003,0.028499999999999998
0.1,0.2,1.0,0.72,0.028000000000000008,0.028000000001000003,0.027999999999999997
0.1,0.2,1.0,0.725,0.027500000000000004,0.027500000001000002,0.027499999999999997
0.1,0.2,1.0,0.73,0.027000000000000003,0.027000000001000002,0.026999999999999996
0.1,0.2,1.0,0.735,0.026500000000000006,0.026500000001,0.026499999999999996
0.1,0.2,1.0,0.74,0.02600000000000001,0.026000000001,0.025999999999999995
0.1,0.2,1.0,0.745,0.025500000000000012,0.02550000000100005,0.025499999999999995
0.1,0.2,1.0,0.75,0.025000000000000012,0.025000000001,0.024999999999999994
0.1,0.2,1.0,0.755,0.0245,0.024500000001000003,0.024499999999999994
0.1,0.2,1.0,0.76,0.024000000000000004,0.024000000001000023,0.023999999999999994
0.1,0.2,1.0,0.765,0.0235,0.023500000001000023,0.023499999999999993
0.1,0.2,1.0,0.77,0.023000000000000003,0.023000000001000002,0.022999999999999993
0.1,0.2,1.0,0.775,0.022500000000000003,0.022500000000999998,0.022499999999999992
0.1,0.2,1.0,0.78,0.022,0.022000000000999997,0.021999999999999992
0.1,0.2,1.0,0.785,0.0215,0.021500000000999997,0.02149999999999999
0.1,0.2,1.0,0.79,0.020999999999999998,0.021000000000999997,0.02099999999999999
0.1,0.2,1.0,0.795,0.020499999999999997,0.020500000001,0.02049999999999999
0.1,0.2,1.0,0.8,0.019999999999999997,0.020000000000999996,0.01999999999999999
0.1,0.2,1.0,0.805,0.019499999999999997,0.019500000000999995,0.01949999999999999
0.1,0.2,1.0,0.81,0.018999999999999996,0.019000000000999995,0.01899999999999999
0.1,0.2,1.0,0.8150000000000001,0.018499999999999996,0.018500000000999994,0.01849999999999999
0.1,0.2,1.0,0.8200000000000001,0.017999999999999995,0.018000000001000018,0.017999999999999988
0.1,0.2,1.0,0.8250000000000001,0.017499999999999995,0.017500000000999993,0.017499999999999988
0.1,0.2,1.0,0.8300000000000001,0.016999999999999994,0.017000000000999993,0.01699999999999999
0.1,0.2,1.0,0.835,0.016500000000000008,0.016500000001000003,0.0165
0.1,0.2,1.0,0.84,0.016000000000000007,0.016000000001000002,0.016
0.1,0.2,1.0,0.845,0.015500000000000003,0.015500000001000004,0.0155
0.1,0.2,1.0,0.85,0.015000000000000005,0.015000000001000003,0.015
0.1,0.2,1.0,0.855,0.014500000000000004,0.014500000001000003,0.014499999999999999
0.1,0.2,1.0,0.86,0.014000000000000004,0.014000000001000002,0.013999999999999999
0.1,0.2,1.0,0.865,0.013500000000000002,0.013500000001000002,0.013499999999999998
0.1,0.2,1.0,0.87,0.013000000000000001,0.013000000001000002,0.012999999999999998
0.1,0.2,1.0,0.875,0.0125,0.012500000001000001,0.012499999999999997
0.1,0.2,1.0,0.88,0.012,0.012000000001000013,0.011999999999999997
0.1,0.2,1.0,0.885,0.011500000000000002,0.011500000001000002,0.011499999999999996
0.1,0.2,1.0,0.89,0.011000000000000003,0.011000000001,0.010999999999999996
0.1,0.2,1.0,0.895,0.010499999999999999,0.010500000001,0.010499999999999995
0.1,0.2,1.0,0.9,0.01,0.010000000000999999,0.009999999999999995
0.1,0.2,1.0,0.905,0.009499999999999998,0.009500000000999998,0.009499999999999995
0.1,0.2,1.0,0.91,0.008999999999999998,0.00900000000100001,0.008999999999999994
0.1,0.2,1.0,0.915,0.008499999999999997,0.008500000000999998,0.008499999999999995
0.1,0.2,1.0,0.92,0.007999999999999997,0.008000000000999997,0.007999999999999995
0.1,0.2,1.0,0.925,0.007499999999999995,0.007500000000999997,0.007499999999999994
0.1,0.2,1.0,0.93,0.006999999999999995,0.007000000000999996,0.006999999999999993
0.1,0.2,1.0,0.935,0.006499999999999995,0.006500000000999996,0.006499999999999994
0.1,0.2,1.0,0.9400000000000001,0.005999999999999994,0.006000000000999995,0.005999999999999993
0.1,0.2,1.0,0.9450000000000001,0.005499999999999995,0.005500000000999995,0.005499999999999993
0.1,0.2,1.0,0.9500000000000001,0.004999999999999995,0.0050000000009999945,0.004999999999999992
0.1,0.2,1.0,0.9550000000000001,0.004499999999999994,0.004500000000999993,0.004499999999999992
0.1,0.2,1.0,0.96,0.004000000000000004,0.004000000001000004,0.004000000000000003
0.1,0.2,1.0,0.965,0.0035000000000000035,0.003500000001000003,0.0035000000000000022
0.1,0.2,1.0,0.97,0.003000000000000003,0.0030000000010000027,0.003000000000000002
0.1,0.2,1.0,0.975,0.0025000000000000022,0.002500000001000002,0.002500000000000002
0.1,0.2,1.0,0.98,0.0020000000000000018,0.0020000000010000018,0.0020000000000000013
0.1,0.2,1.0,0.985,0.0015000000000000013,0.0015000000010000013,0.001500000000000001
0.1,0.2,1.0,0.99,0.0010000000000000009,0.0010000000010000009,0.0010000000000000007
0.1,0.2,1.0,0.995,0.0005000000000000004,0.0005000000010000004,0.0005000000000000003
0.1,0.2,1.0,1.0,-0.0,1e-12,0.0
0.1,0.2,0.5,0.0,0.1,0.10000000000100001,0.09999999999999995
0.1,0.2,0.5,0.005,0.09914,0.09914000000100004,0.09913999999999995
0.1,0.2,0.5,0.01,0.09827999999999999,0.09828000000100012,0.09827999999999995
0.1,0.2,0.5,0.015,0.09742,0.09742000000100055,0.09741999999999995
0.1,0.2,0.5,0.02,0.09655999999999999,0.09656000000100005,0.09655999999999995
0.1,0.2,0.5,0.025,0.09569999999999998,0.09570000000100089,0.09569999999999994
0.1,0.2,0.5,0.03,0.09484,0.09484000000100143,0.09483999999999994
0.1,0.2,0.5,0.035,0.09398,0.09398000000100004,0.09397999999999994
0.1,0.2,0.5,0.04,0.09312,0.09312000000100068,0.09311999999999995
0.1,0.2,0.5,0.045,0.09226,0.09226000000100006,0.09225999999999995
0.1,0.2,0.5,0.05,0.09140000000000001,0.09140000000100006,0.09139999999999994
0.1,0.2,0.5,0.055,0.09054,0.09054000000100007,0.09053999999999994
0.1,0.2,0.5,0.06,0.08968,0.08968000000100024,0.08967999999999995
0.1,0.2,0.5,0.065,0.08882000000000001,0.08882000000100154,0.08881999999999995
0.1,0.2,0.5,0.07,0.08796000000000001,0.08796000000100003,0.08795999999999995
0.1,0.2,0.5,0.075,0.08709999999999998,0.08710000000100013,0.08709999999999996
0.1,0.2,0.5,0.08,0.08624,0.08624000000100004,0.08623999999999996
0.1,0.2,0.5,0.085,0.08538,0.08538000000100007,0.08537999999999996
0.1,0.2,0.5,0.09,0.08452000000000001,0.08452000000100045,0.08451999999999996
0.1,0.2,0.5,0.095,0.08366000000000001,0.08366000000100009,0.08365999999999996
0.1,0.2,0.5,0.1,0.08280000000000001,0.08280000000100035,0.08279999999999996
0.1,0.2,0.5,0.105,0.08194,0.08194000000100005,0.08193999999999996
0.1,0.2,0.5,0.11,0.08108,0.08108000000100005,0.08107999999999996
0.1,0.2,0.5,0.115,0.08022,0.08022000000100067,0.08021999999999996
0.1,0.2,0.5,0.12,0.07936000000000004,0.07936000000100045,0.07935999999999996
0.1,0.2,0.5,0.125,0.07850000000000004,0.07850000000100005,0.07849999999999996
0.1,0.2,0.5,0.13,0.07764000000000004,0.07764000000100002,0.07763999999999996
0.1,0.2,0.5,0.135,0.07678000000000004,0.07678000000100005,0.07677999999999996
0.1,0.2,0.5,0.14,0.07592000000000003,0.07592000000100022,0.07591999999999996
0.1,0.2,0.5,0.145,0.07506000000000003,0.07506000000100077,0.07505999999999996
0.1,0.2,0.5,0.15,0.07420000000000002,0.07420000000100006,0.07419999999999996
0.1,0.2,0.5,0.155,0.07334,0.07334000000100055,0.07333999999999996
0.1,0.2,0.5,0.16,0.07248,0.07248000000100001,0.07247999999999996
0.1,0.2,0.5,0.165,0.07162,0.07162000000100001,0.07161999999999996
0.1,0.2,0.5,0.17,0.07076,0.07076000000100005,0.07075999999999996
0.1,0.2,0.5,0.17500000000000002,0.0699,0.06990000000100023,0.06989999999999996
0.1,0.2,0.5,0.18,0.06904000000000002,0.06904000000100023,0.06903999999999996
0.1,0.2,0.5,0.185,0.06818,0.06818000000100007,0.06817999999999996
0.1,0.2,0.5,0.19,0.06732,0.06732000000100011,0.06731999999999996
0.1,0.2,0.5,0.195,0.06646,0.06646000000100002,0.06645999999999996
0.1,0.2,0.5,0.2,0.0656,0.06560000000100044,0.06559999999999996
0.1,0.2,0.5,0.20500000000000002,0.06473999999999999,0.06474000000100087,0.06473999999999996
0.1,0.2,0.5,0.21,0.06388000000000002,0.06388000000100004,0.06387999999999998
0.1,0.2,0.5,0.215,0.06302000000000002,0.06302000000100078,0.06301999999999998
0.1,0.2,0.5,0.22,0.06216000000000001,0.06216000000100003,0.06215999999999997
0.1,0.2,0.5,0.225,0.06130000000000002,0.06130000000100003,0.06129999999999997
0.1,0.2,0.5,0.23,0.060440000000000015,0.06044000000100056,0.06043999999999997
0.1,0.2,0.5,0.23500000000000001,0.05958000000000002,0.05958000000100003,0.05957999999999998
0.1,0.2,0.5,0.24,0.058720000000000015,0.05872000000100002,0.05871999999999997
0.1,0.2,0.5,0.245,0.05786000000000001,0.05786000000100022,0.05785999999999997
0.1,0.2,0.5,0.25,0.057000000000000016,0.05700000000100002,0.056999999999999974
0.1,0.2,0.5,0.255,0.056140000000000016,0.05614000000100011,0.056139999999999975
0.1,0.2,0.5,0.26,0.055280000000000024,0.055280000001000335,0.055279999999999975
0.1,0.2,0.5,0.265,0.05442000000000002,0.054420000001000224,0.05441999999999997
0.1,0.2,0.5,0.27,0.05356000000000002,0.053560000001000016,0.05355999999999997
0.1,0.2,0.5,0.275,0.05270000000000001,0.052700000001000336,0.05269999999999997
0.1,0.2,0.5,0.28,0.05184000000000001,0.05184000000100022,0.05183999999999997
0.1,0.2,0.5,0.28500000000000003,0.050980000000000004,0.05098000000100022,0.05097999999999997
0.1,0.2,0.5,0.29,0.05012000000000001,0.05012000000100066,0.050119999999999984
0.1,0.2,0.5,0.295,0.04926000000000002,0.04926000000100012,0.049259999999999984
0.1,0.2,0.5,0.3,0.04840000000000001,0.048400000001000025,0.048399999999999985
0.1,0.2,0.5,0.305,0.04754000000000001,0.04754000000100023,0.047539999999999985
0.1,0.2,0.5,0.31,0.04668000000000001,0.046680000001000116,0.04667999999999998
0.1,0.2,0.5,0.315,0.04582000000000002,0.045820000001000116,0.04581999999999998
0.1,0.2,0.5,0.32,0.04496000000000003,0.044960000001000214,0.04495999999999998
0.1,0.2,0.5,0.325,0.04410000000000002,0.04410000000100011,0.04409999999999998
0.1,0.2,0.5,0.33,0.043240000000000015,0.043240000001000214,0.04323999999999998
0.1,0.2,0.5,0.335,0.04238000000000002,0.042380000001000014,0.04237999999999998
0.1,0.2,0.5,0.34,0.041520000000000015,0.04152000000100011,0.041519999999999974
0.1,0.2,0.5,0.34500000000000003,0.040660000000000016,0.04066000000100001,0.040659999999999974
0.1,0.2,0.5,0.35000000000000003,0.039800000000000016,0.039800000001000216,0.039799999999999974
0.1,0.2,0.5,0.355,0.03894000000000002,0.03894000000100002,0.03893999999999999
0.1,0.2,0.5,0.36,0.03808000000000001,0.038080000001000015,0.03807999999999999
0.1,0.2,0.5,0.365,0.03722,0.037220000001000446,0.03721999999999999
0.1,0.2,0.5,0.37,0.03636000000000002,0.03636000000100002,0.03635999999999999
0.1,0.2,0.5,0.375,0.03550000000000002,0.03550000000100001,0.03549999999999999
0.1,0.2,0.5,0.38,0.03464000000000002,0.034640000001000225,0.03463999999999999
0.1,0.2,0.5,0.385,0.033780000000000004,0.03378000000100001,0.03377999999999999
0.1,0.2,0.5,0.39,0.032920000000000005,0.032920000001000226,0.03291999999999999
0.1,0.2,0.5,0.395,0.03206,0.03206000000100022,0.03205999999999999
0.1,0.2,0.5,0.4,0.031200000000000006,0.03120000000100011,0.031199999999999985
0.1,0.2,0.5,0.405,0.03034,0.030340000001000008,0.030339999999999985
0.1,0.2,0.5,0.41000000000000003,0.02948,0.02948000000100001,0.029479999999999985
0.1,0.2,0.5,0.41500000000000004,0.02862,0.028620000001000005,0.028619999999999986
0.1,0.2,0.5,0.42,0.02776000000000001,0.027760000001000117,0.027759999999999996
0.1,0.2,0.5,0.425,0.026900000000000007,0.026900000001000443,0.026899999999999993
0.1,0.2,0.5,0.43,0.026040000000000008,0.026040000001000013,0.026039999999999997
0.1,0.2,0.5,0.435,0.025180000000000004,0.025180000001000014,0.025179999999999994
0.1,0.2,0.5,0.44,0.02432000000000001,0.024320000001000226,0.024319999999999994
0.1,0.2,0.5,0.445,0.02346,0.02346000000100011,0.023459999999999995
0.1,0.2,0.5,0.45,0.022600000000000002,0.022600000001000115,0.022599999999999995
0.1,0.2,0.5,0.455,0.021740000000000002,0.021740000001,0.021739999999999992
0.1,0.2,0.5,0.46,0.020880000000000003,0.02088000000100001,0.020879999999999996
0.1,0.2,0.5,0.465,0.02002,0.020020000001000217,0.020019999999999993
0.1,0.2,0.5,0.47000000000000003,0.019160000000000003,0.019160000001000165,0.019159999999999996
0.1,0.2,0.5,0.47500000000000003,0.018299999999999997,0.018300000001000107,0.01829999999999999
0.1,0.2,0.5,0.48,0.017440000000000008,0.017440000001000117,0.01744
0.1,0.2,0.5,0.485,0.016580000000000004,0.016580000001000118,0.01658
0.1,0.2,0.5,0.49,0.015720000000000005,0.015720000001000007,0.01572
0.1,0.2,0.5,0.495,0.014860000000000005,0.014860000001000061,0.014860000000000002
0.1,0.2,0.5,0.5,0.014000000000000004,0.014000000001000004,0.014000000000000002
0.1,0.2,0.5,0.505,0.013860000000000003,0.013860000001000005,0.013860000000000003
0.1,0.2,0.5,0.51,0.013720000000000003,0.013720000001000003,0.013720000000000001
0.1,0.2,0.5,0.515,0.013580000000000002,0.013580000001000058,0.013580000000000002
0.1,0.2,0.5,0.52,0.013440000000000002,0.013440000001000003,0.013440000000000002
0.1,0.2,0.5,0.525,0.013300000000000003,0.013300000001000003,0.013300000000000001
0.1,0.2,0.5,0.53,0.013160000000000002,0.013160000001000004,0.013160000000000002
0.1,0.2,0.5,0.535,0.013020000000000002,0.013020000001000002,0.01302
0.1,0.2,0.5,0.54,0.012880000000000003,0.012880000001000003,0.01288
0.1,0.2,0.5,0.545,0.012740000000000001,0.012740000001000057,0.012740000000000001
0.1,0.2,0.5,0.55,0.012600000000000002,0.012600000001000004,0.0126
0.1,0.2,0.5,0.555,0.01246,0.012460000001000003,0.01246
0.1,0.2,0.5,0.56,0.012320000000000001,0.012320000001000002,0.012320000000000001
0.1,0.2,0.5,0.5650000000000001,0.012180000000000002,0.012180000001000002,0.01218
0.1,0.2,0.5,0.5700000000000001,0.012040000000000002,0.012040000001000003,0.01204
0.1,0.2,0.5,0.5750000000000001,0.011900000000000003,0.011900000001000055,0.011899999999999999
0.1,0.2,0.5,0.58,0.011760000000000005,0.011760000001000005,0.011760000000000003
0.1,0.2,0.5,0.585,0.011620000000000005,0.011620000001000004,0.011620000000000002
0.1,0.2,0.5,0.59,0.011480000000000004,0.011480000001000058,0.011480000000000002
0.1,0.2,0.5,0.595,0.011340000000000003,0.011340000001000005,0.011340000000000003
0.1,0.2,0.5,0.6,0.011200000000000003,0.011200000001000004,0.011200000000000002
0.1,0.2,0.5,0.605,0.011060000000000002,0.011060000001000004,0.011060000000000002
0.1,0.2,0.5,0.61,0.010920000000000003,0.010920000001000003,0.010920000000000003
0.1,0.2,0.5,0.615,0.010780000000000005,0.010780000001000004,0.010780000000000001
0.1,0.2,0.5,0.62,0.010640000000000004,0.010640000001000004,0.010640000000000002
0.1,0.2,0.5,0.625,0.010500000000000002,0.010500000001000005,0.010500000000000002
0.1,0.2,0.5,0.63,0.010360000000000001,0.010360000001000003,0.010360000000000001
0.1,0.2,0.5,0.635,0.010220000000000002,0.010220000001000002,0.010220000000000002
0.1,0.2,0.5,0.64,0.010080000000000002,0.010080000001000003,0.01008
0.1,0.2,0.5,0.645,0.009940000000000003,0.009940000001000003,0.009940000000000001
0.1,0.2,0.5,0.65,0.009800000000000003,0.009800000001000002,0.009800000000000001
0.1,0.2,0.5,0.655,0.009660000000000002,0.009660000001000002,0.00966
0.1,0.2,0.5,0.66,0.009520000000000002,0.009520000001000003,0.00952
0.1,0.2,0.5,0.665,0.009380000000000001,0.009380000001000002,0.009380000000000001
0.1,0.2,0.5,0.67,0.00924,0.009240000001000002,0.00924
0.1,0.2,0.5,0.675,0.0091,0.009100000001000001,0.0091
0.1,0.2,0.5,0.68,0.00896,0.008960000001000001,0.00896
0.1,0.2,0.5,0.685,0.00882,0.008820000001000002,0.00882
0.1,0.2,0.5,0.6900000000000001,0.00868,0.008680000001,0.00868
0.1,0.2,0.5,0.6950000000000001,0.00854,0.008540000001000001,0.008539999999999999
0.1,0.2,0.5,0.7000000000000001,0.008400000000000001,0.008400000001000002,0.0084
0.1,0.2,0.5,0.705,0.008260000000000003,0.008260000001000004,0.008260000000000002
0.1,0.2,0.5,0.71,0.008120000000000002,0.008120000001000004,0.008120000000000002
0.1,0.2,0.5,0.715,0.007980000000000003,0.007980000001000003,0.007980000000000003
0.1,0.2,0.5,0.72,0.007840000000000003,0.007840000001000004,0.007840000000000001
0.1,0.2,0.5,0.725,0.007700000000000004,0.007700000001000003,0.007700000000000002
0.1,0.2,0.5,0.73,0.0075600000000000025,0.007560000001000003,0.007560000000000002
0.1,0.2,0.5,0.735,0.007420000000000003,0.0074200000010000025,0.007420000000000001
0.1,0.2,0.5,0.74,0.007280000000000002,0.007280000001000003,0.007280000000000001
0.1,0.2,0.5,0.745,0.007140000000000002,0.007140000001000003,0.007140000000000001
0.1,0.2,0.5,0.75,0.007000000000000001,0.007000000001000002,0.007000000000000001
0.1,0.2,0.5,0.755,0.0068600000000000015,0.006860000001000002,0.006860000000000001
0.1,0.2,0.5,0.76,0.006720000000000001,0.006720000001000002,0.006720000000000001
0.1,0.2,0.5,0.765,0.006580000000000001,0.006580000001000002,0.006580000000000001
0.1,0.2,0.5,0.77,0.00644,0.006440000001000002,0.00644
0.1,0.2,0.5,0.775,0.006300000000000002,0.006300000001000002,0.0063
0.1,0.2,0.5,0.78,0.0061600000000000005,0.006160000001000001,0.0061600000000000005
0.1,0.2,0.5,0.785,0.006020000000000001,0.0060200000010000015,0.00602
0.1,0.2,0.5,0.79,0.00588,0.005880000001000002,0.00588
0.1,0.2,0.5,0.795,0.00574,0.005740000001000001,0.0057399999999999994
0.1,0.2,0.5,0.8,0.005599999999999999,0.005600000001,0.0056
0.1,0.2,0.5,0.805,0.00546,0.005460000001000001,0.00546
0.1,0.2,0.5,0.81,0.00532,0.0053200000010000005,0.005319999999999999
0.1,0.2,0.5,0.8150000000000001,0.005179999999999999,0.005180000001,0.005179999999999999
0.1,0.2,0.5,0.8200000000000001,0.00504,0.005040000001000001,0.005039999999999999
0.1,0.2,0.5,0.8250000000000001,0.0049,0.004900000001,0.004899999999999999
0.1,0.2,0.5,0.8300000000000001,0.0047599999999999995,0.004760000001,0.004759999999999999
0.1,0.2,0.5,0.835,0.004620000000000002,0.004620000001000003,0.004620000000000002
0.1,0.2,0.5,0.84,0.004480000000000002,0.004480000001000003,0.004480000000000001
0.1,0.2,0.5,0.845,0.004340000000000002,0.004340000001000002,0.004340000000000001
0.1,0.2,0.5,0.85,0.0042000000000000015,0.004200000001000002,0.0042000000000000015
0.1,0.2,0.5,0.855,0.004060000000000001,0.004060000001000002,0.004060000000000001
0.1,0.2,0.5,0.86,0.003920000000000002,0.003920000001000002,0.003920000000000001
0.1,0.2,0.5,0.865,0.003780000000000001,0.0037800000010000012,0.003780000000000001
0.1,0.2,0.5,0.87,0.0036400000000000013,0.0036400000010000013,0.0036400000000000004
0.1,0.2,0.5,0.875,0.003500000000000001,0.003500000001000001,0.0035000000000000005
0.1,0.2,0.5,0.88,0.003360000000000001,0.0033600000010000006,0.0033600000000000006
0.1,0.2,0.5,0.885,0.003220000000000001,0.0032200000010000006,0.00322
0.1,0.2,0.5,0.89,0.0030800000000000003,0.0030800000010000003,0.0030800000000000003
0.1,0.2,0.5,0.895,0.0029400000000000003,0.0029400000010000008,0.00294
0.1,0.2,0.5,0.9,0.0028000000000000004,0.002800000001,0.0028
0.1,0.2,0.5,0.905,0.00266,0.002660000001,0.0026599999999999996
0.1,0.2,0.5,0.91,0.0025199999999999997,0.002520000001,0.0025199999999999997
0.1,0.2,0.5,0.915,0.0023799999999999993,0.0023800000009999997,0.0023799999999999993
0.1,0.2,0.5,0.92,0.0022399999999999994,0.0022400000009999994,0.0022399999999999994
0.1,0.2,0.5,0.925,0.0020999999999999994,0.0021000000009999994,0.002099999999999999
0.1,0.2,0.5,0.93,0.001959999999999999,0.001960000000999999,0.001959999999999999
0.1,0.2,0.5,0.935,0.0018199999999999991,0.001820000000999999,0.0018199999999999987
0.1,0.2,0.5,0.9400000000000001,0.001679999999999999,0.0016800000009999988,0.0016799999999999986
0.1,0.2,0.5,0.9450000000000001,0.0015399999999999984,0.0015400000010000053,0.0015399999999999984
0.1,0.2,0.5,0.9500000000000001,0.001399999999999999,0.0014000000009999985,0.0013999999999999983
0.1,0.2,0.5,0.9550000000000001,0.0012599999999999983,0.0012600000009999983,0.001259999999999998
0.1,0.2,0.5,0.96,0.0011200000000000012,0.0011200000010000012,0.0011200000000000012
0.1,0.2,0.5,0.965,0.000980000000000001,0.000980000001000001,0.000980000000000001
0.1,0.2,0.5,0.97,0.0008400000000000009,0.000840000001000001,0.0008400000000000009
0.1,0.2,0.5,0.975,0.0007000000000000009,0.0007000000010000009,0.0007000000000000008
0.1,0.2,0.5,0.98,0.0005600000000000006,0.0005600000010000006,0.0005600000000000006
0.1,0.2,0.5,0.985,0.0004200000000000005,0.0004200000010000005,0.00042000000000000045
0.1,0.2,0.5,0.99,0.0002800000000000003,0.0002800000010000003,0.0002800000000000003
0.1,0.2,0.5,0.995,0.00014000000000000015,0.00014000000100000015,0.00014000000000000015
0.1,0.2,0.5,1.0,-0.0,1e-12,0.0
0.1,0.2,0.2,0.0,0.1,0.10000000000100007,0.09999999999999991
0.1,0.2,0.2,0.005,0.09855980671999551,0.09856107928997851,0.09846103999999992
0.1,0.2,0.2,0.01,0.09711961343999559,0.097122158578957,0.09692207999999991
0.1,0.2,0.2,0.015,0.09567942015999566,0.09568313875675447,0.0953831199999999
0.1,0.2,0.2,0.02,0.09423922687999571,0.09424418500867263,0.09384415999999993
0.1,0.2,0.2,0.025,0.09279903359999578,0.09280523126059079,0.09230519999999992
0.1,0.2,0.2,0.03,0.09135884031999583,0.09136627751250893,0.09076623999999991
0.1,0.2,0.2,0.035,0.08991864704000002,0.08992732376442708,0.08922727999999991
0.1,0.2,0.2,0.04,0.08847845376,0.08848837001634523,0.08768831999999992
0.1,0.2,0.2,0.045,0.08703826048000003,0.08704941626826339,0.08614935999999992
0.1,0.2,0.2,0.05,0.08559806720000002,0.08561046252018154,0.08461039999999992
0.1,0.2,0.2,0.055,0.08415787392000001,0.0841715087720997,0.08307143999999993
0.1,0.2,0.2,0.06,0.08271768064000001,0.08273255502401784,0.08153247999999994
0.1,0.2,0.2,0.065,0.08127748736000001,0.08129360127593599,0.07999351999999993
0.1,0.2,0.2,0.07,0.07983729408000002,0.07985464752785415,0.07845455999999994
0.1,0.2,0.2,0.075,0.07839710080000001,0.0784156937797723,0.07691559999999993
0.1,0.2,0.2,0.08,0.07695690752000002,0.07697674003169044,0.07537663999999994
0.1,0.2,0.2,0.085,0.07551671424000002,0.0755377862836086,0.07383767999999993
0.1,0.2,0.2,0.09,0.07407652096000003,0.07409883253552674,0.07229871999999993
0.1,0.2,0.2,0.095,0.07263632768000002,0.0726598787874449,0.07075975999999995
0.1,0.2,0.2,0.1,0.07119613440000001,0.07122092503936306,0.06922079999999994
0.1,0.2,0.2,0.105,0.06975594112000003,0.06978197129128123,0.06768183999999994
0.1,0.2,0.2,0.11,0.06831574784000002,0.06834301754319935,0.06614287999999995
0.1,0.2,0.2,0.115,0.06687555456000002,0.06690406379511754,0.06460391999999995
0.1,0.2,0.2,0.12,0.06543536128,0.06546511004703566,0.06306495999999995
0.1,0.2,0.2,0.125,0.06399516800000003,0.0640261562989538,0.06152599999999995
0.1,0.2,0.2,0.13,0.06255497472000002,0.06258720255087197,0.05998703999999995
0.1,0.2,0.2,0.135,0.06111478144000001,0.06114824880279012,0.058448079999999944
0.1,0.2,0.2,0.14,0.05967458816000001,0.05970929505470826,0.05690911999999995
0.1,0.2,0.2,0.145,0.05823439488000001,0.05827034130662642,0.05537015999999995
0.1,0.2,0.2,0.15,0.05679420160000001,0.05683138755854457,0.053831199999999954
0.1,0.2,0.2,0.155,0.055354008320000016,0.05539243381046272,0.05229223999999996
0.1,0.2,0.2,0.16,0.05391381504000002,0.053953480062380876,0.050753279999999956
0.1,0.2,0.2,0.165,0.05247362176000002,0.05251452631429902,0.04921431999999996
0.1,0.2,0.2,0.17,0.051033428480000025,0.051075572566217184,0.04767535999999996
0.1,0.2,0.2,0.17500000000000002,0.049593235200000016,0.04963661881813533,0.04613639999999996
0.1,0.2,0.2,0.18,0.04815304192000003,0.04819766507005349,0.04459743999999997
0.1,0.2,0.2,0.185,0.04671284864000002,0.046758711321971666,0.04305847999999997
0.1,0.2,0.2,0.19,0.045272655360000025,0.045319757573889785,0.04151951999999997
0.1,0.2,0.2,0.195,0.04383246208000002,0.04388080382580794,0.03998055999999997
0.1,0.2,0.2,0.2,0.042392268800000014,0.04244185007772609,0.03844159999999997
0.1,0.2,0.2,0.20500000000000002,0.041623921920000015,0.04167166737038425,0.03781343999999997
0.1,0.2,0.2,0.21,0.04085557504000002,0.040901484663042366,0.03718527999999997
0.1,0.2,0.2,0.215,0.04008722816000001,0.04013130195570049,0.03655711999999997
0.1,0.2,0.2,0.22,0.039318881280000016,0.039361119248358625,0.03592895999999997
0.1,0.2,0.2,0.225,0.03855053440000002,0.038590936541016765,0.03530079999999997
0.1,0.2,0.2,0.23,0.03778218752000002,0.03782075383367489,0.03467263999999997
0.1,0.2,0.2,0.23500000000000001,0.03701384064000002,0.037050571126333025,0.034044479999999974
0.1,0.2,0.2,0.24,0.03624549376000002,0.03628038841899116,0.03341631999999997
0.1,0.2,0.2,0.245,0.03547714688000002,0.03551020571164929,0.032788159999999976
0.1,0.2,0.2,0.25,0.03470880000000001,0.034740023004307424,0.03215999999999997
0.1,0.2,0.2,0.255,0.03394045312000001,0.03396984029696556,0.03153183999999998
0.1,0.2,0.2,0.26,0.03317210624000001,0.033199657589623684,0.030903679999999975
0.1,0.2,0.2,0.265,0.03240375936000001,0.03242947488228184,0.03027551999999998
0.1,0.2,0.2,0.27,0.03163541248000001,0.03165929217493996,0.029647359999999977
0.1,0.2,0.2,0.275,0.030867065600000007,0.03088910946759809,0.029019199999999978
0.1,0.2,0.2,0.28,0.030098718720000008,0.030118926760256216,0.028391039999999975
0.1,0.2,0.2,0.28500000000000003,0.029330371840000008,0.029348744052914353,0.027762879999999976
0.1,0.2,0.2,0.29,0.028562024960000012,0.028578561345572497,0.02713471999999998
0.1,0.2,0.2,0.295,0.027793678080000012,0.02780837863823063,0.026506559999999985
0.1,0.2,0.2,0.3,0.02702533120000001,0.02703819593088877,0.025878399999999982
0.1,0.2,0.2,0.305,0.02625698432000001,0.026268013223546893,0.025250239999999983
0.1,0.2,0.2,0.31,0.02548863744000001,0.025497830516205026,0.024622079999999984
0.1,0.2,0.2,0.315,0.02472029056000001,0.02472764780886316,0.023993919999999985
0.1,0.2,0.2,0.32,0.023954374854996015,0.023960809344044105,0.023365759999999982
0.1,0.2,0.2,0.325,0.023229674325000026,0.02323744408307162,0.022737599999999983
0.1,0.2,0.2,0.33,0.022551264006606418,0.02256075530555866,0.022109439999999984
0.1,0.2,0.2,0.335,0.021910507574980417,0.021921975045363463,0.021481279999999985
0.1,0.2,0.2,0.34,0.021300756434220473,0.02131446394959384,0.020853119999999985
0.1,0.2,0.2,0.34500000000000003,0.020716920519242413,0.02073301974740594,0.020224959999999986
0.1,0.2,0.2,0.35000000000000003,0.020154871193792,0.020173574559765494,0.019596799999999984
0.1,0.2,0.2,0.355,0.01961142549105841,0.019632950103193943,0.01896863999999999
0.1,0.2,0.2,0.36,0.019083978645387613,0.019108334830554418,0.018340479999999992
0.1,0.2,0.2,0.365,0.018570316813375207,0.018597613329211723,0.01771231999999999
0.1,0.2,0.2,0.37,0.01806865301041921,0.01809913660755847,0.017084159999999994
0.1,0.2,0.2,0.375,0.017577590577660007,0.017611103529669228,0.01645599999999999
0.1,0.2,0.2,0.38,0.017095828612679363,0.017132508018491786,0.015827839999999992
0.1,0.2,0.2,0.385,0.016622366039364005,0.01666256779520905,0.015199679999999991
0.1,0.2,0.2,0.39,0.016156269852940008,0.016199583249202537,0.014571519999999992
0.1,0.2,0.2,0.395,0.015696766312840997,0.015743798668889933,0.013943359999999993
0.1,0.2,0.2,0.4,0.015243214511366409,0.015293413209479216,0.013315199999999992
0.1,0.2,0.2,0.405,0.01501748134055633,0.015067296695903173,0.013073439999999993
0.1,0.2,0.2,0.41000000000000003,0.014794077683657605,0.014843895219781925,0.012831679999999991
0.1,0.2,0.2,0.41500000000000004,0.014573500906788207,0.014622704326423486,0.01258991999999999
0.1,0.2,0.2,0.42,0.014355631460838406,0.014404551637061945,0.012348159999999993
0.1,0.2,0.2,0.425,0.014140958840951004,0.01418974663268303,0.012106399999999995
0.1,0.2,0.2,0.43,0.013929505037031005,0.013978174329876409,0.011864639999999996
0.1,0.2,0.2,0.435,0.013721585690683727,0.013769896217679978,0.011622879999999995
0.1,0.2,0.2,0.44,0.013517438124570721,0.013565645260404532,0.011381119999999995
0.1,0.2,0.2,0.445,0.013317142570018797,0.013365574672142434,0.011139359999999994
0.1,0.2,0.2,0.45,0.013121113340101605,0.013169170984578003,0.010897599999999995
0.1,0.2,0.2,0.455,0.012929288660960547,0.012977395517511443,0.010655839999999993
0.1,0.2,0.2,0.46,0.012742024211816009,0.012790396286452097,0.010414079999999994
0.1,0.2,0.2,0.465,0.012559338547093003,0.0126076993473998,0.010172319999999995
0.1,0.2,0.2,0.47000000000000003,0.012381293690480005,0.012429713458127743,0.009930559999999995
0.1,0.2,0.2,0.47500000000000003,0.012207982350120005,0.012256656852492297,0.009688799999999994
0.1,0.2,0.2,0.48,0.012039223178786564,0.012088416485135867,0.009447039999999997
0.1,0.2,0.2,0.485,0.011875074562760005,0.011924275597036191,0.009205279999999996
0.1,0.2,0.2,0.49,0.011715236933312844,0.01176471055978797,0.008963519999999997
0.1,0.2,0.2,0.495,0.011559610994045124,0.011609495957772335,0.008721759999999997
0.1,0.2,0.2,0.5,0.011407968122000007,0.011458354105082147,0.008479999999999996
0.1,0.2,0.2,0.505,0.011259920038218301,0.01131079144271022,0.008238239999999997
0.1,0.2,0.2,0.51,0.011115378083195324,0.011166495807325465,0.007996479999999997
0.1,0.2,0.2,0.515,0.010973989012712003,0.011025446421229622,0.007754719999999996
0.1,0.2,0.2,0.52,0.010835391234921605,0.010887352575025508,0.0075129599999999965
0.1,0.2,0.2,0.525,0.010699469321137002,0.01075195153950272,0.007271199999999997
0.1,0.2,0.2,0.53,0.010565971571452403,0.01061897291291767,0.007029439999999996
0.1,0.2,0.2,0.535,0.010434589440000003,0.010488139010548514,0.0067876799999999965
0.1,0.2,0.2,0.54,0.010303759360000003,0.01035789745708699,0.006545919999999997
0.1,0.2,0.2,0.545,0.010172929280000003,0.010227655903625357,0.006304159999999996
0.1,0.2,0.2,0.55,0.010042099200000003,0.010097414350163782,0.006062399999999996
0.1,0.2,0.2,0.555,0.009911269120000003,0.00996717279670226,0.005820639999999997
0.1,0.2,0.2,0.56,0.009780439040000003,0.009836931243240626,0.005578879999999996
0.1,0.2,0.2,0.5650000000000001,0.009649608960000002,0.00970668968977905,0.0053371199999999955
0.1,0.2,0.2,0.5700000000000001,0.009518778880000002,0.009576448136317472,0.005095359999999996
0.1,0.2,0.2,0.5750000000000001,0.009387948800000002,0.009446206582855898,0.004853599999999996
0.1,0.2,0.2,0.58,0.009257118720000006,0.009315965029394375,0.004611840000000001
0.1,0.2,0.2,0.585,0.009126288640000004,0.009185723475932798,0.004370080000000001
0.1,0.2,0.2,0.59,0.008995458560000004,0.009055481922471166,0.004128320000000001
0.1,0.2,0.2,0.595,0.008864628480000004,0.008925240369009645,0.0038865600000000007
0.1,0.2,0.2,0.6,0.008733798400000005,0.008794998815548067,0.003644800000000001
0.1,0.2,0.2,0.605,0.008624165120000004,0.008684660318168115,0.0035686400000000005
0.1,0.2,0.2,0.61,0.008514531840000004,0.008574321820788218,0.003492480000000001
0.1,0.2,0.2,0.615,0.008404898560000004,0.008463983323408322,0.0034163200000000005
0.1,0.2,0.2,0.62,0.008295265280000004,0.008353644826028425,0.003340160000000001
0.1,0.2,0.2,0.625,0.008185632000000003,0.008243306328648527,0.0032640000000000004
0.1,0.2,0.2,0.63,0.008075998720000003,0.00813296783126863,0.0031878400000000004
0.1,0.2,0.2,0.635,0.007966365440000003,0.008022629333888733,0.0031116800000000003
0.1,0.2,0.2,0.64,0.007856732160000003,0.007912290836508835,0.0030355200000000003
0.1,0.2,0.2,0.645,0.007747098880000003,0.007801952339128938,0.0029593600000000003
0.1,0.2,0.2,0.65,0.007637465600000003,0.0076916138417490384,0.0028832000000000003
0.1,0.2,0.2,0.655,0.007527832320000003,0.007581275344369141,0.0028070400000000002
0.1,0.2,0.2,0.66,0.007418199040000003,0.0074709368469892444,0.0027308799999999998
0.1,0.2,0.2,0.665,0.0073085657600000025,0.007360598349609348,0.00265472
0.1,0.2,0.2,0.67,0.007198932480000002,0.0072502598522294496,0.0025785599999999997
0.1,0.2,0.2,0.675,0.007089299200000002,0.007139921354849552,0.0025024
0.1,0.2,0.2,0.68,0.006979665920000002,0.0070295828574696555,0.0024262399999999996
0.1,0.2,0.2,0.685,0.006870032640000002,0.006919244360089758,0.0023500799999999996
0.1,0.2,0.2,0.6900000000000001,0.006760399360000001,0.006808905862709861,0.0022739199999999996
0.1,0.2,0.2,0.6950000000000001,0.006650766080000001,0.006698567365329963,0.0021977599999999996
0.1,0.2,0.2,0.7000000000000001,0.006541132800000002,0.006588228867950066,0.0021215999999999995
0.1,0.2,0.2,0.705,0.006431499520000003,0.00647789037057017,0.0020454400000000012
0.1,0.2,0.2,0.71,0.006321866240000004,0.006367551873190274,0.001969280000000001
0.1,0.2,0.2,0.715,0.006212232960000004,0.006257213375810431,0.001893120000000001
0.1,0.2,0.2,0.72,0.006102599680000004,0.0061468748784304795,0.001816960000000001
0.1,0.2,0.2,0.725,0.005992966400000003,0.006036536381050582,0.001740800000000001
0.1,0.2,0.2,0.73,0.005883333120000003,0.005926197883670685,0.0016646400000000007
0.1,0.2,0.2,0.735,0.005773699840000003,0.005815859386290841,0.0015884800000000008
0.1,0.2,0.2,0.74,0.005664066560000003,0.00570552088891089,0.0015123200000000006
0.1,0.2,0.2,0.745,0.0055544332800000025,0.005595182391530992,0.0014361600000000006
0.1,0.2,0.2,0.75,0.005444800000000002,0.005484843894151095,0.0013600000000000005
0.1,0.2,0.2,0.755,0.005335166720000002,0.0053745053967711965,0.0012838400000000005
0.1,0.2,0.2,0.76,0.005225533440000002,0.005264166899391299,0.0012076800000000005
0.1,0.2,0.2,0.765,0.0051159001600000024,0.0051538284020114025,0.0011315200000000004
0.1,0.2,0.2,0.77,0.005006266880000002,0.005043489904631503,0.0010553600000000004
0.1,0.2,0.2,0.775,0.004896633600000002,0.004933151407251634,0.0009792000000000002
0.1,0.2,0.2,0.78,0.004787000320000002,0.004822812909871711,0.0009030400000000002
0.1,0.2,0.2,0.785,0.0046773670400000016,0.004712474412491812,0.0008268800000000001
0.1,0.2,0.2,0.79,0.004567733760000001,0.0046021359151119145,0.0007507200000000001
0.1,0.2,0.2,0.795,0.004458100480000001,0.004491797417732019,0.00067456
0.1,0.2,0.2,0.8,0.004348467200000001,0.0043814589203521204,0.0005983999999999999
0.1,0.2,0.2,0.805,0.004239755520000001,0.004271922447368317,0.00058344
0.1,0.2,0.2,0.81,0.004131043840000001,0.00416238597438454,0.0005684799999999999
0.1,0.2,0.2,0.8150000000000001,0.00402233216,0.004052849501400712,0.0005535199999999998
0.1,0.2,0.2,0.8200000000000001,0.00391362048,0.003943313028416908,0.0005385599999999999
0.1,0.2,0.2,0.8250000000000001,0.0038049088000000003,0.0038337765554331315,0.0005235999999999998
0.1,0.2,0.2,0.8300000000000001,0.00369619712,0.003724240082449301,0.0005086399999999999
0.1,0.2,0.2,0.835,0.003587485440000002,0.0036147036094655006,0.0004936800000000001
0.1,0.2,0.2,0.84,0.0034787737600000023,0.0035051671364817252,0.00047872000000000013
0.1,0.2,0.2,0.845,0.003370062080000002,0.003395630663497894,0.0004637600000000001
0.1,0.2,0.2,0.85,0.003261350400000002,0.0032860941905140913,0.0004488000000000001
0.1,0.2,0.2,0.855,0.0031526387200000016,0.003176557717530289,0.0004338400000000001
0.1,0.2,0.2,0.86,0.0030439270400000017,0.003067021244546486,0.00041888000000000006
0.1,0.2,0.2,0.865,0.0029352153600000017,0.0029574847715626816,0.00040392000000000005
0.1,0.2,0.2,0.87,0.0028265036800000014,0.0028479482985788785,0.00038896000000000004
0.1,0.2,0.2,0.875,0.0027177920000000014,0.0027384118255950893,0.00037400000000000004
0.1,0.2,0.2,0.88,0.002609080320000001,0.0026288753526112728,0.00035904000000000003
0.1,0.2,0.2,0.885,0.002500368640000001,0.00251933887962747,0.00034408
0.1,0.2,0.2,0.89,0.0023916569600000008,0.002409802406643666,0.00032912
0.1,0.2,0.2,0.895,0.002282945280000001,0.0023002659336598635,0.00031415999999999996
0.1,0.2,0.2,0.9,0.0021742336000000004,0.00219072946067606,0.00029919999999999995
0.1,0.2,0.2,0.905,0.0020655219200000005,0.00208119298769227,0.00028423999999999995
0.1,0.2,0.2,0.91,0.00195681024,0.001971656514708454,0.00026927999999999994
0.1,0.2,0.2,0.915,0.00184809856,0.0018621200417246507,0.00025431999999999994
0.1,0.2,0.2,0.92,0.0017393868799999998,0.0017525835687408479,0.0002393599999999999
0.1,0.2,0.2,0.925,0.0016306751999999997,0.0016430470957570446,0.0002243999999999999
0.1,0.2,0.2,0.93,0.0015219635199999995,0.0015335106227732415,0.00020943999999999986
0.1,0.2,0.2,0.935,0.0014132518399999994,0.0014239741497894384,0.00019447999999999986
0.1,0.2,0.2,0.9400000000000001,0.0013045401599999992,0.0013144376768056353,0.00017951999999999985
0.1,0.2,0.2,0.9450000000000001,0.0011958284799999993,0.001204901203821832,0.00016455999999999982
0.1,0.2,0.2,0.9500000000000001,0.0010871167999999991,0.001095364730838029,0.00014959999999999981
0.1,0.2,0.2,0.9550000000000001,0.000978405119999999,0.0009858282578542258,0.0001346399999999998
0.1,0.2,0.2,0.96,0.0008696934400000011,0.0008762917848704317,0.00011968000000000011
0.1,0.2,0.2,0.965,0.0007609817600000011,0.0007667553118866219,0.00010472000000000011
0.1,0.2,0.2,0.97,0.0006522700800000009,0.0006572188389028188,8.976000000000009e-05
0.1,0.2,0.2,0.975,0.0005435584000000008,0.0005476823659190156,7.480000000000007e-05
0.1,0.2,0.2,0.98,0.00043484672000000056,0.0004382248571013806,5.984000000000006e-05
0.1,0.2,0.2,0.985,0.00032613504000000046,0.00032866864307603546,4.4880000000000045e-05
0.1,0.2,0.2,0.99,0.00021742336000000028,0.00021915175985808897,2.992000000000003e-05
0.1,0.2,0.2,0.995,0.00010871168000000014,0.0001095758804290445,1.4960000000000014e-05
0.1,0.2,0.2,1.0,-0.0,1e-12,0.0
0.1,0.2,0.1,0.0,0.10000000000000005,0.10000000000100012,0.0999999999999999
0.1,0.2,0.1,0.005,0.09828114118289956,0.09828619955033813,0.09786649315800605
0.1,0.2,0.1,0.01,0.09656228236580808,0.09657239909967623,0.09573298631601221
0.1,0.2,0.1,0.015,0.09484342354871207,0.09485859864901433,0.09359947947401837
0.1,0.2,0.1,0.02,0.09312456473161608,0.09314479819835243,0.09146597263202452
0.1,0.2,0.1,0.025,0.09140570591452009,0.09143099774769053,0.08933246579003068
0.1,0.2,0.1,0.03,0.08968684709742411,0.08971719729702864,0.08719895894803684
0.1,0.2,0.1,0.035,0.08796798828032812,0.08800339684636674,0.085065452106043
0.1,0.2,0.1,0.04,0.08624912946323213,0.08628959639570485,0.08293194526404915
0.1,0.2,0.1,0.045,0.08453027064613614,0.08457579594504294,0.08079843842205531
0.1,0.2,0.1,0.05,0.08281141182904013,0.08286199549438106,0.07866493158006146
0.1,0.2,0.1,0.055,0.08109255301194412,0.08114819504371916,0.07653142473806762
0.1,0.2,0.1,0.06,0.07937369419484813,0.07943439459305726,0.07439791789607378
0.1,0.2,0.1,0.065,0.07765483537775215,0.07772059414239536,0.07226441105407994
0.1,0.2,0.1,0.07,0.07593597656065616,0.07600679369173347,0.07013090421208609
0.1,0.2,0.1,0.075,0.07421711774356017,0.07429299324107157,0.06799739737009225
0.1,0.2,0.1,0.08,0.07249825892646419,0.07257919279040967,0.0658638905280984
0.1,0.2,0.1,0.085,0.07077940010936817,0.0708653923397478,0.06373038368610456
0.1,0.2,0.1,0.09,0.0690605412922722,0.06915159188908589,0.061596876844110714
0.1,0.2,0.1,0.095,0.0673416824751762,0.06743779143842399,0.05946337000211688
0.1,0.2,0.1,0.1,0.06562282365808021,0.06572399098776209,0.05732986316012303
0.1,0.2,0.1,0.105,0.06416395833005537,0.06426306946024399,0.05610635414606765
0.1,0.2,0.1,0.11,0.06270509300203052,0.06280214793272586,0.05488284513201226
0.1,0.2,0.1,0.115,0.06124622767400566,0.061341226405207755,0.05365933611795688
0.1,0.2,0.1,0.12,0.059787362345980824,0.05988030487768964,0.05243582710390149
0.1,0.2,0.1,0.125,0.05832849701795597,0.058419383350171515,0.05121231808984611
0.1,0.2,0.1,0.13,0.05686963168993112,0.05695846182265341,0.04998880907579073
0.1,0.2,0.1,0.135,0.05541076636190628,0.05549754029513529,0.04876530006173535
0.1,0.2,0.1,0.14,0.05395190103388142,0.05403661876761719,0.04754179104767996
0.1,0.2,0.1,0.145,0.05249303570585658,0.05257569724009907,0.04631828203362458
0.1,0.2,0.1,0.15,0.051034170377831735,0.05111477571258098,0.0450947730195692
0.1,0.2,0.1,0.155,0.04957530504980689,0.04965385418506284,0.04387126400551382
0.1,0.2,0.1,0.16,0.04811643972178205,0.048192932657544735,0.042647754991458425
0.1,0.2,0.1,0.165,0.04665757439375719,0.046732011130026604,0.041424245977403046
0.1,0.2,0.1,0.17,0.04519870906573233,0.0452710896025085,0.04020073696334766
0.1,0.2,0.1,0.17500000000000002,0.04373984373770749,0.04381016807499039,0.03897722794929227
0.1,0.2,0.1,0.18,0.04228097840968265,0.04234924654747229,0.0377537189352369
0.1,0.2,0.1,0.185,0.04082211308165781,0.04088832501995418,0.036530209921181514
0.1,0.2,0.1,0.19,0.039363247753632966,0.03942740349243606,0.035306700907126135
0.1,0.2,0.1,0.195,0.03792870408656009,0.03799751744031337,0.03408319189307075
0.1,0.2,0.1,0.2,0.036554506421105186,0.03662971408389236,0.03285968287901536
0.1,0.2,0.1,0.20500000000000002,0.03559545249529351,0.035668596662365534,0.0321303968232369
0.1,0.2,0.1,0.21,0.03464707594534159,0.034718331035977455,0.03140111076745845
0.1,0.2,0.1,0.215,0.0337108424739366,0.033780652455223104,0.030671824711679986
0.1,0.2,0.1,0.22,0.03278827329756099,0.03285694021168896,0.029942538655901522
0.1,0.2,0.1,0.225,0.03188129840790201,0.031948585025778076,0.029213252600123064
0.1,0.2,0.1,0.23,0.03099198725792062,0.031058029399567894,0.0284839665443446
0.1,0.2,0.1,0.23500000000000001,0.030122305739532187,0.030188015416737272,0.027754680488566136
0.1,0.2,0.1,0.24,0.02927401990298093,0.029339424413622625,0.027025394432787682
0.1,0.2,0.1,0.245,0.028449249213501112,0.02851473990193947,0.02629610837700922
0.1,0.2,0.1,0.25,0.027649494926030162,0.027715916859217652,0.025566822321230757
0.1,0.2,0.1,0.255,0.026875930159761925,0.026942819822075435,0.024837536265452296
0.1,0.2,0.1,0.26,0.026128910995725733,0.026197638583247237,0.02410825020967383
0.1,0.2,0.1,0.265,0.025408800423879763,0.025479545127658793,0.02337896415389537
0.1,0.2,0.1,0.27,0.024714974439191215,0.024787785161005684,0.02264967809811691
0.1,0.2,0.1,0.275,0.024046720980113085,0.024122109447294496,0.02192039204233845
0.1,0.2,0.1,0.28,0.023402719199747825,0.023481116016261884,0.021191105986559988
0.1,0.2,0.1,0.28500000000000003,0.022781515752153148,0.0228633958673199,0.020461819930781527
0.1,0.2,0.1,0.29,0.022181676901224967,0.022267387514466903,0.019732533875003073
0.1,0.2,0.1,0.295,0.02160169345389106,0.021691643038240158,0.019003247819224613
0.1,0.2,0.1,0.3,0.021039704521683394,0.021133553024615052,0.01827396176344615
0.1,0.2,0.1,0.305,0.020612669142973963,0.020705483400191575,0.01784307447492923
0.1,0.2,0.1,0.31,0.020194315972347065,0.02028611951731011,0.017412187186412305
0.1,0.2,0.1,0.315,0.01978515197269774,0.01987620521382115,0.01698129989789538
0.1,0.2,0.1,0.32,0.01938567378988406,0.019476023297689073,0.016550412609378458
0.1,0.2,0.1,0.325,0.018996309197832392,0.019086148098801638,0.016119525320861534
0.1,0.2,0.1,0.33,0.018617392526182747,0.018706838969664637,0.01568863803234461
0.1,0.2,0.1,0.335,0.01824919473530681,0.018338419104914662,0.015257750743827687
0.1,0.2,0.1,0.34,0.017891876360144797,0.01798091224890058,0.014826863455310764
0.1,0.2,0.1,0.34500000000000003,0.017545491578903144,0.01763465862029479,0.014395976166793839
0.1,0.2,0.1,0.35000000000000003,0.017209925998936438,0.017299051501642727,0.013965088878276917
0.1,0.2,0.1,0.355,0.016884987640078262,0.016974859773463486,0.013534201589759999
0.1,0.2,0.1,0.36,0.016570518513832618,0.016660375980402153,0.013103314301243073
0.1,0.2,0.1,0.365,0.016266219417173416,0.016356981492203153,0.012672427012726153
0.1,0.2,0.1,0.37,0.01597175093771525,0.01606271211214955,0.012241539724209227
0.1,0.2,0.1,0.375,0.015686510678004306,0.015778048117436154,0.011810652435692305
0.1,0.2,0.1,0.38,0.01541006571970978,0.015502980602639806,0.011379765147175383
0.1,0.2,0.1,0.385,0.015142217225735253,0.015235372062670198,0.010948877858658456
0.1,0.2,0.1,0.39,0.014882179890682391,0.014976195278942152,0.010517990570141536
0.1,0.2,0.1,0.395,0.014629702300923262,0.014725061761248366,0.01008710328162461
0.1,0.2,0.1,0.4,0.01438436178035274,0.014480595893722907,0.009656215993107687
0.1,0.2,0.1,0.405,0.014167575812128826,0.01426248534539911,0.009410273773883072
0.1,0.2,0.1,0.41000000000000003,0.013955949396208743,0.014049853189284717,0.009164331554658458
0.1,0.2,0.1,0.41500000000000004,0.013749579816977596,0.013842765113821393,0.008918389335433841
0.1,0.2,0.1,0.42,0.013548306237957797,0.013640775871856381,0.008672447116209228
0.1,0.2,0.1,0.425,0.013352451733466969,0.013443574630478664,0.008426504896984613
0.1,0.2,0.1,0.43,0.013161465913663456,0.013251800523050293,0.008180562677759998
0.1,0.2,0.1,0.435,0.012975778460112799,0.013065373497433107,0.007934620458535381
0.1,0.2,0.1,0.44,0.012794921442647848,0.012884151228894695,0.007688678239310766
0.1,0.2,0.1,0.445,0.012618907945339498,0.01270731755551231,0.007442736020086151
0.1,0.2,0.1,0.45,0.01244771897110547,0.012535063117165318,0.007196793800861535
0.1,0.2,0.1,0.455,0.012280762460172328,0.012367499645802676,0.006950851581636919
0.1,0.2,0.1,0.46,0.012118292025391482,0.012204448033534295,0.0067049093624123035
0.1,0.2,0.1,0.465,0.01196003603126574,0.012045707581542237,0.006458967143187689
0.1,0.2,0.1,0.47000000000000003,0.011805567746584396,0.011891001954110495,0.006213024923963072
0.1,0.2,0.1,0.47500000000000003,0.011655023581236684,0.01173956128805513,0.005967082704738457
0.1,0.2,0.1,0.48,0.011508232512809314,0.011591933958139117,0.005721140485513844
0.1,0.2,0.1,0.485,0.011364693342595527,0.011447920287626765,0.005475198266289228
0.1,0.2,0.1,0.49,0.011224580095419708,0.011307360108302807,0.0052292560470646125
0.1,0.2,0.1,0.495,0.011087757175263937,0.011170108556318666,0.004983313827839998
0.1,0.2,0.1,0.5,0.010953970574033712,0.011036030308252542,0.004737371608615381
0.1,0.2,0.1,0.505,0.010825474461574829,0.01090685910430392,0.004604977059839997
0.1,0.2,0.1,0.51,0.010699935236467792,0.010780236443521973,0.004472582511064613
0.1,0.2,0.1,0.515,0.010577265186526623,0.010656511435713674,0.004340187962289228
0.1,0.2,0.1,0.52,0.010457264289371737,0.010535589649985444,0.0042077934135138426
0.1,0.2,0.1,0.525,0.010339793857206597,0.01041737613370405,0.004075398864738459
0.1,0.2,0.1,0.53,0.010224924997814534,0.01030177832804976,0.003943004315963073
0.1,0.2,0.1,0.535,0.010112569034074035,0.010188707991773918,0.003810609767187689
0.1,0.2,0.1,0.54,0.010002638233791893,0.010078081921241563,0.003678215218412304
0.1,0.2,0.1,0.545,0.0098937397764813,0.009968411681945802,0.0035458206696369196
0.1,0.2,0.1,0.55,0.009784841319170706,0.009858741442650039,0.003413426120861535
0.1,0.2,0.1,0.555,0.009675942861860114,0.009749071203354278,0.0032810315720861504
0.1,0.2,0.1,0.56,0.00956704440454952,0.009639400964058461,0.0031486370233107658
0.1,0.2,0.1,0.5650000000000001,0.009458145947238927,0.009529730724762755,0.003016242474535381
0.1,0.2,0.1,0.5700000000000001,0.009349247489928334,0.009420060485466937,0.0028838479257599966
0.1,0.2,0.1,0.5750000000000001,0.00924034903261774,0.009310390246171175,0.002751453376984612
0.1,0.2,0.1,0.58,0.00913145057530715,0.009200720006875416,0.00261905882820923
0.1,0.2,0.1,0.585,0.009022552117996557,0.009091049767579655,0.0024866642794338454
0.1,0.2,0.1,0.59,0.008913653660685963,0.008981379528283893,0.002354269730658461
0.1,0.2,0.1,0.595,0.008804755203375371,0.008871709288988186,0.002221875181883076
0.1,0.2,0.1,0.6,0.008695856746064778,0.00876203904969237,0.002089480633107691
0.1,0.2,0.1,0.605,0.008587151190079967,0.008652509001186238,0.002024318257624614
0.1,0.2,0.1,0.61,0.008478445634095158,0.008542978952680105,0.0019591558821415375
0.1,0.2,0.1,0.615,0.008369740078110347,0.008433448904173973,0.0018939935066584605
0.1,0.2,0.1,0.62,0.008261034522125538,0.008323918855667838,0.0018288311311753834
0.1,0.2,0.1,0.625,0.008152328966140727,0.008214388807161705,0.0017636687556923068
0.1,0.2,0.1,0.63,0.008043623410155916,0.008104858758655627,0.0016985063802092298
0.1,0.2,0.1,0.635,0.007934917854171107,0.007995328710149439,0.0016333440047261525
0.1,0.2,0.1,0.64,0.007826212298186296,0.007885798661643309,0.0015681816292430757
0.1,0.2,0.1,0.645,0.007717506742201487,0.007776268613137176,0.0015030192537599987
0.1,0.2,0.1,0.65,0.007608801186216676,0.0076667385646310435,0.0014378568782769218
0.1,0.2,0.1,0.655,0.007500095630231866,0.00755720851612491,0.001372694502793845
0.1,0.2,0.1,0.66,0.007391390074247056,0.007447678467618777,0.001307532127310768
0.1,0.2,0.1,0.665,0.007282684518262246,0.007338148419112643,0.0012423697518276911
0.1,0.2,0.1,0.67,0.007173978962277436,0.007228618370606512,0.001177207376344614
0.1,0.2,0.1,0.675,0.007065273406292626,0.0071190883221003785,0.0011120450008615373
0.1,0.2,0.1,0.68,0.006956567850307816,0.007009558273594245,0.0010468826253784602
0.1,0.2,0.1,0.685,0.006847862294323005,0.006900028225088115,0.0009817202498953834
0.1,0.2,0.1,0.6900000000000001,0.006739156738338195,0.0067904981765819815,0.0009165578744123065
0.1,0.2,0.1,0.6950000000000001,0.006630451182353385,0.006680968128075848,0.0008513954989292295
0.1,0.2,0.1,0.7000000000000001,0.006521745626368575,0.006571438079569716,0.0007862331234461534
0.1,0.2,0.1,0.705,0.006413049655542812,0.00646191400287099,0.0007583249392246155
0.1,0.2,0.1,0.71,0.006304353684717047,0.006352389926172318,0.000730416755003077
0.1,0.2,0.1,0.715,0.006195657713891282,0.006242865849473535,0.0007025085707815386
0.1,0.2,0.1,0.72,0.006086961743065517,0.006133341772774808,0.0006746003865600001
0.1,0.2,0.1,0.725,0.005978265772239752,0.0060238176960760795,0.0006466922023384617
0.1,0.2,0.1,0.73,0.005869569801413987,0.005914293619377351,0.0006187840181169232
0.1,0.2,0.1,0.735,0.005760873830588222,0.005804769542678679,0.0005908758338953846
0.1,0.2,0.1,0.74,0.005652177859762457,0.0056952454659799515,0.0005629676496738461
0.1,0.2,0.1,0.745,0.005543481888936692,0.005585721389281169,0.0005350594654523077
0.1,0.2,0.1,0.75,0.005434785918110927,0.005476197312582443,0.0005071512812307692
0.1,0.2,0.1,0.755,0.005326089947285163,0.005366673235883714,0.00047924309700923075
0.1,0.2,0.1,0.76,0.005217393976459398,0.005257149159184987,0.0004513349127876923
0.1,0.2,0.1,0.765,0.0051086980056336325,0.0051476250824862586,0.00042342672856615377
0.1,0.2,0.1,0.77,0.0050000020348078674,0.005038101005787531,0.0003955185443446153
0.1,0.2,0.1,0.775,0.004891306063982102,0.004928576929088829,0.0003676103601230769
0.1,0.2,0.1,0.78,0.004782610093156337,0.004819052852390076,0.00033970217590153834
0.1,0.2,0.1,0.785,0.004673914122330572,0.004709528775691375,0.0003117939916799999
0.1,0.2,0.1,0.79,0.004565218151504807,0.00460000469899262,0.0002838858074584614
0.1,0.2,0.1,0.795,0.004456522180679042,0.004490480622293893,0.00025597762323692296
0.1,0.2,0.1,0.8,0.004347826209853277,0.004380956545595165,0.00022806943901538447
0.1,0.2,0.1,0.805,0.004239130551587046,0.004271432630721866,0.00021862203707076908
0.1,0.2,0.1,0.81,0.004130434893320815,0.004161908715848568,0.0002091746351261537
0.1,0.2,0.1,0.8150000000000001,0.004021739235054584,0.004052384800975268,0.0001997272331815383
0.1,0.2,0.1,0.8200000000000001,0.003913043576788354,0.003942860886101971,0.00019027983123692292
0.1,0.2,0.1,0.8250000000000001,0.0038043479185221225,0.003833336971228672,0.00018083242929230753
0.1,0.2,0.1,0.8300000000000001,0.0036956522602558917,0.0037238130563553725,0.00017138502734769214
0.1,0.2,0.1,0.835,0.003586956601989663,0.0036142891414820766,0.00016193762540307697
0.1,0.2,0.1,0.84,0.0034782609437234322,0.0035047652266087777,0.00015249022345846159
0.1,0.2,0.1,0.845,0.003369565285457201,0.0033952413117354784,0.0001430428215138462
0.1,0.2,0.1,0.85,0.00326086962719097,0.00328571739686218,0.0001335954195692308
0.1,0.2,0.1,0.855,0.0031521739689247394,0.0031761934819888814,0.00012414801762461542
0.1,0.2,0.1,0.86,0.0030434783106585085,0.003066669567115583,0.00011470061568000003
0.1,0.2,0.1,0.865,0.0029347826523922773,0.0029571456522423114,0.00010525321373538465
0.1,0.2,0.1,0.87,0.0028260869941260465,0.0028476217373689856,9.580581179076926e-05
0.1,0.2,0.1,0.875,0.0027173913358598156,0.0027380978224956867,8.635840984615387e-05
0.1,0.2,0.1,0.88,0.002608695677593585,0.0026285739076223873,7.691100790153848e-05
0.1,0.2,0.1,0.885,0.0025000000193273536,0.0025190499927490893,6.746360595692311e-05
0.1,0.2,0.1,0.89,0.0023913043610611228,0.0024095260778757913,5.801620401230771e-05
0.1,0.2,0.1,0.895,0.002282608702794892,0.002300002163002492,4.8568802067692326e-05
0.1,0.2,0.1,0.9,0.002173913044528661,0.002190478248129193,3.912140012307694e-05
0.1,0.2,0.1,0.905,0.002065217392302228,0.0020809543357727467,3.716533011692309e-05
0.1,0.2,0.1,0.91,0.0019565217400757946,0.001971430423416274,3.520926011076924e-05
0.1,0.2,0.1,0.915,0.0018478260878493614,0.0018619065110598138,3.3253190104615394e-05
0.1,0.2,0.1,0.92,0.0017391304356229283,0.001752382598703354,3.129712009846154e-05
0.1,0.2,0.1,0.925,0.001630434783396495,0.0016428586863468945,2.934105009230769e-05
0.1,0.2,0.1,0.93,0.001521739131170062,0.0015333347739904344,2.7384980086153844e-05
0.1,0.2,0.1,0.935,0.0014130434789436288,0.0014238108616339749,2.5428910079999996e-05
0.1,0.2,0.1,0.9400000000000001,0.0013043478267171955,0.0013142869492775151,2.3472840073846144e-05
0.1,0.2,0.1,0.9450000000000001,0.0011956521744907625,0.0012047630369210619,2.1516770067692296e-05
0.1,0.2,0.1,0.9500000000000001,0.0010869565222643293,0.0010952391245645954,1.956070006153845e-05
0.1,0.2,0.1,0.9550000000000001,0.000978260870037896,0.0009857152122081357,1.7604630055384597e-05
0.1,0.2,0.1,0.96,0.0008695652178114654,0.0008761912998516783,1.5648560049230793e-05
0.1,0.2,0.1,0.965,0.0007608695655850322,0.0007666673874952183,1.3692490043076944e-05
0.1,0.2,0.1,0.97,0.0006521739133585991,0.0006571434751387587,1.1736420036923094e-05
0.1,0.2,0.1,0.975,0.0005434782611321658,0.0005476195627822989,9.780350030769246e-06
0.1,0.2,0.1,0.98,0.0004347826089057327,0.00043817490669206447,7.824280024615397e-06
0.1,0.2,0.1,0.985,0.00032608695667929954,0.0003286311802690485,5.868210018461547e-06
0.1,0.2,0.1,0.99,0.00021739130445286634,0.00021912691478156792,3.912140012307698e-06
0.1,0.2,0.1,0.995,0.00010869565222643317,0.00010956345788332652,1.956070006153849e-06
0.1,0.2,0.1,1.0,-0.0,1e-12,0.0
0.1,0.2,0.05,0.0,0.09999999999999999,0.10000000000100012,0.10000000000000031
0.1,0.2,0.05,0.005,0.09821678872034889,0.0982252649655803,0.09729072176396927
0.1,0.2,0.05,0.01,0.09643357744069773,0.0964505299301606,0.09458144352793824
0.1,0.2,0.05,0.015,0.09465036616104658,0.0946757948947409,0.0918721652919072
0.1,0.2,0.05,0.02,0.09286715488139546,0.09290105985932119,0.08916288705587617
0.1,0.2,0.05,0.025,0.0910839436017443,0.09112632482390148,0.08645360881984514
0.1,0.2,0.05,0.03,0.08930073232209314,0.08935158978848179,0.08374433058381411
0.1,0.2,0.05,0.035,0.08751752104244201,0.08757685475306208,0.08103505234778309
0.1,0.2,0.05,0.04,0.08573430976279084,0.08580211971764237,0.07832577411175207
0.1,0.2,0.05,0.045,0.08395109848313971,0.08402738468222268,0.07561649587572103
0.1,0.2,0.05,0.05,0.08216788720348855,0.08225264964680296,0.07290721763968999
0.1,0.2,0.05,0.055,0.08040414374877292,0.08049494235075086,0.07100881436435597
0.1,0.2,0.05,0.06,0.07864040029405725,0.07873723505469878,0.06911041108902191
0.1,0.2,0.05,0.065,0.0768766568393416,0.07697952775864668,0.06721200781368787
0.1,0.2,0.05,0.07,0.07511291338462596,0.07522182046259458,0.06531360453835383
0.1,0.2,0.05,0.075,0.07334916992991032,0.07346411316654249,0.06341520126301978
0.1,0.2,0.05,0.08,0.07158542647519466,0.0717064058704904,0.061516797987685744
0.1,0.2,0.05,0.085,0.06982168302047902,0.0699486985744383,0.059618394712351704
0.1,0.2,0.05,0.09,0.06805793956576339,0.06819099127838621,0.05771999143701767
0.1,0.2,0.05,0.095,0.06629419611104774,0.06643328398233414,0.05582158816168362
0.1,0.2,0.05,0.1,0.06453045265633209,0.06467557668628207,0.053923184886349576
0.1,0.2,0.05,0.105,0.06283863199929482,0.06298401108356254,0.05252407035996322
0.1,0.2,0.05,0.11,0.06114681134225757,0.06129244548084303,0.05112495583357686
0.1,0.2,0.05,0.115,0.05945499068522031,0.05960087987812352,0.0497258413071905
0.1,0.2,0.05,0.12,0.057763170028183056,0.05790931427540403,0.048326726780804144
0.1,0.2,0.05,0.125,0.056071349371145794,0.05621774867268452,0.046927612254417786
0.1,0.2,0.05,0.13,0.05437952871410853,0.05452618306996501,0.04552849772803143
0.1,0.2,0.05,0.135,0.05268770805707127,0.05283461746724551,0.04412938320164506
0.1,0.2,0.05,0.14,0.05099588740003401,0.051143051864526,0.04273026867525871
0.1,0.2,0.05,0.145,0.04930406674299676,0.0494514862618065,0.041331154148872354
0.1,0.2,0.05,0.15,0.04761224608595951,0.04775992065908699,0.039932039622485996
0.1,0.2,0.05,0.155,0.046088245290171824,0.04622902655900688,0.03888194247400481
0.1,0.2,0.05,0.16,0.044583258872227347,0.04472101337404841,0.037831845325523625
0.1,0.2,0.05,0.165,0.04311732995279829,0.04325446024001092,0.036781748177042446
0.1,0.2,0.05,0.17,0.04169421972659547,0.041830715530192034,0.035731651028561254
0.1,0.2,0.05,0.17500000000000002,0.04031743400369771,0.040454117340233596,0.034681553880080075
0.1,0.2,0.05,0.18,0.0389902706352995,0.0391287228378239,0.0336314567315989
0.1,0.2,0.05,0.185,0.037715109351431686,0.03785451311327028,0.03258135958311771
0.1,0.2,0.05,0.19,0.036493212074727846,0.03663580858015843,0.03153126243463653
0.1,0.2,0.05,0.195,0.035324502514831047,0.035469301449149115,0.030481165286155347
0.1,0.2,0.05,0.2,0.034207827711587036,0.03435716150943674,0.02943106813767417
0.1,0.2,0.05,0.20500000000000002,0.03322405334964325,0.03337086265021807,0.02863828227035267
0.1,0.2,0.05,0.21,0.03226969776544921,0.03241482452578627,0.02784549640303117
0.1,0.2,0.05,0.215,0.03134671484790436,0.03149056688573097,0.02705271053570967
0.1,0.2,0.05,0.22,0.030456442708322484,0.030599449158734436,0.026259924668388168
0.1,0.2,0.05,0.225,0.0295999259936328,0.029742706158510247,0.02546713880106667
0.1,0.2,0.05,0.23,0.028777614790350355,0.028920470076807224,0.024674352933745175
0.1,0.2,0.05,0.23500000000000001,0.02798932351940789,0.028132803924754944,0.023881567066423675
0.1,0.2,0.05,0.24,0.02723461897348753,0.027379064967580725,0.02308878119910218
0.1,0.2,0.05,0.245,0.026512197921635502,0.02665764902936424,0.02229599533178068
0.1,0.2,0.05,0.25,0.025820560975205697,0.025967216538265434,0.021503209464459182
0.1,0.2,0.05,0.255,0.025192343400417747,0.025336501979770207,0.020905205470187593
0.1,0.2,0.05,0.26,0.02458470323340928,0.024727854053487493,0.020307201475916
0.1,0.2,0.05,0.265,0.023998046933406174,0.024139299759618656,0.019709197481644417
0.1,0.2,0.05,0.27,0.023432874697517824,0.023572650434464496,0.019111193487372828
0.1,0.2,0.05,0.275,0.022889070507719846,0.023028472118817374,0.01851318949310124
0.1,0.2,0.05,0.28,0.02236596837501948,0.02250381748003865,0.01791518549882965
0.1,0.2,0.05,0.28500000000000003,0.021863247460540313,0.022000743413548893,0.017317181504558063
0.1,0.2,0.05,0.29,0.021380305088797135,0.021517159882324242,0.01671917751028648
0.1,0.2,0.05,0.295,0.020916329721703545,0.021052647347116347,0.016121173516014893
0.1,0.2,0.05,0.3,0.020470389306771093,0.020606524314951438,0.015523169521743305
0.1,0.2,0.05,0.305,0.020052195085184587,0.020186199174035413,0.0150745720778225
0.1,0.2,0.05,0.31,0.01964771582774578,0.019779708699962553,0.014625974633901695
0.1,0.2,0.05,0.315,0.019256809620172385,0.019387485713182946,0.014177377189980892
0.1,0.2,0.05,0.32,0.018879119108893304,0.01900783761933282,0.013728779746060089
0.1,0.2,0.05,0.325,0.018514587167968964,0.018642527287703416,0.013280182302139284
0.1,0.2,0.05,0.33,0.018162852372345464,0.0182888793888953,0.012831584858218479
0.1,0.2,0.05,0.335,0.01782352713068362,0.017948051617014793,0.012382987414297674
0.1,0.2,0.05,0.34,0.01749569778442034,0.01761962802630253,0.01193438997037687
0.1,0.2,0.05,0.34500000000000003,0.01717918610056945,0.017301274483868305,0.011485792526456066
0.1,0.2,0.05,0.35000000000000003,0.016873634150577622,0.01699442353430579,0.011037195082535263
0.1,0.2,0.05,0.355,0.016580570096179328,0.01670035903580562,0.010703802689487354
0.1,0.2,0.05,0.36,0.01629665403514831,0.016414162286917153,0.010370410296439446
0.1,0.2,0.05,0.365,0.016021553279080534,0.016137394926199002,0.010037017903391536
0.1,0.2,0.05,0.37,0.01575487997557489,0.015869717669527876,0.009703625510343625
0.1,0.2,0.05,0.375,0.015496657919340956,0.015609725589865196,0.009370233117295713
0.1,0.2,0.05,0.38,0.01524614701629776,0.01535761379808489,0.009036840724247805
0.1,0.2,0.05,0.385,0.015003558393883041,0.015113582971863288,0.008703448331199893
0.1,0.2,0.05,0.39,0.014768015823831419,0.014877262183702602,0.008370055938151983
0.1,0.2,0.05,0.395,0.014539739101685822,0.014647234200073286,0.008036663545104072
0.1,0.2,0.05,0.4,0.014317996954267904,0.014423999510868942,0.007703271152056162
0.1,0.2,0.05,0.405,0.01410322745784385,0.014207814207322816,0.00745868265238944
0.1,0.2,0.05,0.41000000000000003,0.013894460502157506,0.013997948786512964,0.007214094152722717
0.1,0.2,0.05,0.41500000000000004,0.013691425175573224,0.013793798764324183,0.0069695056530559955
0.1,0.2,0.05,0.42,0.013494229691926266,0.013594745282594398,0.0067249171533892765
0.1,0.2,0.05,0.425,0.01330212622973373,0.013401377375904414,0.006480328653722555
0.1,0.2,0.05,0.43,0.013115420780628904,0.013213467971440074,0.006235740154055833
0.1,0.2,0.05,0.435,0.012933732116733489,0.013030769199786954,0.005991151654389111
0.1,0.2,0.05,0.44,0.012756708619863465,0.012852873747965985,0.005746563154722388
0.1,0.2,0.05,0.445,0.012584481103274986,0.012679047008932246,0.005501974655055667
0.1,0.2,0.05,0.45,0.012416634129205222,0.012509865805232627,0.005257386155388945
0.1,0.2,0.05,0.455,0.012253033467807218,0.012345165864630242,0.005080921190370806
0.1,0.2,0.05,0.46,0.012093683365213818,0.012184744544319465,0.004904456225352667
0.1,0.2,0.05,0.465,0.011938267716541585,0.012028452211358077,0.004727991260334528
0.1,0.2,0.05,0.47000000000000003,0.011786564058823437,0.011875929917532372,0.00455152629531639
0.1,0.2,0.05,0.47500000000000003,0.01163866970683617,0.011726677557980748,0.00437506133029825
0.1,0.2,0.05,0.48,0.011494428797630414,0.011581129236808745,0.004198596365280112
0.1,0.2,0.05,0.485,0.011353388487206639,0.011439148428495347,0.004022131400261974
0.1,0.2,0.05,0.49,0.011215767856972933,0.011300605283708515,0.003845666435243835
0.1,0.2,0.05,0.495,0.011081443759136446,0.011165376273928662,0.003669201470225696
0.1,0.2,0.05,0.5,0.010950180968278619,0.011033343806242811,0.003492736505207557
0.1,0.2,0.05,0.505,0.010821808214692965,0.010904259104410343,0.003368065462856061
0.1,0.2,0.05,0.51,0.01069641047218912,0.010777733824072228,0.0032433944205045653
0.1,0.2,0.05,0.515,0.010573885521022685,0.01065410945121001,0.00311872337815307
0.1,0.2,0.05,0.52,0.010454031622764657,0.010533287398714127,0.002994052335801574
0.1,0.2,0.05,0.525,0.010336702191339862,0.010415173495994301,0.0028693812934500783
0.1,0.2,0.05,0.53,0.010221977159376611,0.010299677744529109,0.0027447102510985825
0.1,0.2,0.05,0.535,0.010109770761383523,0.010186714088455062,0.0026200392087470867
0.1,0.2,0.05,0.54,0.010000000954454682,0.010076200200772151,0.0024953681663955913
0.1,0.2,0.05,0.545,0.009891304946130329,0.009966676182536187,0.002370697124044095
0.1,0.2,0.05,0.55,0.009782608937805975,0.00985715216430033,0.0022460260816925997
0.1,0.2,0.05,0.555,0.00967391326268612,0.009747628246884367,0.0021602191660173727
0.1,0.2,0.05,0.56,0.009565217587566264,0.009638104329468511,0.0020744122503421458
0.1,0.2,0.05,0.5650000000000001,0.009456521912446409,0.009528580412052658,0.0019886053346669192
0.1,0.2,0.05,0.5700000000000001,0.009347826237326553,0.009419056494636856,0.0019027984189916925
0.1,0.2,0.05,0.5750000000000001,0.009239130562206698,0.009309532577220949,0.0018169915033164658
0.1,0.2,0.05,0.58,0.009130434887086845,0.009200008659805097,0.0017311845876412406
0.1,0.2,0.05,0.585,0.009021739211966988,0.009090484742389243,0.0016453776719660138
0.1,0.2,0.05,0.59,0.008913043536847133,0.008980960824973388,0.001559570756290787
0.1,0.2,0.05,0.595,0.008804347861727277,0.008871436907557586,0.0014737638406155603
0.1,0.2,0.05,0.6,0.008695652186607422,0.008761912990141679,0.0013879569249403334
0.1,0.2,0.05,0.605,0.008586956533218294,0.008652389077609299,0.0013307955509101153
0.1,0.2,0.05,0.61,0.008478260879829167,0.008542865165076921,0.0012736341768798973
0.1,0.2,0.05,0.615,0.00836956522644004,0.008433341252544543,0.0012164728028496792
0.1,0.2,0.05,0.62,0.008260869573050911,0.008323817340012165,0.001159311428819461
0.1,0.2,0.05,0.625,0.008152173919661785,0.008214293427479785,0.001102150054789243
0.1,0.2,0.05,0.63,0.008043478266272656,0.008104769514947405,0.0010449886807590248
0.1,0.2,0.05,0.635,0.00793478261288353,0.007995245602415026,0.0009878273067288066
0.1,0.2,0.05,0.64,0.007826086959494402,0.00788572168988265,0.0009306659326985885
0.1,0.2,0.05,0.645,0.0077173913061052745,0.007776197777350269,0.0008735045586683703
0.1,0.2,0.05,0.65,0.007608695652716147,0.00766667386481789,0.0008163431846381522
0.1,0.2,0.05,0.655,0.007500000000489867,0.0075571499524727265,0.000779803274549769
0.1,0.2,0.05,0.66,0.0073913043482635886,0.00744762604012756,0.0007432633644613859
0.1,0.2,0.05,0.665,0.00728260869603731,0.007338102127782395,0.0007067234543730028
0.1,0.2,0.05,0.67,0.00717391304381103,0.007228578215437228,0.0006701835442846195
0.1,0.2,0.05,0.675,0.007065217391584751,0.007119054303092064,0.0006336436341962365
0.1,0.2,0.05,0.68,0.006956521739358472,0.007009530390762119,0.0005971037241078533
0.1,0.2,0.05,0.685,0.0068478260871321925,0.006900006478402944,0.0005605638140194701
0.1,0.2,0.05,0.6900000000000001,0.006739130434905914,0.006790482566057405,0.000524023903931087
0.1,0.2,0.05,0.6950000000000001,0.006630434782679635,0.006680958653711869,0.00048748399384270386
0.1,0.2,0.05,0.7000000000000001,0.006521739130453355,0.0065714347413663304,0.000450944083754321
0.1,0.2,0.05,0.705,0.006413043478277637,0.006461910829026774,0.00042879623704201065
0.1,0.2,0.05,0.71,0.006304347826101917,0.006352386916687219,0.0004066483903296999
0.1,0.2,0.05,0.715,0.006195652173926196,0.006242863004347664,0.0003845005436173891
0.1,0.2,0.05,0.72,0.006086956521750475,0.006133339092008107,0.00036235269690507827
0.1,0.2,0.05,0.725,0.005978260869574755,0.006023815179668551,0.00034020485019276746
0.1,0.2,0.05,0.73,0.005869565217399035,0.005914291267328994,0.0003180570034804567
0.1,0.2,0.05,0.735,0.005760869565223314,0.0058047673549894395,0.0002959091567681459
0.1,0.2,0.05,0.74,0.005652173913047593,0.005695243442649883,0.00027376131005583503
0.1,0.2,0.05,0.745,0.005543478260871873,0.005585719530310327,0.0002516134633435243
0.1,0.2,0.05,0.75,0.0054347826086961525,0.0054761956179707715,0.00022946561663121342
0.1,0.2,0.05,0.755,0.00532608695652219,0.005366671705631354,0.0002169571053893883
0.1,0.2,0.05,0.76,0.005217391304348229,0.005257147793291943,0.00020444859414756316
0.1,0.2,0.05,0.765,0.005108695652174267,0.005147623880952519,0.00019194008290573803
0.1,0.2,0.05,0.77,0.0050000000000003045,0.005038099968613101,0.00017943157166391287
0.1,0.2,0.05,0.775,0.004891304347826342,0.004928576056273683,0.00016692306042208772
0.1,0.2,0.05,0.78,0.004782608695652381,0.004819052143934266,0.0001544145491802626
0.1,0.2,0.05,0.785,0.004673913043478419,0.004709528231594849,0.00014190603793843746
0.1,0.2,0.05,0.79,0.004565217391304457,0.0046000043192554315,0.00012939752669661233
0.1,0.2,0.05,0.795,0.004456521739130494,0.004490480406916014,0.00011688901545478717
0.1,0.2,0.05,0.8,0.004347826086956533,0.004380956494576596,0.00010438050421296205
0.1,0.2,0.05,0.805,0.004239130434782619,0.004271432582237181,9.7975848491099e-05
0.1,0.2,0.05,0.81,0.004130434782608704,0.0041619086698977655,9.157119276923598e-05
0.1,0.2,0.05,0.8150000000000001,0.0040217391304347904,0.004052384757558351,8.516653704737297e-05
0.1,0.2,0.05,0.8200000000000001,0.003913043478260876,0.003942860845218937,7.876188132550994e-05
0.1,0.2,0.05,0.8250000000000001,0.003804347826086962,0.0038333369328795207,7.23572256036469e-05
0.1,0.2,0.05,0.8300000000000001,0.003695652173913048,0.0037238130205401064,6.595256988178389e-05
0.1,0.2,0.05,0.835,0.003586956521739136,0.0036142891082006938,5.9547914159921004e-05
0.1,0.2,0.05,0.84,0.003478260869565222,0.0035047651958612785,5.314325843805798e-05
0.1,0.2,0.05,0.845,0.003369565217391308,0.0033952412835218902,4.673860271619495e-05
0.1,0.2,0.05,0.85,0.0032608695652173933,0.003285717371182448,4.033394699433193e-05
0.1,0.2,0.05,0.855,0.00315217391304348,0.003176193458843033,3.749803389376582e-05
0.1,0.2,0.05,0.86,0.003043478260869567,0.0030666695465036177,3.466212079319972e-05
0.1,0.2,0.05,0.865,0.0029347826086956537,0.002957145634164203,3.182620769263361e-05
0.1,0.2,0.05,0.87,0.0028260869565217405,0.0028476217218247877,2.8990294592067505e-05
0.1,0.2,0.05,0.875,0.0027173913043478273,0.002738097809485373,2.6154381491501397e-05
0.1,0.2,0.05,0.88,0.002608695652173914,0.0026285738971459716,2.3318468390935293e-05
0.1,0.2,0.05,0.885,0.002500000000000001,0.0025190499848065434,2.048255529036919e-05
0.1,0.2,0.05,0.89,0.0023913043478260877,0.002409526072467128,1.764664218980308e-05
0.1,0.2,0.05,0.895,0.0022826086956521745,0.0023000021601277134,1.4810729089236977e-05
0.1,0.2,0.05,0.9,0.0021739130434782613,0.0021904782477882977,1.197481598867087e-05
0.1,0.2,0.05,0.905,0.002065217391304348,0.0020809543354488825,1.0987001745562098e-05
0.1,0.2,0.05,0.91,0.001956521739130435,0.001971430423109468,9.999187502453326e-06
0.1,0.2,0.05,0.915,0.0018478260869565217,0.001861906510770053,9.011373259344554e-06
0.1,0.2,0.05,0.92,0.0017391304347826085,0.0017523825984306382,8.023559016235782e-06
0.1,0.2,0.05,0.925,0.0016304347826086953,0.001642858686091223,7.035744773127009e-06
0.1,0.2,0.05,0.93,0.0015217391304347822,0.0015333347737518078,6.047930530018237e-06
0.1,0.2,0.05,0.935,0.001413043478260869,0.0014238108614123926,5.060116286909465e-06
0.1,0.2,0.05,0.9400000000000001,0.0013043478260869558,0.0013142869490729843,4.0723020438006925e-06
0.1,0.2,0.05,0.9450000000000001,0.0011956521739130426,0.0012047630367335628,3.084487800691921e-06
0.1,0.2,0.05,0.9500000000000001,0.0010869565217391296,0.0010952391243941476,2.096673557583166e-06
0.1,0.2,0.05,0.9550000000000001,0.0009782608695652164,0.0009857152120547328,1.8870062018248488e-06
0.1,0.2,0.05,0.96,0.0008695652173913055,0.0008761912997153202,1.6773388460665365e-06
0.1,0.2,0.05,0.965,0.0007608695652173924,0.0007666673873759052,1.4676714903082193e-06
0.1,0.2,0.05,0.97,0.0006521739130434792,0.0006571434750364902,1.2580041345499023e-06
0.1,0.2,0.05,0.975,0.000543478260869566,0.0005476195626970751,1.0483367787915853e-06
0.1,0.2,0.05,0.98,0.00043478260869565273,0.00043817490662565416,8.386694230332682e-07
0.1,0.2,0.05,0.985,0.0003260869565217396,0.00032863118021924065,6.290020672749511e-07
0.1,0.2,0.05,0.99,0.00021739130434782637,0.00021912691473950776,4.193347115166341e-07
0.1,0.2,0.05,0.995,0.00010869565217391318,0.00010956345786975388,2.0966735575831706e-07
0.1,0.2,0.05,1.0,-0.0,1e-12,0.0
0.1,0.2,0.02,0.0,0.09999999999999999,0.10000000000100012,0.10000000000000027
0.1,0.2,0.02,0.005,0.09821428584563771,0.09822320310907351,0.09664525372569369
0.1,0.2,0.02,0.01,0.09642857169127546,0.09644640621714702,0.0932905074513871
0.1,0.2,0.02,0.015,0.0946428575369132,0.09466960932522052,0.08993576117708052
0.1,0.2,0.02,0.02,0.09285714338255095,0.09289281243329403,0.08658101490277392
0.1,0.2,0.02,0.025,0.09107143178225598,0.09111601651121323,0.08385184038728616
0.1,0.2,0.02,0.03,0.08928572018196101,0.08933922058913239,0.08112266587179837
0.1,0.2,0.02,0.035,0.08750000858166604,0.08756242466705158,0.07839349135631057
0.1,0.2,0.02,0.04,0.08571429698137108,0.0857856287449708,0.07566431684082278
0.1,0.2,0.02,0.045,0.08392860971566161,0.08400884344873912,0.07335097781617775
0.1,0.2,0.02,0.05,0.08214292244995212,0.08223205815250743,0.07103763879153267
0.1,0.2,0.02,0.055,0.08035723518424266,0.08045527285627578,0.06872429976688763
0.1,0.2,0.02,0.06,0.07857154791853319,0.0786784875600441,0.06641096074224256
0.1,0.2,0.02,0.065,0.07678601206802234,0.07690177752653618,0.06441319647744653
0.1,0.2,0.02,0.07,0.07500047621751152,0.07512506749302822,0.0624154322126505
0.1,0.2,0.02,0.075,0.07321494036700067,0.07334835745952029,0.06041766794785447
0.1,0.2,0.02,0.08,0.07142940451648987,0.07157164742601235,0.05841990368305844
0.1,0.2,0.02,0.085,0.06964456054931728,0.06979532491617818,0.05667631707261661
0.1,0.2,0.02,0.09,0.0678597165821447,0.06801900240634401,0.0549327304621748
0.1,0.2,0.02,0.095,0.06607487261497214,0.06624267989650984,0.05318914385173297
0.1,0.2,0.02,0.1,0.06429002864779955,0.06446635738667567,0.05144555724129114
0.1,0.2,0.02,0.105,0.06250766008545938,0.06269158131684012,0.0499136807429534
0.1,0.2,0.02,0.11,0.060725291523119194,0.06091680524700456,0.04838180424461566
0.1,0.2,0.02,0.115,0.05894292296077901,0.059142029177169,0.04684992774627791
0.1,0.2,0.02,0.12,0.05716055439843883,0.057367253107333475,0.045318051247940166
0.1,0.2,0.02,0.125,0.055385405766859845,0.05559745658644065,0.04396630625254812
0.1,0.2,0.02,0.13,0.05361025713528083,0.05382766006554783,0.04261456125715607
0.1,0.2,0.02,0.135,0.051835108503701835,0.052057863544655046,0.04126281626176402
0.1,0.2,0.02,0.14,0.05005995987212283,0.05028806702376223,0.03991107126637197
0.1,0.2,0.02,0.145,0.04832153893506665,0.048547782040703195,0.03871482912576077
0.1,0.2,0.02,0.15,0.046653328638162433,0.046877283206852555,0.03751858698514955
0.1,0.2,0.02,0.155,0.04505754877288218,0.04527932465731944,0.03632234484453835
0.1,0.2,0.02,0.16,0.043533523673924025,0.043754920736327085,0.03512610270392714
0.1,0.2,0.02,0.165,0.042090485613455596,0.04230777834338444,0.03406549929245864
0.1,0.2,0.02,0.17,0.04071030574528109,0.040926431518760735,0.03300489588099014
0.1,0.2,0.02,0.17500000000000002,0.03939238277625431,0.03960584256810405,0.03194429246952164
0.1,0.2,0.02,0.18,0.03813573625834409,0.03834803675126365,0.03088368905805315
0.1,0.2,0.02,0.185,0.036944823202524485,0.03715423597187918,0.02994230174932892
0.1,0.2,0.02,0.19,0.03580736392510966,0.036013488987203815,0.029000914440604694
0.1,0.2,0.02,0.195,0.034721443604036804,0.034924857417360136,0.028059527131880462
0.1,0.2,0.02,0.2,0.03368607341430852,0.033887349083904214,0.027118139823156234
0.1,0.2,0.02,0.20500000000000002,0.03270301722047234,0.03290097423262565,0.026282132986903656
0.1,0.2,0.02,0.21,0.031763836598781486,0.0319588721320292,0.02544612615065109
0.1,0.2,0.02,0.215,0.030867143734218623,0.03105947242202934,0.02461011931439851
0.1,0.2,0.02,0.22,0.030010990259234954,0.030201022516152268,0.023774112478145936
0.1,0.2,0.02,0.225,0.029195881592512164,0.02938325146892232,0.023031657235039346
0.1,0.2,0.02,0.23,0.028416750948972287,0.028600618111877894,0.022289201991932753
0.1,0.2,0.02,0.23500000000000001,0.02767131548558794,0.027852140789500796,0.02154674674882616
0.1,0.2,0.02,0.24,0.026959162473679334,0.02713694238598187,0.020804291505719573
0.1,0.2,0.02,0.245,0.02627868123348964,0.02645430785701309,0.02014515565025862
0.1,0.2,0.02,0.25,0.025627190228984027,0.025799305259005433,0.019486019794797672
0.1,0.2,0.02,0.255,0.02500339324569555,0.02517217190170482,0.018826883939336722
0.1,0.2,0.02,0.26,0.024405535901423744,0.024572624186054708,0.018167748083875772
0.1,0.2,0.02,0.265,0.023832999673506584,0.02399632946479921,0.017582996645729387
0.1,0.2,0.02,0.27,0.02328372927290756,0.023444737146013143,0.016998245207583
0.1,0.2,0.02,0.275,0.0227566137776413,0.02291471571080914,0.016413493769436613
0.1,0.2,0.02,0.28,0.02225054480726773,0.022406050718076297,0.015828742331290224
0.1,0.2,0.02,0.28500000000000003,0.021764669043208944,0.021917457182254022,0.015310512888281934
0.1,0.2,0.02,0.29,0.02129757427478941,0.021447769300121412,0.01479228344527365
0.1,0.2,0.02,0.295,0.020848380318666076,0.02099587379699206,0.014274054002265358
0.1,0.2,0.02,0.3,0.020416227489499915,0.02056158473912712,0.013755824559257068
0.1,0.2,0.02,0.305,0.020000359551437943,0.020142688030039636,0.013297154705678117
0.1,0.2,0.02,0.31,0.019599482204589538,0.01974039705834853,0.012838484852099166
0.1,0.2,0.02,0.315,0.019213225018610825,0.019351175846196007,0.012379814998520217
0.1,0.2,0.02,0.32,0.018840919694561344,0.018976802663773266,0.011921145144941268
0.1,0.2,0.02,0.325,0.018481958134301413,0.018615665800407216,0.011515837357024578
0.1,0.2,0.02,0.33,0.018135175601774398,0.018266397239177563,0.011110529569107887
0.1,0.2,0.02,0.335,0.017800434081686817,0.017930003578212738,0.010705221781191196
0.1,0.2,0.02,0.34,0.017477273273697493,0.017604621861655918,0.010299913993274509
0.1,0.2,0.02,0.34500000000000003,0.01716461435555103,0.017289781344534013,0.009942427947262793
0.1,0.2,0.02,0.35000000000000003,0.01686245971242261,0.01698599649766231,0.009584941901251077
0.1,0.2,0.02,0.355,0.01657020692184303,0.016691990822745296,0.009227455855239366
0.1,0.2,0.02,0.36,0.016287189766164625,0.016406764492693085,0.008869969809227652
0.1,0.2,0.02,0.365,0.01601345350994944,0.016131118872360066,0.008555335267900453
0.1,0.2,0.02,0.37,0.015747932816777215,0.015864577488711118,0.008240700726573251
0.1,0.2,0.02,0.375,0.01549100188373359,0.015605332491642915,0.00792606618524605
0.1,0.2,0.02,0.38,0.015241547917868295,0.015354187013159314,0.007611431643918851
0.1,0.2,0.02,0.385,0.015000001543904557,0.015110992981002411,0.00733517703255551
0.1,0.2,0.02,0.39,0.014765259251318209,0.014875378372800797,0.007058922421192172
0.1,0.2,0.02,0.395,0.0145377509483787,0.014645807639008182,0.006782667809828832
0.1,0.2,0.02,0.4,0.014316590869598803,0.014423028990354154,0.006506413198465493
0.1,0.2,0.02,0.405,0.014101949247659774,0.014206922790185442,0.006264506339900168
0.1,0.2,0.02,0.41000000000000003,0.013893333470816302,0.013997193783487585,0.0060225994813348435
0.1,0.2,0.02,0.41500000000000004,0.013690511015789542,0.013793143206851956,0.005780692622769519
0.1,0.2,0.02,0.42,0.013493506523774876,0.013594259568730439,0.005538785764204197
0.1,0.2,0.02,0.425,0.013301564744509808,0.01340103503323015,0.0053275841710674204
0.1,0.2,0.02,0.43,0.013115007023408596,0.01321322330647939,0.005116382577930646
0.1,0.2,0.02,0.435,0.012933425802539261,0.013030600205315093,0.00490518098479387
0.1,0.2,0.02,0.44,0.012756497949851378,0.012852752183899457,0.004693979391657096
0.1,0.2,0.02,0.445,0.012584345480185728,0.01267897147467308,0.004510188166364046
0.1,0.2,0.02,0.45,0.012416555407721973,0.012509825035703588,0.004326396941070995
0.1,0.2,0.02,0.455,0.012252964427022926,0.012345130018166884,0.004142605715777946
0.1,0.2,0.02,0.46,0.012093628088466276,0.012184719343351389,0.003958814490484896
0.1,0.2,0.02,0.465,0.011938223938247202,0.012028433882579374,0.003799450350601884
0.1,0.2,0.02,0.47000000000000003,0.01178653113088374,0.01187591589300419,0.003640086210718872
0.1,0.2,0.02,0.47500000000000003,0.011638644918445821,0.011726667661307387,0.0034807220708358596
0.1,0.2,0.02,0.48,0.011494409937888595,0.011581122147735946,0.003321357930952849
0.1,0.2,0.02,0.485,0.011353374233129019,0.011439143317925522,0.0031837182175367034
0.1,0.2,0.02,0.49,0.011215757575757644,0.011300601717468921,0.0030460785041205576
0.1,0.2,0.02,0.495,0.01108143712574854,0.011165374079005707,0.0029084387907044114
0.1,0.2,0.02,0.5,0.010950177935943078,0.011033342957120149,0.0027707990772882656
0.1,0.2,0.02,0.505,0.010821805392731546,0.010904258314564132,0.002652434854991812
0.1,0.2,0.02,0.51,0.010696407879490165,0.0107777330942373,0.002534070632695358
0.1,0.2,0.02,0.515,0.010573883161512032,0.010654108783014631,0.0024157064103989046
0.1,0.2,0.02,0.52,0.010454029511918275,0.010533286797303202,0.002297342188102451
0.1,0.2,0.02,0.525,0.010336700336700345,0.010415172968292415,0.002196034734006951
0.1,0.2,0.02,0.53,0.01022197558268591,0.010299677297672965,0.002094727279911451
0.1,0.2,0.02,0.535,0.010109769484083429,0.010186713729391434,0.0019934198258159514
0.1,0.2,0.02,0.54,0.010000000000000004,0.010076199936226172,0.0018921123717204518
0.1,0.2,0.02,0.545,0.009891304347826091,0.009966676023886756,0.0018058524925791773
0.1,0.2,0.02,0.55,0.009782608695652178,0.009857152111547342,0.0017195926134379027
0.1,0.2,0.02,0.555,0.009673913043478264,0.009747628199207926,0.001633332734296628
0.1,0.2,0.02,0.56,0.009565217391304351,0.009638104286868511,0.0015470728551553532
0.1,0.2,0.02,0.5650000000000001,0.009456521739130438,0.00952858037452915,0.0014740425822308094
0.1,0.2,0.02,0.5700000000000001,0.009347826086956525,0.009419056462189684,0.0014010123093062656
0.1,0.2,0.02,0.5750000000000001,0.009239130434782611,0.009309532549850267,0.0013279820363817215
0.1,0.2,0.02,0.58,0.0091304347826087,0.009200008637510854,0.0012549517634571792
0.1,0.2,0.02,0.585,0.009021739130434787,0.00909048472517144,0.0011935080590274676
0.1,0.2,0.02,0.59,0.008913043478260874,0.008980960812832024,0.0011320643545977564
0.1,0.2,0.02,0.595,0.008804347826086962,0.008871436900492607,0.0010706206501680446
0.1,0.2,0.02,0.6,0.008695652173913047,0.008761912988153195,0.0010091769457383332
0.1,0.2,0.02,0.605,0.008586956521739134,0.008652389075813779,0.000957837121801149
0.1,0.2,0.02,0.61,0.008478260869565222,0.008542865163474364,0.0009064972978639651
0.1,0.2,0.02,0.615,0.008369565217391309,0.00843334125113495,0.0008551574739267811
0.1,0.2,0.02,0.62,0.008260869565217394,0.008323817338795534,0.000803817649989597
0.1,0.2,0.02,0.625,0.008152173913043482,0.008214293426456118,0.0007612462521721058
0.1,0.2,0.02,0.63,0.008043478260869569,0.008104769514116705,0.0007186748543546145
0.1,0.2,0.02,0.635,0.007934782608695656,0.007995245601777343,0.0006761034565371234
0.1,0.2,0.02,0.64,0.007826086956521743,0.007885721689437873,0.000633532058719632
0.1,0.2,0.02,0.645,0.00771739130434783,0.0077761977770984606,0.000598529010183114
0.1,0.2,0.02,0.65,0.007608695652173916,0.007666673864759044,0.0005635259616465961
0.1,0.2,0.02,0.655,0.007500000000000003,0.00755714995241963,0.000528522913110078
0.1,0.2,0.02,0.66,0.0073913043478260896,0.007447626040080212,0.0004935198645735601
0.1,0.2,0.02,0.665,0.007282608695652177,0.007338102127740799,0.00046500969820924504
0.1,0.2,0.02,0.67,0.007173913043478263,0.007228578215401384,0.00043649953184493
0.1,0.2,0.02,0.675,0.00706521739130435,0.0071190543030619675,0.000407989365480615
0.1,0.2,0.02,0.68,0.006956521739130437,0.007009530390722553,0.0003794791991163
0.1,0.2,0.02,0.685,0.006847826086956524,0.006900006478383137,0.0003565012333783008
0.1,0.2,0.02,0.6900000000000001,0.00673913043478261,0.006790482566043777,0.0003335232676403016
0.1,0.2,0.02,0.6950000000000001,0.006630434782608698,0.00668095865370431,0.0003105453019023024
0.1,0.2,0.02,0.7000000000000001,0.006521739130434784,0.006571434741364896,0.0002875673361643033
0.1,0.2,0.02,0.705,0.006413043478260873,0.006461910829025535,0.0002692666718467718
0.1,0.2,0.02,0.71,0.00630434782608696,0.006352386916686065,0.0002509660075292399
0.1,0.2,0.02,0.715,0.006195652173913047,0.006242863004346653,0.00023266534321170798
0.1,0.2,0.02,0.72,0.006086956521739134,0.006133339092007235,0.00021436467889417605
0.1,0.2,0.02,0.725,0.00597826086956522,0.0060238151796678215,0.0001999839120739108
0.1,0.2,0.02,0.73,0.005869565217391307,0.005914291267328406,0.00018560314525364554
0.1,0.2,0.02,0.735,0.005760869565217394,0.005804767354988992,0.00017122237843338026
0.1,0.2,0.02,0.74,0.005652173913043481,0.005695243442649576,0.00015684161161311498
0.1,0.2,0.02,0.745,0.005543478260869567,0.0055857195303101615,0.00014571317264144477
0.1,0.2,0.02,0.75,0.005434782608695655,0.005476195617970746,0.00013458473366977455
0.1,0.2,0.02,0.755,0.005326086956521742,0.005366671705631331,0.00012345629469810433
0.1,0.2,0.02,0.76,0.005217391304347828,0.005257147793291943,0.0001123278557264341
0.1,0.2,0.02,0.765,0.0051086956521739155,0.0051476238809525015,0.00010386689617444491
0.1,0.2,0.02,0.77,0.005000000000000002,0.005038099968613086,9.540593662245569e-05
0.1,0.2,0.02,0.775,0.004891304347826089,0.00492857605627367,8.69449770704665e-05
0.1,0.2,0.02,0.78,0.0047826086956521754,0.004819052143934256,7.84840175184773e-05
0.1,0.2,0.02,0.785,0.004673913043478263,0.0047095282315948415,7.218177682245755e-05
0.1,0.2,0.02,0.79,0.004565217391304349,0.004600004319255426,6.587953612643781e-05
0.1,0.2,0.02,0.795,0.004456521739130436,0.004490480406916011,5.957729543041807e-05
0.1,0.2,0.02,0.8,0.004347826086956523,0.004380956494576596,5.327505473439832e-05
0.1,0.2,0.02,0.805,0.00423913043478261,0.004271432582237181,4.8692646303410123e-05
0.1,0.2,0.02,0.81,0.004130434782608696,0.0041619086698977655,4.411023787242193e-05
0.1,0.2,0.02,0.8150000000000001,0.0040217391304347835,0.004052384757558351,3.952782944143373e-05
0.1,0.2,0.02,0.8200000000000001,0.00391304347826087,0.003942860845218936,3.4945421010445566e-05
0.1,0.2,0.02,0.8250000000000001,0.0038043478260869567,0.0038333369328795207,3.1707983998490945e-05
0.1,0.2,0.02,0.8300000000000001,0.0036956521739130435,0.0037238130205401064,2.8470546986536323e-05
0.1,0.2,0.02,0.835,0.003586956521739133,0.0036142891082006938,2.523310997458177e-05
0.1,0.2,0.02,0.84,0.0034782608695652197,0.0035047651958612785,2.1995672962627148e-05
0.1,0.2,0.02,0.845,0.0033695652173913065,0.0033952412835218902,1.9786840939859533e-05
0.1,0.2,0.02,0.85,0.0032608695652173933,0.003285717371182448,1.757800891709192e-05
0.1,0.2,0.02,0.855,0.00315217391304348,0.003176193458843033,1.5369176894324304e-05
0.1,0.2,0.02,0.86,0.003043478260869567,0.0030666695465036177,1.316034487155669e-05
0.1,0.2,0.02,0.865,0.0029347826086956537,0.002957145634164203,1.1716986329114294e-05
0.1,0.2,0.02,0.87,0.0028260869565217405,0.0028476217218247877,1.0273627786671897e-05
0.1,0.2,0.02,0.875,0.0027173913043478273,0.002738097809485373,8.8302692442295e-06
0.1,0.2,0.02,0.88,0.002608695652173914,0.0026285738971459716,7.386910701787105e-06
0.1,0.2,0.02,0.885,0.002500000000000001,0.0025190499848065434,6.494098663423308e-06
0.1,0.2,0.02,0.89,0.0023913043478260877,0.002409526072467128,5.601286625059512e-06
0.1,0.2,0.02,0.895,0.0022826086956521745,0.0023000021601277134,4.708474586695717e-06
0.1,0.2,0.02,0.9,0.0021739130434782613,0.0021904782477882977,3.815662548331921e-06
0.1,0.2,0.02,0.905,0.002065217391304348,0.0020809543354488825,3.301831359287347e-06
0.1,0.2,0.02,0.91,0.001956521739130435,0.001971430423109468,2.788000170242774e-06
0.1,0.2,0.02,0.915,0.0018478260869565217,0.001861906510770053,2.2741689811982004e-06
0.1,0.2,0.02,0.92,0.0017391304347826085,0.0017523825984306382,1.7603377921536268e-06
0.1,0.2,0.02,0.925,0.0016304347826086953,0.001642858686091223,1.4925839852471076e-06
0.1,0.2,0.02,0.93,0.0015217391304347822,0.0015333347737518078,1.224830178340588e-06
0.1,0.2,0.02,0.935,0.001413043478260869,0.0014238108614123926,9.570763714340689e-07
0.1,0.2,0.02,0.9400000000000001,0.0013043478260869558,0.0013142869490729843,6.893225645275527e-07
0.1,0.2,0.02,0.9450000000000001,0.0011956521739130426,0.0012047630367335628,5.688026780750075e-07
0.1,0.2,0.02,0.9500000000000001,0.0010869565217391296,0.0010952391243941476,4.482827916224622e-07
0.1,0.2,0.02,0.9550000000000001,0.0009782608695652164,0.0009857152120547328,3.27762905169917e-07
0.1,0.2,0.02,0.96,0.0008695652173913055,0.0008761912997153202,2.0724301871737442e-07
0.1,0.2,0.02,0.965,0.0007608695652173924,0.0007666673873759052,1.646125053621326e-07
0.1,0.2,0.02,0.97,0.0006521739130434792,0.0006571434750364902,1.2198199200689076e-07
0.1,0.2,0.02,0.975,0.000543478260869566,0.0005476195626970751,7.935147865164892e-08
0.1,0.2,0.02,0.98,0.00043478260869565273,0.00043817490662565416,3.672096529640709e-08
0.1,0.2,0.02,0.985,0.0003260869565217396,0.00032863118021924065,2.7540723972305318e-08
0.1,0.2,0.02,0.99,0.00021739130434782637,0.00021912691473950776,1.8360482648203545e-08
0.1,0.2,0.02,0.995,0.00010869565217391318,0.00010956345786975388,9.180241324101773e-09
0.1,0.2,0.02,1.0,-0.0,1e-12,0.0
